<resources>

    <dimen name="dm_200">-449px</dimen>
    <dimen name="dm_199">-447px</dimen>
    <dimen name="dm_198">-445px</dimen>
    <dimen name="dm_197">-442px</dimen>
    <dimen name="dm_196">-440px</dimen>
    <dimen name="dm_195">-438px</dimen>
    <dimen name="dm_194">-436px</dimen>
    <dimen name="dm_193">-433px</dimen>
    <dimen name="dm_192">-431px</dimen>
    <dimen name="dm_191">-429px</dimen>
    <dimen name="dm_190">-427px</dimen>
    <dimen name="dm_189">-424px</dimen>
    <dimen name="dm_188">-422px</dimen>
    <dimen name="dm_187">-420px</dimen>
    <dimen name="dm_186">-418px</dimen>
    <dimen name="dm_185">-415px</dimen>
    <dimen name="dm_184">-413px</dimen>
    <dimen name="dm_183">-411px</dimen>
    <dimen name="dm_182">-409px</dimen>
    <dimen name="dm_181">-406px</dimen>
    <dimen name="dm_180">-404px</dimen>
    <dimen name="dm_179">-402px</dimen>
    <dimen name="dm_178">-400px</dimen>
    <dimen name="dm_177">-397px</dimen>
    <dimen name="dm_176">-395px</dimen>
    <dimen name="dm_175">-393px</dimen>
    <dimen name="dm_174">-391px</dimen>
    <dimen name="dm_173">-388px</dimen>
    <dimen name="dm_172">-386px</dimen>
    <dimen name="dm_171">-384px</dimen>
    <dimen name="dm_170">-382px</dimen>
    <dimen name="dm_169">-379px</dimen>
    <dimen name="dm_168">-377px</dimen>
    <dimen name="dm_167">-375px</dimen>
    <dimen name="dm_166">-373px</dimen>
    <dimen name="dm_165">-370px</dimen>
    <dimen name="dm_164">-368px</dimen>
    <dimen name="dm_163">-366px</dimen>
    <dimen name="dm_162">-364px</dimen>
    <dimen name="dm_161">-361px</dimen>
    <dimen name="dm_160">-359px</dimen>
    <dimen name="dm_159">-357px</dimen>
    <dimen name="dm_158">-355px</dimen>
    <dimen name="dm_157">-352px</dimen>
    <dimen name="dm_156">-350px</dimen>
    <dimen name="dm_155">-348px</dimen>
    <dimen name="dm_154">-346px</dimen>
    <dimen name="dm_153">-343px</dimen>
    <dimen name="dm_152">-341px</dimen>
    <dimen name="dm_151">-339px</dimen>
    <dimen name="dm_150">-337px</dimen>
    <dimen name="dm_149">-334px</dimen>
    <dimen name="dm_148">-332px</dimen>
    <dimen name="dm_147">-330px</dimen>
    <dimen name="dm_146">-328px</dimen>
    <dimen name="dm_145">-325px</dimen>
    <dimen name="dm_144">-323px</dimen>
    <dimen name="dm_143">-321px</dimen>
    <dimen name="dm_142">-319px</dimen>
    <dimen name="dm_141">-316px</dimen>
    <dimen name="dm_140">-314px</dimen>
    <dimen name="dm_139">-312px</dimen>
    <dimen name="dm_138">-310px</dimen>
    <dimen name="dm_137">-307px</dimen>
    <dimen name="dm_136">-305px</dimen>
    <dimen name="dm_135">-303px</dimen>
    <dimen name="dm_134">-301px</dimen>
    <dimen name="dm_133">-298px</dimen>
    <dimen name="dm_132">-296px</dimen>
    <dimen name="dm_131">-294px</dimen>
    <dimen name="dm_130">-292px</dimen>
    <dimen name="dm_129">-289px</dimen>
    <dimen name="dm_128">-287px</dimen>
    <dimen name="dm_127">-285px</dimen>
    <dimen name="dm_126">-283px</dimen>
    <dimen name="dm_125">-280px</dimen>
    <dimen name="dm_124">-278px</dimen>
    <dimen name="dm_123">-276px</dimen>
    <dimen name="dm_122">-274px</dimen>
    <dimen name="dm_121">-271px</dimen>
    <dimen name="dm_120">-269px</dimen>
    <dimen name="dm_119">-267px</dimen>
    <dimen name="dm_118">-265px</dimen>
    <dimen name="dm_117">-262px</dimen>
    <dimen name="dm_116">-260px</dimen>
    <dimen name="dm_115">-258px</dimen>
    <dimen name="dm_114">-256px</dimen>
    <dimen name="dm_113">-253px</dimen>
    <dimen name="dm_112">-251px</dimen>
    <dimen name="dm_111">-249px</dimen>
    <dimen name="dm_110">-247px</dimen>
    <dimen name="dm_109">-244px</dimen>
    <dimen name="dm_108">-242px</dimen>
    <dimen name="dm_107">-240px</dimen>
    <dimen name="dm_106">-238px</dimen>
    <dimen name="dm_105">-235px</dimen>
    <dimen name="dm_104">-233px</dimen>
    <dimen name="dm_103">-231px</dimen>
    <dimen name="dm_102">-229px</dimen>
    <dimen name="dm_101">-226px</dimen>
    <dimen name="dm_100">-224px</dimen>
    <dimen name="dm_099">-222px</dimen>
    <dimen name="dm_098">-220px</dimen>
    <dimen name="dm_097">-217px</dimen>
    <dimen name="dm_096">-215px</dimen>
    <dimen name="dm_095">-213px</dimen>
    <dimen name="dm_094">-211px</dimen>
    <dimen name="dm_093">-208px</dimen>
    <dimen name="dm_092">-206px</dimen>
    <dimen name="dm_091">-204px</dimen>
    <dimen name="dm_090">-202px</dimen>
    <dimen name="dm_089">-199px</dimen>
    <dimen name="dm_088">-197px</dimen>
    <dimen name="dm_087">-195px</dimen>
    <dimen name="dm_086">-193px</dimen>
    <dimen name="dm_085">-190px</dimen>
    <dimen name="dm_084">-188px</dimen>
    <dimen name="dm_083">-186px</dimen>
    <dimen name="dm_082">-184px</dimen>
    <dimen name="dm_081">-181px</dimen>
    <dimen name="dm_080">-179px</dimen>
    <dimen name="dm_079">-177px</dimen>
    <dimen name="dm_078">-175px</dimen>
    <dimen name="dm_077">-172px</dimen>
    <dimen name="dm_076">-170px</dimen>
    <dimen name="dm_075">-168px</dimen>
    <dimen name="dm_074">-166px</dimen>
    <dimen name="dm_073">-163px</dimen>
    <dimen name="dm_072">-161px</dimen>
    <dimen name="dm_071">-159px</dimen>
    <dimen name="dm_070">-157px</dimen>
    <dimen name="dm_069">-154px</dimen>
    <dimen name="dm_068">-152px</dimen>
    <dimen name="dm_067">-150px</dimen>
    <dimen name="dm_066">-148px</dimen>
    <dimen name="dm_065">-145px</dimen>
    <dimen name="dm_064">-143px</dimen>
    <dimen name="dm_063">-141px</dimen>
    <dimen name="dm_062">-139px</dimen>
    <dimen name="dm_061">-136px</dimen>
    <dimen name="dm_060">-134px</dimen>
    <dimen name="dm_059">-132px</dimen>
    <dimen name="dm_058">-130px</dimen>
    <dimen name="dm_057">-127px</dimen>
    <dimen name="dm_056">-125px</dimen>
    <dimen name="dm_055">-123px</dimen>
    <dimen name="dm_054">-121px</dimen>
    <dimen name="dm_053">-118px</dimen>
    <dimen name="dm_052">-116px</dimen>
    <dimen name="dm_051">-114px</dimen>
    <dimen name="dm_050">-112px</dimen>
    <dimen name="dm_049">-109px</dimen>
    <dimen name="dm_048">-107px</dimen>
    <dimen name="dm_047">-105px</dimen>
    <dimen name="dm_046">-103px</dimen>
    <dimen name="dm_045">-100px</dimen>
    <dimen name="dm_044">-98px</dimen>
    <dimen name="dm_043">-96px</dimen>
    <dimen name="dm_042">-94px</dimen>
    <dimen name="dm_041">-91px</dimen>
    <dimen name="dm_040">-89px</dimen>
    <dimen name="dm_039">-87px</dimen>
    <dimen name="dm_038">-85px</dimen>
    <dimen name="dm_037">-82px</dimen>
    <dimen name="dm_036">-80px</dimen>
    <dimen name="dm_035">-78px</dimen>
    <dimen name="dm_034">-76px</dimen>
    <dimen name="dm_033">-73px</dimen>
    <dimen name="dm_032">-71px</dimen>
    <dimen name="dm_031">-69px</dimen>
    <dimen name="dm_030">-67px</dimen>
    <dimen name="dm_029">-64px</dimen>
    <dimen name="dm_028">-62px</dimen>
    <dimen name="dm_027">-60px</dimen>
    <dimen name="dm_026">-58px</dimen>
    <dimen name="dm_025">-55px</dimen>
    <dimen name="dm_024">-53px</dimen>
    <dimen name="dm_023">-51px</dimen>
    <dimen name="dm_022">-49px</dimen>
    <dimen name="dm_021">-46px</dimen>
    <dimen name="dm_020">-44px</dimen>
    <dimen name="dm_019">-42px</dimen>
    <dimen name="dm_018">-40px</dimen>
    <dimen name="dm_017">-37px</dimen>
    <dimen name="dm_016">-35px</dimen>
    <dimen name="dm_015">-33px</dimen>
    <dimen name="dm_014">-31px</dimen>
    <dimen name="dm_013">-28px</dimen>
    <dimen name="dm_012">-26px</dimen>
    <dimen name="dm_011">-24px</dimen>
    <dimen name="dm_010">-22px</dimen>
    <dimen name="dm_009">-19px</dimen>
    <dimen name="dm_008">-17px</dimen>
    <dimen name="dm_007">-15px</dimen>
    <dimen name="dm_006">-13px</dimen>
    <dimen name="dm_005">-10px</dimen>
    <dimen name="dm_004">-8px</dimen>
    <dimen name="dm_003">-6px</dimen>
    <dimen name="dm_002">-4px</dimen>
    <dimen name="dm_001">-1px</dimen>
    <dimen name="dm000">0px</dimen>
    <dimen name="dm001">2px</dimen>
    <dimen name="dm002">5px</dimen>
    <dimen name="dm003">7px</dimen>
    <dimen name="dm004">9px</dimen>
    <dimen name="dm005">11px</dimen>
    <dimen name="dm006">14px</dimen>
    <dimen name="dm007">16px</dimen>
    <dimen name="dm008">18px</dimen>
    <dimen name="dm009">20px</dimen>
    <dimen name="dm010">23px</dimen>
    <dimen name="dm011">25px</dimen>
    <dimen name="dm012">27px</dimen>
    <dimen name="dm013">29px</dimen>
    <dimen name="dm014">32px</dimen>
    <dimen name="dm015">34px</dimen>
    <dimen name="dm016">36px</dimen>
    <dimen name="dm017">38px</dimen>
    <dimen name="dm018">41px</dimen>
    <dimen name="dm019">43px</dimen>
    <dimen name="dm020">45px</dimen>
    <dimen name="dm021">47px</dimen>
    <dimen name="dm022">50px</dimen>
    <dimen name="dm023">52px</dimen>
    <dimen name="dm024">54px</dimen>
    <dimen name="dm025">56px</dimen>
    <dimen name="dm026">59px</dimen>
    <dimen name="dm027">61px</dimen>
    <dimen name="dm028">63px</dimen>
    <dimen name="dm029">65px</dimen>
    <dimen name="dm030">68px</dimen>
    <dimen name="dm031">70px</dimen>
    <dimen name="dm032">72px</dimen>
    <dimen name="dm033">74px</dimen>
    <dimen name="dm034">77px</dimen>
    <dimen name="dm035">79px</dimen>
    <dimen name="dm036">81px</dimen>
    <dimen name="dm037">83px</dimen>
    <dimen name="dm038">86px</dimen>
    <dimen name="dm039">88px</dimen>
    <dimen name="dm040">90px</dimen>
    <dimen name="dm041">92px</dimen>
    <dimen name="dm042">95px</dimen>
    <dimen name="dm043">97px</dimen>
    <dimen name="dm044">99px</dimen>
    <dimen name="dm045">101px</dimen>
    <dimen name="dm046">104px</dimen>
    <dimen name="dm047">106px</dimen>
    <dimen name="dm048">108px</dimen>
    <dimen name="dm049">110px</dimen>
    <dimen name="dm050">113px</dimen>
    <dimen name="dm051">115px</dimen>
    <dimen name="dm052">117px</dimen>
    <dimen name="dm053">119px</dimen>
    <dimen name="dm054">122px</dimen>
    <dimen name="dm055">124px</dimen>
    <dimen name="dm056">126px</dimen>
    <dimen name="dm057">128px</dimen>
    <dimen name="dm058">131px</dimen>
    <dimen name="dm059">133px</dimen>
    <dimen name="dm060">135px</dimen>
    <dimen name="dm061">137px</dimen>
    <dimen name="dm062">140px</dimen>
    <dimen name="dm063">142px</dimen>
    <dimen name="dm064">144px</dimen>
    <dimen name="dm065">146px</dimen>
    <dimen name="dm066">149px</dimen>
    <dimen name="dm067">151px</dimen>
    <dimen name="dm068">153px</dimen>
    <dimen name="dm069">155px</dimen>
    <dimen name="dm070">158px</dimen>
    <dimen name="dm071">160px</dimen>
    <dimen name="dm072">162px</dimen>
    <dimen name="dm073">164px</dimen>
    <dimen name="dm074">167px</dimen>
    <dimen name="dm075">169px</dimen>
    <dimen name="dm076">171px</dimen>
    <dimen name="dm077">173px</dimen>
    <dimen name="dm078">176px</dimen>
    <dimen name="dm079">178px</dimen>
    <dimen name="dm080">180px</dimen>
    <dimen name="dm081">182px</dimen>
    <dimen name="dm082">185px</dimen>
    <dimen name="dm083">187px</dimen>
    <dimen name="dm084">189px</dimen>
    <dimen name="dm085">191px</dimen>
    <dimen name="dm086">194px</dimen>
    <dimen name="dm087">196px</dimen>
    <dimen name="dm088">198px</dimen>
    <dimen name="dm089">200px</dimen>
    <dimen name="dm090">203px</dimen>
    <dimen name="dm091">205px</dimen>
    <dimen name="dm092">207px</dimen>
    <dimen name="dm093">209px</dimen>
    <dimen name="dm094">212px</dimen>
    <dimen name="dm095">214px</dimen>
    <dimen name="dm096">216px</dimen>
    <dimen name="dm097">218px</dimen>
    <dimen name="dm098">221px</dimen>
    <dimen name="dm099">223px</dimen>
    <dimen name="dm100">225px</dimen>
    <dimen name="dm101">227px</dimen>
    <dimen name="dm102">230px</dimen>
    <dimen name="dm103">232px</dimen>
    <dimen name="dm104">234px</dimen>
    <dimen name="dm105">236px</dimen>
    <dimen name="dm106">239px</dimen>
    <dimen name="dm107">241px</dimen>
    <dimen name="dm108">243px</dimen>
    <dimen name="dm109">245px</dimen>
    <dimen name="dm110">248px</dimen>
    <dimen name="dm111">250px</dimen>
    <dimen name="dm112">252px</dimen>
    <dimen name="dm113">254px</dimen>
    <dimen name="dm114">257px</dimen>
    <dimen name="dm115">259px</dimen>
    <dimen name="dm116">261px</dimen>
    <dimen name="dm117">263px</dimen>
    <dimen name="dm118">266px</dimen>
    <dimen name="dm119">268px</dimen>
    <dimen name="dm120">270px</dimen>
    <dimen name="dm121">272px</dimen>
    <dimen name="dm122">275px</dimen>
    <dimen name="dm123">277px</dimen>
    <dimen name="dm124">279px</dimen>
    <dimen name="dm125">281px</dimen>
    <dimen name="dm126">284px</dimen>
    <dimen name="dm127">286px</dimen>
    <dimen name="dm128">288px</dimen>
    <dimen name="dm129">290px</dimen>
    <dimen name="dm130">293px</dimen>
    <dimen name="dm131">295px</dimen>
    <dimen name="dm132">297px</dimen>
    <dimen name="dm133">299px</dimen>
    <dimen name="dm134">302px</dimen>
    <dimen name="dm135">304px</dimen>
    <dimen name="dm136">306px</dimen>
    <dimen name="dm137">308px</dimen>
    <dimen name="dm138">311px</dimen>
    <dimen name="dm139">313px</dimen>
    <dimen name="dm140">315px</dimen>
    <dimen name="dm141">317px</dimen>
    <dimen name="dm142">320px</dimen>
    <dimen name="dm143">322px</dimen>
    <dimen name="dm144">324px</dimen>
    <dimen name="dm145">326px</dimen>
    <dimen name="dm146">329px</dimen>
    <dimen name="dm147">331px</dimen>
    <dimen name="dm148">333px</dimen>
    <dimen name="dm149">335px</dimen>
    <dimen name="dm150">338px</dimen>
    <dimen name="dm151">340px</dimen>
    <dimen name="dm152">342px</dimen>
    <dimen name="dm153">344px</dimen>
    <dimen name="dm154">347px</dimen>
    <dimen name="dm155">349px</dimen>
    <dimen name="dm156">351px</dimen>
    <dimen name="dm157">353px</dimen>
    <dimen name="dm158">356px</dimen>
    <dimen name="dm159">358px</dimen>
    <dimen name="dm160">360px</dimen>
    <dimen name="dm161">362px</dimen>
    <dimen name="dm162">365px</dimen>
    <dimen name="dm163">367px</dimen>
    <dimen name="dm164">369px</dimen>
    <dimen name="dm165">371px</dimen>
    <dimen name="dm166">374px</dimen>
    <dimen name="dm167">376px</dimen>
    <dimen name="dm168">378px</dimen>
    <dimen name="dm169">380px</dimen>
    <dimen name="dm170">383px</dimen>
    <dimen name="dm171">385px</dimen>
    <dimen name="dm172">387px</dimen>
    <dimen name="dm173">389px</dimen>
    <dimen name="dm174">392px</dimen>
    <dimen name="dm175">394px</dimen>
    <dimen name="dm176">396px</dimen>
    <dimen name="dm177">398px</dimen>
    <dimen name="dm178">401px</dimen>
    <dimen name="dm179">403px</dimen>
    <dimen name="dm180">405px</dimen>
    <dimen name="dm181">407px</dimen>
    <dimen name="dm182">410px</dimen>
    <dimen name="dm183">412px</dimen>
    <dimen name="dm184">414px</dimen>
    <dimen name="dm185">416px</dimen>
    <dimen name="dm186">419px</dimen>
    <dimen name="dm187">421px</dimen>
    <dimen name="dm188">423px</dimen>
    <dimen name="dm189">425px</dimen>
    <dimen name="dm190">428px</dimen>
    <dimen name="dm191">430px</dimen>
    <dimen name="dm192">432px</dimen>
    <dimen name="dm193">434px</dimen>
    <dimen name="dm194">437px</dimen>
    <dimen name="dm195">439px</dimen>
    <dimen name="dm196">441px</dimen>
    <dimen name="dm197">443px</dimen>
    <dimen name="dm198">446px</dimen>
    <dimen name="dm199">448px</dimen>
    <dimen name="dm200">450px</dimen>
    <dimen name="dm201">452px</dimen>
    <dimen name="dm202">455px</dimen>
    <dimen name="dm203">457px</dimen>
    <dimen name="dm204">459px</dimen>
    <dimen name="dm205">461px</dimen>
    <dimen name="dm206">464px</dimen>
    <dimen name="dm207">466px</dimen>
    <dimen name="dm208">468px</dimen>
    <dimen name="dm209">470px</dimen>
    <dimen name="dm210">473px</dimen>
    <dimen name="dm211">475px</dimen>
    <dimen name="dm212">477px</dimen>
    <dimen name="dm213">479px</dimen>
    <dimen name="dm214">482px</dimen>
    <dimen name="dm215">484px</dimen>
    <dimen name="dm216">486px</dimen>
    <dimen name="dm217">488px</dimen>
    <dimen name="dm218">491px</dimen>
    <dimen name="dm219">493px</dimen>
    <dimen name="dm220">495px</dimen>
    <dimen name="dm221">497px</dimen>
    <dimen name="dm222">500px</dimen>
    <dimen name="dm223">502px</dimen>
    <dimen name="dm224">504px</dimen>
    <dimen name="dm225">506px</dimen>
    <dimen name="dm226">509px</dimen>
    <dimen name="dm227">511px</dimen>
    <dimen name="dm228">513px</dimen>
    <dimen name="dm229">515px</dimen>
    <dimen name="dm230">518px</dimen>
    <dimen name="dm231">520px</dimen>
    <dimen name="dm232">522px</dimen>
    <dimen name="dm233">524px</dimen>
    <dimen name="dm234">527px</dimen>
    <dimen name="dm235">529px</dimen>
    <dimen name="dm236">531px</dimen>
    <dimen name="dm237">533px</dimen>
    <dimen name="dm238">536px</dimen>
    <dimen name="dm239">538px</dimen>
    <dimen name="dm240">540px</dimen>
    <dimen name="dm241">542px</dimen>
    <dimen name="dm242">545px</dimen>
    <dimen name="dm243">547px</dimen>
    <dimen name="dm244">549px</dimen>
    <dimen name="dm245">551px</dimen>
    <dimen name="dm246">554px</dimen>
    <dimen name="dm247">556px</dimen>
    <dimen name="dm248">558px</dimen>
    <dimen name="dm249">560px</dimen>
    <dimen name="dm250">563px</dimen>
    <dimen name="dm251">565px</dimen>
    <dimen name="dm252">567px</dimen>
    <dimen name="dm253">569px</dimen>
    <dimen name="dm254">572px</dimen>
    <dimen name="dm255">574px</dimen>
    <dimen name="dm256">576px</dimen>
    <dimen name="dm257">578px</dimen>
    <dimen name="dm258">581px</dimen>
    <dimen name="dm259">583px</dimen>
    <dimen name="dm260">585px</dimen>
    <dimen name="dm261">587px</dimen>
    <dimen name="dm262">590px</dimen>
    <dimen name="dm263">592px</dimen>
    <dimen name="dm264">594px</dimen>
    <dimen name="dm265">596px</dimen>
    <dimen name="dm266">599px</dimen>
    <dimen name="dm267">601px</dimen>
    <dimen name="dm268">603px</dimen>
    <dimen name="dm269">605px</dimen>
    <dimen name="dm270">608px</dimen>
    <dimen name="dm271">610px</dimen>
    <dimen name="dm272">612px</dimen>
    <dimen name="dm273">614px</dimen>
    <dimen name="dm274">617px</dimen>
    <dimen name="dm275">619px</dimen>
    <dimen name="dm276">621px</dimen>
    <dimen name="dm277">623px</dimen>
    <dimen name="dm278">626px</dimen>
    <dimen name="dm279">628px</dimen>
    <dimen name="dm280">630px</dimen>
    <dimen name="dm281">632px</dimen>
    <dimen name="dm282">635px</dimen>
    <dimen name="dm283">637px</dimen>
    <dimen name="dm284">639px</dimen>
    <dimen name="dm285">641px</dimen>
    <dimen name="dm286">644px</dimen>
    <dimen name="dm287">646px</dimen>
    <dimen name="dm288">648px</dimen>
    <dimen name="dm289">650px</dimen>
    <dimen name="dm290">653px</dimen>
    <dimen name="dm291">655px</dimen>
    <dimen name="dm292">657px</dimen>
    <dimen name="dm293">659px</dimen>
    <dimen name="dm294">662px</dimen>
    <dimen name="dm295">664px</dimen>
    <dimen name="dm296">666px</dimen>
    <dimen name="dm297">668px</dimen>
    <dimen name="dm298">671px</dimen>
    <dimen name="dm299">673px</dimen>
    <dimen name="dm300">675px</dimen>
    <dimen name="dm301">677px</dimen>
    <dimen name="dm302">680px</dimen>
    <dimen name="dm303">682px</dimen>
    <dimen name="dm304">684px</dimen>
    <dimen name="dm305">686px</dimen>
    <dimen name="dm306">689px</dimen>
    <dimen name="dm307">691px</dimen>
    <dimen name="dm308">693px</dimen>
    <dimen name="dm309">695px</dimen>
    <dimen name="dm310">698px</dimen>
    <dimen name="dm311">700px</dimen>
    <dimen name="dm312">702px</dimen>
    <dimen name="dm313">704px</dimen>
    <dimen name="dm314">707px</dimen>
    <dimen name="dm315">709px</dimen>
    <dimen name="dm316">711px</dimen>
    <dimen name="dm317">713px</dimen>
    <dimen name="dm318">716px</dimen>
    <dimen name="dm319">718px</dimen>
    <dimen name="dm320">720px</dimen>
    <dimen name="dm321">722px</dimen>
    <dimen name="dm322">725px</dimen>
    <dimen name="dm323">727px</dimen>
    <dimen name="dm324">729px</dimen>
    <dimen name="dm325">731px</dimen>
    <dimen name="dm326">734px</dimen>
    <dimen name="dm327">736px</dimen>
    <dimen name="dm328">738px</dimen>
    <dimen name="dm329">740px</dimen>
    <dimen name="dm330">743px</dimen>
    <dimen name="dm331">745px</dimen>
    <dimen name="dm332">747px</dimen>
    <dimen name="dm333">749px</dimen>
    <dimen name="dm334">752px</dimen>
    <dimen name="dm335">754px</dimen>
    <dimen name="dm336">756px</dimen>
    <dimen name="dm337">758px</dimen>
    <dimen name="dm338">761px</dimen>
    <dimen name="dm339">763px</dimen>
    <dimen name="dm340">765px</dimen>
    <dimen name="dm341">767px</dimen>
    <dimen name="dm342">770px</dimen>
    <dimen name="dm343">772px</dimen>
    <dimen name="dm344">774px</dimen>
    <dimen name="dm345">776px</dimen>
    <dimen name="dm346">779px</dimen>
    <dimen name="dm347">781px</dimen>
    <dimen name="dm348">783px</dimen>
    <dimen name="dm349">785px</dimen>
    <dimen name="dm350">788px</dimen>
    <dimen name="dm351">790px</dimen>
    <dimen name="dm352">792px</dimen>
    <dimen name="dm353">794px</dimen>
    <dimen name="dm354">797px</dimen>
    <dimen name="dm355">799px</dimen>
    <dimen name="dm356">801px</dimen>
    <dimen name="dm357">803px</dimen>
    <dimen name="dm358">806px</dimen>
    <dimen name="dm359">808px</dimen>
    <dimen name="dm360">810px</dimen>
    <dimen name="dm361">812px</dimen>
    <dimen name="dm362">815px</dimen>
    <dimen name="dm363">817px</dimen>
    <dimen name="dm364">819px</dimen>
    <dimen name="dm365">821px</dimen>
    <dimen name="dm366">824px</dimen>
    <dimen name="dm367">826px</dimen>
    <dimen name="dm368">828px</dimen>
    <dimen name="dm369">830px</dimen>
    <dimen name="dm370">833px</dimen>
    <dimen name="dm371">835px</dimen>
    <dimen name="dm372">837px</dimen>
    <dimen name="dm373">839px</dimen>
    <dimen name="dm374">842px</dimen>
    <dimen name="dm375">844px</dimen>
    <dimen name="dm376">846px</dimen>
    <dimen name="dm377">848px</dimen>
    <dimen name="dm378">851px</dimen>
    <dimen name="dm379">853px</dimen>
    <dimen name="dm380">855px</dimen>
    <dimen name="dm381">857px</dimen>
    <dimen name="dm382">860px</dimen>
    <dimen name="dm383">862px</dimen>
    <dimen name="dm384">864px</dimen>
    <dimen name="dm385">866px</dimen>
    <dimen name="dm386">869px</dimen>
    <dimen name="dm387">871px</dimen>
    <dimen name="dm388">873px</dimen>
    <dimen name="dm389">875px</dimen>
    <dimen name="dm390">878px</dimen>
    <dimen name="dm391">880px</dimen>
    <dimen name="dm392">882px</dimen>
    <dimen name="dm393">884px</dimen>
    <dimen name="dm394">887px</dimen>
    <dimen name="dm395">889px</dimen>
    <dimen name="dm396">891px</dimen>
    <dimen name="dm397">893px</dimen>
    <dimen name="dm398">896px</dimen>
    <dimen name="dm399">898px</dimen>
    <dimen name="dm400">900px</dimen>
    <dimen name="dm401">902px</dimen>
    <dimen name="dm402">905px</dimen>
    <dimen name="dm403">907px</dimen>
    <dimen name="dm404">909px</dimen>
    <dimen name="dm405">911px</dimen>
    <dimen name="dm406">914px</dimen>
    <dimen name="dm407">916px</dimen>
    <dimen name="dm408">918px</dimen>
    <dimen name="dm409">920px</dimen>
    <dimen name="dm410">923px</dimen>
    <dimen name="dm411">925px</dimen>
    <dimen name="dm412">927px</dimen>
    <dimen name="dm413">929px</dimen>
    <dimen name="dm414">932px</dimen>
    <dimen name="dm415">934px</dimen>
    <dimen name="dm416">936px</dimen>
    <dimen name="dm417">938px</dimen>
    <dimen name="dm418">941px</dimen>
    <dimen name="dm419">943px</dimen>
    <dimen name="dm420">945px</dimen>
    <dimen name="dm421">947px</dimen>
    <dimen name="dm422">950px</dimen>
    <dimen name="dm423">952px</dimen>
    <dimen name="dm424">954px</dimen>
    <dimen name="dm425">956px</dimen>
    <dimen name="dm426">959px</dimen>
    <dimen name="dm427">961px</dimen>
    <dimen name="dm428">963px</dimen>
    <dimen name="dm429">965px</dimen>
    <dimen name="dm430">968px</dimen>
    <dimen name="dm431">970px</dimen>
    <dimen name="dm432">972px</dimen>
    <dimen name="dm433">974px</dimen>
    <dimen name="dm434">977px</dimen>
    <dimen name="dm435">979px</dimen>
    <dimen name="dm436">981px</dimen>
    <dimen name="dm437">983px</dimen>
    <dimen name="dm438">986px</dimen>
    <dimen name="dm439">988px</dimen>
    <dimen name="dm440">990px</dimen>
    <dimen name="dm441">992px</dimen>
    <dimen name="dm442">995px</dimen>
    <dimen name="dm443">997px</dimen>
    <dimen name="dm444">999px</dimen>
    <dimen name="dm445">1001px</dimen>
    <dimen name="dm446">1004px</dimen>
    <dimen name="dm447">1006px</dimen>
    <dimen name="dm448">1008px</dimen>
    <dimen name="dm449">1010px</dimen>
    <dimen name="dm450">1013px</dimen>
    <dimen name="dm451">1015px</dimen>
    <dimen name="dm452">1017px</dimen>
    <dimen name="dm453">1019px</dimen>
    <dimen name="dm454">1022px</dimen>
    <dimen name="dm455">1024px</dimen>
    <dimen name="dm456">1026px</dimen>
    <dimen name="dm457">1028px</dimen>
    <dimen name="dm458">1031px</dimen>
    <dimen name="dm459">1033px</dimen>
    <dimen name="dm460">1035px</dimen>
    <dimen name="dm461">1037px</dimen>
    <dimen name="dm462">1040px</dimen>
    <dimen name="dm463">1042px</dimen>
    <dimen name="dm464">1044px</dimen>
    <dimen name="dm465">1046px</dimen>
    <dimen name="dm466">1049px</dimen>
    <dimen name="dm467">1051px</dimen>
    <dimen name="dm468">1053px</dimen>
    <dimen name="dm469">1055px</dimen>
    <dimen name="dm470">1058px</dimen>
    <dimen name="dm471">1060px</dimen>
    <dimen name="dm472">1062px</dimen>
    <dimen name="dm473">1064px</dimen>
    <dimen name="dm474">1067px</dimen>
    <dimen name="dm475">1069px</dimen>
    <dimen name="dm476">1071px</dimen>
    <dimen name="dm477">1073px</dimen>
    <dimen name="dm478">1076px</dimen>
    <dimen name="dm479">1078px</dimen>
    <dimen name="dm480">1080px</dimen>
    <dimen name="dm481">1082px</dimen>
    <dimen name="dm482">1085px</dimen>
    <dimen name="dm483">1087px</dimen>
    <dimen name="dm484">1089px</dimen>
    <dimen name="dm485">1091px</dimen>
    <dimen name="dm486">1094px</dimen>
    <dimen name="dm487">1096px</dimen>
    <dimen name="dm488">1098px</dimen>
    <dimen name="dm489">1100px</dimen>
    <dimen name="dm490">1103px</dimen>
    <dimen name="dm491">1105px</dimen>
    <dimen name="dm492">1107px</dimen>
    <dimen name="dm493">1109px</dimen>
    <dimen name="dm494">1112px</dimen>
    <dimen name="dm495">1114px</dimen>
    <dimen name="dm496">1116px</dimen>
    <dimen name="dm497">1118px</dimen>
    <dimen name="dm498">1121px</dimen>
    <dimen name="dm499">1123px</dimen>
    <dimen name="dm500">1125px</dimen>
    <dimen name="dm501">1127px</dimen>
    <dimen name="dm502">1130px</dimen>
    <dimen name="dm503">1132px</dimen>
    <dimen name="dm504">1134px</dimen>
    <dimen name="dm505">1136px</dimen>
    <dimen name="dm506">1139px</dimen>
    <dimen name="dm507">1141px</dimen>
    <dimen name="dm508">1143px</dimen>
    <dimen name="dm509">1145px</dimen>
    <dimen name="dm510">1148px</dimen>
    <dimen name="dm511">1150px</dimen>
    <dimen name="dm512">1152px</dimen>
    <dimen name="dm513">1154px</dimen>
    <dimen name="dm514">1157px</dimen>
    <dimen name="dm515">1159px</dimen>
    <dimen name="dm516">1161px</dimen>
    <dimen name="dm517">1163px</dimen>
    <dimen name="dm518">1166px</dimen>
    <dimen name="dm519">1168px</dimen>
    <dimen name="dm520">1170px</dimen>
    <dimen name="dm521">1172px</dimen>
    <dimen name="dm522">1175px</dimen>
    <dimen name="dm523">1177px</dimen>
    <dimen name="dm524">1179px</dimen>
    <dimen name="dm525">1181px</dimen>
    <dimen name="dm526">1184px</dimen>
    <dimen name="dm527">1186px</dimen>
    <dimen name="dm528">1188px</dimen>
    <dimen name="dm529">1190px</dimen>
    <dimen name="dm530">1193px</dimen>
    <dimen name="dm531">1195px</dimen>
    <dimen name="dm532">1197px</dimen>
    <dimen name="dm533">1199px</dimen>
    <dimen name="dm534">1202px</dimen>
    <dimen name="dm535">1204px</dimen>
    <dimen name="dm536">1206px</dimen>
    <dimen name="dm537">1208px</dimen>
    <dimen name="dm538">1211px</dimen>
    <dimen name="dm539">1213px</dimen>
    <dimen name="dm540">1215px</dimen>
    <dimen name="dm541">1217px</dimen>
    <dimen name="dm542">1220px</dimen>
    <dimen name="dm543">1222px</dimen>
    <dimen name="dm544">1224px</dimen>
    <dimen name="dm545">1226px</dimen>
    <dimen name="dm546">1229px</dimen>
    <dimen name="dm547">1231px</dimen>
    <dimen name="dm548">1233px</dimen>
    <dimen name="dm549">1235px</dimen>
    <dimen name="dm550">1238px</dimen>
    <dimen name="dm551">1240px</dimen>
    <dimen name="dm552">1242px</dimen>
    <dimen name="dm553">1244px</dimen>
    <dimen name="dm554">1247px</dimen>
    <dimen name="dm555">1249px</dimen>
    <dimen name="dm556">1251px</dimen>
    <dimen name="dm557">1253px</dimen>
    <dimen name="dm558">1256px</dimen>
    <dimen name="dm559">1258px</dimen>
    <dimen name="dm560">1260px</dimen>
    <dimen name="dm561">1262px</dimen>
    <dimen name="dm562">1265px</dimen>
    <dimen name="dm563">1267px</dimen>
    <dimen name="dm564">1269px</dimen>
    <dimen name="dm565">1271px</dimen>
    <dimen name="dm566">1274px</dimen>
    <dimen name="dm567">1276px</dimen>
    <dimen name="dm568">1278px</dimen>
    <dimen name="dm569">1280px</dimen>
    <dimen name="dm570">1283px</dimen>
    <dimen name="dm571">1285px</dimen>
    <dimen name="dm572">1287px</dimen>
    <dimen name="dm573">1289px</dimen>
    <dimen name="dm574">1292px</dimen>
    <dimen name="dm575">1294px</dimen>
    <dimen name="dm576">1296px</dimen>
    <dimen name="dm577">1298px</dimen>
    <dimen name="dm578">1301px</dimen>
    <dimen name="dm579">1303px</dimen>
    <dimen name="dm580">1305px</dimen>
    <dimen name="dm581">1307px</dimen>
    <dimen name="dm582">1310px</dimen>
    <dimen name="dm583">1312px</dimen>
    <dimen name="dm584">1314px</dimen>
    <dimen name="dm585">1316px</dimen>
    <dimen name="dm586">1319px</dimen>
    <dimen name="dm587">1321px</dimen>
    <dimen name="dm588">1323px</dimen>
    <dimen name="dm589">1325px</dimen>
    <dimen name="dm590">1328px</dimen>
    <dimen name="dm591">1330px</dimen>
    <dimen name="dm592">1332px</dimen>
    <dimen name="dm593">1334px</dimen>
    <dimen name="dm594">1337px</dimen>
    <dimen name="dm595">1339px</dimen>
    <dimen name="dm596">1341px</dimen>
    <dimen name="dm597">1343px</dimen>
    <dimen name="dm598">1346px</dimen>
    <dimen name="dm599">1348px</dimen>
    <dimen name="dm600">1350px</dimen>
    <dimen name="dm601">1352px</dimen>
    <dimen name="dm602">1355px</dimen>
    <dimen name="dm603">1357px</dimen>
    <dimen name="dm604">1359px</dimen>
    <dimen name="dm605">1361px</dimen>
    <dimen name="dm606">1364px</dimen>
    <dimen name="dm607">1366px</dimen>
    <dimen name="dm608">1368px</dimen>
    <dimen name="dm609">1370px</dimen>
    <dimen name="dm610">1373px</dimen>
    <dimen name="dm611">1375px</dimen>
    <dimen name="dm612">1377px</dimen>
    <dimen name="dm613">1379px</dimen>
    <dimen name="dm614">1382px</dimen>
    <dimen name="dm615">1384px</dimen>
    <dimen name="dm616">1386px</dimen>
    <dimen name="dm617">1388px</dimen>
    <dimen name="dm618">1391px</dimen>
    <dimen name="dm619">1393px</dimen>
    <dimen name="dm620">1395px</dimen>
    <dimen name="dm621">1397px</dimen>
    <dimen name="dm622">1400px</dimen>
    <dimen name="dm623">1402px</dimen>
    <dimen name="dm624">1404px</dimen>
    <dimen name="dm625">1406px</dimen>
    <dimen name="dm626">1409px</dimen>
    <dimen name="dm627">1411px</dimen>
    <dimen name="dm628">1413px</dimen>
    <dimen name="dm629">1415px</dimen>
    <dimen name="dm630">1418px</dimen>
    <dimen name="dm631">1420px</dimen>
    <dimen name="dm632">1422px</dimen>
    <dimen name="dm633">1424px</dimen>
    <dimen name="dm634">1427px</dimen>
    <dimen name="dm635">1429px</dimen>
    <dimen name="dm636">1431px</dimen>
    <dimen name="dm637">1433px</dimen>
    <dimen name="dm638">1436px</dimen>
    <dimen name="dm639">1438px</dimen>
    <dimen name="dm640">1440px</dimen>
    <dimen name="dm641">1442px</dimen>
    <dimen name="dm642">1445px</dimen>
    <dimen name="dm643">1447px</dimen>
    <dimen name="dm644">1449px</dimen>
    <dimen name="dm645">1451px</dimen>
    <dimen name="dm646">1454px</dimen>
    <dimen name="dm647">1456px</dimen>
    <dimen name="dm648">1458px</dimen>
    <dimen name="dm649">1460px</dimen>
    <dimen name="dm650">1463px</dimen>
    <dimen name="dm651">1465px</dimen>
    <dimen name="dm652">1467px</dimen>
    <dimen name="dm653">1469px</dimen>
    <dimen name="dm654">1472px</dimen>
    <dimen name="dm655">1474px</dimen>
    <dimen name="dm656">1476px</dimen>
    <dimen name="dm657">1478px</dimen>
    <dimen name="dm658">1481px</dimen>
    <dimen name="dm659">1483px</dimen>
    <dimen name="dm660">1485px</dimen>
    <dimen name="dm661">1487px</dimen>
    <dimen name="dm662">1490px</dimen>
    <dimen name="dm663">1492px</dimen>
    <dimen name="dm664">1494px</dimen>
    <dimen name="dm665">1496px</dimen>
    <dimen name="dm666">1499px</dimen>
    <dimen name="dm667">1501px</dimen>
    <dimen name="dm668">1503px</dimen>
    <dimen name="dm669">1505px</dimen>
    <dimen name="dm670">1508px</dimen>
    <dimen name="dm671">1510px</dimen>
    <dimen name="dm672">1512px</dimen>
    <dimen name="dm673">1514px</dimen>
    <dimen name="dm674">1517px</dimen>
    <dimen name="dm675">1519px</dimen>
    <dimen name="dm676">1521px</dimen>
    <dimen name="dm677">1523px</dimen>
    <dimen name="dm678">1526px</dimen>
    <dimen name="dm679">1528px</dimen>
    <dimen name="dm680">1530px</dimen>
    <dimen name="dm681">1532px</dimen>
    <dimen name="dm682">1535px</dimen>
    <dimen name="dm683">1537px</dimen>
    <dimen name="dm684">1539px</dimen>
    <dimen name="dm685">1541px</dimen>
    <dimen name="dm686">1544px</dimen>
    <dimen name="dm687">1546px</dimen>
    <dimen name="dm688">1548px</dimen>
    <dimen name="dm689">1550px</dimen>
    <dimen name="dm690">1553px</dimen>
    <dimen name="dm691">1555px</dimen>
    <dimen name="dm692">1557px</dimen>
    <dimen name="dm693">1559px</dimen>
    <dimen name="dm694">1562px</dimen>
    <dimen name="dm695">1564px</dimen>
    <dimen name="dm696">1566px</dimen>
    <dimen name="dm697">1568px</dimen>
    <dimen name="dm698">1571px</dimen>
    <dimen name="dm699">1573px</dimen>
    <dimen name="dm700">1575px</dimen>
    <dimen name="dm701">1577px</dimen>
    <dimen name="dm702">1580px</dimen>
    <dimen name="dm703">1582px</dimen>
    <dimen name="dm704">1584px</dimen>
    <dimen name="dm705">1586px</dimen>
    <dimen name="dm706">1589px</dimen>
    <dimen name="dm707">1591px</dimen>
    <dimen name="dm708">1593px</dimen>
    <dimen name="dm709">1595px</dimen>
    <dimen name="dm710">1598px</dimen>
    <dimen name="dm711">1600px</dimen>
    <dimen name="dm712">1602px</dimen>
    <dimen name="dm713">1604px</dimen>
    <dimen name="dm714">1607px</dimen>
    <dimen name="dm715">1609px</dimen>
    <dimen name="dm716">1611px</dimen>
    <dimen name="dm717">1613px</dimen>
    <dimen name="dm718">1616px</dimen>
    <dimen name="dm719">1618px</dimen>
    <dimen name="dm720">1620px</dimen>
    <dimen name="dm721">1622px</dimen>
    <dimen name="dm722">1625px</dimen>
    <dimen name="dm723">1627px</dimen>
    <dimen name="dm724">1629px</dimen>
    <dimen name="dm725">1631px</dimen>
    <dimen name="dm726">1634px</dimen>
    <dimen name="dm727">1636px</dimen>
    <dimen name="dm728">1638px</dimen>
    <dimen name="dm729">1640px</dimen>
    <dimen name="dm730">1643px</dimen>
    <dimen name="dm731">1645px</dimen>
    <dimen name="dm732">1647px</dimen>
    <dimen name="dm733">1649px</dimen>
    <dimen name="dm734">1652px</dimen>
    <dimen name="dm735">1654px</dimen>
    <dimen name="dm736">1656px</dimen>
    <dimen name="dm737">1658px</dimen>
    <dimen name="dm738">1661px</dimen>
    <dimen name="dm739">1663px</dimen>
    <dimen name="dm740">1665px</dimen>
    <dimen name="dm741">1667px</dimen>
    <dimen name="dm742">1670px</dimen>
    <dimen name="dm743">1672px</dimen>
    <dimen name="dm744">1674px</dimen>
    <dimen name="dm745">1676px</dimen>
    <dimen name="dm746">1679px</dimen>
    <dimen name="dm747">1681px</dimen>
    <dimen name="dm748">1683px</dimen>
    <dimen name="dm749">1685px</dimen>
    <dimen name="dm750">1688px</dimen>
    <dimen name="dm751">1690px</dimen>
    <dimen name="dm752">1692px</dimen>
    <dimen name="dm753">1694px</dimen>
    <dimen name="dm754">1697px</dimen>
    <dimen name="dm755">1699px</dimen>
    <dimen name="dm756">1701px</dimen>
    <dimen name="dm757">1703px</dimen>
    <dimen name="dm758">1706px</dimen>
    <dimen name="dm759">1708px</dimen>
    <dimen name="dm760">1710px</dimen>
    <dimen name="dm761">1712px</dimen>
    <dimen name="dm762">1715px</dimen>
    <dimen name="dm763">1717px</dimen>
    <dimen name="dm764">1719px</dimen>
    <dimen name="dm765">1721px</dimen>
    <dimen name="dm766">1724px</dimen>
    <dimen name="dm767">1726px</dimen>
    <dimen name="dm768">1728px</dimen>
    <dimen name="dm769">1730px</dimen>
    <dimen name="dm770">1733px</dimen>
    <dimen name="dm771">1735px</dimen>
    <dimen name="dm772">1737px</dimen>
    <dimen name="dm773">1739px</dimen>
    <dimen name="dm774">1742px</dimen>
    <dimen name="dm775">1744px</dimen>
    <dimen name="dm776">1746px</dimen>
    <dimen name="dm777">1748px</dimen>
    <dimen name="dm778">1751px</dimen>
    <dimen name="dm779">1753px</dimen>
    <dimen name="dm780">1755px</dimen>
    <dimen name="dm781">1757px</dimen>
    <dimen name="dm782">1760px</dimen>
    <dimen name="dm783">1762px</dimen>
    <dimen name="dm784">1764px</dimen>
    <dimen name="dm785">1766px</dimen>
    <dimen name="dm786">1769px</dimen>
    <dimen name="dm787">1771px</dimen>
    <dimen name="dm788">1773px</dimen>
    <dimen name="dm789">1775px</dimen>
    <dimen name="dm790">1778px</dimen>
    <dimen name="dm791">1780px</dimen>
    <dimen name="dm792">1782px</dimen>
    <dimen name="dm793">1784px</dimen>
    <dimen name="dm794">1787px</dimen>
    <dimen name="dm795">1789px</dimen>
    <dimen name="dm796">1791px</dimen>
    <dimen name="dm797">1793px</dimen>
    <dimen name="dm798">1796px</dimen>
    <dimen name="dm799">1798px</dimen>
    <dimen name="dm800">1800px</dimen>
    <dimen name="dm801">1802px</dimen>
    <dimen name="dm802">1805px</dimen>
    <dimen name="dm803">1807px</dimen>
    <dimen name="dm804">1809px</dimen>
    <dimen name="dm805">1811px</dimen>
    <dimen name="dm806">1814px</dimen>
    <dimen name="dm807">1816px</dimen>
    <dimen name="dm808">1818px</dimen>
    <dimen name="dm809">1820px</dimen>
    <dimen name="dm810">1823px</dimen>
    <dimen name="dm811">1825px</dimen>
    <dimen name="dm812">1827px</dimen>
    <dimen name="dm813">1829px</dimen>
    <dimen name="dm814">1832px</dimen>
    <dimen name="dm815">1834px</dimen>
    <dimen name="dm816">1836px</dimen>
    <dimen name="dm817">1838px</dimen>
    <dimen name="dm818">1841px</dimen>
    <dimen name="dm819">1843px</dimen>
    <dimen name="dm820">1845px</dimen>
    <dimen name="dm821">1847px</dimen>
    <dimen name="dm822">1850px</dimen>
    <dimen name="dm823">1852px</dimen>
    <dimen name="dm824">1854px</dimen>
    <dimen name="dm825">1856px</dimen>
    <dimen name="dm826">1859px</dimen>
    <dimen name="dm827">1861px</dimen>
    <dimen name="dm828">1863px</dimen>
    <dimen name="dm829">1865px</dimen>
    <dimen name="dm830">1868px</dimen>
    <dimen name="dm831">1870px</dimen>
    <dimen name="dm832">1872px</dimen>
    <dimen name="dm833">1874px</dimen>
    <dimen name="dm834">1877px</dimen>
    <dimen name="dm835">1879px</dimen>
    <dimen name="dm836">1881px</dimen>
    <dimen name="dm837">1883px</dimen>
    <dimen name="dm838">1886px</dimen>
    <dimen name="dm839">1888px</dimen>
    <dimen name="dm840">1890px</dimen>
    <dimen name="dm841">1892px</dimen>
    <dimen name="dm842">1895px</dimen>
    <dimen name="dm843">1897px</dimen>
    <dimen name="dm844">1899px</dimen>
    <dimen name="dm845">1901px</dimen>
    <dimen name="dm846">1904px</dimen>
    <dimen name="dm847">1906px</dimen>
    <dimen name="dm848">1908px</dimen>
    <dimen name="dm849">1910px</dimen>
    <dimen name="dm850">1913px</dimen>
    <dimen name="dm851">1915px</dimen>
    <dimen name="dm852">1917px</dimen>
    <dimen name="dm853">1919px</dimen>
    <dimen name="dm854">1922px</dimen>
    <dimen name="dm855">1924px</dimen>
    <dimen name="dm856">1926px</dimen>
    <dimen name="dm857">1928px</dimen>
    <dimen name="dm858">1931px</dimen>
    <dimen name="dm859">1933px</dimen>
    <dimen name="dm860">1935px</dimen>
    <dimen name="dm861">1937px</dimen>
    <dimen name="dm862">1940px</dimen>
    <dimen name="dm863">1942px</dimen>
    <dimen name="dm864">1944px</dimen>
    <dimen name="dm865">1946px</dimen>
    <dimen name="dm866">1949px</dimen>
    <dimen name="dm867">1951px</dimen>
    <dimen name="dm868">1953px</dimen>
    <dimen name="dm869">1955px</dimen>
    <dimen name="dm870">1958px</dimen>
    <dimen name="dm871">1960px</dimen>
    <dimen name="dm872">1962px</dimen>
    <dimen name="dm873">1964px</dimen>
    <dimen name="dm874">1967px</dimen>
    <dimen name="dm875">1969px</dimen>
    <dimen name="dm876">1971px</dimen>
    <dimen name="dm877">1973px</dimen>
    <dimen name="dm878">1976px</dimen>
    <dimen name="dm879">1978px</dimen>
    <dimen name="dm880">1980px</dimen>
    <dimen name="dm881">1982px</dimen>
    <dimen name="dm882">1985px</dimen>
    <dimen name="dm883">1987px</dimen>
    <dimen name="dm884">1989px</dimen>
    <dimen name="dm885">1991px</dimen>
    <dimen name="dm886">1994px</dimen>
    <dimen name="dm887">1996px</dimen>
    <dimen name="dm888">1998px</dimen>
    <dimen name="dm889">2000px</dimen>
    <dimen name="dm890">2003px</dimen>
    <dimen name="dm891">2005px</dimen>
    <dimen name="dm892">2007px</dimen>
    <dimen name="dm893">2009px</dimen>
    <dimen name="dm894">2012px</dimen>
    <dimen name="dm895">2014px</dimen>
    <dimen name="dm896">2016px</dimen>
    <dimen name="dm897">2018px</dimen>
    <dimen name="dm898">2021px</dimen>
    <dimen name="dm899">2023px</dimen>
    <dimen name="dm900">2025px</dimen>
    <dimen name="dm901">2027px</dimen>
    <dimen name="dm902">2030px</dimen>
    <dimen name="dm903">2032px</dimen>
    <dimen name="dm904">2034px</dimen>
    <dimen name="dm905">2036px</dimen>
    <dimen name="dm906">2039px</dimen>
    <dimen name="dm907">2041px</dimen>
    <dimen name="dm908">2043px</dimen>
    <dimen name="dm909">2045px</dimen>
    <dimen name="dm910">2048px</dimen>
    <dimen name="dm911">2050px</dimen>
    <dimen name="dm912">2052px</dimen>
    <dimen name="dm913">2054px</dimen>
    <dimen name="dm914">2057px</dimen>
    <dimen name="dm915">2059px</dimen>
    <dimen name="dm916">2061px</dimen>
    <dimen name="dm917">2063px</dimen>
    <dimen name="dm918">2066px</dimen>
    <dimen name="dm919">2068px</dimen>
    <dimen name="dm920">2070px</dimen>
    <dimen name="dm921">2072px</dimen>
    <dimen name="dm922">2075px</dimen>
    <dimen name="dm923">2077px</dimen>
    <dimen name="dm924">2079px</dimen>
    <dimen name="dm925">2081px</dimen>
    <dimen name="dm926">2084px</dimen>
    <dimen name="dm927">2086px</dimen>
    <dimen name="dm928">2088px</dimen>
    <dimen name="dm929">2090px</dimen>
    <dimen name="dm930">2093px</dimen>
    <dimen name="dm931">2095px</dimen>
    <dimen name="dm932">2097px</dimen>
    <dimen name="dm933">2099px</dimen>
    <dimen name="dm934">2102px</dimen>
    <dimen name="dm935">2104px</dimen>
    <dimen name="dm936">2106px</dimen>
    <dimen name="dm937">2108px</dimen>
    <dimen name="dm938">2111px</dimen>
    <dimen name="dm939">2113px</dimen>
    <dimen name="dm940">2115px</dimen>
    <dimen name="dm941">2117px</dimen>
    <dimen name="dm942">2120px</dimen>
    <dimen name="dm943">2122px</dimen>
    <dimen name="dm944">2124px</dimen>
    <dimen name="dm945">2126px</dimen>
    <dimen name="dm946">2129px</dimen>
    <dimen name="dm947">2131px</dimen>
    <dimen name="dm948">2133px</dimen>
    <dimen name="dm949">2135px</dimen>
    <dimen name="dm950">2138px</dimen>
    <dimen name="dm951">2140px</dimen>
    <dimen name="dm952">2142px</dimen>
    <dimen name="dm953">2144px</dimen>
    <dimen name="dm954">2147px</dimen>
    <dimen name="dm955">2149px</dimen>
    <dimen name="dm956">2151px</dimen>
    <dimen name="dm957">2153px</dimen>
    <dimen name="dm958">2156px</dimen>
    <dimen name="dm959">2158px</dimen>
    <dimen name="dm960">2160px</dimen>
    <dimen name="dm961">2162px</dimen>
    <dimen name="dm962">2165px</dimen>
    <dimen name="dm963">2167px</dimen>
    <dimen name="dm964">2169px</dimen>
    <dimen name="dm965">2171px</dimen>
    <dimen name="dm966">2174px</dimen>
    <dimen name="dm967">2176px</dimen>
    <dimen name="dm968">2178px</dimen>
    <dimen name="dm969">2180px</dimen>
    <dimen name="dm970">2183px</dimen>
    <dimen name="dm971">2185px</dimen>
    <dimen name="dm972">2187px</dimen>
    <dimen name="dm973">2189px</dimen>
    <dimen name="dm974">2192px</dimen>
    <dimen name="dm975">2194px</dimen>
    <dimen name="dm976">2196px</dimen>
    <dimen name="dm977">2198px</dimen>
    <dimen name="dm978">2201px</dimen>
    <dimen name="dm979">2203px</dimen>
    <dimen name="dm980">2205px</dimen>
    <dimen name="dm981">2207px</dimen>
    <dimen name="dm982">2210px</dimen>
    <dimen name="dm983">2212px</dimen>
    <dimen name="dm984">2214px</dimen>
    <dimen name="dm985">2216px</dimen>
    <dimen name="dm986">2219px</dimen>
    <dimen name="dm987">2221px</dimen>
    <dimen name="dm988">2223px</dimen>
    <dimen name="dm989">2225px</dimen>
    <dimen name="dm990">2228px</dimen>
    <dimen name="dm991">2230px</dimen>
    <dimen name="dm992">2232px</dimen>
    <dimen name="dm993">2234px</dimen>
    <dimen name="dm994">2237px</dimen>
    <dimen name="dm995">2239px</dimen>
    <dimen name="dm996">2241px</dimen>
    <dimen name="dm997">2243px</dimen>
    <dimen name="dm998">2246px</dimen>
    <dimen name="dm999">2248px</dimen>

</resources>