<resources>

    <dimen name="dm_200">-319px</dimen>
    <dimen name="dm_199">-317px</dimen>
    <dimen name="dm_198">-316px</dimen>
    <dimen name="dm_197">-314px</dimen>
    <dimen name="dm_196">-313px</dimen>
    <dimen name="dm_195">-311px</dimen>
    <dimen name="dm_194">-309px</dimen>
    <dimen name="dm_193">-308px</dimen>
    <dimen name="dm_192">-306px</dimen>
    <dimen name="dm_191">-305px</dimen>
    <dimen name="dm_190">-303px</dimen>
    <dimen name="dm_189">-301px</dimen>
    <dimen name="dm_188">-300px</dimen>
    <dimen name="dm_187">-298px</dimen>
    <dimen name="dm_186">-297px</dimen>
    <dimen name="dm_185">-295px</dimen>
    <dimen name="dm_184">-293px</dimen>
    <dimen name="dm_183">-292px</dimen>
    <dimen name="dm_182">-290px</dimen>
    <dimen name="dm_181">-289px</dimen>
    <dimen name="dm_180">-287px</dimen>
    <dimen name="dm_179">-285px</dimen>
    <dimen name="dm_178">-284px</dimen>
    <dimen name="dm_177">-282px</dimen>
    <dimen name="dm_176">-281px</dimen>
    <dimen name="dm_175">-279px</dimen>
    <dimen name="dm_174">-277px</dimen>
    <dimen name="dm_173">-276px</dimen>
    <dimen name="dm_172">-274px</dimen>
    <dimen name="dm_171">-273px</dimen>
    <dimen name="dm_170">-271px</dimen>
    <dimen name="dm_169">-269px</dimen>
    <dimen name="dm_168">-268px</dimen>
    <dimen name="dm_167">-266px</dimen>
    <dimen name="dm_166">-265px</dimen>
    <dimen name="dm_165">-263px</dimen>
    <dimen name="dm_164">-261px</dimen>
    <dimen name="dm_163">-260px</dimen>
    <dimen name="dm_162">-258px</dimen>
    <dimen name="dm_161">-257px</dimen>
    <dimen name="dm_160">-255px</dimen>
    <dimen name="dm_159">-253px</dimen>
    <dimen name="dm_158">-252px</dimen>
    <dimen name="dm_157">-250px</dimen>
    <dimen name="dm_156">-249px</dimen>
    <dimen name="dm_155">-247px</dimen>
    <dimen name="dm_154">-245px</dimen>
    <dimen name="dm_153">-244px</dimen>
    <dimen name="dm_152">-242px</dimen>
    <dimen name="dm_151">-241px</dimen>
    <dimen name="dm_150">-239px</dimen>
    <dimen name="dm_149">-237px</dimen>
    <dimen name="dm_148">-236px</dimen>
    <dimen name="dm_147">-234px</dimen>
    <dimen name="dm_146">-233px</dimen>
    <dimen name="dm_145">-231px</dimen>
    <dimen name="dm_144">-229px</dimen>
    <dimen name="dm_143">-228px</dimen>
    <dimen name="dm_142">-226px</dimen>
    <dimen name="dm_141">-225px</dimen>
    <dimen name="dm_140">-223px</dimen>
    <dimen name="dm_139">-221px</dimen>
    <dimen name="dm_138">-220px</dimen>
    <dimen name="dm_137">-218px</dimen>
    <dimen name="dm_136">-217px</dimen>
    <dimen name="dm_135">-215px</dimen>
    <dimen name="dm_134">-213px</dimen>
    <dimen name="dm_133">-212px</dimen>
    <dimen name="dm_132">-210px</dimen>
    <dimen name="dm_131">-209px</dimen>
    <dimen name="dm_130">-207px</dimen>
    <dimen name="dm_129">-205px</dimen>
    <dimen name="dm_128">-204px</dimen>
    <dimen name="dm_127">-202px</dimen>
    <dimen name="dm_126">-201px</dimen>
    <dimen name="dm_125">-199px</dimen>
    <dimen name="dm_124">-197px</dimen>
    <dimen name="dm_123">-196px</dimen>
    <dimen name="dm_122">-194px</dimen>
    <dimen name="dm_121">-193px</dimen>
    <dimen name="dm_120">-191px</dimen>
    <dimen name="dm_119">-189px</dimen>
    <dimen name="dm_118">-188px</dimen>
    <dimen name="dm_117">-186px</dimen>
    <dimen name="dm_116">-185px</dimen>
    <dimen name="dm_115">-183px</dimen>
    <dimen name="dm_114">-181px</dimen>
    <dimen name="dm_113">-180px</dimen>
    <dimen name="dm_112">-178px</dimen>
    <dimen name="dm_111">-177px</dimen>
    <dimen name="dm_110">-175px</dimen>
    <dimen name="dm_109">-173px</dimen>
    <dimen name="dm_108">-172px</dimen>
    <dimen name="dm_107">-170px</dimen>
    <dimen name="dm_106">-169px</dimen>
    <dimen name="dm_105">-167px</dimen>
    <dimen name="dm_104">-165px</dimen>
    <dimen name="dm_103">-164px</dimen>
    <dimen name="dm_102">-162px</dimen>
    <dimen name="dm_101">-161px</dimen>
    <dimen name="dm_100">-159px</dimen>
    <dimen name="dm_099">-157px</dimen>
    <dimen name="dm_098">-156px</dimen>
    <dimen name="dm_097">-154px</dimen>
    <dimen name="dm_096">-153px</dimen>
    <dimen name="dm_095">-151px</dimen>
    <dimen name="dm_094">-149px</dimen>
    <dimen name="dm_093">-148px</dimen>
    <dimen name="dm_092">-146px</dimen>
    <dimen name="dm_091">-145px</dimen>
    <dimen name="dm_090">-143px</dimen>
    <dimen name="dm_089">-141px</dimen>
    <dimen name="dm_088">-140px</dimen>
    <dimen name="dm_087">-138px</dimen>
    <dimen name="dm_086">-137px</dimen>
    <dimen name="dm_085">-135px</dimen>
    <dimen name="dm_084">-133px</dimen>
    <dimen name="dm_083">-132px</dimen>
    <dimen name="dm_082">-130px</dimen>
    <dimen name="dm_081">-129px</dimen>
    <dimen name="dm_080">-127px</dimen>
    <dimen name="dm_079">-125px</dimen>
    <dimen name="dm_078">-124px</dimen>
    <dimen name="dm_077">-122px</dimen>
    <dimen name="dm_076">-121px</dimen>
    <dimen name="dm_075">-119px</dimen>
    <dimen name="dm_074">-117px</dimen>
    <dimen name="dm_073">-116px</dimen>
    <dimen name="dm_072">-114px</dimen>
    <dimen name="dm_071">-113px</dimen>
    <dimen name="dm_070">-111px</dimen>
    <dimen name="dm_069">-109px</dimen>
    <dimen name="dm_068">-108px</dimen>
    <dimen name="dm_067">-106px</dimen>
    <dimen name="dm_066">-105px</dimen>
    <dimen name="dm_065">-103px</dimen>
    <dimen name="dm_064">-101px</dimen>
    <dimen name="dm_063">-100px</dimen>
    <dimen name="dm_062">-98px</dimen>
    <dimen name="dm_061">-97px</dimen>
    <dimen name="dm_060">-95px</dimen>
    <dimen name="dm_059">-93px</dimen>
    <dimen name="dm_058">-92px</dimen>
    <dimen name="dm_057">-90px</dimen>
    <dimen name="dm_056">-89px</dimen>
    <dimen name="dm_055">-87px</dimen>
    <dimen name="dm_054">-85px</dimen>
    <dimen name="dm_053">-84px</dimen>
    <dimen name="dm_052">-82px</dimen>
    <dimen name="dm_051">-81px</dimen>
    <dimen name="dm_050">-79px</dimen>
    <dimen name="dm_049">-77px</dimen>
    <dimen name="dm_048">-76px</dimen>
    <dimen name="dm_047">-74px</dimen>
    <dimen name="dm_046">-73px</dimen>
    <dimen name="dm_045">-71px</dimen>
    <dimen name="dm_044">-69px</dimen>
    <dimen name="dm_043">-68px</dimen>
    <dimen name="dm_042">-66px</dimen>
    <dimen name="dm_041">-65px</dimen>
    <dimen name="dm_040">-63px</dimen>
    <dimen name="dm_039">-61px</dimen>
    <dimen name="dm_038">-60px</dimen>
    <dimen name="dm_037">-58px</dimen>
    <dimen name="dm_036">-57px</dimen>
    <dimen name="dm_035">-55px</dimen>
    <dimen name="dm_034">-53px</dimen>
    <dimen name="dm_033">-52px</dimen>
    <dimen name="dm_032">-50px</dimen>
    <dimen name="dm_031">-49px</dimen>
    <dimen name="dm_030">-47px</dimen>
    <dimen name="dm_029">-45px</dimen>
    <dimen name="dm_028">-44px</dimen>
    <dimen name="dm_027">-42px</dimen>
    <dimen name="dm_026">-41px</dimen>
    <dimen name="dm_025">-39px</dimen>
    <dimen name="dm_024">-37px</dimen>
    <dimen name="dm_023">-36px</dimen>
    <dimen name="dm_022">-34px</dimen>
    <dimen name="dm_021">-33px</dimen>
    <dimen name="dm_020">-31px</dimen>
    <dimen name="dm_019">-29px</dimen>
    <dimen name="dm_018">-28px</dimen>
    <dimen name="dm_017">-26px</dimen>
    <dimen name="dm_016">-25px</dimen>
    <dimen name="dm_015">-23px</dimen>
    <dimen name="dm_014">-21px</dimen>
    <dimen name="dm_013">-20px</dimen>
    <dimen name="dm_012">-18px</dimen>
    <dimen name="dm_011">-17px</dimen>
    <dimen name="dm_010">-15px</dimen>
    <dimen name="dm_009">-13px</dimen>
    <dimen name="dm_008">-12px</dimen>
    <dimen name="dm_007">-10px</dimen>
    <dimen name="dm_006">-9px</dimen>
    <dimen name="dm_005">-7px</dimen>
    <dimen name="dm_004">-5px</dimen>
    <dimen name="dm_003">-4px</dimen>
    <dimen name="dm_002">-2px</dimen>
    <dimen name="dm_001">-1px</dimen>
    <dimen name="dm000">0px</dimen>
    <dimen name="dm001">2px</dimen>
    <dimen name="dm002">3px</dimen>
    <dimen name="dm003">5px</dimen>
    <dimen name="dm004">6px</dimen>
    <dimen name="dm005">8px</dimen>
    <dimen name="dm006">10px</dimen>
    <dimen name="dm007">11px</dimen>
    <dimen name="dm008">13px</dimen>
    <dimen name="dm009">14px</dimen>
    <dimen name="dm010">16px</dimen>
    <dimen name="dm011">18px</dimen>
    <dimen name="dm012">19px</dimen>
    <dimen name="dm013">21px</dimen>
    <dimen name="dm014">22px</dimen>
    <dimen name="dm015">24px</dimen>
    <dimen name="dm016">26px</dimen>
    <dimen name="dm017">27px</dimen>
    <dimen name="dm018">29px</dimen>
    <dimen name="dm019">30px</dimen>
    <dimen name="dm020">32px</dimen>
    <dimen name="dm021">34px</dimen>
    <dimen name="dm022">35px</dimen>
    <dimen name="dm023">37px</dimen>
    <dimen name="dm024">38px</dimen>
    <dimen name="dm025">40px</dimen>
    <dimen name="dm026">42px</dimen>
    <dimen name="dm027">43px</dimen>
    <dimen name="dm028">45px</dimen>
    <dimen name="dm029">46px</dimen>
    <dimen name="dm030">48px</dimen>
    <dimen name="dm031">50px</dimen>
    <dimen name="dm032">51px</dimen>
    <dimen name="dm033">53px</dimen>
    <dimen name="dm034">54px</dimen>
    <dimen name="dm035">56px</dimen>
    <dimen name="dm036">58px</dimen>
    <dimen name="dm037">59px</dimen>
    <dimen name="dm038">61px</dimen>
    <dimen name="dm039">62px</dimen>
    <dimen name="dm040">64px</dimen>
    <dimen name="dm041">66px</dimen>
    <dimen name="dm042">67px</dimen>
    <dimen name="dm043">69px</dimen>
    <dimen name="dm044">70px</dimen>
    <dimen name="dm045">72px</dimen>
    <dimen name="dm046">74px</dimen>
    <dimen name="dm047">75px</dimen>
    <dimen name="dm048">77px</dimen>
    <dimen name="dm049">78px</dimen>
    <dimen name="dm050">80px</dimen>
    <dimen name="dm051">82px</dimen>
    <dimen name="dm052">83px</dimen>
    <dimen name="dm053">85px</dimen>
    <dimen name="dm054">86px</dimen>
    <dimen name="dm055">88px</dimen>
    <dimen name="dm056">90px</dimen>
    <dimen name="dm057">91px</dimen>
    <dimen name="dm058">93px</dimen>
    <dimen name="dm059">94px</dimen>
    <dimen name="dm060">96px</dimen>
    <dimen name="dm061">98px</dimen>
    <dimen name="dm062">99px</dimen>
    <dimen name="dm063">101px</dimen>
    <dimen name="dm064">102px</dimen>
    <dimen name="dm065">104px</dimen>
    <dimen name="dm066">106px</dimen>
    <dimen name="dm067">107px</dimen>
    <dimen name="dm068">109px</dimen>
    <dimen name="dm069">110px</dimen>
    <dimen name="dm070">112px</dimen>
    <dimen name="dm071">114px</dimen>
    <dimen name="dm072">115px</dimen>
    <dimen name="dm073">117px</dimen>
    <dimen name="dm074">118px</dimen>
    <dimen name="dm075">120px</dimen>
    <dimen name="dm076">122px</dimen>
    <dimen name="dm077">123px</dimen>
    <dimen name="dm078">125px</dimen>
    <dimen name="dm079">126px</dimen>
    <dimen name="dm080">128px</dimen>
    <dimen name="dm081">130px</dimen>
    <dimen name="dm082">131px</dimen>
    <dimen name="dm083">133px</dimen>
    <dimen name="dm084">134px</dimen>
    <dimen name="dm085">136px</dimen>
    <dimen name="dm086">138px</dimen>
    <dimen name="dm087">139px</dimen>
    <dimen name="dm088">141px</dimen>
    <dimen name="dm089">142px</dimen>
    <dimen name="dm090">144px</dimen>
    <dimen name="dm091">146px</dimen>
    <dimen name="dm092">147px</dimen>
    <dimen name="dm093">149px</dimen>
    <dimen name="dm094">150px</dimen>
    <dimen name="dm095">152px</dimen>
    <dimen name="dm096">154px</dimen>
    <dimen name="dm097">155px</dimen>
    <dimen name="dm098">157px</dimen>
    <dimen name="dm099">158px</dimen>
    <dimen name="dm100">160px</dimen>
    <dimen name="dm101">162px</dimen>
    <dimen name="dm102">163px</dimen>
    <dimen name="dm103">165px</dimen>
    <dimen name="dm104">166px</dimen>
    <dimen name="dm105">168px</dimen>
    <dimen name="dm106">170px</dimen>
    <dimen name="dm107">171px</dimen>
    <dimen name="dm108">173px</dimen>
    <dimen name="dm109">174px</dimen>
    <dimen name="dm110">176px</dimen>
    <dimen name="dm111">178px</dimen>
    <dimen name="dm112">179px</dimen>
    <dimen name="dm113">181px</dimen>
    <dimen name="dm114">182px</dimen>
    <dimen name="dm115">184px</dimen>
    <dimen name="dm116">186px</dimen>
    <dimen name="dm117">187px</dimen>
    <dimen name="dm118">189px</dimen>
    <dimen name="dm119">190px</dimen>
    <dimen name="dm120">192px</dimen>
    <dimen name="dm121">194px</dimen>
    <dimen name="dm122">195px</dimen>
    <dimen name="dm123">197px</dimen>
    <dimen name="dm124">198px</dimen>
    <dimen name="dm125">200px</dimen>
    <dimen name="dm126">202px</dimen>
    <dimen name="dm127">203px</dimen>
    <dimen name="dm128">205px</dimen>
    <dimen name="dm129">206px</dimen>
    <dimen name="dm130">208px</dimen>
    <dimen name="dm131">210px</dimen>
    <dimen name="dm132">211px</dimen>
    <dimen name="dm133">213px</dimen>
    <dimen name="dm134">214px</dimen>
    <dimen name="dm135">216px</dimen>
    <dimen name="dm136">218px</dimen>
    <dimen name="dm137">219px</dimen>
    <dimen name="dm138">221px</dimen>
    <dimen name="dm139">222px</dimen>
    <dimen name="dm140">224px</dimen>
    <dimen name="dm141">226px</dimen>
    <dimen name="dm142">227px</dimen>
    <dimen name="dm143">229px</dimen>
    <dimen name="dm144">230px</dimen>
    <dimen name="dm145">232px</dimen>
    <dimen name="dm146">234px</dimen>
    <dimen name="dm147">235px</dimen>
    <dimen name="dm148">237px</dimen>
    <dimen name="dm149">238px</dimen>
    <dimen name="dm150">240px</dimen>
    <dimen name="dm151">242px</dimen>
    <dimen name="dm152">243px</dimen>
    <dimen name="dm153">245px</dimen>
    <dimen name="dm154">246px</dimen>
    <dimen name="dm155">248px</dimen>
    <dimen name="dm156">250px</dimen>
    <dimen name="dm157">251px</dimen>
    <dimen name="dm158">253px</dimen>
    <dimen name="dm159">254px</dimen>
    <dimen name="dm160">256px</dimen>
    <dimen name="dm161">258px</dimen>
    <dimen name="dm162">259px</dimen>
    <dimen name="dm163">261px</dimen>
    <dimen name="dm164">262px</dimen>
    <dimen name="dm165">264px</dimen>
    <dimen name="dm166">266px</dimen>
    <dimen name="dm167">267px</dimen>
    <dimen name="dm168">269px</dimen>
    <dimen name="dm169">270px</dimen>
    <dimen name="dm170">272px</dimen>
    <dimen name="dm171">274px</dimen>
    <dimen name="dm172">275px</dimen>
    <dimen name="dm173">277px</dimen>
    <dimen name="dm174">278px</dimen>
    <dimen name="dm175">280px</dimen>
    <dimen name="dm176">282px</dimen>
    <dimen name="dm177">283px</dimen>
    <dimen name="dm178">285px</dimen>
    <dimen name="dm179">286px</dimen>
    <dimen name="dm180">288px</dimen>
    <dimen name="dm181">290px</dimen>
    <dimen name="dm182">291px</dimen>
    <dimen name="dm183">293px</dimen>
    <dimen name="dm184">294px</dimen>
    <dimen name="dm185">296px</dimen>
    <dimen name="dm186">298px</dimen>
    <dimen name="dm187">299px</dimen>
    <dimen name="dm188">301px</dimen>
    <dimen name="dm189">302px</dimen>
    <dimen name="dm190">304px</dimen>
    <dimen name="dm191">306px</dimen>
    <dimen name="dm192">307px</dimen>
    <dimen name="dm193">309px</dimen>
    <dimen name="dm194">310px</dimen>
    <dimen name="dm195">312px</dimen>
    <dimen name="dm196">314px</dimen>
    <dimen name="dm197">315px</dimen>
    <dimen name="dm198">317px</dimen>
    <dimen name="dm199">318px</dimen>
    <dimen name="dm200">320px</dimen>
    <dimen name="dm201">322px</dimen>
    <dimen name="dm202">323px</dimen>
    <dimen name="dm203">325px</dimen>
    <dimen name="dm204">326px</dimen>
    <dimen name="dm205">328px</dimen>
    <dimen name="dm206">330px</dimen>
    <dimen name="dm207">331px</dimen>
    <dimen name="dm208">333px</dimen>
    <dimen name="dm209">334px</dimen>
    <dimen name="dm210">336px</dimen>
    <dimen name="dm211">338px</dimen>
    <dimen name="dm212">339px</dimen>
    <dimen name="dm213">341px</dimen>
    <dimen name="dm214">342px</dimen>
    <dimen name="dm215">344px</dimen>
    <dimen name="dm216">346px</dimen>
    <dimen name="dm217">347px</dimen>
    <dimen name="dm218">349px</dimen>
    <dimen name="dm219">350px</dimen>
    <dimen name="dm220">352px</dimen>
    <dimen name="dm221">354px</dimen>
    <dimen name="dm222">355px</dimen>
    <dimen name="dm223">357px</dimen>
    <dimen name="dm224">358px</dimen>
    <dimen name="dm225">360px</dimen>
    <dimen name="dm226">362px</dimen>
    <dimen name="dm227">363px</dimen>
    <dimen name="dm228">365px</dimen>
    <dimen name="dm229">366px</dimen>
    <dimen name="dm230">368px</dimen>
    <dimen name="dm231">370px</dimen>
    <dimen name="dm232">371px</dimen>
    <dimen name="dm233">373px</dimen>
    <dimen name="dm234">374px</dimen>
    <dimen name="dm235">376px</dimen>
    <dimen name="dm236">378px</dimen>
    <dimen name="dm237">379px</dimen>
    <dimen name="dm238">381px</dimen>
    <dimen name="dm239">382px</dimen>
    <dimen name="dm240">384px</dimen>
    <dimen name="dm241">386px</dimen>
    <dimen name="dm242">387px</dimen>
    <dimen name="dm243">389px</dimen>
    <dimen name="dm244">390px</dimen>
    <dimen name="dm245">392px</dimen>
    <dimen name="dm246">394px</dimen>
    <dimen name="dm247">395px</dimen>
    <dimen name="dm248">397px</dimen>
    <dimen name="dm249">398px</dimen>
    <dimen name="dm250">400px</dimen>
    <dimen name="dm251">402px</dimen>
    <dimen name="dm252">403px</dimen>
    <dimen name="dm253">405px</dimen>
    <dimen name="dm254">406px</dimen>
    <dimen name="dm255">408px</dimen>
    <dimen name="dm256">410px</dimen>
    <dimen name="dm257">411px</dimen>
    <dimen name="dm258">413px</dimen>
    <dimen name="dm259">414px</dimen>
    <dimen name="dm260">416px</dimen>
    <dimen name="dm261">418px</dimen>
    <dimen name="dm262">419px</dimen>
    <dimen name="dm263">421px</dimen>
    <dimen name="dm264">422px</dimen>
    <dimen name="dm265">424px</dimen>
    <dimen name="dm266">426px</dimen>
    <dimen name="dm267">427px</dimen>
    <dimen name="dm268">429px</dimen>
    <dimen name="dm269">430px</dimen>
    <dimen name="dm270">432px</dimen>
    <dimen name="dm271">434px</dimen>
    <dimen name="dm272">435px</dimen>
    <dimen name="dm273">437px</dimen>
    <dimen name="dm274">438px</dimen>
    <dimen name="dm275">440px</dimen>
    <dimen name="dm276">442px</dimen>
    <dimen name="dm277">443px</dimen>
    <dimen name="dm278">445px</dimen>
    <dimen name="dm279">446px</dimen>
    <dimen name="dm280">448px</dimen>
    <dimen name="dm281">450px</dimen>
    <dimen name="dm282">451px</dimen>
    <dimen name="dm283">453px</dimen>
    <dimen name="dm284">454px</dimen>
    <dimen name="dm285">456px</dimen>
    <dimen name="dm286">458px</dimen>
    <dimen name="dm287">459px</dimen>
    <dimen name="dm288">461px</dimen>
    <dimen name="dm289">462px</dimen>
    <dimen name="dm290">464px</dimen>
    <dimen name="dm291">466px</dimen>
    <dimen name="dm292">467px</dimen>
    <dimen name="dm293">469px</dimen>
    <dimen name="dm294">470px</dimen>
    <dimen name="dm295">472px</dimen>
    <dimen name="dm296">474px</dimen>
    <dimen name="dm297">475px</dimen>
    <dimen name="dm298">477px</dimen>
    <dimen name="dm299">478px</dimen>
    <dimen name="dm300">480px</dimen>
    <dimen name="dm301">482px</dimen>
    <dimen name="dm302">483px</dimen>
    <dimen name="dm303">485px</dimen>
    <dimen name="dm304">486px</dimen>
    <dimen name="dm305">488px</dimen>
    <dimen name="dm306">490px</dimen>
    <dimen name="dm307">491px</dimen>
    <dimen name="dm308">493px</dimen>
    <dimen name="dm309">494px</dimen>
    <dimen name="dm310">496px</dimen>
    <dimen name="dm311">498px</dimen>
    <dimen name="dm312">499px</dimen>
    <dimen name="dm313">501px</dimen>
    <dimen name="dm314">502px</dimen>
    <dimen name="dm315">504px</dimen>
    <dimen name="dm316">506px</dimen>
    <dimen name="dm317">507px</dimen>
    <dimen name="dm318">509px</dimen>
    <dimen name="dm319">510px</dimen>
    <dimen name="dm320">512px</dimen>
    <dimen name="dm321">514px</dimen>
    <dimen name="dm322">515px</dimen>
    <dimen name="dm323">517px</dimen>
    <dimen name="dm324">518px</dimen>
    <dimen name="dm325">520px</dimen>
    <dimen name="dm326">522px</dimen>
    <dimen name="dm327">523px</dimen>
    <dimen name="dm328">525px</dimen>
    <dimen name="dm329">526px</dimen>
    <dimen name="dm330">528px</dimen>
    <dimen name="dm331">530px</dimen>
    <dimen name="dm332">531px</dimen>
    <dimen name="dm333">533px</dimen>
    <dimen name="dm334">534px</dimen>
    <dimen name="dm335">536px</dimen>
    <dimen name="dm336">538px</dimen>
    <dimen name="dm337">539px</dimen>
    <dimen name="dm338">541px</dimen>
    <dimen name="dm339">542px</dimen>
    <dimen name="dm340">544px</dimen>
    <dimen name="dm341">546px</dimen>
    <dimen name="dm342">547px</dimen>
    <dimen name="dm343">549px</dimen>
    <dimen name="dm344">550px</dimen>
    <dimen name="dm345">552px</dimen>
    <dimen name="dm346">554px</dimen>
    <dimen name="dm347">555px</dimen>
    <dimen name="dm348">557px</dimen>
    <dimen name="dm349">558px</dimen>
    <dimen name="dm350">560px</dimen>
    <dimen name="dm351">562px</dimen>
    <dimen name="dm352">563px</dimen>
    <dimen name="dm353">565px</dimen>
    <dimen name="dm354">566px</dimen>
    <dimen name="dm355">568px</dimen>
    <dimen name="dm356">570px</dimen>
    <dimen name="dm357">571px</dimen>
    <dimen name="dm358">573px</dimen>
    <dimen name="dm359">574px</dimen>
    <dimen name="dm360">576px</dimen>
    <dimen name="dm361">578px</dimen>
    <dimen name="dm362">579px</dimen>
    <dimen name="dm363">581px</dimen>
    <dimen name="dm364">582px</dimen>
    <dimen name="dm365">584px</dimen>
    <dimen name="dm366">586px</dimen>
    <dimen name="dm367">587px</dimen>
    <dimen name="dm368">589px</dimen>
    <dimen name="dm369">590px</dimen>
    <dimen name="dm370">592px</dimen>
    <dimen name="dm371">594px</dimen>
    <dimen name="dm372">595px</dimen>
    <dimen name="dm373">597px</dimen>
    <dimen name="dm374">598px</dimen>
    <dimen name="dm375">600px</dimen>
    <dimen name="dm376">602px</dimen>
    <dimen name="dm377">603px</dimen>
    <dimen name="dm378">605px</dimen>
    <dimen name="dm379">606px</dimen>
    <dimen name="dm380">608px</dimen>
    <dimen name="dm381">610px</dimen>
    <dimen name="dm382">611px</dimen>
    <dimen name="dm383">613px</dimen>
    <dimen name="dm384">614px</dimen>
    <dimen name="dm385">616px</dimen>
    <dimen name="dm386">618px</dimen>
    <dimen name="dm387">619px</dimen>
    <dimen name="dm388">621px</dimen>
    <dimen name="dm389">622px</dimen>
    <dimen name="dm390">624px</dimen>
    <dimen name="dm391">626px</dimen>
    <dimen name="dm392">627px</dimen>
    <dimen name="dm393">629px</dimen>
    <dimen name="dm394">630px</dimen>
    <dimen name="dm395">632px</dimen>
    <dimen name="dm396">634px</dimen>
    <dimen name="dm397">635px</dimen>
    <dimen name="dm398">637px</dimen>
    <dimen name="dm399">638px</dimen>
    <dimen name="dm400">640px</dimen>
    <dimen name="dm401">642px</dimen>
    <dimen name="dm402">643px</dimen>
    <dimen name="dm403">645px</dimen>
    <dimen name="dm404">646px</dimen>
    <dimen name="dm405">648px</dimen>
    <dimen name="dm406">650px</dimen>
    <dimen name="dm407">651px</dimen>
    <dimen name="dm408">653px</dimen>
    <dimen name="dm409">654px</dimen>
    <dimen name="dm410">656px</dimen>
    <dimen name="dm411">658px</dimen>
    <dimen name="dm412">659px</dimen>
    <dimen name="dm413">661px</dimen>
    <dimen name="dm414">662px</dimen>
    <dimen name="dm415">664px</dimen>
    <dimen name="dm416">666px</dimen>
    <dimen name="dm417">667px</dimen>
    <dimen name="dm418">669px</dimen>
    <dimen name="dm419">670px</dimen>
    <dimen name="dm420">672px</dimen>
    <dimen name="dm421">674px</dimen>
    <dimen name="dm422">675px</dimen>
    <dimen name="dm423">677px</dimen>
    <dimen name="dm424">678px</dimen>
    <dimen name="dm425">680px</dimen>
    <dimen name="dm426">682px</dimen>
    <dimen name="dm427">683px</dimen>
    <dimen name="dm428">685px</dimen>
    <dimen name="dm429">686px</dimen>
    <dimen name="dm430">688px</dimen>
    <dimen name="dm431">690px</dimen>
    <dimen name="dm432">691px</dimen>
    <dimen name="dm433">693px</dimen>
    <dimen name="dm434">694px</dimen>
    <dimen name="dm435">696px</dimen>
    <dimen name="dm436">698px</dimen>
    <dimen name="dm437">699px</dimen>
    <dimen name="dm438">701px</dimen>
    <dimen name="dm439">702px</dimen>
    <dimen name="dm440">704px</dimen>
    <dimen name="dm441">706px</dimen>
    <dimen name="dm442">707px</dimen>
    <dimen name="dm443">709px</dimen>
    <dimen name="dm444">710px</dimen>
    <dimen name="dm445">712px</dimen>
    <dimen name="dm446">714px</dimen>
    <dimen name="dm447">715px</dimen>
    <dimen name="dm448">717px</dimen>
    <dimen name="dm449">718px</dimen>
    <dimen name="dm450">720px</dimen>
    <dimen name="dm451">722px</dimen>
    <dimen name="dm452">723px</dimen>
    <dimen name="dm453">725px</dimen>
    <dimen name="dm454">726px</dimen>
    <dimen name="dm455">728px</dimen>
    <dimen name="dm456">730px</dimen>
    <dimen name="dm457">731px</dimen>
    <dimen name="dm458">733px</dimen>
    <dimen name="dm459">734px</dimen>
    <dimen name="dm460">736px</dimen>
    <dimen name="dm461">738px</dimen>
    <dimen name="dm462">739px</dimen>
    <dimen name="dm463">741px</dimen>
    <dimen name="dm464">742px</dimen>
    <dimen name="dm465">744px</dimen>
    <dimen name="dm466">746px</dimen>
    <dimen name="dm467">747px</dimen>
    <dimen name="dm468">749px</dimen>
    <dimen name="dm469">750px</dimen>
    <dimen name="dm470">752px</dimen>
    <dimen name="dm471">754px</dimen>
    <dimen name="dm472">755px</dimen>
    <dimen name="dm473">757px</dimen>
    <dimen name="dm474">758px</dimen>
    <dimen name="dm475">760px</dimen>
    <dimen name="dm476">762px</dimen>
    <dimen name="dm477">763px</dimen>
    <dimen name="dm478">765px</dimen>
    <dimen name="dm479">766px</dimen>
    <dimen name="dm480">768px</dimen>
    <dimen name="dm481">770px</dimen>
    <dimen name="dm482">771px</dimen>
    <dimen name="dm483">773px</dimen>
    <dimen name="dm484">774px</dimen>
    <dimen name="dm485">776px</dimen>
    <dimen name="dm486">778px</dimen>
    <dimen name="dm487">779px</dimen>
    <dimen name="dm488">781px</dimen>
    <dimen name="dm489">782px</dimen>
    <dimen name="dm490">784px</dimen>
    <dimen name="dm491">786px</dimen>
    <dimen name="dm492">787px</dimen>
    <dimen name="dm493">789px</dimen>
    <dimen name="dm494">790px</dimen>
    <dimen name="dm495">792px</dimen>
    <dimen name="dm496">794px</dimen>
    <dimen name="dm497">795px</dimen>
    <dimen name="dm498">797px</dimen>
    <dimen name="dm499">798px</dimen>
    <dimen name="dm500">800px</dimen>
    <dimen name="dm501">802px</dimen>
    <dimen name="dm502">803px</dimen>
    <dimen name="dm503">805px</dimen>
    <dimen name="dm504">806px</dimen>
    <dimen name="dm505">808px</dimen>
    <dimen name="dm506">810px</dimen>
    <dimen name="dm507">811px</dimen>
    <dimen name="dm508">813px</dimen>
    <dimen name="dm509">814px</dimen>
    <dimen name="dm510">816px</dimen>
    <dimen name="dm511">818px</dimen>
    <dimen name="dm512">819px</dimen>
    <dimen name="dm513">821px</dimen>
    <dimen name="dm514">822px</dimen>
    <dimen name="dm515">824px</dimen>
    <dimen name="dm516">826px</dimen>
    <dimen name="dm517">827px</dimen>
    <dimen name="dm518">829px</dimen>
    <dimen name="dm519">830px</dimen>
    <dimen name="dm520">832px</dimen>
    <dimen name="dm521">834px</dimen>
    <dimen name="dm522">835px</dimen>
    <dimen name="dm523">837px</dimen>
    <dimen name="dm524">838px</dimen>
    <dimen name="dm525">840px</dimen>
    <dimen name="dm526">842px</dimen>
    <dimen name="dm527">843px</dimen>
    <dimen name="dm528">845px</dimen>
    <dimen name="dm529">846px</dimen>
    <dimen name="dm530">848px</dimen>
    <dimen name="dm531">850px</dimen>
    <dimen name="dm532">851px</dimen>
    <dimen name="dm533">853px</dimen>
    <dimen name="dm534">854px</dimen>
    <dimen name="dm535">856px</dimen>
    <dimen name="dm536">858px</dimen>
    <dimen name="dm537">859px</dimen>
    <dimen name="dm538">861px</dimen>
    <dimen name="dm539">862px</dimen>
    <dimen name="dm540">864px</dimen>
    <dimen name="dm541">866px</dimen>
    <dimen name="dm542">867px</dimen>
    <dimen name="dm543">869px</dimen>
    <dimen name="dm544">870px</dimen>
    <dimen name="dm545">872px</dimen>
    <dimen name="dm546">874px</dimen>
    <dimen name="dm547">875px</dimen>
    <dimen name="dm548">877px</dimen>
    <dimen name="dm549">878px</dimen>
    <dimen name="dm550">880px</dimen>
    <dimen name="dm551">882px</dimen>
    <dimen name="dm552">883px</dimen>
    <dimen name="dm553">885px</dimen>
    <dimen name="dm554">886px</dimen>
    <dimen name="dm555">888px</dimen>
    <dimen name="dm556">890px</dimen>
    <dimen name="dm557">891px</dimen>
    <dimen name="dm558">893px</dimen>
    <dimen name="dm559">894px</dimen>
    <dimen name="dm560">896px</dimen>
    <dimen name="dm561">898px</dimen>
    <dimen name="dm562">899px</dimen>
    <dimen name="dm563">901px</dimen>
    <dimen name="dm564">902px</dimen>
    <dimen name="dm565">904px</dimen>
    <dimen name="dm566">906px</dimen>
    <dimen name="dm567">907px</dimen>
    <dimen name="dm568">909px</dimen>
    <dimen name="dm569">910px</dimen>
    <dimen name="dm570">912px</dimen>
    <dimen name="dm571">914px</dimen>
    <dimen name="dm572">915px</dimen>
    <dimen name="dm573">917px</dimen>
    <dimen name="dm574">918px</dimen>
    <dimen name="dm575">920px</dimen>
    <dimen name="dm576">922px</dimen>
    <dimen name="dm577">923px</dimen>
    <dimen name="dm578">925px</dimen>
    <dimen name="dm579">926px</dimen>
    <dimen name="dm580">928px</dimen>
    <dimen name="dm581">930px</dimen>
    <dimen name="dm582">931px</dimen>
    <dimen name="dm583">933px</dimen>
    <dimen name="dm584">934px</dimen>
    <dimen name="dm585">936px</dimen>
    <dimen name="dm586">938px</dimen>
    <dimen name="dm587">939px</dimen>
    <dimen name="dm588">941px</dimen>
    <dimen name="dm589">942px</dimen>
    <dimen name="dm590">944px</dimen>
    <dimen name="dm591">946px</dimen>
    <dimen name="dm592">947px</dimen>
    <dimen name="dm593">949px</dimen>
    <dimen name="dm594">950px</dimen>
    <dimen name="dm595">952px</dimen>
    <dimen name="dm596">954px</dimen>
    <dimen name="dm597">955px</dimen>
    <dimen name="dm598">957px</dimen>
    <dimen name="dm599">958px</dimen>
    <dimen name="dm600">960px</dimen>
    <dimen name="dm601">962px</dimen>
    <dimen name="dm602">963px</dimen>
    <dimen name="dm603">965px</dimen>
    <dimen name="dm604">966px</dimen>
    <dimen name="dm605">968px</dimen>
    <dimen name="dm606">970px</dimen>
    <dimen name="dm607">971px</dimen>
    <dimen name="dm608">973px</dimen>
    <dimen name="dm609">974px</dimen>
    <dimen name="dm610">976px</dimen>
    <dimen name="dm611">978px</dimen>
    <dimen name="dm612">979px</dimen>
    <dimen name="dm613">981px</dimen>
    <dimen name="dm614">982px</dimen>
    <dimen name="dm615">984px</dimen>
    <dimen name="dm616">986px</dimen>
    <dimen name="dm617">987px</dimen>
    <dimen name="dm618">989px</dimen>
    <dimen name="dm619">990px</dimen>
    <dimen name="dm620">992px</dimen>
    <dimen name="dm621">994px</dimen>
    <dimen name="dm622">995px</dimen>
    <dimen name="dm623">997px</dimen>
    <dimen name="dm624">998px</dimen>
    <dimen name="dm625">1000px</dimen>
    <dimen name="dm626">1002px</dimen>
    <dimen name="dm627">1003px</dimen>
    <dimen name="dm628">1005px</dimen>
    <dimen name="dm629">1006px</dimen>
    <dimen name="dm630">1008px</dimen>
    <dimen name="dm631">1010px</dimen>
    <dimen name="dm632">1011px</dimen>
    <dimen name="dm633">1013px</dimen>
    <dimen name="dm634">1014px</dimen>
    <dimen name="dm635">1016px</dimen>
    <dimen name="dm636">1018px</dimen>
    <dimen name="dm637">1019px</dimen>
    <dimen name="dm638">1021px</dimen>
    <dimen name="dm639">1022px</dimen>
    <dimen name="dm640">1024px</dimen>
    <dimen name="dm641">1026px</dimen>
    <dimen name="dm642">1027px</dimen>
    <dimen name="dm643">1029px</dimen>
    <dimen name="dm644">1030px</dimen>
    <dimen name="dm645">1032px</dimen>
    <dimen name="dm646">1034px</dimen>
    <dimen name="dm647">1035px</dimen>
    <dimen name="dm648">1037px</dimen>
    <dimen name="dm649">1038px</dimen>
    <dimen name="dm650">1040px</dimen>
    <dimen name="dm651">1042px</dimen>
    <dimen name="dm652">1043px</dimen>
    <dimen name="dm653">1045px</dimen>
    <dimen name="dm654">1046px</dimen>
    <dimen name="dm655">1048px</dimen>
    <dimen name="dm656">1050px</dimen>
    <dimen name="dm657">1051px</dimen>
    <dimen name="dm658">1053px</dimen>
    <dimen name="dm659">1054px</dimen>
    <dimen name="dm660">1056px</dimen>
    <dimen name="dm661">1058px</dimen>
    <dimen name="dm662">1059px</dimen>
    <dimen name="dm663">1061px</dimen>
    <dimen name="dm664">1062px</dimen>
    <dimen name="dm665">1064px</dimen>
    <dimen name="dm666">1066px</dimen>
    <dimen name="dm667">1067px</dimen>
    <dimen name="dm668">1069px</dimen>
    <dimen name="dm669">1070px</dimen>
    <dimen name="dm670">1072px</dimen>
    <dimen name="dm671">1074px</dimen>
    <dimen name="dm672">1075px</dimen>
    <dimen name="dm673">1077px</dimen>
    <dimen name="dm674">1078px</dimen>
    <dimen name="dm675">1080px</dimen>
    <dimen name="dm676">1082px</dimen>
    <dimen name="dm677">1083px</dimen>
    <dimen name="dm678">1085px</dimen>
    <dimen name="dm679">1086px</dimen>
    <dimen name="dm680">1088px</dimen>
    <dimen name="dm681">1090px</dimen>
    <dimen name="dm682">1091px</dimen>
    <dimen name="dm683">1093px</dimen>
    <dimen name="dm684">1094px</dimen>
    <dimen name="dm685">1096px</dimen>
    <dimen name="dm686">1098px</dimen>
    <dimen name="dm687">1099px</dimen>
    <dimen name="dm688">1101px</dimen>
    <dimen name="dm689">1102px</dimen>
    <dimen name="dm690">1104px</dimen>
    <dimen name="dm691">1106px</dimen>
    <dimen name="dm692">1107px</dimen>
    <dimen name="dm693">1109px</dimen>
    <dimen name="dm694">1110px</dimen>
    <dimen name="dm695">1112px</dimen>
    <dimen name="dm696">1114px</dimen>
    <dimen name="dm697">1115px</dimen>
    <dimen name="dm698">1117px</dimen>
    <dimen name="dm699">1118px</dimen>
    <dimen name="dm700">1120px</dimen>
    <dimen name="dm701">1122px</dimen>
    <dimen name="dm702">1123px</dimen>
    <dimen name="dm703">1125px</dimen>
    <dimen name="dm704">1126px</dimen>
    <dimen name="dm705">1128px</dimen>
    <dimen name="dm706">1130px</dimen>
    <dimen name="dm707">1131px</dimen>
    <dimen name="dm708">1133px</dimen>
    <dimen name="dm709">1134px</dimen>
    <dimen name="dm710">1136px</dimen>
    <dimen name="dm711">1138px</dimen>
    <dimen name="dm712">1139px</dimen>
    <dimen name="dm713">1141px</dimen>
    <dimen name="dm714">1142px</dimen>
    <dimen name="dm715">1144px</dimen>
    <dimen name="dm716">1146px</dimen>
    <dimen name="dm717">1147px</dimen>
    <dimen name="dm718">1149px</dimen>
    <dimen name="dm719">1150px</dimen>
    <dimen name="dm720">1152px</dimen>
    <dimen name="dm721">1154px</dimen>
    <dimen name="dm722">1155px</dimen>
    <dimen name="dm723">1157px</dimen>
    <dimen name="dm724">1158px</dimen>
    <dimen name="dm725">1160px</dimen>
    <dimen name="dm726">1162px</dimen>
    <dimen name="dm727">1163px</dimen>
    <dimen name="dm728">1165px</dimen>
    <dimen name="dm729">1166px</dimen>
    <dimen name="dm730">1168px</dimen>
    <dimen name="dm731">1170px</dimen>
    <dimen name="dm732">1171px</dimen>
    <dimen name="dm733">1173px</dimen>
    <dimen name="dm734">1174px</dimen>
    <dimen name="dm735">1176px</dimen>
    <dimen name="dm736">1178px</dimen>
    <dimen name="dm737">1179px</dimen>
    <dimen name="dm738">1181px</dimen>
    <dimen name="dm739">1182px</dimen>
    <dimen name="dm740">1184px</dimen>
    <dimen name="dm741">1186px</dimen>
    <dimen name="dm742">1187px</dimen>
    <dimen name="dm743">1189px</dimen>
    <dimen name="dm744">1190px</dimen>
    <dimen name="dm745">1192px</dimen>
    <dimen name="dm746">1194px</dimen>
    <dimen name="dm747">1195px</dimen>
    <dimen name="dm748">1197px</dimen>
    <dimen name="dm749">1198px</dimen>
    <dimen name="dm750">1200px</dimen>
    <dimen name="dm751">1202px</dimen>
    <dimen name="dm752">1203px</dimen>
    <dimen name="dm753">1205px</dimen>
    <dimen name="dm754">1206px</dimen>
    <dimen name="dm755">1208px</dimen>
    <dimen name="dm756">1210px</dimen>
    <dimen name="dm757">1211px</dimen>
    <dimen name="dm758">1213px</dimen>
    <dimen name="dm759">1214px</dimen>
    <dimen name="dm760">1216px</dimen>
    <dimen name="dm761">1218px</dimen>
    <dimen name="dm762">1219px</dimen>
    <dimen name="dm763">1221px</dimen>
    <dimen name="dm764">1222px</dimen>
    <dimen name="dm765">1224px</dimen>
    <dimen name="dm766">1226px</dimen>
    <dimen name="dm767">1227px</dimen>
    <dimen name="dm768">1229px</dimen>
    <dimen name="dm769">1230px</dimen>
    <dimen name="dm770">1232px</dimen>
    <dimen name="dm771">1234px</dimen>
    <dimen name="dm772">1235px</dimen>
    <dimen name="dm773">1237px</dimen>
    <dimen name="dm774">1238px</dimen>
    <dimen name="dm775">1240px</dimen>
    <dimen name="dm776">1242px</dimen>
    <dimen name="dm777">1243px</dimen>
    <dimen name="dm778">1245px</dimen>
    <dimen name="dm779">1246px</dimen>
    <dimen name="dm780">1248px</dimen>
    <dimen name="dm781">1250px</dimen>
    <dimen name="dm782">1251px</dimen>
    <dimen name="dm783">1253px</dimen>
    <dimen name="dm784">1254px</dimen>
    <dimen name="dm785">1256px</dimen>
    <dimen name="dm786">1258px</dimen>
    <dimen name="dm787">1259px</dimen>
    <dimen name="dm788">1261px</dimen>
    <dimen name="dm789">1262px</dimen>
    <dimen name="dm790">1264px</dimen>
    <dimen name="dm791">1266px</dimen>
    <dimen name="dm792">1267px</dimen>
    <dimen name="dm793">1269px</dimen>
    <dimen name="dm794">1270px</dimen>
    <dimen name="dm795">1272px</dimen>
    <dimen name="dm796">1274px</dimen>
    <dimen name="dm797">1275px</dimen>
    <dimen name="dm798">1277px</dimen>
    <dimen name="dm799">1278px</dimen>
    <dimen name="dm800">1280px</dimen>
    <dimen name="dm801">1282px</dimen>
    <dimen name="dm802">1283px</dimen>
    <dimen name="dm803">1285px</dimen>
    <dimen name="dm804">1286px</dimen>
    <dimen name="dm805">1288px</dimen>
    <dimen name="dm806">1290px</dimen>
    <dimen name="dm807">1291px</dimen>
    <dimen name="dm808">1293px</dimen>
    <dimen name="dm809">1294px</dimen>
    <dimen name="dm810">1296px</dimen>
    <dimen name="dm811">1298px</dimen>
    <dimen name="dm812">1299px</dimen>
    <dimen name="dm813">1301px</dimen>
    <dimen name="dm814">1302px</dimen>
    <dimen name="dm815">1304px</dimen>
    <dimen name="dm816">1306px</dimen>
    <dimen name="dm817">1307px</dimen>
    <dimen name="dm818">1309px</dimen>
    <dimen name="dm819">1310px</dimen>
    <dimen name="dm820">1312px</dimen>
    <dimen name="dm821">1314px</dimen>
    <dimen name="dm822">1315px</dimen>
    <dimen name="dm823">1317px</dimen>
    <dimen name="dm824">1318px</dimen>
    <dimen name="dm825">1320px</dimen>
    <dimen name="dm826">1322px</dimen>
    <dimen name="dm827">1323px</dimen>
    <dimen name="dm828">1325px</dimen>
    <dimen name="dm829">1326px</dimen>
    <dimen name="dm830">1328px</dimen>
    <dimen name="dm831">1330px</dimen>
    <dimen name="dm832">1331px</dimen>
    <dimen name="dm833">1333px</dimen>
    <dimen name="dm834">1334px</dimen>
    <dimen name="dm835">1336px</dimen>
    <dimen name="dm836">1338px</dimen>
    <dimen name="dm837">1339px</dimen>
    <dimen name="dm838">1341px</dimen>
    <dimen name="dm839">1342px</dimen>
    <dimen name="dm840">1344px</dimen>
    <dimen name="dm841">1346px</dimen>
    <dimen name="dm842">1347px</dimen>
    <dimen name="dm843">1349px</dimen>
    <dimen name="dm844">1350px</dimen>
    <dimen name="dm845">1352px</dimen>
    <dimen name="dm846">1354px</dimen>
    <dimen name="dm847">1355px</dimen>
    <dimen name="dm848">1357px</dimen>
    <dimen name="dm849">1358px</dimen>
    <dimen name="dm850">1360px</dimen>
    <dimen name="dm851">1362px</dimen>
    <dimen name="dm852">1363px</dimen>
    <dimen name="dm853">1365px</dimen>
    <dimen name="dm854">1366px</dimen>
    <dimen name="dm855">1368px</dimen>
    <dimen name="dm856">1370px</dimen>
    <dimen name="dm857">1371px</dimen>
    <dimen name="dm858">1373px</dimen>
    <dimen name="dm859">1374px</dimen>
    <dimen name="dm860">1376px</dimen>
    <dimen name="dm861">1378px</dimen>
    <dimen name="dm862">1379px</dimen>
    <dimen name="dm863">1381px</dimen>
    <dimen name="dm864">1382px</dimen>
    <dimen name="dm865">1384px</dimen>
    <dimen name="dm866">1386px</dimen>
    <dimen name="dm867">1387px</dimen>
    <dimen name="dm868">1389px</dimen>
    <dimen name="dm869">1390px</dimen>
    <dimen name="dm870">1392px</dimen>
    <dimen name="dm871">1394px</dimen>
    <dimen name="dm872">1395px</dimen>
    <dimen name="dm873">1397px</dimen>
    <dimen name="dm874">1398px</dimen>
    <dimen name="dm875">1400px</dimen>
    <dimen name="dm876">1402px</dimen>
    <dimen name="dm877">1403px</dimen>
    <dimen name="dm878">1405px</dimen>
    <dimen name="dm879">1406px</dimen>
    <dimen name="dm880">1408px</dimen>
    <dimen name="dm881">1410px</dimen>
    <dimen name="dm882">1411px</dimen>
    <dimen name="dm883">1413px</dimen>
    <dimen name="dm884">1414px</dimen>
    <dimen name="dm885">1416px</dimen>
    <dimen name="dm886">1418px</dimen>
    <dimen name="dm887">1419px</dimen>
    <dimen name="dm888">1421px</dimen>
    <dimen name="dm889">1422px</dimen>
    <dimen name="dm890">1424px</dimen>
    <dimen name="dm891">1426px</dimen>
    <dimen name="dm892">1427px</dimen>
    <dimen name="dm893">1429px</dimen>
    <dimen name="dm894">1430px</dimen>
    <dimen name="dm895">1432px</dimen>
    <dimen name="dm896">1434px</dimen>
    <dimen name="dm897">1435px</dimen>
    <dimen name="dm898">1437px</dimen>
    <dimen name="dm899">1438px</dimen>
    <dimen name="dm900">1440px</dimen>
    <dimen name="dm901">1442px</dimen>
    <dimen name="dm902">1443px</dimen>
    <dimen name="dm903">1445px</dimen>
    <dimen name="dm904">1446px</dimen>
    <dimen name="dm905">1448px</dimen>
    <dimen name="dm906">1450px</dimen>
    <dimen name="dm907">1451px</dimen>
    <dimen name="dm908">1453px</dimen>
    <dimen name="dm909">1454px</dimen>
    <dimen name="dm910">1456px</dimen>
    <dimen name="dm911">1458px</dimen>
    <dimen name="dm912">1459px</dimen>
    <dimen name="dm913">1461px</dimen>
    <dimen name="dm914">1462px</dimen>
    <dimen name="dm915">1464px</dimen>
    <dimen name="dm916">1466px</dimen>
    <dimen name="dm917">1467px</dimen>
    <dimen name="dm918">1469px</dimen>
    <dimen name="dm919">1470px</dimen>
    <dimen name="dm920">1472px</dimen>
    <dimen name="dm921">1474px</dimen>
    <dimen name="dm922">1475px</dimen>
    <dimen name="dm923">1477px</dimen>
    <dimen name="dm924">1478px</dimen>
    <dimen name="dm925">1480px</dimen>
    <dimen name="dm926">1482px</dimen>
    <dimen name="dm927">1483px</dimen>
    <dimen name="dm928">1485px</dimen>
    <dimen name="dm929">1486px</dimen>
    <dimen name="dm930">1488px</dimen>
    <dimen name="dm931">1490px</dimen>
    <dimen name="dm932">1491px</dimen>
    <dimen name="dm933">1493px</dimen>
    <dimen name="dm934">1494px</dimen>
    <dimen name="dm935">1496px</dimen>
    <dimen name="dm936">1498px</dimen>
    <dimen name="dm937">1499px</dimen>
    <dimen name="dm938">1501px</dimen>
    <dimen name="dm939">1502px</dimen>
    <dimen name="dm940">1504px</dimen>
    <dimen name="dm941">1506px</dimen>
    <dimen name="dm942">1507px</dimen>
    <dimen name="dm943">1509px</dimen>
    <dimen name="dm944">1510px</dimen>
    <dimen name="dm945">1512px</dimen>
    <dimen name="dm946">1514px</dimen>
    <dimen name="dm947">1515px</dimen>
    <dimen name="dm948">1517px</dimen>
    <dimen name="dm949">1518px</dimen>
    <dimen name="dm950">1520px</dimen>
    <dimen name="dm951">1522px</dimen>
    <dimen name="dm952">1523px</dimen>
    <dimen name="dm953">1525px</dimen>
    <dimen name="dm954">1526px</dimen>
    <dimen name="dm955">1528px</dimen>
    <dimen name="dm956">1530px</dimen>
    <dimen name="dm957">1531px</dimen>
    <dimen name="dm958">1533px</dimen>
    <dimen name="dm959">1534px</dimen>
    <dimen name="dm960">1536px</dimen>
    <dimen name="dm961">1538px</dimen>
    <dimen name="dm962">1539px</dimen>
    <dimen name="dm963">1541px</dimen>
    <dimen name="dm964">1542px</dimen>
    <dimen name="dm965">1544px</dimen>
    <dimen name="dm966">1546px</dimen>
    <dimen name="dm967">1547px</dimen>
    <dimen name="dm968">1549px</dimen>
    <dimen name="dm969">1550px</dimen>
    <dimen name="dm970">1552px</dimen>
    <dimen name="dm971">1554px</dimen>
    <dimen name="dm972">1555px</dimen>
    <dimen name="dm973">1557px</dimen>
    <dimen name="dm974">1558px</dimen>
    <dimen name="dm975">1560px</dimen>
    <dimen name="dm976">1562px</dimen>
    <dimen name="dm977">1563px</dimen>
    <dimen name="dm978">1565px</dimen>
    <dimen name="dm979">1566px</dimen>
    <dimen name="dm980">1568px</dimen>
    <dimen name="dm981">1570px</dimen>
    <dimen name="dm982">1571px</dimen>
    <dimen name="dm983">1573px</dimen>
    <dimen name="dm984">1574px</dimen>
    <dimen name="dm985">1576px</dimen>
    <dimen name="dm986">1578px</dimen>
    <dimen name="dm987">1579px</dimen>
    <dimen name="dm988">1581px</dimen>
    <dimen name="dm989">1582px</dimen>
    <dimen name="dm990">1584px</dimen>
    <dimen name="dm991">1586px</dimen>
    <dimen name="dm992">1587px</dimen>
    <dimen name="dm993">1589px</dimen>
    <dimen name="dm994">1590px</dimen>
    <dimen name="dm995">1592px</dimen>
    <dimen name="dm996">1594px</dimen>
    <dimen name="dm997">1595px</dimen>
    <dimen name="dm998">1597px</dimen>
    <dimen name="dm999">1598px</dimen>

</resources>