<resources>

    <dimen name="dm_200">-280px</dimen>
    <dimen name="dm_199">-279px</dimen>
    <dimen name="dm_198">-277px</dimen>
    <dimen name="dm_197">-276px</dimen>
    <dimen name="dm_196">-275px</dimen>
    <dimen name="dm_195">-273px</dimen>
    <dimen name="dm_194">-272px</dimen>
    <dimen name="dm_193">-270px</dimen>
    <dimen name="dm_192">-269px</dimen>
    <dimen name="dm_191">-268px</dimen>
    <dimen name="dm_190">-266px</dimen>
    <dimen name="dm_189">-265px</dimen>
    <dimen name="dm_188">-263px</dimen>
    <dimen name="dm_187">-262px</dimen>
    <dimen name="dm_186">-261px</dimen>
    <dimen name="dm_185">-259px</dimen>
    <dimen name="dm_184">-258px</dimen>
    <dimen name="dm_183">-256px</dimen>
    <dimen name="dm_182">-255px</dimen>
    <dimen name="dm_181">-254px</dimen>
    <dimen name="dm_180">-252px</dimen>
    <dimen name="dm_179">-251px</dimen>
    <dimen name="dm_178">-249px</dimen>
    <dimen name="dm_177">-248px</dimen>
    <dimen name="dm_176">-247px</dimen>
    <dimen name="dm_175">-245px</dimen>
    <dimen name="dm_174">-244px</dimen>
    <dimen name="dm_173">-242px</dimen>
    <dimen name="dm_172">-241px</dimen>
    <dimen name="dm_171">-239px</dimen>
    <dimen name="dm_170">-238px</dimen>
    <dimen name="dm_169">-237px</dimen>
    <dimen name="dm_168">-235px</dimen>
    <dimen name="dm_167">-234px</dimen>
    <dimen name="dm_166">-232px</dimen>
    <dimen name="dm_165">-231px</dimen>
    <dimen name="dm_164">-230px</dimen>
    <dimen name="dm_163">-228px</dimen>
    <dimen name="dm_162">-227px</dimen>
    <dimen name="dm_161">-225px</dimen>
    <dimen name="dm_160">-224px</dimen>
    <dimen name="dm_159">-223px</dimen>
    <dimen name="dm_158">-221px</dimen>
    <dimen name="dm_157">-220px</dimen>
    <dimen name="dm_156">-218px</dimen>
    <dimen name="dm_155">-217px</dimen>
    <dimen name="dm_154">-216px</dimen>
    <dimen name="dm_153">-214px</dimen>
    <dimen name="dm_152">-213px</dimen>
    <dimen name="dm_151">-211px</dimen>
    <dimen name="dm_150">-210px</dimen>
    <dimen name="dm_149">-209px</dimen>
    <dimen name="dm_148">-207px</dimen>
    <dimen name="dm_147">-206px</dimen>
    <dimen name="dm_146">-204px</dimen>
    <dimen name="dm_145">-203px</dimen>
    <dimen name="dm_144">-202px</dimen>
    <dimen name="dm_143">-200px</dimen>
    <dimen name="dm_142">-199px</dimen>
    <dimen name="dm_141">-197px</dimen>
    <dimen name="dm_140">-196px</dimen>
    <dimen name="dm_139">-194px</dimen>
    <dimen name="dm_138">-193px</dimen>
    <dimen name="dm_137">-192px</dimen>
    <dimen name="dm_136">-190px</dimen>
    <dimen name="dm_135">-189px</dimen>
    <dimen name="dm_134">-187px</dimen>
    <dimen name="dm_133">-186px</dimen>
    <dimen name="dm_132">-185px</dimen>
    <dimen name="dm_131">-183px</dimen>
    <dimen name="dm_130">-182px</dimen>
    <dimen name="dm_129">-180px</dimen>
    <dimen name="dm_128">-179px</dimen>
    <dimen name="dm_127">-178px</dimen>
    <dimen name="dm_126">-176px</dimen>
    <dimen name="dm_125">-175px</dimen>
    <dimen name="dm_124">-173px</dimen>
    <dimen name="dm_123">-172px</dimen>
    <dimen name="dm_122">-171px</dimen>
    <dimen name="dm_121">-169px</dimen>
    <dimen name="dm_120">-168px</dimen>
    <dimen name="dm_119">-166px</dimen>
    <dimen name="dm_118">-165px</dimen>
    <dimen name="dm_117">-164px</dimen>
    <dimen name="dm_116">-162px</dimen>
    <dimen name="dm_115">-161px</dimen>
    <dimen name="dm_114">-159px</dimen>
    <dimen name="dm_113">-158px</dimen>
    <dimen name="dm_112">-157px</dimen>
    <dimen name="dm_111">-155px</dimen>
    <dimen name="dm_110">-154px</dimen>
    <dimen name="dm_109">-152px</dimen>
    <dimen name="dm_108">-151px</dimen>
    <dimen name="dm_107">-149px</dimen>
    <dimen name="dm_106">-148px</dimen>
    <dimen name="dm_105">-147px</dimen>
    <dimen name="dm_104">-145px</dimen>
    <dimen name="dm_103">-144px</dimen>
    <dimen name="dm_102">-142px</dimen>
    <dimen name="dm_101">-141px</dimen>
    <dimen name="dm_100">-140px</dimen>
    <dimen name="dm_099">-138px</dimen>
    <dimen name="dm_098">-137px</dimen>
    <dimen name="dm_097">-135px</dimen>
    <dimen name="dm_096">-134px</dimen>
    <dimen name="dm_095">-133px</dimen>
    <dimen name="dm_094">-131px</dimen>
    <dimen name="dm_093">-130px</dimen>
    <dimen name="dm_092">-128px</dimen>
    <dimen name="dm_091">-127px</dimen>
    <dimen name="dm_090">-126px</dimen>
    <dimen name="dm_089">-124px</dimen>
    <dimen name="dm_088">-123px</dimen>
    <dimen name="dm_087">-121px</dimen>
    <dimen name="dm_086">-120px</dimen>
    <dimen name="dm_085">-119px</dimen>
    <dimen name="dm_084">-117px</dimen>
    <dimen name="dm_083">-116px</dimen>
    <dimen name="dm_082">-114px</dimen>
    <dimen name="dm_081">-113px</dimen>
    <dimen name="dm_080">-112px</dimen>
    <dimen name="dm_079">-110px</dimen>
    <dimen name="dm_078">-109px</dimen>
    <dimen name="dm_077">-107px</dimen>
    <dimen name="dm_076">-106px</dimen>
    <dimen name="dm_075">-104px</dimen>
    <dimen name="dm_074">-103px</dimen>
    <dimen name="dm_073">-102px</dimen>
    <dimen name="dm_072">-100px</dimen>
    <dimen name="dm_071">-99px</dimen>
    <dimen name="dm_070">-97px</dimen>
    <dimen name="dm_069">-96px</dimen>
    <dimen name="dm_068">-95px</dimen>
    <dimen name="dm_067">-93px</dimen>
    <dimen name="dm_066">-92px</dimen>
    <dimen name="dm_065">-90px</dimen>
    <dimen name="dm_064">-89px</dimen>
    <dimen name="dm_063">-88px</dimen>
    <dimen name="dm_062">-86px</dimen>
    <dimen name="dm_061">-85px</dimen>
    <dimen name="dm_060">-83px</dimen>
    <dimen name="dm_059">-82px</dimen>
    <dimen name="dm_058">-81px</dimen>
    <dimen name="dm_057">-79px</dimen>
    <dimen name="dm_056">-78px</dimen>
    <dimen name="dm_055">-76px</dimen>
    <dimen name="dm_054">-75px</dimen>
    <dimen name="dm_053">-74px</dimen>
    <dimen name="dm_052">-72px</dimen>
    <dimen name="dm_051">-71px</dimen>
    <dimen name="dm_050">-69px</dimen>
    <dimen name="dm_049">-68px</dimen>
    <dimen name="dm_048">-67px</dimen>
    <dimen name="dm_047">-65px</dimen>
    <dimen name="dm_046">-64px</dimen>
    <dimen name="dm_045">-62px</dimen>
    <dimen name="dm_044">-61px</dimen>
    <dimen name="dm_043">-59px</dimen>
    <dimen name="dm_042">-58px</dimen>
    <dimen name="dm_041">-57px</dimen>
    <dimen name="dm_040">-55px</dimen>
    <dimen name="dm_039">-54px</dimen>
    <dimen name="dm_038">-52px</dimen>
    <dimen name="dm_037">-51px</dimen>
    <dimen name="dm_036">-50px</dimen>
    <dimen name="dm_035">-48px</dimen>
    <dimen name="dm_034">-47px</dimen>
    <dimen name="dm_033">-45px</dimen>
    <dimen name="dm_032">-44px</dimen>
    <dimen name="dm_031">-43px</dimen>
    <dimen name="dm_030">-41px</dimen>
    <dimen name="dm_029">-40px</dimen>
    <dimen name="dm_028">-38px</dimen>
    <dimen name="dm_027">-37px</dimen>
    <dimen name="dm_026">-36px</dimen>
    <dimen name="dm_025">-34px</dimen>
    <dimen name="dm_024">-33px</dimen>
    <dimen name="dm_023">-31px</dimen>
    <dimen name="dm_022">-30px</dimen>
    <dimen name="dm_021">-29px</dimen>
    <dimen name="dm_020">-27px</dimen>
    <dimen name="dm_019">-26px</dimen>
    <dimen name="dm_018">-24px</dimen>
    <dimen name="dm_017">-23px</dimen>
    <dimen name="dm_016">-22px</dimen>
    <dimen name="dm_015">-20px</dimen>
    <dimen name="dm_014">-19px</dimen>
    <dimen name="dm_013">-17px</dimen>
    <dimen name="dm_012">-16px</dimen>
    <dimen name="dm_011">-14px</dimen>
    <dimen name="dm_010">-13px</dimen>
    <dimen name="dm_009">-12px</dimen>
    <dimen name="dm_008">-10px</dimen>
    <dimen name="dm_007">-9px</dimen>
    <dimen name="dm_006">-7px</dimen>
    <dimen name="dm_005">-6px</dimen>
    <dimen name="dm_004">-5px</dimen>
    <dimen name="dm_003">-3px</dimen>
    <dimen name="dm_002">-2px</dimen>
    <dimen name="dm_001">-1px</dimen>
    <dimen name="dm000">0px</dimen>
    <dimen name="dm001">1px</dimen>
    <dimen name="dm002">3px</dimen>
    <dimen name="dm003">4px</dimen>
    <dimen name="dm004">6px</dimen>
    <dimen name="dm005">7px</dimen>
    <dimen name="dm006">8px</dimen>
    <dimen name="dm007">10px</dimen>
    <dimen name="dm008">11px</dimen>
    <dimen name="dm009">13px</dimen>
    <dimen name="dm010">14px</dimen>
    <dimen name="dm011">15px</dimen>
    <dimen name="dm012">17px</dimen>
    <dimen name="dm013">18px</dimen>
    <dimen name="dm014">20px</dimen>
    <dimen name="dm015">21px</dimen>
    <dimen name="dm016">23px</dimen>
    <dimen name="dm017">24px</dimen>
    <dimen name="dm018">25px</dimen>
    <dimen name="dm019">27px</dimen>
    <dimen name="dm020">28px</dimen>
    <dimen name="dm021">30px</dimen>
    <dimen name="dm022">31px</dimen>
    <dimen name="dm023">32px</dimen>
    <dimen name="dm024">34px</dimen>
    <dimen name="dm025">35px</dimen>
    <dimen name="dm026">37px</dimen>
    <dimen name="dm027">38px</dimen>
    <dimen name="dm028">39px</dimen>
    <dimen name="dm029">41px</dimen>
    <dimen name="dm030">42px</dimen>
    <dimen name="dm031">44px</dimen>
    <dimen name="dm032">45px</dimen>
    <dimen name="dm033">46px</dimen>
    <dimen name="dm034">48px</dimen>
    <dimen name="dm035">49px</dimen>
    <dimen name="dm036">51px</dimen>
    <dimen name="dm037">52px</dimen>
    <dimen name="dm038">53px</dimen>
    <dimen name="dm039">55px</dimen>
    <dimen name="dm040">56px</dimen>
    <dimen name="dm041">58px</dimen>
    <dimen name="dm042">59px</dimen>
    <dimen name="dm043">60px</dimen>
    <dimen name="dm044">62px</dimen>
    <dimen name="dm045">63px</dimen>
    <dimen name="dm046">65px</dimen>
    <dimen name="dm047">66px</dimen>
    <dimen name="dm048">68px</dimen>
    <dimen name="dm049">69px</dimen>
    <dimen name="dm050">70px</dimen>
    <dimen name="dm051">72px</dimen>
    <dimen name="dm052">73px</dimen>
    <dimen name="dm053">75px</dimen>
    <dimen name="dm054">76px</dimen>
    <dimen name="dm055">77px</dimen>
    <dimen name="dm056">79px</dimen>
    <dimen name="dm057">80px</dimen>
    <dimen name="dm058">82px</dimen>
    <dimen name="dm059">83px</dimen>
    <dimen name="dm060">84px</dimen>
    <dimen name="dm061">86px</dimen>
    <dimen name="dm062">87px</dimen>
    <dimen name="dm063">89px</dimen>
    <dimen name="dm064">90px</dimen>
    <dimen name="dm065">91px</dimen>
    <dimen name="dm066">93px</dimen>
    <dimen name="dm067">94px</dimen>
    <dimen name="dm068">96px</dimen>
    <dimen name="dm069">97px</dimen>
    <dimen name="dm070">98px</dimen>
    <dimen name="dm071">100px</dimen>
    <dimen name="dm072">101px</dimen>
    <dimen name="dm073">103px</dimen>
    <dimen name="dm074">104px</dimen>
    <dimen name="dm075">105px</dimen>
    <dimen name="dm076">107px</dimen>
    <dimen name="dm077">108px</dimen>
    <dimen name="dm078">110px</dimen>
    <dimen name="dm079">111px</dimen>
    <dimen name="dm080">113px</dimen>
    <dimen name="dm081">114px</dimen>
    <dimen name="dm082">115px</dimen>
    <dimen name="dm083">117px</dimen>
    <dimen name="dm084">118px</dimen>
    <dimen name="dm085">120px</dimen>
    <dimen name="dm086">121px</dimen>
    <dimen name="dm087">122px</dimen>
    <dimen name="dm088">124px</dimen>
    <dimen name="dm089">125px</dimen>
    <dimen name="dm090">127px</dimen>
    <dimen name="dm091">128px</dimen>
    <dimen name="dm092">129px</dimen>
    <dimen name="dm093">131px</dimen>
    <dimen name="dm094">132px</dimen>
    <dimen name="dm095">134px</dimen>
    <dimen name="dm096">135px</dimen>
    <dimen name="dm097">136px</dimen>
    <dimen name="dm098">138px</dimen>
    <dimen name="dm099">139px</dimen>
    <dimen name="dm100">141px</dimen>
    <dimen name="dm101">142px</dimen>
    <dimen name="dm102">143px</dimen>
    <dimen name="dm103">145px</dimen>
    <dimen name="dm104">146px</dimen>
    <dimen name="dm105">148px</dimen>
    <dimen name="dm106">149px</dimen>
    <dimen name="dm107">150px</dimen>
    <dimen name="dm108">152px</dimen>
    <dimen name="dm109">153px</dimen>
    <dimen name="dm110">155px</dimen>
    <dimen name="dm111">156px</dimen>
    <dimen name="dm112">158px</dimen>
    <dimen name="dm113">159px</dimen>
    <dimen name="dm114">160px</dimen>
    <dimen name="dm115">162px</dimen>
    <dimen name="dm116">163px</dimen>
    <dimen name="dm117">165px</dimen>
    <dimen name="dm118">166px</dimen>
    <dimen name="dm119">167px</dimen>
    <dimen name="dm120">169px</dimen>
    <dimen name="dm121">170px</dimen>
    <dimen name="dm122">172px</dimen>
    <dimen name="dm123">173px</dimen>
    <dimen name="dm124">174px</dimen>
    <dimen name="dm125">176px</dimen>
    <dimen name="dm126">177px</dimen>
    <dimen name="dm127">179px</dimen>
    <dimen name="dm128">180px</dimen>
    <dimen name="dm129">181px</dimen>
    <dimen name="dm130">183px</dimen>
    <dimen name="dm131">184px</dimen>
    <dimen name="dm132">186px</dimen>
    <dimen name="dm133">187px</dimen>
    <dimen name="dm134">188px</dimen>
    <dimen name="dm135">190px</dimen>
    <dimen name="dm136">191px</dimen>
    <dimen name="dm137">193px</dimen>
    <dimen name="dm138">194px</dimen>
    <dimen name="dm139">195px</dimen>
    <dimen name="dm140">197px</dimen>
    <dimen name="dm141">198px</dimen>
    <dimen name="dm142">200px</dimen>
    <dimen name="dm143">201px</dimen>
    <dimen name="dm144">203px</dimen>
    <dimen name="dm145">204px</dimen>
    <dimen name="dm146">205px</dimen>
    <dimen name="dm147">207px</dimen>
    <dimen name="dm148">208px</dimen>
    <dimen name="dm149">210px</dimen>
    <dimen name="dm150">211px</dimen>
    <dimen name="dm151">212px</dimen>
    <dimen name="dm152">214px</dimen>
    <dimen name="dm153">215px</dimen>
    <dimen name="dm154">217px</dimen>
    <dimen name="dm155">218px</dimen>
    <dimen name="dm156">219px</dimen>
    <dimen name="dm157">221px</dimen>
    <dimen name="dm158">222px</dimen>
    <dimen name="dm159">224px</dimen>
    <dimen name="dm160">225px</dimen>
    <dimen name="dm161">226px</dimen>
    <dimen name="dm162">228px</dimen>
    <dimen name="dm163">229px</dimen>
    <dimen name="dm164">231px</dimen>
    <dimen name="dm165">232px</dimen>
    <dimen name="dm166">233px</dimen>
    <dimen name="dm167">235px</dimen>
    <dimen name="dm168">236px</dimen>
    <dimen name="dm169">238px</dimen>
    <dimen name="dm170">239px</dimen>
    <dimen name="dm171">240px</dimen>
    <dimen name="dm172">242px</dimen>
    <dimen name="dm173">243px</dimen>
    <dimen name="dm174">245px</dimen>
    <dimen name="dm175">246px</dimen>
    <dimen name="dm176">248px</dimen>
    <dimen name="dm177">249px</dimen>
    <dimen name="dm178">250px</dimen>
    <dimen name="dm179">252px</dimen>
    <dimen name="dm180">253px</dimen>
    <dimen name="dm181">255px</dimen>
    <dimen name="dm182">256px</dimen>
    <dimen name="dm183">257px</dimen>
    <dimen name="dm184">259px</dimen>
    <dimen name="dm185">260px</dimen>
    <dimen name="dm186">262px</dimen>
    <dimen name="dm187">263px</dimen>
    <dimen name="dm188">264px</dimen>
    <dimen name="dm189">266px</dimen>
    <dimen name="dm190">267px</dimen>
    <dimen name="dm191">269px</dimen>
    <dimen name="dm192">270px</dimen>
    <dimen name="dm193">271px</dimen>
    <dimen name="dm194">273px</dimen>
    <dimen name="dm195">274px</dimen>
    <dimen name="dm196">276px</dimen>
    <dimen name="dm197">277px</dimen>
    <dimen name="dm198">278px</dimen>
    <dimen name="dm199">280px</dimen>
    <dimen name="dm200">281px</dimen>
    <dimen name="dm201">283px</dimen>
    <dimen name="dm202">284px</dimen>
    <dimen name="dm203">285px</dimen>
    <dimen name="dm204">287px</dimen>
    <dimen name="dm205">288px</dimen>
    <dimen name="dm206">290px</dimen>
    <dimen name="dm207">291px</dimen>
    <dimen name="dm208">293px</dimen>
    <dimen name="dm209">294px</dimen>
    <dimen name="dm210">295px</dimen>
    <dimen name="dm211">297px</dimen>
    <dimen name="dm212">298px</dimen>
    <dimen name="dm213">300px</dimen>
    <dimen name="dm214">301px</dimen>
    <dimen name="dm215">302px</dimen>
    <dimen name="dm216">304px</dimen>
    <dimen name="dm217">305px</dimen>
    <dimen name="dm218">307px</dimen>
    <dimen name="dm219">308px</dimen>
    <dimen name="dm220">309px</dimen>
    <dimen name="dm221">311px</dimen>
    <dimen name="dm222">312px</dimen>
    <dimen name="dm223">314px</dimen>
    <dimen name="dm224">315px</dimen>
    <dimen name="dm225">316px</dimen>
    <dimen name="dm226">318px</dimen>
    <dimen name="dm227">319px</dimen>
    <dimen name="dm228">321px</dimen>
    <dimen name="dm229">322px</dimen>
    <dimen name="dm230">323px</dimen>
    <dimen name="dm231">325px</dimen>
    <dimen name="dm232">326px</dimen>
    <dimen name="dm233">328px</dimen>
    <dimen name="dm234">329px</dimen>
    <dimen name="dm235">330px</dimen>
    <dimen name="dm236">332px</dimen>
    <dimen name="dm237">333px</dimen>
    <dimen name="dm238">335px</dimen>
    <dimen name="dm239">336px</dimen>
    <dimen name="dm240">338px</dimen>
    <dimen name="dm241">339px</dimen>
    <dimen name="dm242">340px</dimen>
    <dimen name="dm243">342px</dimen>
    <dimen name="dm244">343px</dimen>
    <dimen name="dm245">345px</dimen>
    <dimen name="dm246">346px</dimen>
    <dimen name="dm247">347px</dimen>
    <dimen name="dm248">349px</dimen>
    <dimen name="dm249">350px</dimen>
    <dimen name="dm250">352px</dimen>
    <dimen name="dm251">353px</dimen>
    <dimen name="dm252">354px</dimen>
    <dimen name="dm253">356px</dimen>
    <dimen name="dm254">357px</dimen>
    <dimen name="dm255">359px</dimen>
    <dimen name="dm256">360px</dimen>
    <dimen name="dm257">361px</dimen>
    <dimen name="dm258">363px</dimen>
    <dimen name="dm259">364px</dimen>
    <dimen name="dm260">366px</dimen>
    <dimen name="dm261">367px</dimen>
    <dimen name="dm262">368px</dimen>
    <dimen name="dm263">370px</dimen>
    <dimen name="dm264">371px</dimen>
    <dimen name="dm265">373px</dimen>
    <dimen name="dm266">374px</dimen>
    <dimen name="dm267">375px</dimen>
    <dimen name="dm268">377px</dimen>
    <dimen name="dm269">378px</dimen>
    <dimen name="dm270">380px</dimen>
    <dimen name="dm271">381px</dimen>
    <dimen name="dm272">383px</dimen>
    <dimen name="dm273">384px</dimen>
    <dimen name="dm274">385px</dimen>
    <dimen name="dm275">387px</dimen>
    <dimen name="dm276">388px</dimen>
    <dimen name="dm277">390px</dimen>
    <dimen name="dm278">391px</dimen>
    <dimen name="dm279">392px</dimen>
    <dimen name="dm280">394px</dimen>
    <dimen name="dm281">395px</dimen>
    <dimen name="dm282">397px</dimen>
    <dimen name="dm283">398px</dimen>
    <dimen name="dm284">399px</dimen>
    <dimen name="dm285">401px</dimen>
    <dimen name="dm286">402px</dimen>
    <dimen name="dm287">404px</dimen>
    <dimen name="dm288">405px</dimen>
    <dimen name="dm289">406px</dimen>
    <dimen name="dm290">408px</dimen>
    <dimen name="dm291">409px</dimen>
    <dimen name="dm292">411px</dimen>
    <dimen name="dm293">412px</dimen>
    <dimen name="dm294">413px</dimen>
    <dimen name="dm295">415px</dimen>
    <dimen name="dm296">416px</dimen>
    <dimen name="dm297">418px</dimen>
    <dimen name="dm298">419px</dimen>
    <dimen name="dm299">420px</dimen>
    <dimen name="dm300">422px</dimen>
    <dimen name="dm301">423px</dimen>
    <dimen name="dm302">425px</dimen>
    <dimen name="dm303">426px</dimen>
    <dimen name="dm304">428px</dimen>
    <dimen name="dm305">429px</dimen>
    <dimen name="dm306">430px</dimen>
    <dimen name="dm307">432px</dimen>
    <dimen name="dm308">433px</dimen>
    <dimen name="dm309">435px</dimen>
    <dimen name="dm310">436px</dimen>
    <dimen name="dm311">437px</dimen>
    <dimen name="dm312">439px</dimen>
    <dimen name="dm313">440px</dimen>
    <dimen name="dm314">442px</dimen>
    <dimen name="dm315">443px</dimen>
    <dimen name="dm316">444px</dimen>
    <dimen name="dm317">446px</dimen>
    <dimen name="dm318">447px</dimen>
    <dimen name="dm319">449px</dimen>
    <dimen name="dm320">450px</dimen>
    <dimen name="dm321">451px</dimen>
    <dimen name="dm322">453px</dimen>
    <dimen name="dm323">454px</dimen>
    <dimen name="dm324">456px</dimen>
    <dimen name="dm325">457px</dimen>
    <dimen name="dm326">458px</dimen>
    <dimen name="dm327">460px</dimen>
    <dimen name="dm328">461px</dimen>
    <dimen name="dm329">463px</dimen>
    <dimen name="dm330">464px</dimen>
    <dimen name="dm331">465px</dimen>
    <dimen name="dm332">467px</dimen>
    <dimen name="dm333">468px</dimen>
    <dimen name="dm334">470px</dimen>
    <dimen name="dm335">471px</dimen>
    <dimen name="dm336">473px</dimen>
    <dimen name="dm337">474px</dimen>
    <dimen name="dm338">475px</dimen>
    <dimen name="dm339">477px</dimen>
    <dimen name="dm340">478px</dimen>
    <dimen name="dm341">480px</dimen>
    <dimen name="dm342">481px</dimen>
    <dimen name="dm343">482px</dimen>
    <dimen name="dm344">484px</dimen>
    <dimen name="dm345">485px</dimen>
    <dimen name="dm346">487px</dimen>
    <dimen name="dm347">488px</dimen>
    <dimen name="dm348">489px</dimen>
    <dimen name="dm349">491px</dimen>
    <dimen name="dm350">492px</dimen>
    <dimen name="dm351">494px</dimen>
    <dimen name="dm352">495px</dimen>
    <dimen name="dm353">496px</dimen>
    <dimen name="dm354">498px</dimen>
    <dimen name="dm355">499px</dimen>
    <dimen name="dm356">501px</dimen>
    <dimen name="dm357">502px</dimen>
    <dimen name="dm358">503px</dimen>
    <dimen name="dm359">505px</dimen>
    <dimen name="dm360">506px</dimen>
    <dimen name="dm361">508px</dimen>
    <dimen name="dm362">509px</dimen>
    <dimen name="dm363">510px</dimen>
    <dimen name="dm364">512px</dimen>
    <dimen name="dm365">513px</dimen>
    <dimen name="dm366">515px</dimen>
    <dimen name="dm367">516px</dimen>
    <dimen name="dm368">518px</dimen>
    <dimen name="dm369">519px</dimen>
    <dimen name="dm370">520px</dimen>
    <dimen name="dm371">522px</dimen>
    <dimen name="dm372">523px</dimen>
    <dimen name="dm373">525px</dimen>
    <dimen name="dm374">526px</dimen>
    <dimen name="dm375">527px</dimen>
    <dimen name="dm376">529px</dimen>
    <dimen name="dm377">530px</dimen>
    <dimen name="dm378">532px</dimen>
    <dimen name="dm379">533px</dimen>
    <dimen name="dm380">534px</dimen>
    <dimen name="dm381">536px</dimen>
    <dimen name="dm382">537px</dimen>
    <dimen name="dm383">539px</dimen>
    <dimen name="dm384">540px</dimen>
    <dimen name="dm385">541px</dimen>
    <dimen name="dm386">543px</dimen>
    <dimen name="dm387">544px</dimen>
    <dimen name="dm388">546px</dimen>
    <dimen name="dm389">547px</dimen>
    <dimen name="dm390">548px</dimen>
    <dimen name="dm391">550px</dimen>
    <dimen name="dm392">551px</dimen>
    <dimen name="dm393">553px</dimen>
    <dimen name="dm394">554px</dimen>
    <dimen name="dm395">555px</dimen>
    <dimen name="dm396">557px</dimen>
    <dimen name="dm397">558px</dimen>
    <dimen name="dm398">560px</dimen>
    <dimen name="dm399">561px</dimen>
    <dimen name="dm400">563px</dimen>
    <dimen name="dm401">564px</dimen>
    <dimen name="dm402">565px</dimen>
    <dimen name="dm403">567px</dimen>
    <dimen name="dm404">568px</dimen>
    <dimen name="dm405">570px</dimen>
    <dimen name="dm406">571px</dimen>
    <dimen name="dm407">572px</dimen>
    <dimen name="dm408">574px</dimen>
    <dimen name="dm409">575px</dimen>
    <dimen name="dm410">577px</dimen>
    <dimen name="dm411">578px</dimen>
    <dimen name="dm412">579px</dimen>
    <dimen name="dm413">581px</dimen>
    <dimen name="dm414">582px</dimen>
    <dimen name="dm415">584px</dimen>
    <dimen name="dm416">585px</dimen>
    <dimen name="dm417">586px</dimen>
    <dimen name="dm418">588px</dimen>
    <dimen name="dm419">589px</dimen>
    <dimen name="dm420">591px</dimen>
    <dimen name="dm421">592px</dimen>
    <dimen name="dm422">593px</dimen>
    <dimen name="dm423">595px</dimen>
    <dimen name="dm424">596px</dimen>
    <dimen name="dm425">598px</dimen>
    <dimen name="dm426">599px</dimen>
    <dimen name="dm427">600px</dimen>
    <dimen name="dm428">602px</dimen>
    <dimen name="dm429">603px</dimen>
    <dimen name="dm430">605px</dimen>
    <dimen name="dm431">606px</dimen>
    <dimen name="dm432">608px</dimen>
    <dimen name="dm433">609px</dimen>
    <dimen name="dm434">610px</dimen>
    <dimen name="dm435">612px</dimen>
    <dimen name="dm436">613px</dimen>
    <dimen name="dm437">615px</dimen>
    <dimen name="dm438">616px</dimen>
    <dimen name="dm439">617px</dimen>
    <dimen name="dm440">619px</dimen>
    <dimen name="dm441">620px</dimen>
    <dimen name="dm442">622px</dimen>
    <dimen name="dm443">623px</dimen>
    <dimen name="dm444">624px</dimen>
    <dimen name="dm445">626px</dimen>
    <dimen name="dm446">627px</dimen>
    <dimen name="dm447">629px</dimen>
    <dimen name="dm448">630px</dimen>
    <dimen name="dm449">631px</dimen>
    <dimen name="dm450">633px</dimen>
    <dimen name="dm451">634px</dimen>
    <dimen name="dm452">636px</dimen>
    <dimen name="dm453">637px</dimen>
    <dimen name="dm454">638px</dimen>
    <dimen name="dm455">640px</dimen>
    <dimen name="dm456">641px</dimen>
    <dimen name="dm457">643px</dimen>
    <dimen name="dm458">644px</dimen>
    <dimen name="dm459">645px</dimen>
    <dimen name="dm460">647px</dimen>
    <dimen name="dm461">648px</dimen>
    <dimen name="dm462">650px</dimen>
    <dimen name="dm463">651px</dimen>
    <dimen name="dm464">653px</dimen>
    <dimen name="dm465">654px</dimen>
    <dimen name="dm466">655px</dimen>
    <dimen name="dm467">657px</dimen>
    <dimen name="dm468">658px</dimen>
    <dimen name="dm469">660px</dimen>
    <dimen name="dm470">661px</dimen>
    <dimen name="dm471">662px</dimen>
    <dimen name="dm472">664px</dimen>
    <dimen name="dm473">665px</dimen>
    <dimen name="dm474">667px</dimen>
    <dimen name="dm475">668px</dimen>
    <dimen name="dm476">669px</dimen>
    <dimen name="dm477">671px</dimen>
    <dimen name="dm478">672px</dimen>
    <dimen name="dm479">674px</dimen>
    <dimen name="dm480">675px</dimen>
    <dimen name="dm481">676px</dimen>
    <dimen name="dm482">678px</dimen>
    <dimen name="dm483">679px</dimen>
    <dimen name="dm484">681px</dimen>
    <dimen name="dm485">682px</dimen>
    <dimen name="dm486">683px</dimen>
    <dimen name="dm487">685px</dimen>
    <dimen name="dm488">686px</dimen>
    <dimen name="dm489">688px</dimen>
    <dimen name="dm490">689px</dimen>
    <dimen name="dm491">690px</dimen>
    <dimen name="dm492">692px</dimen>
    <dimen name="dm493">693px</dimen>
    <dimen name="dm494">695px</dimen>
    <dimen name="dm495">696px</dimen>
    <dimen name="dm496">698px</dimen>
    <dimen name="dm497">699px</dimen>
    <dimen name="dm498">700px</dimen>
    <dimen name="dm499">702px</dimen>
    <dimen name="dm500">703px</dimen>
    <dimen name="dm501">705px</dimen>
    <dimen name="dm502">706px</dimen>
    <dimen name="dm503">707px</dimen>
    <dimen name="dm504">709px</dimen>
    <dimen name="dm505">710px</dimen>
    <dimen name="dm506">712px</dimen>
    <dimen name="dm507">713px</dimen>
    <dimen name="dm508">714px</dimen>
    <dimen name="dm509">716px</dimen>
    <dimen name="dm510">717px</dimen>
    <dimen name="dm511">719px</dimen>
    <dimen name="dm512">720px</dimen>
    <dimen name="dm513">721px</dimen>
    <dimen name="dm514">723px</dimen>
    <dimen name="dm515">724px</dimen>
    <dimen name="dm516">726px</dimen>
    <dimen name="dm517">727px</dimen>
    <dimen name="dm518">728px</dimen>
    <dimen name="dm519">730px</dimen>
    <dimen name="dm520">731px</dimen>
    <dimen name="dm521">733px</dimen>
    <dimen name="dm522">734px</dimen>
    <dimen name="dm523">735px</dimen>
    <dimen name="dm524">737px</dimen>
    <dimen name="dm525">738px</dimen>
    <dimen name="dm526">740px</dimen>
    <dimen name="dm527">741px</dimen>
    <dimen name="dm528">743px</dimen>
    <dimen name="dm529">744px</dimen>
    <dimen name="dm530">745px</dimen>
    <dimen name="dm531">747px</dimen>
    <dimen name="dm532">748px</dimen>
    <dimen name="dm533">750px</dimen>
    <dimen name="dm534">751px</dimen>
    <dimen name="dm535">752px</dimen>
    <dimen name="dm536">754px</dimen>
    <dimen name="dm537">755px</dimen>
    <dimen name="dm538">757px</dimen>
    <dimen name="dm539">758px</dimen>
    <dimen name="dm540">759px</dimen>
    <dimen name="dm541">761px</dimen>
    <dimen name="dm542">762px</dimen>
    <dimen name="dm543">764px</dimen>
    <dimen name="dm544">765px</dimen>
    <dimen name="dm545">766px</dimen>
    <dimen name="dm546">768px</dimen>
    <dimen name="dm547">769px</dimen>
    <dimen name="dm548">771px</dimen>
    <dimen name="dm549">772px</dimen>
    <dimen name="dm550">773px</dimen>
    <dimen name="dm551">775px</dimen>
    <dimen name="dm552">776px</dimen>
    <dimen name="dm553">778px</dimen>
    <dimen name="dm554">779px</dimen>
    <dimen name="dm555">780px</dimen>
    <dimen name="dm556">782px</dimen>
    <dimen name="dm557">783px</dimen>
    <dimen name="dm558">785px</dimen>
    <dimen name="dm559">786px</dimen>
    <dimen name="dm560">788px</dimen>
    <dimen name="dm561">789px</dimen>
    <dimen name="dm562">790px</dimen>
    <dimen name="dm563">792px</dimen>
    <dimen name="dm564">793px</dimen>
    <dimen name="dm565">795px</dimen>
    <dimen name="dm566">796px</dimen>
    <dimen name="dm567">797px</dimen>
    <dimen name="dm568">799px</dimen>
    <dimen name="dm569">800px</dimen>
    <dimen name="dm570">802px</dimen>
    <dimen name="dm571">803px</dimen>
    <dimen name="dm572">804px</dimen>
    <dimen name="dm573">806px</dimen>
    <dimen name="dm574">807px</dimen>
    <dimen name="dm575">809px</dimen>
    <dimen name="dm576">810px</dimen>
    <dimen name="dm577">811px</dimen>
    <dimen name="dm578">813px</dimen>
    <dimen name="dm579">814px</dimen>
    <dimen name="dm580">816px</dimen>
    <dimen name="dm581">817px</dimen>
    <dimen name="dm582">818px</dimen>
    <dimen name="dm583">820px</dimen>
    <dimen name="dm584">821px</dimen>
    <dimen name="dm585">823px</dimen>
    <dimen name="dm586">824px</dimen>
    <dimen name="dm587">825px</dimen>
    <dimen name="dm588">827px</dimen>
    <dimen name="dm589">828px</dimen>
    <dimen name="dm590">830px</dimen>
    <dimen name="dm591">831px</dimen>
    <dimen name="dm592">833px</dimen>
    <dimen name="dm593">834px</dimen>
    <dimen name="dm594">835px</dimen>
    <dimen name="dm595">837px</dimen>
    <dimen name="dm596">838px</dimen>
    <dimen name="dm597">840px</dimen>
    <dimen name="dm598">841px</dimen>
    <dimen name="dm599">842px</dimen>
    <dimen name="dm600">844px</dimen>
    <dimen name="dm601">845px</dimen>
    <dimen name="dm602">847px</dimen>
    <dimen name="dm603">848px</dimen>
    <dimen name="dm604">849px</dimen>
    <dimen name="dm605">851px</dimen>
    <dimen name="dm606">852px</dimen>
    <dimen name="dm607">854px</dimen>
    <dimen name="dm608">855px</dimen>
    <dimen name="dm609">856px</dimen>
    <dimen name="dm610">858px</dimen>
    <dimen name="dm611">859px</dimen>
    <dimen name="dm612">861px</dimen>
    <dimen name="dm613">862px</dimen>
    <dimen name="dm614">863px</dimen>
    <dimen name="dm615">865px</dimen>
    <dimen name="dm616">866px</dimen>
    <dimen name="dm617">868px</dimen>
    <dimen name="dm618">869px</dimen>
    <dimen name="dm619">870px</dimen>
    <dimen name="dm620">872px</dimen>
    <dimen name="dm621">873px</dimen>
    <dimen name="dm622">875px</dimen>
    <dimen name="dm623">876px</dimen>
    <dimen name="dm624">878px</dimen>
    <dimen name="dm625">879px</dimen>
    <dimen name="dm626">880px</dimen>
    <dimen name="dm627">882px</dimen>
    <dimen name="dm628">883px</dimen>
    <dimen name="dm629">885px</dimen>
    <dimen name="dm630">886px</dimen>
    <dimen name="dm631">887px</dimen>
    <dimen name="dm632">889px</dimen>
    <dimen name="dm633">890px</dimen>
    <dimen name="dm634">892px</dimen>
    <dimen name="dm635">893px</dimen>
    <dimen name="dm636">894px</dimen>
    <dimen name="dm637">896px</dimen>
    <dimen name="dm638">897px</dimen>
    <dimen name="dm639">899px</dimen>
    <dimen name="dm640">900px</dimen>
    <dimen name="dm641">901px</dimen>
    <dimen name="dm642">903px</dimen>
    <dimen name="dm643">904px</dimen>
    <dimen name="dm644">906px</dimen>
    <dimen name="dm645">907px</dimen>
    <dimen name="dm646">908px</dimen>
    <dimen name="dm647">910px</dimen>
    <dimen name="dm648">911px</dimen>
    <dimen name="dm649">913px</dimen>
    <dimen name="dm650">914px</dimen>
    <dimen name="dm651">915px</dimen>
    <dimen name="dm652">917px</dimen>
    <dimen name="dm653">918px</dimen>
    <dimen name="dm654">920px</dimen>
    <dimen name="dm655">921px</dimen>
    <dimen name="dm656">923px</dimen>
    <dimen name="dm657">924px</dimen>
    <dimen name="dm658">925px</dimen>
    <dimen name="dm659">927px</dimen>
    <dimen name="dm660">928px</dimen>
    <dimen name="dm661">930px</dimen>
    <dimen name="dm662">931px</dimen>
    <dimen name="dm663">932px</dimen>
    <dimen name="dm664">934px</dimen>
    <dimen name="dm665">935px</dimen>
    <dimen name="dm666">937px</dimen>
    <dimen name="dm667">938px</dimen>
    <dimen name="dm668">939px</dimen>
    <dimen name="dm669">941px</dimen>
    <dimen name="dm670">942px</dimen>
    <dimen name="dm671">944px</dimen>
    <dimen name="dm672">945px</dimen>
    <dimen name="dm673">946px</dimen>
    <dimen name="dm674">948px</dimen>
    <dimen name="dm675">949px</dimen>
    <dimen name="dm676">951px</dimen>
    <dimen name="dm677">952px</dimen>
    <dimen name="dm678">953px</dimen>
    <dimen name="dm679">955px</dimen>
    <dimen name="dm680">956px</dimen>
    <dimen name="dm681">958px</dimen>
    <dimen name="dm682">959px</dimen>
    <dimen name="dm683">960px</dimen>
    <dimen name="dm684">962px</dimen>
    <dimen name="dm685">963px</dimen>
    <dimen name="dm686">965px</dimen>
    <dimen name="dm687">966px</dimen>
    <dimen name="dm688">968px</dimen>
    <dimen name="dm689">969px</dimen>
    <dimen name="dm690">970px</dimen>
    <dimen name="dm691">972px</dimen>
    <dimen name="dm692">973px</dimen>
    <dimen name="dm693">975px</dimen>
    <dimen name="dm694">976px</dimen>
    <dimen name="dm695">977px</dimen>
    <dimen name="dm696">979px</dimen>
    <dimen name="dm697">980px</dimen>
    <dimen name="dm698">982px</dimen>
    <dimen name="dm699">983px</dimen>
    <dimen name="dm700">984px</dimen>
    <dimen name="dm701">986px</dimen>
    <dimen name="dm702">987px</dimen>
    <dimen name="dm703">989px</dimen>
    <dimen name="dm704">990px</dimen>
    <dimen name="dm705">991px</dimen>
    <dimen name="dm706">993px</dimen>
    <dimen name="dm707">994px</dimen>
    <dimen name="dm708">996px</dimen>
    <dimen name="dm709">997px</dimen>
    <dimen name="dm710">998px</dimen>
    <dimen name="dm711">1000px</dimen>
    <dimen name="dm712">1001px</dimen>
    <dimen name="dm713">1003px</dimen>
    <dimen name="dm714">1004px</dimen>
    <dimen name="dm715">1005px</dimen>
    <dimen name="dm716">1007px</dimen>
    <dimen name="dm717">1008px</dimen>
    <dimen name="dm718">1010px</dimen>
    <dimen name="dm719">1011px</dimen>
    <dimen name="dm720">1013px</dimen>
    <dimen name="dm721">1014px</dimen>
    <dimen name="dm722">1015px</dimen>
    <dimen name="dm723">1017px</dimen>
    <dimen name="dm724">1018px</dimen>
    <dimen name="dm725">1020px</dimen>
    <dimen name="dm726">1021px</dimen>
    <dimen name="dm727">1022px</dimen>
    <dimen name="dm728">1024px</dimen>
    <dimen name="dm729">1025px</dimen>
    <dimen name="dm730">1027px</dimen>
    <dimen name="dm731">1028px</dimen>
    <dimen name="dm732">1029px</dimen>
    <dimen name="dm733">1031px</dimen>
    <dimen name="dm734">1032px</dimen>
    <dimen name="dm735">1034px</dimen>
    <dimen name="dm736">1035px</dimen>
    <dimen name="dm737">1036px</dimen>
    <dimen name="dm738">1038px</dimen>
    <dimen name="dm739">1039px</dimen>
    <dimen name="dm740">1041px</dimen>
    <dimen name="dm741">1042px</dimen>
    <dimen name="dm742">1043px</dimen>
    <dimen name="dm743">1045px</dimen>
    <dimen name="dm744">1046px</dimen>
    <dimen name="dm745">1048px</dimen>
    <dimen name="dm746">1049px</dimen>
    <dimen name="dm747">1050px</dimen>
    <dimen name="dm748">1052px</dimen>
    <dimen name="dm749">1053px</dimen>
    <dimen name="dm750">1055px</dimen>
    <dimen name="dm751">1056px</dimen>
    <dimen name="dm752">1058px</dimen>
    <dimen name="dm753">1059px</dimen>
    <dimen name="dm754">1060px</dimen>
    <dimen name="dm755">1062px</dimen>
    <dimen name="dm756">1063px</dimen>
    <dimen name="dm757">1065px</dimen>
    <dimen name="dm758">1066px</dimen>
    <dimen name="dm759">1067px</dimen>
    <dimen name="dm760">1069px</dimen>
    <dimen name="dm761">1070px</dimen>
    <dimen name="dm762">1072px</dimen>
    <dimen name="dm763">1073px</dimen>
    <dimen name="dm764">1074px</dimen>
    <dimen name="dm765">1076px</dimen>
    <dimen name="dm766">1077px</dimen>
    <dimen name="dm767">1079px</dimen>
    <dimen name="dm768">1080px</dimen>
    <dimen name="dm769">1081px</dimen>
    <dimen name="dm770">1083px</dimen>
    <dimen name="dm771">1084px</dimen>
    <dimen name="dm772">1086px</dimen>
    <dimen name="dm773">1087px</dimen>
    <dimen name="dm774">1088px</dimen>
    <dimen name="dm775">1090px</dimen>
    <dimen name="dm776">1091px</dimen>
    <dimen name="dm777">1093px</dimen>
    <dimen name="dm778">1094px</dimen>
    <dimen name="dm779">1095px</dimen>
    <dimen name="dm780">1097px</dimen>
    <dimen name="dm781">1098px</dimen>
    <dimen name="dm782">1100px</dimen>
    <dimen name="dm783">1101px</dimen>
    <dimen name="dm784">1103px</dimen>
    <dimen name="dm785">1104px</dimen>
    <dimen name="dm786">1105px</dimen>
    <dimen name="dm787">1107px</dimen>
    <dimen name="dm788">1108px</dimen>
    <dimen name="dm789">1110px</dimen>
    <dimen name="dm790">1111px</dimen>
    <dimen name="dm791">1112px</dimen>
    <dimen name="dm792">1114px</dimen>
    <dimen name="dm793">1115px</dimen>
    <dimen name="dm794">1117px</dimen>
    <dimen name="dm795">1118px</dimen>
    <dimen name="dm796">1119px</dimen>
    <dimen name="dm797">1121px</dimen>
    <dimen name="dm798">1122px</dimen>
    <dimen name="dm799">1124px</dimen>
    <dimen name="dm800">1125px</dimen>
    <dimen name="dm801">1126px</dimen>
    <dimen name="dm802">1128px</dimen>
    <dimen name="dm803">1129px</dimen>
    <dimen name="dm804">1131px</dimen>
    <dimen name="dm805">1132px</dimen>
    <dimen name="dm806">1133px</dimen>
    <dimen name="dm807">1135px</dimen>
    <dimen name="dm808">1136px</dimen>
    <dimen name="dm809">1138px</dimen>
    <dimen name="dm810">1139px</dimen>
    <dimen name="dm811">1140px</dimen>
    <dimen name="dm812">1142px</dimen>
    <dimen name="dm813">1143px</dimen>
    <dimen name="dm814">1145px</dimen>
    <dimen name="dm815">1146px</dimen>
    <dimen name="dm816">1148px</dimen>
    <dimen name="dm817">1149px</dimen>
    <dimen name="dm818">1150px</dimen>
    <dimen name="dm819">1152px</dimen>
    <dimen name="dm820">1153px</dimen>
    <dimen name="dm821">1155px</dimen>
    <dimen name="dm822">1156px</dimen>
    <dimen name="dm823">1157px</dimen>
    <dimen name="dm824">1159px</dimen>
    <dimen name="dm825">1160px</dimen>
    <dimen name="dm826">1162px</dimen>
    <dimen name="dm827">1163px</dimen>
    <dimen name="dm828">1164px</dimen>
    <dimen name="dm829">1166px</dimen>
    <dimen name="dm830">1167px</dimen>
    <dimen name="dm831">1169px</dimen>
    <dimen name="dm832">1170px</dimen>
    <dimen name="dm833">1171px</dimen>
    <dimen name="dm834">1173px</dimen>
    <dimen name="dm835">1174px</dimen>
    <dimen name="dm836">1176px</dimen>
    <dimen name="dm837">1177px</dimen>
    <dimen name="dm838">1178px</dimen>
    <dimen name="dm839">1180px</dimen>
    <dimen name="dm840">1181px</dimen>
    <dimen name="dm841">1183px</dimen>
    <dimen name="dm842">1184px</dimen>
    <dimen name="dm843">1185px</dimen>
    <dimen name="dm844">1187px</dimen>
    <dimen name="dm845">1188px</dimen>
    <dimen name="dm846">1190px</dimen>
    <dimen name="dm847">1191px</dimen>
    <dimen name="dm848">1193px</dimen>
    <dimen name="dm849">1194px</dimen>
    <dimen name="dm850">1195px</dimen>
    <dimen name="dm851">1197px</dimen>
    <dimen name="dm852">1198px</dimen>
    <dimen name="dm853">1200px</dimen>
    <dimen name="dm854">1201px</dimen>
    <dimen name="dm855">1202px</dimen>
    <dimen name="dm856">1204px</dimen>
    <dimen name="dm857">1205px</dimen>
    <dimen name="dm858">1207px</dimen>
    <dimen name="dm859">1208px</dimen>
    <dimen name="dm860">1209px</dimen>
    <dimen name="dm861">1211px</dimen>
    <dimen name="dm862">1212px</dimen>
    <dimen name="dm863">1214px</dimen>
    <dimen name="dm864">1215px</dimen>
    <dimen name="dm865">1216px</dimen>
    <dimen name="dm866">1218px</dimen>
    <dimen name="dm867">1219px</dimen>
    <dimen name="dm868">1221px</dimen>
    <dimen name="dm869">1222px</dimen>
    <dimen name="dm870">1223px</dimen>
    <dimen name="dm871">1225px</dimen>
    <dimen name="dm872">1226px</dimen>
    <dimen name="dm873">1228px</dimen>
    <dimen name="dm874">1229px</dimen>
    <dimen name="dm875">1230px</dimen>
    <dimen name="dm876">1232px</dimen>
    <dimen name="dm877">1233px</dimen>
    <dimen name="dm878">1235px</dimen>
    <dimen name="dm879">1236px</dimen>
    <dimen name="dm880">1238px</dimen>
    <dimen name="dm881">1239px</dimen>
    <dimen name="dm882">1240px</dimen>
    <dimen name="dm883">1242px</dimen>
    <dimen name="dm884">1243px</dimen>
    <dimen name="dm885">1245px</dimen>
    <dimen name="dm886">1246px</dimen>
    <dimen name="dm887">1247px</dimen>
    <dimen name="dm888">1249px</dimen>
    <dimen name="dm889">1250px</dimen>
    <dimen name="dm890">1252px</dimen>
    <dimen name="dm891">1253px</dimen>
    <dimen name="dm892">1254px</dimen>
    <dimen name="dm893">1256px</dimen>
    <dimen name="dm894">1257px</dimen>
    <dimen name="dm895">1259px</dimen>
    <dimen name="dm896">1260px</dimen>
    <dimen name="dm897">1261px</dimen>
    <dimen name="dm898">1263px</dimen>
    <dimen name="dm899">1264px</dimen>
    <dimen name="dm900">1266px</dimen>
    <dimen name="dm901">1267px</dimen>
    <dimen name="dm902">1268px</dimen>
    <dimen name="dm903">1270px</dimen>
    <dimen name="dm904">1271px</dimen>
    <dimen name="dm905">1273px</dimen>
    <dimen name="dm906">1274px</dimen>
    <dimen name="dm907">1275px</dimen>
    <dimen name="dm908">1277px</dimen>
    <dimen name="dm909">1278px</dimen>
    <dimen name="dm910">1280px</dimen>
    <dimen name="dm911">1281px</dimen>
    <dimen name="dm912">1283px</dimen>
    <dimen name="dm913">1284px</dimen>
    <dimen name="dm914">1285px</dimen>
    <dimen name="dm915">1287px</dimen>
    <dimen name="dm916">1288px</dimen>
    <dimen name="dm917">1290px</dimen>
    <dimen name="dm918">1291px</dimen>
    <dimen name="dm919">1292px</dimen>
    <dimen name="dm920">1294px</dimen>
    <dimen name="dm921">1295px</dimen>
    <dimen name="dm922">1297px</dimen>
    <dimen name="dm923">1298px</dimen>
    <dimen name="dm924">1299px</dimen>
    <dimen name="dm925">1301px</dimen>
    <dimen name="dm926">1302px</dimen>
    <dimen name="dm927">1304px</dimen>
    <dimen name="dm928">1305px</dimen>
    <dimen name="dm929">1306px</dimen>
    <dimen name="dm930">1308px</dimen>
    <dimen name="dm931">1309px</dimen>
    <dimen name="dm932">1311px</dimen>
    <dimen name="dm933">1312px</dimen>
    <dimen name="dm934">1313px</dimen>
    <dimen name="dm935">1315px</dimen>
    <dimen name="dm936">1316px</dimen>
    <dimen name="dm937">1318px</dimen>
    <dimen name="dm938">1319px</dimen>
    <dimen name="dm939">1320px</dimen>
    <dimen name="dm940">1322px</dimen>
    <dimen name="dm941">1323px</dimen>
    <dimen name="dm942">1325px</dimen>
    <dimen name="dm943">1326px</dimen>
    <dimen name="dm944">1328px</dimen>
    <dimen name="dm945">1329px</dimen>
    <dimen name="dm946">1330px</dimen>
    <dimen name="dm947">1332px</dimen>
    <dimen name="dm948">1333px</dimen>
    <dimen name="dm949">1335px</dimen>
    <dimen name="dm950">1336px</dimen>
    <dimen name="dm951">1337px</dimen>
    <dimen name="dm952">1339px</dimen>
    <dimen name="dm953">1340px</dimen>
    <dimen name="dm954">1342px</dimen>
    <dimen name="dm955">1343px</dimen>
    <dimen name="dm956">1344px</dimen>
    <dimen name="dm957">1346px</dimen>
    <dimen name="dm958">1347px</dimen>
    <dimen name="dm959">1349px</dimen>
    <dimen name="dm960">1350px</dimen>
    <dimen name="dm961">1351px</dimen>
    <dimen name="dm962">1353px</dimen>
    <dimen name="dm963">1354px</dimen>
    <dimen name="dm964">1356px</dimen>
    <dimen name="dm965">1357px</dimen>
    <dimen name="dm966">1358px</dimen>
    <dimen name="dm967">1360px</dimen>
    <dimen name="dm968">1361px</dimen>
    <dimen name="dm969">1363px</dimen>
    <dimen name="dm970">1364px</dimen>
    <dimen name="dm971">1365px</dimen>
    <dimen name="dm972">1367px</dimen>
    <dimen name="dm973">1368px</dimen>
    <dimen name="dm974">1370px</dimen>
    <dimen name="dm975">1371px</dimen>
    <dimen name="dm976">1373px</dimen>
    <dimen name="dm977">1374px</dimen>
    <dimen name="dm978">1375px</dimen>
    <dimen name="dm979">1377px</dimen>
    <dimen name="dm980">1378px</dimen>
    <dimen name="dm981">1380px</dimen>
    <dimen name="dm982">1381px</dimen>
    <dimen name="dm983">1382px</dimen>
    <dimen name="dm984">1384px</dimen>
    <dimen name="dm985">1385px</dimen>
    <dimen name="dm986">1387px</dimen>
    <dimen name="dm987">1388px</dimen>
    <dimen name="dm988">1389px</dimen>
    <dimen name="dm989">1391px</dimen>
    <dimen name="dm990">1392px</dimen>
    <dimen name="dm991">1394px</dimen>
    <dimen name="dm992">1395px</dimen>
    <dimen name="dm993">1396px</dimen>
    <dimen name="dm994">1398px</dimen>
    <dimen name="dm995">1399px</dimen>
    <dimen name="dm996">1401px</dimen>
    <dimen name="dm997">1402px</dimen>
    <dimen name="dm998">1403px</dimen>
    <dimen name="dm999">1405px</dimen>

</resources>