<resources>

    <dimen name="dm_200">-1499px</dimen>
    <dimen name="dm_199">-1492px</dimen>
    <dimen name="dm_198">-1484px</dimen>
    <dimen name="dm_197">-1477px</dimen>
    <dimen name="dm_196">-1469px</dimen>
    <dimen name="dm_195">-1462px</dimen>
    <dimen name="dm_194">-1454px</dimen>
    <dimen name="dm_193">-1447px</dimen>
    <dimen name="dm_192">-1439px</dimen>
    <dimen name="dm_191">-1432px</dimen>
    <dimen name="dm_190">-1424px</dimen>
    <dimen name="dm_189">-1417px</dimen>
    <dimen name="dm_188">-1409px</dimen>
    <dimen name="dm_187">-1402px</dimen>
    <dimen name="dm_186">-1394px</dimen>
    <dimen name="dm_185">-1387px</dimen>
    <dimen name="dm_184">-1379px</dimen>
    <dimen name="dm_183">-1372px</dimen>
    <dimen name="dm_182">-1364px</dimen>
    <dimen name="dm_181">-1357px</dimen>
    <dimen name="dm_180">-1349px</dimen>
    <dimen name="dm_179">-1342px</dimen>
    <dimen name="dm_178">-1334px</dimen>
    <dimen name="dm_177">-1327px</dimen>
    <dimen name="dm_176">-1319px</dimen>
    <dimen name="dm_175">-1312px</dimen>
    <dimen name="dm_174">-1304px</dimen>
    <dimen name="dm_173">-1297px</dimen>
    <dimen name="dm_172">-1289px</dimen>
    <dimen name="dm_171">-1282px</dimen>
    <dimen name="dm_170">-1274px</dimen>
    <dimen name="dm_169">-1267px</dimen>
    <dimen name="dm_168">-1259px</dimen>
    <dimen name="dm_167">-1252px</dimen>
    <dimen name="dm_166">-1244px</dimen>
    <dimen name="dm_165">-1237px</dimen>
    <dimen name="dm_164">-1229px</dimen>
    <dimen name="dm_163">-1222px</dimen>
    <dimen name="dm_162">-1214px</dimen>
    <dimen name="dm_161">-1207px</dimen>
    <dimen name="dm_160">-1199px</dimen>
    <dimen name="dm_159">-1192px</dimen>
    <dimen name="dm_158">-1184px</dimen>
    <dimen name="dm_157">-1177px</dimen>
    <dimen name="dm_156">-1169px</dimen>
    <dimen name="dm_155">-1162px</dimen>
    <dimen name="dm_154">-1154px</dimen>
    <dimen name="dm_153">-1147px</dimen>
    <dimen name="dm_152">-1139px</dimen>
    <dimen name="dm_151">-1132px</dimen>
    <dimen name="dm_150">-1124px</dimen>
    <dimen name="dm_149">-1117px</dimen>
    <dimen name="dm_148">-1109px</dimen>
    <dimen name="dm_147">-1102px</dimen>
    <dimen name="dm_146">-1094px</dimen>
    <dimen name="dm_145">-1087px</dimen>
    <dimen name="dm_144">-1079px</dimen>
    <dimen name="dm_143">-1072px</dimen>
    <dimen name="dm_142">-1064px</dimen>
    <dimen name="dm_141">-1057px</dimen>
    <dimen name="dm_140">-1049px</dimen>
    <dimen name="dm_139">-1042px</dimen>
    <dimen name="dm_138">-1034px</dimen>
    <dimen name="dm_137">-1027px</dimen>
    <dimen name="dm_136">-1019px</dimen>
    <dimen name="dm_135">-1012px</dimen>
    <dimen name="dm_134">-1004px</dimen>
    <dimen name="dm_133">-997px</dimen>
    <dimen name="dm_132">-989px</dimen>
    <dimen name="dm_131">-982px</dimen>
    <dimen name="dm_130">-974px</dimen>
    <dimen name="dm_129">-967px</dimen>
    <dimen name="dm_128">-959px</dimen>
    <dimen name="dm_127">-952px</dimen>
    <dimen name="dm_126">-944px</dimen>
    <dimen name="dm_125">-937px</dimen>
    <dimen name="dm_124">-929px</dimen>
    <dimen name="dm_123">-922px</dimen>
    <dimen name="dm_122">-914px</dimen>
    <dimen name="dm_121">-907px</dimen>
    <dimen name="dm_120">-899px</dimen>
    <dimen name="dm_119">-892px</dimen>
    <dimen name="dm_118">-884px</dimen>
    <dimen name="dm_117">-877px</dimen>
    <dimen name="dm_116">-869px</dimen>
    <dimen name="dm_115">-862px</dimen>
    <dimen name="dm_114">-854px</dimen>
    <dimen name="dm_113">-847px</dimen>
    <dimen name="dm_112">-839px</dimen>
    <dimen name="dm_111">-832px</dimen>
    <dimen name="dm_110">-824px</dimen>
    <dimen name="dm_109">-817px</dimen>
    <dimen name="dm_108">-809px</dimen>
    <dimen name="dm_107">-802px</dimen>
    <dimen name="dm_106">-794px</dimen>
    <dimen name="dm_105">-787px</dimen>
    <dimen name="dm_104">-779px</dimen>
    <dimen name="dm_103">-772px</dimen>
    <dimen name="dm_102">-764px</dimen>
    <dimen name="dm_101">-757px</dimen>
    <dimen name="dm_100">-749px</dimen>
    <dimen name="dm_099">-742px</dimen>
    <dimen name="dm_098">-734px</dimen>
    <dimen name="dm_097">-727px</dimen>
    <dimen name="dm_096">-719px</dimen>
    <dimen name="dm_095">-712px</dimen>
    <dimen name="dm_094">-704px</dimen>
    <dimen name="dm_093">-697px</dimen>
    <dimen name="dm_092">-689px</dimen>
    <dimen name="dm_091">-682px</dimen>
    <dimen name="dm_090">-674px</dimen>
    <dimen name="dm_089">-667px</dimen>
    <dimen name="dm_088">-659px</dimen>
    <dimen name="dm_087">-652px</dimen>
    <dimen name="dm_086">-644px</dimen>
    <dimen name="dm_085">-637px</dimen>
    <dimen name="dm_084">-629px</dimen>
    <dimen name="dm_083">-622px</dimen>
    <dimen name="dm_082">-614px</dimen>
    <dimen name="dm_081">-607px</dimen>
    <dimen name="dm_080">-599px</dimen>
    <dimen name="dm_079">-592px</dimen>
    <dimen name="dm_078">-584px</dimen>
    <dimen name="dm_077">-577px</dimen>
    <dimen name="dm_076">-569px</dimen>
    <dimen name="dm_075">-562px</dimen>
    <dimen name="dm_074">-554px</dimen>
    <dimen name="dm_073">-547px</dimen>
    <dimen name="dm_072">-539px</dimen>
    <dimen name="dm_071">-532px</dimen>
    <dimen name="dm_070">-524px</dimen>
    <dimen name="dm_069">-517px</dimen>
    <dimen name="dm_068">-509px</dimen>
    <dimen name="dm_067">-502px</dimen>
    <dimen name="dm_066">-494px</dimen>
    <dimen name="dm_065">-487px</dimen>
    <dimen name="dm_064">-479px</dimen>
    <dimen name="dm_063">-472px</dimen>
    <dimen name="dm_062">-464px</dimen>
    <dimen name="dm_061">-457px</dimen>
    <dimen name="dm_060">-449px</dimen>
    <dimen name="dm_059">-442px</dimen>
    <dimen name="dm_058">-434px</dimen>
    <dimen name="dm_057">-427px</dimen>
    <dimen name="dm_056">-419px</dimen>
    <dimen name="dm_055">-412px</dimen>
    <dimen name="dm_054">-404px</dimen>
    <dimen name="dm_053">-397px</dimen>
    <dimen name="dm_052">-389px</dimen>
    <dimen name="dm_051">-382px</dimen>
    <dimen name="dm_050">-374px</dimen>
    <dimen name="dm_049">-367px</dimen>
    <dimen name="dm_048">-359px</dimen>
    <dimen name="dm_047">-352px</dimen>
    <dimen name="dm_046">-344px</dimen>
    <dimen name="dm_045">-337px</dimen>
    <dimen name="dm_044">-329px</dimen>
    <dimen name="dm_043">-322px</dimen>
    <dimen name="dm_042">-314px</dimen>
    <dimen name="dm_041">-307px</dimen>
    <dimen name="dm_040">-299px</dimen>
    <dimen name="dm_039">-292px</dimen>
    <dimen name="dm_038">-284px</dimen>
    <dimen name="dm_037">-277px</dimen>
    <dimen name="dm_036">-269px</dimen>
    <dimen name="dm_035">-262px</dimen>
    <dimen name="dm_034">-254px</dimen>
    <dimen name="dm_033">-247px</dimen>
    <dimen name="dm_032">-239px</dimen>
    <dimen name="dm_031">-232px</dimen>
    <dimen name="dm_030">-224px</dimen>
    <dimen name="dm_029">-217px</dimen>
    <dimen name="dm_028">-209px</dimen>
    <dimen name="dm_027">-202px</dimen>
    <dimen name="dm_026">-194px</dimen>
    <dimen name="dm_025">-187px</dimen>
    <dimen name="dm_024">-179px</dimen>
    <dimen name="dm_023">-172px</dimen>
    <dimen name="dm_022">-164px</dimen>
    <dimen name="dm_021">-157px</dimen>
    <dimen name="dm_020">-149px</dimen>
    <dimen name="dm_019">-142px</dimen>
    <dimen name="dm_018">-134px</dimen>
    <dimen name="dm_017">-127px</dimen>
    <dimen name="dm_016">-119px</dimen>
    <dimen name="dm_015">-112px</dimen>
    <dimen name="dm_014">-104px</dimen>
    <dimen name="dm_013">-97px</dimen>
    <dimen name="dm_012">-89px</dimen>
    <dimen name="dm_011">-82px</dimen>
    <dimen name="dm_010">-74px</dimen>
    <dimen name="dm_009">-67px</dimen>
    <dimen name="dm_008">-59px</dimen>
    <dimen name="dm_007">-52px</dimen>
    <dimen name="dm_006">-44px</dimen>
    <dimen name="dm_005">-37px</dimen>
    <dimen name="dm_004">-29px</dimen>
    <dimen name="dm_003">-22px</dimen>
    <dimen name="dm_002">-14px</dimen>
    <dimen name="dm_001">-7px</dimen>
    <dimen name="dm000">0px</dimen>
    <dimen name="dm001">8px</dimen>
    <dimen name="dm002">15px</dimen>
    <dimen name="dm003">23px</dimen>
    <dimen name="dm004">30px</dimen>
    <dimen name="dm005">38px</dimen>
    <dimen name="dm006">45px</dimen>
    <dimen name="dm007">53px</dimen>
    <dimen name="dm008">60px</dimen>
    <dimen name="dm009">68px</dimen>
    <dimen name="dm010">75px</dimen>
    <dimen name="dm011">83px</dimen>
    <dimen name="dm012">90px</dimen>
    <dimen name="dm013">98px</dimen>
    <dimen name="dm014">105px</dimen>
    <dimen name="dm015">113px</dimen>
    <dimen name="dm016">120px</dimen>
    <dimen name="dm017">128px</dimen>
    <dimen name="dm018">135px</dimen>
    <dimen name="dm019">143px</dimen>
    <dimen name="dm020">150px</dimen>
    <dimen name="dm021">158px</dimen>
    <dimen name="dm022">165px</dimen>
    <dimen name="dm023">173px</dimen>
    <dimen name="dm024">180px</dimen>
    <dimen name="dm025">188px</dimen>
    <dimen name="dm026">195px</dimen>
    <dimen name="dm027">203px</dimen>
    <dimen name="dm028">210px</dimen>
    <dimen name="dm029">218px</dimen>
    <dimen name="dm030">225px</dimen>
    <dimen name="dm031">233px</dimen>
    <dimen name="dm032">240px</dimen>
    <dimen name="dm033">248px</dimen>
    <dimen name="dm034">255px</dimen>
    <dimen name="dm035">263px</dimen>
    <dimen name="dm036">270px</dimen>
    <dimen name="dm037">278px</dimen>
    <dimen name="dm038">285px</dimen>
    <dimen name="dm039">293px</dimen>
    <dimen name="dm040">300px</dimen>
    <dimen name="dm041">308px</dimen>
    <dimen name="dm042">315px</dimen>
    <dimen name="dm043">323px</dimen>
    <dimen name="dm044">330px</dimen>
    <dimen name="dm045">338px</dimen>
    <dimen name="dm046">345px</dimen>
    <dimen name="dm047">353px</dimen>
    <dimen name="dm048">360px</dimen>
    <dimen name="dm049">368px</dimen>
    <dimen name="dm050">375px</dimen>
    <dimen name="dm051">383px</dimen>
    <dimen name="dm052">390px</dimen>
    <dimen name="dm053">398px</dimen>
    <dimen name="dm054">405px</dimen>
    <dimen name="dm055">413px</dimen>
    <dimen name="dm056">420px</dimen>
    <dimen name="dm057">428px</dimen>
    <dimen name="dm058">435px</dimen>
    <dimen name="dm059">443px</dimen>
    <dimen name="dm060">450px</dimen>
    <dimen name="dm061">458px</dimen>
    <dimen name="dm062">465px</dimen>
    <dimen name="dm063">473px</dimen>
    <dimen name="dm064">480px</dimen>
    <dimen name="dm065">488px</dimen>
    <dimen name="dm066">495px</dimen>
    <dimen name="dm067">503px</dimen>
    <dimen name="dm068">510px</dimen>
    <dimen name="dm069">518px</dimen>
    <dimen name="dm070">525px</dimen>
    <dimen name="dm071">533px</dimen>
    <dimen name="dm072">540px</dimen>
    <dimen name="dm073">548px</dimen>
    <dimen name="dm074">555px</dimen>
    <dimen name="dm075">563px</dimen>
    <dimen name="dm076">570px</dimen>
    <dimen name="dm077">578px</dimen>
    <dimen name="dm078">585px</dimen>
    <dimen name="dm079">593px</dimen>
    <dimen name="dm080">600px</dimen>
    <dimen name="dm081">608px</dimen>
    <dimen name="dm082">615px</dimen>
    <dimen name="dm083">623px</dimen>
    <dimen name="dm084">630px</dimen>
    <dimen name="dm085">638px</dimen>
    <dimen name="dm086">645px</dimen>
    <dimen name="dm087">653px</dimen>
    <dimen name="dm088">660px</dimen>
    <dimen name="dm089">668px</dimen>
    <dimen name="dm090">675px</dimen>
    <dimen name="dm091">683px</dimen>
    <dimen name="dm092">690px</dimen>
    <dimen name="dm093">698px</dimen>
    <dimen name="dm094">705px</dimen>
    <dimen name="dm095">713px</dimen>
    <dimen name="dm096">720px</dimen>
    <dimen name="dm097">728px</dimen>
    <dimen name="dm098">735px</dimen>
    <dimen name="dm099">743px</dimen>
    <dimen name="dm100">750px</dimen>
    <dimen name="dm101">758px</dimen>
    <dimen name="dm102">765px</dimen>
    <dimen name="dm103">773px</dimen>
    <dimen name="dm104">780px</dimen>
    <dimen name="dm105">788px</dimen>
    <dimen name="dm106">795px</dimen>
    <dimen name="dm107">803px</dimen>
    <dimen name="dm108">810px</dimen>
    <dimen name="dm109">818px</dimen>
    <dimen name="dm110">825px</dimen>
    <dimen name="dm111">833px</dimen>
    <dimen name="dm112">840px</dimen>
    <dimen name="dm113">848px</dimen>
    <dimen name="dm114">855px</dimen>
    <dimen name="dm115">863px</dimen>
    <dimen name="dm116">870px</dimen>
    <dimen name="dm117">878px</dimen>
    <dimen name="dm118">885px</dimen>
    <dimen name="dm119">893px</dimen>
    <dimen name="dm120">900px</dimen>
    <dimen name="dm121">908px</dimen>
    <dimen name="dm122">915px</dimen>
    <dimen name="dm123">923px</dimen>
    <dimen name="dm124">930px</dimen>
    <dimen name="dm125">938px</dimen>
    <dimen name="dm126">945px</dimen>
    <dimen name="dm127">953px</dimen>
    <dimen name="dm128">960px</dimen>
    <dimen name="dm129">968px</dimen>
    <dimen name="dm130">975px</dimen>
    <dimen name="dm131">983px</dimen>
    <dimen name="dm132">990px</dimen>
    <dimen name="dm133">998px</dimen>
    <dimen name="dm134">1005px</dimen>
    <dimen name="dm135">1013px</dimen>
    <dimen name="dm136">1020px</dimen>
    <dimen name="dm137">1028px</dimen>
    <dimen name="dm138">1035px</dimen>
    <dimen name="dm139">1043px</dimen>
    <dimen name="dm140">1050px</dimen>
    <dimen name="dm141">1058px</dimen>
    <dimen name="dm142">1065px</dimen>
    <dimen name="dm143">1073px</dimen>
    <dimen name="dm144">1080px</dimen>
    <dimen name="dm145">1088px</dimen>
    <dimen name="dm146">1095px</dimen>
    <dimen name="dm147">1103px</dimen>
    <dimen name="dm148">1110px</dimen>
    <dimen name="dm149">1118px</dimen>
    <dimen name="dm150">1125px</dimen>
    <dimen name="dm151">1133px</dimen>
    <dimen name="dm152">1140px</dimen>
    <dimen name="dm153">1148px</dimen>
    <dimen name="dm154">1155px</dimen>
    <dimen name="dm155">1163px</dimen>
    <dimen name="dm156">1170px</dimen>
    <dimen name="dm157">1178px</dimen>
    <dimen name="dm158">1185px</dimen>
    <dimen name="dm159">1193px</dimen>
    <dimen name="dm160">1200px</dimen>
    <dimen name="dm161">1208px</dimen>
    <dimen name="dm162">1215px</dimen>
    <dimen name="dm163">1223px</dimen>
    <dimen name="dm164">1230px</dimen>
    <dimen name="dm165">1238px</dimen>
    <dimen name="dm166">1245px</dimen>
    <dimen name="dm167">1253px</dimen>
    <dimen name="dm168">1260px</dimen>
    <dimen name="dm169">1268px</dimen>
    <dimen name="dm170">1275px</dimen>
    <dimen name="dm171">1283px</dimen>
    <dimen name="dm172">1290px</dimen>
    <dimen name="dm173">1298px</dimen>
    <dimen name="dm174">1305px</dimen>
    <dimen name="dm175">1313px</dimen>
    <dimen name="dm176">1320px</dimen>
    <dimen name="dm177">1328px</dimen>
    <dimen name="dm178">1335px</dimen>
    <dimen name="dm179">1343px</dimen>
    <dimen name="dm180">1350px</dimen>
    <dimen name="dm181">1358px</dimen>
    <dimen name="dm182">1365px</dimen>
    <dimen name="dm183">1373px</dimen>
    <dimen name="dm184">1380px</dimen>
    <dimen name="dm185">1388px</dimen>
    <dimen name="dm186">1395px</dimen>
    <dimen name="dm187">1403px</dimen>
    <dimen name="dm188">1410px</dimen>
    <dimen name="dm189">1418px</dimen>
    <dimen name="dm190">1425px</dimen>
    <dimen name="dm191">1433px</dimen>
    <dimen name="dm192">1440px</dimen>
    <dimen name="dm193">1448px</dimen>
    <dimen name="dm194">1455px</dimen>
    <dimen name="dm195">1463px</dimen>
    <dimen name="dm196">1470px</dimen>
    <dimen name="dm197">1478px</dimen>
    <dimen name="dm198">1485px</dimen>
    <dimen name="dm199">1493px</dimen>
    <dimen name="dm200">1500px</dimen>
    <dimen name="dm201">1508px</dimen>
    <dimen name="dm202">1515px</dimen>
    <dimen name="dm203">1523px</dimen>
    <dimen name="dm204">1530px</dimen>
    <dimen name="dm205">1538px</dimen>
    <dimen name="dm206">1545px</dimen>
    <dimen name="dm207">1553px</dimen>
    <dimen name="dm208">1560px</dimen>
    <dimen name="dm209">1568px</dimen>
    <dimen name="dm210">1575px</dimen>
    <dimen name="dm211">1583px</dimen>
    <dimen name="dm212">1590px</dimen>
    <dimen name="dm213">1598px</dimen>
    <dimen name="dm214">1605px</dimen>
    <dimen name="dm215">1613px</dimen>
    <dimen name="dm216">1620px</dimen>
    <dimen name="dm217">1628px</dimen>
    <dimen name="dm218">1635px</dimen>
    <dimen name="dm219">1643px</dimen>
    <dimen name="dm220">1650px</dimen>
    <dimen name="dm221">1658px</dimen>
    <dimen name="dm222">1665px</dimen>
    <dimen name="dm223">1673px</dimen>
    <dimen name="dm224">1680px</dimen>
    <dimen name="dm225">1688px</dimen>
    <dimen name="dm226">1695px</dimen>
    <dimen name="dm227">1703px</dimen>
    <dimen name="dm228">1710px</dimen>
    <dimen name="dm229">1718px</dimen>
    <dimen name="dm230">1725px</dimen>
    <dimen name="dm231">1733px</dimen>
    <dimen name="dm232">1740px</dimen>
    <dimen name="dm233">1748px</dimen>
    <dimen name="dm234">1755px</dimen>
    <dimen name="dm235">1763px</dimen>
    <dimen name="dm236">1770px</dimen>
    <dimen name="dm237">1778px</dimen>
    <dimen name="dm238">1785px</dimen>
    <dimen name="dm239">1793px</dimen>
    <dimen name="dm240">1800px</dimen>
    <dimen name="dm241">1808px</dimen>
    <dimen name="dm242">1815px</dimen>
    <dimen name="dm243">1823px</dimen>
    <dimen name="dm244">1830px</dimen>
    <dimen name="dm245">1838px</dimen>
    <dimen name="dm246">1845px</dimen>
    <dimen name="dm247">1853px</dimen>
    <dimen name="dm248">1860px</dimen>
    <dimen name="dm249">1868px</dimen>
    <dimen name="dm250">1875px</dimen>
    <dimen name="dm251">1883px</dimen>
    <dimen name="dm252">1890px</dimen>
    <dimen name="dm253">1898px</dimen>
    <dimen name="dm254">1905px</dimen>
    <dimen name="dm255">1913px</dimen>
    <dimen name="dm256">1920px</dimen>
    <dimen name="dm257">1928px</dimen>
    <dimen name="dm258">1935px</dimen>
    <dimen name="dm259">1943px</dimen>
    <dimen name="dm260">1950px</dimen>
    <dimen name="dm261">1958px</dimen>
    <dimen name="dm262">1965px</dimen>
    <dimen name="dm263">1973px</dimen>
    <dimen name="dm264">1980px</dimen>
    <dimen name="dm265">1988px</dimen>
    <dimen name="dm266">1995px</dimen>
    <dimen name="dm267">2003px</dimen>
    <dimen name="dm268">2010px</dimen>
    <dimen name="dm269">2018px</dimen>
    <dimen name="dm270">2025px</dimen>
    <dimen name="dm271">2033px</dimen>
    <dimen name="dm272">2040px</dimen>
    <dimen name="dm273">2048px</dimen>
    <dimen name="dm274">2055px</dimen>
    <dimen name="dm275">2063px</dimen>
    <dimen name="dm276">2070px</dimen>
    <dimen name="dm277">2078px</dimen>
    <dimen name="dm278">2085px</dimen>
    <dimen name="dm279">2093px</dimen>
    <dimen name="dm280">2100px</dimen>
    <dimen name="dm281">2108px</dimen>
    <dimen name="dm282">2115px</dimen>
    <dimen name="dm283">2123px</dimen>
    <dimen name="dm284">2130px</dimen>
    <dimen name="dm285">2138px</dimen>
    <dimen name="dm286">2145px</dimen>
    <dimen name="dm287">2153px</dimen>
    <dimen name="dm288">2160px</dimen>
    <dimen name="dm289">2168px</dimen>
    <dimen name="dm290">2175px</dimen>
    <dimen name="dm291">2183px</dimen>
    <dimen name="dm292">2190px</dimen>
    <dimen name="dm293">2198px</dimen>
    <dimen name="dm294">2205px</dimen>
    <dimen name="dm295">2213px</dimen>
    <dimen name="dm296">2220px</dimen>
    <dimen name="dm297">2228px</dimen>
    <dimen name="dm298">2235px</dimen>
    <dimen name="dm299">2243px</dimen>
    <dimen name="dm300">2250px</dimen>
    <dimen name="dm301">2258px</dimen>
    <dimen name="dm302">2265px</dimen>
    <dimen name="dm303">2273px</dimen>
    <dimen name="dm304">2280px</dimen>
    <dimen name="dm305">2288px</dimen>
    <dimen name="dm306">2295px</dimen>
    <dimen name="dm307">2303px</dimen>
    <dimen name="dm308">2310px</dimen>
    <dimen name="dm309">2318px</dimen>
    <dimen name="dm310">2325px</dimen>
    <dimen name="dm311">2333px</dimen>
    <dimen name="dm312">2340px</dimen>
    <dimen name="dm313">2348px</dimen>
    <dimen name="dm314">2355px</dimen>
    <dimen name="dm315">2363px</dimen>
    <dimen name="dm316">2370px</dimen>
    <dimen name="dm317">2378px</dimen>
    <dimen name="dm318">2385px</dimen>
    <dimen name="dm319">2393px</dimen>
    <dimen name="dm320">2400px</dimen>
    <dimen name="dm321">2408px</dimen>
    <dimen name="dm322">2415px</dimen>
    <dimen name="dm323">2423px</dimen>
    <dimen name="dm324">2430px</dimen>
    <dimen name="dm325">2438px</dimen>
    <dimen name="dm326">2445px</dimen>
    <dimen name="dm327">2453px</dimen>
    <dimen name="dm328">2460px</dimen>
    <dimen name="dm329">2468px</dimen>
    <dimen name="dm330">2475px</dimen>
    <dimen name="dm331">2483px</dimen>
    <dimen name="dm332">2490px</dimen>
    <dimen name="dm333">2498px</dimen>
    <dimen name="dm334">2505px</dimen>
    <dimen name="dm335">2513px</dimen>
    <dimen name="dm336">2520px</dimen>
    <dimen name="dm337">2528px</dimen>
    <dimen name="dm338">2535px</dimen>
    <dimen name="dm339">2543px</dimen>
    <dimen name="dm340">2550px</dimen>
    <dimen name="dm341">2558px</dimen>
    <dimen name="dm342">2565px</dimen>
    <dimen name="dm343">2573px</dimen>
    <dimen name="dm344">2580px</dimen>
    <dimen name="dm345">2588px</dimen>
    <dimen name="dm346">2595px</dimen>
    <dimen name="dm347">2603px</dimen>
    <dimen name="dm348">2610px</dimen>
    <dimen name="dm349">2618px</dimen>
    <dimen name="dm350">2625px</dimen>
    <dimen name="dm351">2633px</dimen>
    <dimen name="dm352">2640px</dimen>
    <dimen name="dm353">2648px</dimen>
    <dimen name="dm354">2655px</dimen>
    <dimen name="dm355">2663px</dimen>
    <dimen name="dm356">2670px</dimen>
    <dimen name="dm357">2678px</dimen>
    <dimen name="dm358">2685px</dimen>
    <dimen name="dm359">2693px</dimen>
    <dimen name="dm360">2700px</dimen>
    <dimen name="dm361">2708px</dimen>
    <dimen name="dm362">2715px</dimen>
    <dimen name="dm363">2723px</dimen>
    <dimen name="dm364">2730px</dimen>
    <dimen name="dm365">2738px</dimen>
    <dimen name="dm366">2745px</dimen>
    <dimen name="dm367">2753px</dimen>
    <dimen name="dm368">2760px</dimen>
    <dimen name="dm369">2768px</dimen>
    <dimen name="dm370">2775px</dimen>
    <dimen name="dm371">2783px</dimen>
    <dimen name="dm372">2790px</dimen>
    <dimen name="dm373">2798px</dimen>
    <dimen name="dm374">2805px</dimen>
    <dimen name="dm375">2813px</dimen>
    <dimen name="dm376">2820px</dimen>
    <dimen name="dm377">2828px</dimen>
    <dimen name="dm378">2835px</dimen>
    <dimen name="dm379">2843px</dimen>
    <dimen name="dm380">2850px</dimen>
    <dimen name="dm381">2858px</dimen>
    <dimen name="dm382">2865px</dimen>
    <dimen name="dm383">2873px</dimen>
    <dimen name="dm384">2880px</dimen>
    <dimen name="dm385">2888px</dimen>
    <dimen name="dm386">2895px</dimen>
    <dimen name="dm387">2903px</dimen>
    <dimen name="dm388">2910px</dimen>
    <dimen name="dm389">2918px</dimen>
    <dimen name="dm390">2925px</dimen>
    <dimen name="dm391">2933px</dimen>
    <dimen name="dm392">2940px</dimen>
    <dimen name="dm393">2948px</dimen>
    <dimen name="dm394">2955px</dimen>
    <dimen name="dm395">2963px</dimen>
    <dimen name="dm396">2970px</dimen>
    <dimen name="dm397">2978px</dimen>
    <dimen name="dm398">2985px</dimen>
    <dimen name="dm399">2993px</dimen>
    <dimen name="dm400">3000px</dimen>
    <dimen name="dm401">3008px</dimen>
    <dimen name="dm402">3015px</dimen>
    <dimen name="dm403">3023px</dimen>
    <dimen name="dm404">3030px</dimen>
    <dimen name="dm405">3038px</dimen>
    <dimen name="dm406">3045px</dimen>
    <dimen name="dm407">3053px</dimen>
    <dimen name="dm408">3060px</dimen>
    <dimen name="dm409">3068px</dimen>
    <dimen name="dm410">3075px</dimen>
    <dimen name="dm411">3083px</dimen>
    <dimen name="dm412">3090px</dimen>
    <dimen name="dm413">3098px</dimen>
    <dimen name="dm414">3105px</dimen>
    <dimen name="dm415">3113px</dimen>
    <dimen name="dm416">3120px</dimen>
    <dimen name="dm417">3128px</dimen>
    <dimen name="dm418">3135px</dimen>
    <dimen name="dm419">3143px</dimen>
    <dimen name="dm420">3150px</dimen>
    <dimen name="dm421">3158px</dimen>
    <dimen name="dm422">3165px</dimen>
    <dimen name="dm423">3173px</dimen>
    <dimen name="dm424">3180px</dimen>
    <dimen name="dm425">3188px</dimen>
    <dimen name="dm426">3195px</dimen>
    <dimen name="dm427">3203px</dimen>
    <dimen name="dm428">3210px</dimen>
    <dimen name="dm429">3218px</dimen>
    <dimen name="dm430">3225px</dimen>
    <dimen name="dm431">3233px</dimen>
    <dimen name="dm432">3240px</dimen>
    <dimen name="dm433">3248px</dimen>
    <dimen name="dm434">3255px</dimen>
    <dimen name="dm435">3263px</dimen>
    <dimen name="dm436">3270px</dimen>
    <dimen name="dm437">3278px</dimen>
    <dimen name="dm438">3285px</dimen>
    <dimen name="dm439">3293px</dimen>
    <dimen name="dm440">3300px</dimen>
    <dimen name="dm441">3308px</dimen>
    <dimen name="dm442">3315px</dimen>
    <dimen name="dm443">3323px</dimen>
    <dimen name="dm444">3330px</dimen>
    <dimen name="dm445">3338px</dimen>
    <dimen name="dm446">3345px</dimen>
    <dimen name="dm447">3353px</dimen>
    <dimen name="dm448">3360px</dimen>
    <dimen name="dm449">3368px</dimen>
    <dimen name="dm450">3375px</dimen>
    <dimen name="dm451">3383px</dimen>
    <dimen name="dm452">3390px</dimen>
    <dimen name="dm453">3398px</dimen>
    <dimen name="dm454">3405px</dimen>
    <dimen name="dm455">3413px</dimen>
    <dimen name="dm456">3420px</dimen>
    <dimen name="dm457">3428px</dimen>
    <dimen name="dm458">3435px</dimen>
    <dimen name="dm459">3443px</dimen>
    <dimen name="dm460">3450px</dimen>
    <dimen name="dm461">3458px</dimen>
    <dimen name="dm462">3465px</dimen>
    <dimen name="dm463">3473px</dimen>
    <dimen name="dm464">3480px</dimen>
    <dimen name="dm465">3488px</dimen>
    <dimen name="dm466">3495px</dimen>
    <dimen name="dm467">3503px</dimen>
    <dimen name="dm468">3510px</dimen>
    <dimen name="dm469">3518px</dimen>
    <dimen name="dm470">3525px</dimen>
    <dimen name="dm471">3533px</dimen>
    <dimen name="dm472">3540px</dimen>
    <dimen name="dm473">3548px</dimen>
    <dimen name="dm474">3555px</dimen>
    <dimen name="dm475">3563px</dimen>
    <dimen name="dm476">3570px</dimen>
    <dimen name="dm477">3578px</dimen>
    <dimen name="dm478">3585px</dimen>
    <dimen name="dm479">3593px</dimen>
    <dimen name="dm480">3600px</dimen>
    <dimen name="dm481">3608px</dimen>
    <dimen name="dm482">3615px</dimen>
    <dimen name="dm483">3623px</dimen>
    <dimen name="dm484">3630px</dimen>
    <dimen name="dm485">3638px</dimen>
    <dimen name="dm486">3645px</dimen>
    <dimen name="dm487">3653px</dimen>
    <dimen name="dm488">3660px</dimen>
    <dimen name="dm489">3668px</dimen>
    <dimen name="dm490">3675px</dimen>
    <dimen name="dm491">3683px</dimen>
    <dimen name="dm492">3690px</dimen>
    <dimen name="dm493">3698px</dimen>
    <dimen name="dm494">3705px</dimen>
    <dimen name="dm495">3713px</dimen>
    <dimen name="dm496">3720px</dimen>
    <dimen name="dm497">3728px</dimen>
    <dimen name="dm498">3735px</dimen>
    <dimen name="dm499">3743px</dimen>
    <dimen name="dm500">3750px</dimen>
    <dimen name="dm501">3758px</dimen>
    <dimen name="dm502">3765px</dimen>
    <dimen name="dm503">3773px</dimen>
    <dimen name="dm504">3780px</dimen>
    <dimen name="dm505">3788px</dimen>
    <dimen name="dm506">3795px</dimen>
    <dimen name="dm507">3803px</dimen>
    <dimen name="dm508">3810px</dimen>
    <dimen name="dm509">3818px</dimen>
    <dimen name="dm510">3825px</dimen>
    <dimen name="dm511">3833px</dimen>
    <dimen name="dm512">3840px</dimen>
    <dimen name="dm513">3848px</dimen>
    <dimen name="dm514">3855px</dimen>
    <dimen name="dm515">3863px</dimen>
    <dimen name="dm516">3870px</dimen>
    <dimen name="dm517">3878px</dimen>
    <dimen name="dm518">3885px</dimen>
    <dimen name="dm519">3893px</dimen>
    <dimen name="dm520">3900px</dimen>
    <dimen name="dm521">3908px</dimen>
    <dimen name="dm522">3915px</dimen>
    <dimen name="dm523">3923px</dimen>
    <dimen name="dm524">3930px</dimen>
    <dimen name="dm525">3938px</dimen>
    <dimen name="dm526">3945px</dimen>
    <dimen name="dm527">3953px</dimen>
    <dimen name="dm528">3960px</dimen>
    <dimen name="dm529">3968px</dimen>
    <dimen name="dm530">3975px</dimen>
    <dimen name="dm531">3983px</dimen>
    <dimen name="dm532">3990px</dimen>
    <dimen name="dm533">3998px</dimen>
    <dimen name="dm534">4005px</dimen>
    <dimen name="dm535">4013px</dimen>
    <dimen name="dm536">4020px</dimen>
    <dimen name="dm537">4028px</dimen>
    <dimen name="dm538">4035px</dimen>
    <dimen name="dm539">4043px</dimen>
    <dimen name="dm540">4050px</dimen>
    <dimen name="dm541">4058px</dimen>
    <dimen name="dm542">4065px</dimen>
    <dimen name="dm543">4073px</dimen>
    <dimen name="dm544">4080px</dimen>
    <dimen name="dm545">4088px</dimen>
    <dimen name="dm546">4095px</dimen>
    <dimen name="dm547">4103px</dimen>
    <dimen name="dm548">4110px</dimen>
    <dimen name="dm549">4118px</dimen>
    <dimen name="dm550">4125px</dimen>
    <dimen name="dm551">4133px</dimen>
    <dimen name="dm552">4140px</dimen>
    <dimen name="dm553">4148px</dimen>
    <dimen name="dm554">4155px</dimen>
    <dimen name="dm555">4163px</dimen>
    <dimen name="dm556">4170px</dimen>
    <dimen name="dm557">4178px</dimen>
    <dimen name="dm558">4185px</dimen>
    <dimen name="dm559">4193px</dimen>
    <dimen name="dm560">4200px</dimen>
    <dimen name="dm561">4208px</dimen>
    <dimen name="dm562">4215px</dimen>
    <dimen name="dm563">4223px</dimen>
    <dimen name="dm564">4230px</dimen>
    <dimen name="dm565">4238px</dimen>
    <dimen name="dm566">4245px</dimen>
    <dimen name="dm567">4253px</dimen>
    <dimen name="dm568">4260px</dimen>
    <dimen name="dm569">4268px</dimen>
    <dimen name="dm570">4275px</dimen>
    <dimen name="dm571">4283px</dimen>
    <dimen name="dm572">4290px</dimen>
    <dimen name="dm573">4298px</dimen>
    <dimen name="dm574">4305px</dimen>
    <dimen name="dm575">4313px</dimen>
    <dimen name="dm576">4320px</dimen>
    <dimen name="dm577">4328px</dimen>
    <dimen name="dm578">4335px</dimen>
    <dimen name="dm579">4343px</dimen>
    <dimen name="dm580">4350px</dimen>
    <dimen name="dm581">4358px</dimen>
    <dimen name="dm582">4365px</dimen>
    <dimen name="dm583">4373px</dimen>
    <dimen name="dm584">4380px</dimen>
    <dimen name="dm585">4388px</dimen>
    <dimen name="dm586">4395px</dimen>
    <dimen name="dm587">4403px</dimen>
    <dimen name="dm588">4410px</dimen>
    <dimen name="dm589">4418px</dimen>
    <dimen name="dm590">4425px</dimen>
    <dimen name="dm591">4433px</dimen>
    <dimen name="dm592">4440px</dimen>
    <dimen name="dm593">4448px</dimen>
    <dimen name="dm594">4455px</dimen>
    <dimen name="dm595">4463px</dimen>
    <dimen name="dm596">4470px</dimen>
    <dimen name="dm597">4478px</dimen>
    <dimen name="dm598">4485px</dimen>
    <dimen name="dm599">4493px</dimen>
    <dimen name="dm600">4500px</dimen>
    <dimen name="dm601">4508px</dimen>
    <dimen name="dm602">4515px</dimen>
    <dimen name="dm603">4523px</dimen>
    <dimen name="dm604">4530px</dimen>
    <dimen name="dm605">4538px</dimen>
    <dimen name="dm606">4545px</dimen>
    <dimen name="dm607">4553px</dimen>
    <dimen name="dm608">4560px</dimen>
    <dimen name="dm609">4568px</dimen>
    <dimen name="dm610">4575px</dimen>
    <dimen name="dm611">4583px</dimen>
    <dimen name="dm612">4590px</dimen>
    <dimen name="dm613">4598px</dimen>
    <dimen name="dm614">4605px</dimen>
    <dimen name="dm615">4613px</dimen>
    <dimen name="dm616">4620px</dimen>
    <dimen name="dm617">4628px</dimen>
    <dimen name="dm618">4635px</dimen>
    <dimen name="dm619">4643px</dimen>
    <dimen name="dm620">4650px</dimen>
    <dimen name="dm621">4658px</dimen>
    <dimen name="dm622">4665px</dimen>
    <dimen name="dm623">4673px</dimen>
    <dimen name="dm624">4680px</dimen>
    <dimen name="dm625">4688px</dimen>
    <dimen name="dm626">4695px</dimen>
    <dimen name="dm627">4703px</dimen>
    <dimen name="dm628">4710px</dimen>
    <dimen name="dm629">4718px</dimen>
    <dimen name="dm630">4725px</dimen>
    <dimen name="dm631">4733px</dimen>
    <dimen name="dm632">4740px</dimen>
    <dimen name="dm633">4748px</dimen>
    <dimen name="dm634">4755px</dimen>
    <dimen name="dm635">4763px</dimen>
    <dimen name="dm636">4770px</dimen>
    <dimen name="dm637">4778px</dimen>
    <dimen name="dm638">4785px</dimen>
    <dimen name="dm639">4793px</dimen>
    <dimen name="dm640">4800px</dimen>
    <dimen name="dm641">4808px</dimen>
    <dimen name="dm642">4815px</dimen>
    <dimen name="dm643">4823px</dimen>
    <dimen name="dm644">4830px</dimen>
    <dimen name="dm645">4838px</dimen>
    <dimen name="dm646">4845px</dimen>
    <dimen name="dm647">4853px</dimen>
    <dimen name="dm648">4860px</dimen>
    <dimen name="dm649">4868px</dimen>
    <dimen name="dm650">4875px</dimen>
    <dimen name="dm651">4883px</dimen>
    <dimen name="dm652">4890px</dimen>
    <dimen name="dm653">4898px</dimen>
    <dimen name="dm654">4905px</dimen>
    <dimen name="dm655">4913px</dimen>
    <dimen name="dm656">4920px</dimen>
    <dimen name="dm657">4928px</dimen>
    <dimen name="dm658">4935px</dimen>
    <dimen name="dm659">4943px</dimen>
    <dimen name="dm660">4950px</dimen>
    <dimen name="dm661">4958px</dimen>
    <dimen name="dm662">4965px</dimen>
    <dimen name="dm663">4973px</dimen>
    <dimen name="dm664">4980px</dimen>
    <dimen name="dm665">4988px</dimen>
    <dimen name="dm666">4995px</dimen>
    <dimen name="dm667">5003px</dimen>
    <dimen name="dm668">5010px</dimen>
    <dimen name="dm669">5018px</dimen>
    <dimen name="dm670">5025px</dimen>
    <dimen name="dm671">5033px</dimen>
    <dimen name="dm672">5040px</dimen>
    <dimen name="dm673">5048px</dimen>
    <dimen name="dm674">5055px</dimen>
    <dimen name="dm675">5063px</dimen>
    <dimen name="dm676">5070px</dimen>
    <dimen name="dm677">5078px</dimen>
    <dimen name="dm678">5085px</dimen>
    <dimen name="dm679">5093px</dimen>
    <dimen name="dm680">5100px</dimen>
    <dimen name="dm681">5108px</dimen>
    <dimen name="dm682">5115px</dimen>
    <dimen name="dm683">5123px</dimen>
    <dimen name="dm684">5130px</dimen>
    <dimen name="dm685">5138px</dimen>
    <dimen name="dm686">5145px</dimen>
    <dimen name="dm687">5153px</dimen>
    <dimen name="dm688">5160px</dimen>
    <dimen name="dm689">5168px</dimen>
    <dimen name="dm690">5175px</dimen>
    <dimen name="dm691">5183px</dimen>
    <dimen name="dm692">5190px</dimen>
    <dimen name="dm693">5198px</dimen>
    <dimen name="dm694">5205px</dimen>
    <dimen name="dm695">5213px</dimen>
    <dimen name="dm696">5220px</dimen>
    <dimen name="dm697">5228px</dimen>
    <dimen name="dm698">5235px</dimen>
    <dimen name="dm699">5243px</dimen>
    <dimen name="dm700">5250px</dimen>
    <dimen name="dm701">5258px</dimen>
    <dimen name="dm702">5265px</dimen>
    <dimen name="dm703">5273px</dimen>
    <dimen name="dm704">5280px</dimen>
    <dimen name="dm705">5288px</dimen>
    <dimen name="dm706">5295px</dimen>
    <dimen name="dm707">5303px</dimen>
    <dimen name="dm708">5310px</dimen>
    <dimen name="dm709">5318px</dimen>
    <dimen name="dm710">5325px</dimen>
    <dimen name="dm711">5333px</dimen>
    <dimen name="dm712">5340px</dimen>
    <dimen name="dm713">5348px</dimen>
    <dimen name="dm714">5355px</dimen>
    <dimen name="dm715">5363px</dimen>
    <dimen name="dm716">5370px</dimen>
    <dimen name="dm717">5378px</dimen>
    <dimen name="dm718">5385px</dimen>
    <dimen name="dm719">5393px</dimen>
    <dimen name="dm720">5400px</dimen>
    <dimen name="dm721">5408px</dimen>
    <dimen name="dm722">5415px</dimen>
    <dimen name="dm723">5423px</dimen>
    <dimen name="dm724">5430px</dimen>
    <dimen name="dm725">5438px</dimen>
    <dimen name="dm726">5445px</dimen>
    <dimen name="dm727">5453px</dimen>
    <dimen name="dm728">5460px</dimen>
    <dimen name="dm729">5468px</dimen>
    <dimen name="dm730">5475px</dimen>
    <dimen name="dm731">5483px</dimen>
    <dimen name="dm732">5490px</dimen>
    <dimen name="dm733">5498px</dimen>
    <dimen name="dm734">5505px</dimen>
    <dimen name="dm735">5513px</dimen>
    <dimen name="dm736">5520px</dimen>
    <dimen name="dm737">5528px</dimen>
    <dimen name="dm738">5535px</dimen>
    <dimen name="dm739">5543px</dimen>
    <dimen name="dm740">5550px</dimen>
    <dimen name="dm741">5558px</dimen>
    <dimen name="dm742">5565px</dimen>
    <dimen name="dm743">5573px</dimen>
    <dimen name="dm744">5580px</dimen>
    <dimen name="dm745">5588px</dimen>
    <dimen name="dm746">5595px</dimen>
    <dimen name="dm747">5603px</dimen>
    <dimen name="dm748">5610px</dimen>
    <dimen name="dm749">5618px</dimen>
    <dimen name="dm750">5625px</dimen>
    <dimen name="dm751">5633px</dimen>
    <dimen name="dm752">5640px</dimen>
    <dimen name="dm753">5648px</dimen>
    <dimen name="dm754">5655px</dimen>
    <dimen name="dm755">5663px</dimen>
    <dimen name="dm756">5670px</dimen>
    <dimen name="dm757">5678px</dimen>
    <dimen name="dm758">5685px</dimen>
    <dimen name="dm759">5693px</dimen>
    <dimen name="dm760">5700px</dimen>
    <dimen name="dm761">5708px</dimen>
    <dimen name="dm762">5715px</dimen>
    <dimen name="dm763">5723px</dimen>
    <dimen name="dm764">5730px</dimen>
    <dimen name="dm765">5738px</dimen>
    <dimen name="dm766">5745px</dimen>
    <dimen name="dm767">5753px</dimen>
    <dimen name="dm768">5760px</dimen>
    <dimen name="dm769">5768px</dimen>
    <dimen name="dm770">5775px</dimen>
    <dimen name="dm771">5783px</dimen>
    <dimen name="dm772">5790px</dimen>
    <dimen name="dm773">5798px</dimen>
    <dimen name="dm774">5805px</dimen>
    <dimen name="dm775">5813px</dimen>
    <dimen name="dm776">5820px</dimen>
    <dimen name="dm777">5828px</dimen>
    <dimen name="dm778">5835px</dimen>
    <dimen name="dm779">5843px</dimen>
    <dimen name="dm780">5850px</dimen>
    <dimen name="dm781">5858px</dimen>
    <dimen name="dm782">5865px</dimen>
    <dimen name="dm783">5873px</dimen>
    <dimen name="dm784">5880px</dimen>
    <dimen name="dm785">5888px</dimen>
    <dimen name="dm786">5895px</dimen>
    <dimen name="dm787">5903px</dimen>
    <dimen name="dm788">5910px</dimen>
    <dimen name="dm789">5918px</dimen>
    <dimen name="dm790">5925px</dimen>
    <dimen name="dm791">5933px</dimen>
    <dimen name="dm792">5940px</dimen>
    <dimen name="dm793">5948px</dimen>
    <dimen name="dm794">5955px</dimen>
    <dimen name="dm795">5963px</dimen>
    <dimen name="dm796">5970px</dimen>
    <dimen name="dm797">5978px</dimen>
    <dimen name="dm798">5985px</dimen>
    <dimen name="dm799">5993px</dimen>
    <dimen name="dm800">6000px</dimen>
    <dimen name="dm801">6008px</dimen>
    <dimen name="dm802">6015px</dimen>
    <dimen name="dm803">6023px</dimen>
    <dimen name="dm804">6030px</dimen>
    <dimen name="dm805">6038px</dimen>
    <dimen name="dm806">6045px</dimen>
    <dimen name="dm807">6053px</dimen>
    <dimen name="dm808">6060px</dimen>
    <dimen name="dm809">6068px</dimen>
    <dimen name="dm810">6075px</dimen>
    <dimen name="dm811">6083px</dimen>
    <dimen name="dm812">6090px</dimen>
    <dimen name="dm813">6098px</dimen>
    <dimen name="dm814">6105px</dimen>
    <dimen name="dm815">6113px</dimen>
    <dimen name="dm816">6120px</dimen>
    <dimen name="dm817">6128px</dimen>
    <dimen name="dm818">6135px</dimen>
    <dimen name="dm819">6143px</dimen>
    <dimen name="dm820">6150px</dimen>
    <dimen name="dm821">6158px</dimen>
    <dimen name="dm822">6165px</dimen>
    <dimen name="dm823">6173px</dimen>
    <dimen name="dm824">6180px</dimen>
    <dimen name="dm825">6188px</dimen>
    <dimen name="dm826">6195px</dimen>
    <dimen name="dm827">6203px</dimen>
    <dimen name="dm828">6210px</dimen>
    <dimen name="dm829">6218px</dimen>
    <dimen name="dm830">6225px</dimen>
    <dimen name="dm831">6233px</dimen>
    <dimen name="dm832">6240px</dimen>
    <dimen name="dm833">6248px</dimen>
    <dimen name="dm834">6255px</dimen>
    <dimen name="dm835">6263px</dimen>
    <dimen name="dm836">6270px</dimen>
    <dimen name="dm837">6278px</dimen>
    <dimen name="dm838">6285px</dimen>
    <dimen name="dm839">6293px</dimen>
    <dimen name="dm840">6300px</dimen>
    <dimen name="dm841">6308px</dimen>
    <dimen name="dm842">6315px</dimen>
    <dimen name="dm843">6323px</dimen>
    <dimen name="dm844">6330px</dimen>
    <dimen name="dm845">6338px</dimen>
    <dimen name="dm846">6345px</dimen>
    <dimen name="dm847">6353px</dimen>
    <dimen name="dm848">6360px</dimen>
    <dimen name="dm849">6368px</dimen>
    <dimen name="dm850">6375px</dimen>
    <dimen name="dm851">6383px</dimen>
    <dimen name="dm852">6390px</dimen>
    <dimen name="dm853">6398px</dimen>
    <dimen name="dm854">6405px</dimen>
    <dimen name="dm855">6413px</dimen>
    <dimen name="dm856">6420px</dimen>
    <dimen name="dm857">6428px</dimen>
    <dimen name="dm858">6435px</dimen>
    <dimen name="dm859">6443px</dimen>
    <dimen name="dm860">6450px</dimen>
    <dimen name="dm861">6458px</dimen>
    <dimen name="dm862">6465px</dimen>
    <dimen name="dm863">6473px</dimen>
    <dimen name="dm864">6480px</dimen>
    <dimen name="dm865">6488px</dimen>
    <dimen name="dm866">6495px</dimen>
    <dimen name="dm867">6503px</dimen>
    <dimen name="dm868">6510px</dimen>
    <dimen name="dm869">6518px</dimen>
    <dimen name="dm870">6525px</dimen>
    <dimen name="dm871">6533px</dimen>
    <dimen name="dm872">6540px</dimen>
    <dimen name="dm873">6548px</dimen>
    <dimen name="dm874">6555px</dimen>
    <dimen name="dm875">6563px</dimen>
    <dimen name="dm876">6570px</dimen>
    <dimen name="dm877">6578px</dimen>
    <dimen name="dm878">6585px</dimen>
    <dimen name="dm879">6593px</dimen>
    <dimen name="dm880">6600px</dimen>
    <dimen name="dm881">6608px</dimen>
    <dimen name="dm882">6615px</dimen>
    <dimen name="dm883">6623px</dimen>
    <dimen name="dm884">6630px</dimen>
    <dimen name="dm885">6638px</dimen>
    <dimen name="dm886">6645px</dimen>
    <dimen name="dm887">6653px</dimen>
    <dimen name="dm888">6660px</dimen>
    <dimen name="dm889">6668px</dimen>
    <dimen name="dm890">6675px</dimen>
    <dimen name="dm891">6683px</dimen>
    <dimen name="dm892">6690px</dimen>
    <dimen name="dm893">6698px</dimen>
    <dimen name="dm894">6705px</dimen>
    <dimen name="dm895">6713px</dimen>
    <dimen name="dm896">6720px</dimen>
    <dimen name="dm897">6728px</dimen>
    <dimen name="dm898">6735px</dimen>
    <dimen name="dm899">6743px</dimen>
    <dimen name="dm900">6750px</dimen>
    <dimen name="dm901">6758px</dimen>
    <dimen name="dm902">6765px</dimen>
    <dimen name="dm903">6773px</dimen>
    <dimen name="dm904">6780px</dimen>
    <dimen name="dm905">6788px</dimen>
    <dimen name="dm906">6795px</dimen>
    <dimen name="dm907">6803px</dimen>
    <dimen name="dm908">6810px</dimen>
    <dimen name="dm909">6818px</dimen>
    <dimen name="dm910">6825px</dimen>
    <dimen name="dm911">6833px</dimen>
    <dimen name="dm912">6840px</dimen>
    <dimen name="dm913">6848px</dimen>
    <dimen name="dm914">6855px</dimen>
    <dimen name="dm915">6863px</dimen>
    <dimen name="dm916">6870px</dimen>
    <dimen name="dm917">6878px</dimen>
    <dimen name="dm918">6885px</dimen>
    <dimen name="dm919">6893px</dimen>
    <dimen name="dm920">6900px</dimen>
    <dimen name="dm921">6908px</dimen>
    <dimen name="dm922">6915px</dimen>
    <dimen name="dm923">6923px</dimen>
    <dimen name="dm924">6930px</dimen>
    <dimen name="dm925">6938px</dimen>
    <dimen name="dm926">6945px</dimen>
    <dimen name="dm927">6953px</dimen>
    <dimen name="dm928">6960px</dimen>
    <dimen name="dm929">6968px</dimen>
    <dimen name="dm930">6975px</dimen>
    <dimen name="dm931">6983px</dimen>
    <dimen name="dm932">6990px</dimen>
    <dimen name="dm933">6998px</dimen>
    <dimen name="dm934">7005px</dimen>
    <dimen name="dm935">7013px</dimen>
    <dimen name="dm936">7020px</dimen>
    <dimen name="dm937">7028px</dimen>
    <dimen name="dm938">7035px</dimen>
    <dimen name="dm939">7043px</dimen>
    <dimen name="dm940">7050px</dimen>
    <dimen name="dm941">7058px</dimen>
    <dimen name="dm942">7065px</dimen>
    <dimen name="dm943">7073px</dimen>
    <dimen name="dm944">7080px</dimen>
    <dimen name="dm945">7088px</dimen>
    <dimen name="dm946">7095px</dimen>
    <dimen name="dm947">7103px</dimen>
    <dimen name="dm948">7110px</dimen>
    <dimen name="dm949">7118px</dimen>
    <dimen name="dm950">7125px</dimen>
    <dimen name="dm951">7133px</dimen>
    <dimen name="dm952">7140px</dimen>
    <dimen name="dm953">7148px</dimen>
    <dimen name="dm954">7155px</dimen>
    <dimen name="dm955">7163px</dimen>
    <dimen name="dm956">7170px</dimen>
    <dimen name="dm957">7178px</dimen>
    <dimen name="dm958">7185px</dimen>
    <dimen name="dm959">7193px</dimen>
    <dimen name="dm960">7200px</dimen>
    <dimen name="dm961">7208px</dimen>
    <dimen name="dm962">7215px</dimen>
    <dimen name="dm963">7223px</dimen>
    <dimen name="dm964">7230px</dimen>
    <dimen name="dm965">7238px</dimen>
    <dimen name="dm966">7245px</dimen>
    <dimen name="dm967">7253px</dimen>
    <dimen name="dm968">7260px</dimen>
    <dimen name="dm969">7268px</dimen>
    <dimen name="dm970">7275px</dimen>
    <dimen name="dm971">7283px</dimen>
    <dimen name="dm972">7290px</dimen>
    <dimen name="dm973">7298px</dimen>
    <dimen name="dm974">7305px</dimen>
    <dimen name="dm975">7313px</dimen>
    <dimen name="dm976">7320px</dimen>
    <dimen name="dm977">7328px</dimen>
    <dimen name="dm978">7335px</dimen>
    <dimen name="dm979">7343px</dimen>
    <dimen name="dm980">7350px</dimen>
    <dimen name="dm981">7358px</dimen>
    <dimen name="dm982">7365px</dimen>
    <dimen name="dm983">7373px</dimen>
    <dimen name="dm984">7380px</dimen>
    <dimen name="dm985">7388px</dimen>
    <dimen name="dm986">7395px</dimen>
    <dimen name="dm987">7403px</dimen>
    <dimen name="dm988">7410px</dimen>
    <dimen name="dm989">7418px</dimen>
    <dimen name="dm990">7425px</dimen>
    <dimen name="dm991">7433px</dimen>
    <dimen name="dm992">7440px</dimen>
    <dimen name="dm993">7448px</dimen>
    <dimen name="dm994">7455px</dimen>
    <dimen name="dm995">7463px</dimen>
    <dimen name="dm996">7470px</dimen>
    <dimen name="dm997">7478px</dimen>
    <dimen name="dm998">7485px</dimen>
    <dimen name="dm999">7493px</dimen>

</resources>