<resources>

    <dimen name="dm_200">-239px</dimen>
    <dimen name="dm_199">-238px</dimen>
    <dimen name="dm_198">-237px</dimen>
    <dimen name="dm_197">-235px</dimen>
    <dimen name="dm_196">-234px</dimen>
    <dimen name="dm_195">-233px</dimen>
    <dimen name="dm_194">-232px</dimen>
    <dimen name="dm_193">-231px</dimen>
    <dimen name="dm_192">-229px</dimen>
    <dimen name="dm_191">-228px</dimen>
    <dimen name="dm_190">-227px</dimen>
    <dimen name="dm_189">-226px</dimen>
    <dimen name="dm_188">-225px</dimen>
    <dimen name="dm_187">-223px</dimen>
    <dimen name="dm_186">-222px</dimen>
    <dimen name="dm_185">-221px</dimen>
    <dimen name="dm_184">-220px</dimen>
    <dimen name="dm_183">-219px</dimen>
    <dimen name="dm_182">-217px</dimen>
    <dimen name="dm_181">-216px</dimen>
    <dimen name="dm_180">-215px</dimen>
    <dimen name="dm_179">-214px</dimen>
    <dimen name="dm_178">-213px</dimen>
    <dimen name="dm_177">-211px</dimen>
    <dimen name="dm_176">-210px</dimen>
    <dimen name="dm_175">-209px</dimen>
    <dimen name="dm_174">-208px</dimen>
    <dimen name="dm_173">-207px</dimen>
    <dimen name="dm_172">-205px</dimen>
    <dimen name="dm_171">-204px</dimen>
    <dimen name="dm_170">-203px</dimen>
    <dimen name="dm_169">-202px</dimen>
    <dimen name="dm_168">-201px</dimen>
    <dimen name="dm_167">-199px</dimen>
    <dimen name="dm_166">-198px</dimen>
    <dimen name="dm_165">-197px</dimen>
    <dimen name="dm_164">-196px</dimen>
    <dimen name="dm_163">-195px</dimen>
    <dimen name="dm_162">-193px</dimen>
    <dimen name="dm_161">-192px</dimen>
    <dimen name="dm_160">-191px</dimen>
    <dimen name="dm_159">-190px</dimen>
    <dimen name="dm_158">-189px</dimen>
    <dimen name="dm_157">-187px</dimen>
    <dimen name="dm_156">-186px</dimen>
    <dimen name="dm_155">-185px</dimen>
    <dimen name="dm_154">-184px</dimen>
    <dimen name="dm_153">-183px</dimen>
    <dimen name="dm_152">-181px</dimen>
    <dimen name="dm_151">-180px</dimen>
    <dimen name="dm_150">-179px</dimen>
    <dimen name="dm_149">-178px</dimen>
    <dimen name="dm_148">-177px</dimen>
    <dimen name="dm_147">-175px</dimen>
    <dimen name="dm_146">-174px</dimen>
    <dimen name="dm_145">-173px</dimen>
    <dimen name="dm_144">-172px</dimen>
    <dimen name="dm_143">-171px</dimen>
    <dimen name="dm_142">-169px</dimen>
    <dimen name="dm_141">-168px</dimen>
    <dimen name="dm_140">-167px</dimen>
    <dimen name="dm_139">-166px</dimen>
    <dimen name="dm_138">-165px</dimen>
    <dimen name="dm_137">-163px</dimen>
    <dimen name="dm_136">-162px</dimen>
    <dimen name="dm_135">-161px</dimen>
    <dimen name="dm_134">-160px</dimen>
    <dimen name="dm_133">-159px</dimen>
    <dimen name="dm_132">-157px</dimen>
    <dimen name="dm_131">-156px</dimen>
    <dimen name="dm_130">-155px</dimen>
    <dimen name="dm_129">-154px</dimen>
    <dimen name="dm_128">-153px</dimen>
    <dimen name="dm_127">-151px</dimen>
    <dimen name="dm_126">-150px</dimen>
    <dimen name="dm_125">-149px</dimen>
    <dimen name="dm_124">-148px</dimen>
    <dimen name="dm_123">-147px</dimen>
    <dimen name="dm_122">-145px</dimen>
    <dimen name="dm_121">-144px</dimen>
    <dimen name="dm_120">-143px</dimen>
    <dimen name="dm_119">-142px</dimen>
    <dimen name="dm_118">-141px</dimen>
    <dimen name="dm_117">-139px</dimen>
    <dimen name="dm_116">-138px</dimen>
    <dimen name="dm_115">-137px</dimen>
    <dimen name="dm_114">-136px</dimen>
    <dimen name="dm_113">-135px</dimen>
    <dimen name="dm_112">-133px</dimen>
    <dimen name="dm_111">-132px</dimen>
    <dimen name="dm_110">-131px</dimen>
    <dimen name="dm_109">-130px</dimen>
    <dimen name="dm_108">-129px</dimen>
    <dimen name="dm_107">-127px</dimen>
    <dimen name="dm_106">-126px</dimen>
    <dimen name="dm_105">-125px</dimen>
    <dimen name="dm_104">-124px</dimen>
    <dimen name="dm_103">-123px</dimen>
    <dimen name="dm_102">-121px</dimen>
    <dimen name="dm_101">-120px</dimen>
    <dimen name="dm_100">-119px</dimen>
    <dimen name="dm_099">-118px</dimen>
    <dimen name="dm_098">-117px</dimen>
    <dimen name="dm_097">-115px</dimen>
    <dimen name="dm_096">-114px</dimen>
    <dimen name="dm_095">-113px</dimen>
    <dimen name="dm_094">-112px</dimen>
    <dimen name="dm_093">-111px</dimen>
    <dimen name="dm_092">-109px</dimen>
    <dimen name="dm_091">-108px</dimen>
    <dimen name="dm_090">-107px</dimen>
    <dimen name="dm_089">-106px</dimen>
    <dimen name="dm_088">-105px</dimen>
    <dimen name="dm_087">-103px</dimen>
    <dimen name="dm_086">-102px</dimen>
    <dimen name="dm_085">-101px</dimen>
    <dimen name="dm_084">-100px</dimen>
    <dimen name="dm_083">-99px</dimen>
    <dimen name="dm_082">-97px</dimen>
    <dimen name="dm_081">-96px</dimen>
    <dimen name="dm_080">-95px</dimen>
    <dimen name="dm_079">-94px</dimen>
    <dimen name="dm_078">-93px</dimen>
    <dimen name="dm_077">-91px</dimen>
    <dimen name="dm_076">-90px</dimen>
    <dimen name="dm_075">-89px</dimen>
    <dimen name="dm_074">-88px</dimen>
    <dimen name="dm_073">-87px</dimen>
    <dimen name="dm_072">-85px</dimen>
    <dimen name="dm_071">-84px</dimen>
    <dimen name="dm_070">-83px</dimen>
    <dimen name="dm_069">-82px</dimen>
    <dimen name="dm_068">-81px</dimen>
    <dimen name="dm_067">-79px</dimen>
    <dimen name="dm_066">-78px</dimen>
    <dimen name="dm_065">-77px</dimen>
    <dimen name="dm_064">-76px</dimen>
    <dimen name="dm_063">-75px</dimen>
    <dimen name="dm_062">-73px</dimen>
    <dimen name="dm_061">-72px</dimen>
    <dimen name="dm_060">-71px</dimen>
    <dimen name="dm_059">-70px</dimen>
    <dimen name="dm_058">-69px</dimen>
    <dimen name="dm_057">-67px</dimen>
    <dimen name="dm_056">-66px</dimen>
    <dimen name="dm_055">-65px</dimen>
    <dimen name="dm_054">-64px</dimen>
    <dimen name="dm_053">-63px</dimen>
    <dimen name="dm_052">-61px</dimen>
    <dimen name="dm_051">-60px</dimen>
    <dimen name="dm_050">-59px</dimen>
    <dimen name="dm_049">-58px</dimen>
    <dimen name="dm_048">-57px</dimen>
    <dimen name="dm_047">-55px</dimen>
    <dimen name="dm_046">-54px</dimen>
    <dimen name="dm_045">-53px</dimen>
    <dimen name="dm_044">-52px</dimen>
    <dimen name="dm_043">-51px</dimen>
    <dimen name="dm_042">-49px</dimen>
    <dimen name="dm_041">-48px</dimen>
    <dimen name="dm_040">-47px</dimen>
    <dimen name="dm_039">-46px</dimen>
    <dimen name="dm_038">-45px</dimen>
    <dimen name="dm_037">-43px</dimen>
    <dimen name="dm_036">-42px</dimen>
    <dimen name="dm_035">-41px</dimen>
    <dimen name="dm_034">-40px</dimen>
    <dimen name="dm_033">-39px</dimen>
    <dimen name="dm_032">-37px</dimen>
    <dimen name="dm_031">-36px</dimen>
    <dimen name="dm_030">-35px</dimen>
    <dimen name="dm_029">-34px</dimen>
    <dimen name="dm_028">-33px</dimen>
    <dimen name="dm_027">-31px</dimen>
    <dimen name="dm_026">-30px</dimen>
    <dimen name="dm_025">-29px</dimen>
    <dimen name="dm_024">-28px</dimen>
    <dimen name="dm_023">-27px</dimen>
    <dimen name="dm_022">-25px</dimen>
    <dimen name="dm_021">-24px</dimen>
    <dimen name="dm_020">-23px</dimen>
    <dimen name="dm_019">-22px</dimen>
    <dimen name="dm_018">-21px</dimen>
    <dimen name="dm_017">-19px</dimen>
    <dimen name="dm_016">-18px</dimen>
    <dimen name="dm_015">-17px</dimen>
    <dimen name="dm_014">-16px</dimen>
    <dimen name="dm_013">-15px</dimen>
    <dimen name="dm_012">-13px</dimen>
    <dimen name="dm_011">-12px</dimen>
    <dimen name="dm_010">-11px</dimen>
    <dimen name="dm_009">-10px</dimen>
    <dimen name="dm_008">-9px</dimen>
    <dimen name="dm_007">-7px</dimen>
    <dimen name="dm_006">-6px</dimen>
    <dimen name="dm_005">-5px</dimen>
    <dimen name="dm_004">-4px</dimen>
    <dimen name="dm_003">-3px</dimen>
    <dimen name="dm_002">-1px</dimen>
    <dimen name="dm_001">-1px</dimen>
    <dimen name="dm000">0px</dimen>
    <dimen name="dm001">1px</dimen>
    <dimen name="dm002">2px</dimen>
    <dimen name="dm003">4px</dimen>
    <dimen name="dm004">5px</dimen>
    <dimen name="dm005">6px</dimen>
    <dimen name="dm006">7px</dimen>
    <dimen name="dm007">8px</dimen>
    <dimen name="dm008">10px</dimen>
    <dimen name="dm009">11px</dimen>
    <dimen name="dm010">12px</dimen>
    <dimen name="dm011">13px</dimen>
    <dimen name="dm012">14px</dimen>
    <dimen name="dm013">16px</dimen>
    <dimen name="dm014">17px</dimen>
    <dimen name="dm015">18px</dimen>
    <dimen name="dm016">19px</dimen>
    <dimen name="dm017">20px</dimen>
    <dimen name="dm018">22px</dimen>
    <dimen name="dm019">23px</dimen>
    <dimen name="dm020">24px</dimen>
    <dimen name="dm021">25px</dimen>
    <dimen name="dm022">26px</dimen>
    <dimen name="dm023">28px</dimen>
    <dimen name="dm024">29px</dimen>
    <dimen name="dm025">30px</dimen>
    <dimen name="dm026">31px</dimen>
    <dimen name="dm027">32px</dimen>
    <dimen name="dm028">34px</dimen>
    <dimen name="dm029">35px</dimen>
    <dimen name="dm030">36px</dimen>
    <dimen name="dm031">37px</dimen>
    <dimen name="dm032">38px</dimen>
    <dimen name="dm033">40px</dimen>
    <dimen name="dm034">41px</dimen>
    <dimen name="dm035">42px</dimen>
    <dimen name="dm036">43px</dimen>
    <dimen name="dm037">44px</dimen>
    <dimen name="dm038">46px</dimen>
    <dimen name="dm039">47px</dimen>
    <dimen name="dm040">48px</dimen>
    <dimen name="dm041">49px</dimen>
    <dimen name="dm042">50px</dimen>
    <dimen name="dm043">52px</dimen>
    <dimen name="dm044">53px</dimen>
    <dimen name="dm045">54px</dimen>
    <dimen name="dm046">55px</dimen>
    <dimen name="dm047">56px</dimen>
    <dimen name="dm048">58px</dimen>
    <dimen name="dm049">59px</dimen>
    <dimen name="dm050">60px</dimen>
    <dimen name="dm051">61px</dimen>
    <dimen name="dm052">62px</dimen>
    <dimen name="dm053">64px</dimen>
    <dimen name="dm054">65px</dimen>
    <dimen name="dm055">66px</dimen>
    <dimen name="dm056">67px</dimen>
    <dimen name="dm057">68px</dimen>
    <dimen name="dm058">70px</dimen>
    <dimen name="dm059">71px</dimen>
    <dimen name="dm060">72px</dimen>
    <dimen name="dm061">73px</dimen>
    <dimen name="dm062">74px</dimen>
    <dimen name="dm063">76px</dimen>
    <dimen name="dm064">77px</dimen>
    <dimen name="dm065">78px</dimen>
    <dimen name="dm066">79px</dimen>
    <dimen name="dm067">80px</dimen>
    <dimen name="dm068">82px</dimen>
    <dimen name="dm069">83px</dimen>
    <dimen name="dm070">84px</dimen>
    <dimen name="dm071">85px</dimen>
    <dimen name="dm072">86px</dimen>
    <dimen name="dm073">88px</dimen>
    <dimen name="dm074">89px</dimen>
    <dimen name="dm075">90px</dimen>
    <dimen name="dm076">91px</dimen>
    <dimen name="dm077">92px</dimen>
    <dimen name="dm078">94px</dimen>
    <dimen name="dm079">95px</dimen>
    <dimen name="dm080">96px</dimen>
    <dimen name="dm081">97px</dimen>
    <dimen name="dm082">98px</dimen>
    <dimen name="dm083">100px</dimen>
    <dimen name="dm084">101px</dimen>
    <dimen name="dm085">102px</dimen>
    <dimen name="dm086">103px</dimen>
    <dimen name="dm087">104px</dimen>
    <dimen name="dm088">106px</dimen>
    <dimen name="dm089">107px</dimen>
    <dimen name="dm090">108px</dimen>
    <dimen name="dm091">109px</dimen>
    <dimen name="dm092">110px</dimen>
    <dimen name="dm093">112px</dimen>
    <dimen name="dm094">113px</dimen>
    <dimen name="dm095">114px</dimen>
    <dimen name="dm096">115px</dimen>
    <dimen name="dm097">116px</dimen>
    <dimen name="dm098">118px</dimen>
    <dimen name="dm099">119px</dimen>
    <dimen name="dm100">120px</dimen>
    <dimen name="dm101">121px</dimen>
    <dimen name="dm102">122px</dimen>
    <dimen name="dm103">124px</dimen>
    <dimen name="dm104">125px</dimen>
    <dimen name="dm105">126px</dimen>
    <dimen name="dm106">127px</dimen>
    <dimen name="dm107">128px</dimen>
    <dimen name="dm108">130px</dimen>
    <dimen name="dm109">131px</dimen>
    <dimen name="dm110">132px</dimen>
    <dimen name="dm111">133px</dimen>
    <dimen name="dm112">134px</dimen>
    <dimen name="dm113">136px</dimen>
    <dimen name="dm114">137px</dimen>
    <dimen name="dm115">138px</dimen>
    <dimen name="dm116">139px</dimen>
    <dimen name="dm117">140px</dimen>
    <dimen name="dm118">142px</dimen>
    <dimen name="dm119">143px</dimen>
    <dimen name="dm120">144px</dimen>
    <dimen name="dm121">145px</dimen>
    <dimen name="dm122">146px</dimen>
    <dimen name="dm123">148px</dimen>
    <dimen name="dm124">149px</dimen>
    <dimen name="dm125">150px</dimen>
    <dimen name="dm126">151px</dimen>
    <dimen name="dm127">152px</dimen>
    <dimen name="dm128">154px</dimen>
    <dimen name="dm129">155px</dimen>
    <dimen name="dm130">156px</dimen>
    <dimen name="dm131">157px</dimen>
    <dimen name="dm132">158px</dimen>
    <dimen name="dm133">160px</dimen>
    <dimen name="dm134">161px</dimen>
    <dimen name="dm135">162px</dimen>
    <dimen name="dm136">163px</dimen>
    <dimen name="dm137">164px</dimen>
    <dimen name="dm138">166px</dimen>
    <dimen name="dm139">167px</dimen>
    <dimen name="dm140">168px</dimen>
    <dimen name="dm141">169px</dimen>
    <dimen name="dm142">170px</dimen>
    <dimen name="dm143">172px</dimen>
    <dimen name="dm144">173px</dimen>
    <dimen name="dm145">174px</dimen>
    <dimen name="dm146">175px</dimen>
    <dimen name="dm147">176px</dimen>
    <dimen name="dm148">178px</dimen>
    <dimen name="dm149">179px</dimen>
    <dimen name="dm150">180px</dimen>
    <dimen name="dm151">181px</dimen>
    <dimen name="dm152">182px</dimen>
    <dimen name="dm153">184px</dimen>
    <dimen name="dm154">185px</dimen>
    <dimen name="dm155">186px</dimen>
    <dimen name="dm156">187px</dimen>
    <dimen name="dm157">188px</dimen>
    <dimen name="dm158">190px</dimen>
    <dimen name="dm159">191px</dimen>
    <dimen name="dm160">192px</dimen>
    <dimen name="dm161">193px</dimen>
    <dimen name="dm162">194px</dimen>
    <dimen name="dm163">196px</dimen>
    <dimen name="dm164">197px</dimen>
    <dimen name="dm165">198px</dimen>
    <dimen name="dm166">199px</dimen>
    <dimen name="dm167">200px</dimen>
    <dimen name="dm168">202px</dimen>
    <dimen name="dm169">203px</dimen>
    <dimen name="dm170">204px</dimen>
    <dimen name="dm171">205px</dimen>
    <dimen name="dm172">206px</dimen>
    <dimen name="dm173">208px</dimen>
    <dimen name="dm174">209px</dimen>
    <dimen name="dm175">210px</dimen>
    <dimen name="dm176">211px</dimen>
    <dimen name="dm177">212px</dimen>
    <dimen name="dm178">214px</dimen>
    <dimen name="dm179">215px</dimen>
    <dimen name="dm180">216px</dimen>
    <dimen name="dm181">217px</dimen>
    <dimen name="dm182">218px</dimen>
    <dimen name="dm183">220px</dimen>
    <dimen name="dm184">221px</dimen>
    <dimen name="dm185">222px</dimen>
    <dimen name="dm186">223px</dimen>
    <dimen name="dm187">224px</dimen>
    <dimen name="dm188">226px</dimen>
    <dimen name="dm189">227px</dimen>
    <dimen name="dm190">228px</dimen>
    <dimen name="dm191">229px</dimen>
    <dimen name="dm192">230px</dimen>
    <dimen name="dm193">232px</dimen>
    <dimen name="dm194">233px</dimen>
    <dimen name="dm195">234px</dimen>
    <dimen name="dm196">235px</dimen>
    <dimen name="dm197">236px</dimen>
    <dimen name="dm198">238px</dimen>
    <dimen name="dm199">239px</dimen>
    <dimen name="dm200">240px</dimen>
    <dimen name="dm201">241px</dimen>
    <dimen name="dm202">242px</dimen>
    <dimen name="dm203">244px</dimen>
    <dimen name="dm204">245px</dimen>
    <dimen name="dm205">246px</dimen>
    <dimen name="dm206">247px</dimen>
    <dimen name="dm207">248px</dimen>
    <dimen name="dm208">250px</dimen>
    <dimen name="dm209">251px</dimen>
    <dimen name="dm210">252px</dimen>
    <dimen name="dm211">253px</dimen>
    <dimen name="dm212">254px</dimen>
    <dimen name="dm213">256px</dimen>
    <dimen name="dm214">257px</dimen>
    <dimen name="dm215">258px</dimen>
    <dimen name="dm216">259px</dimen>
    <dimen name="dm217">260px</dimen>
    <dimen name="dm218">262px</dimen>
    <dimen name="dm219">263px</dimen>
    <dimen name="dm220">264px</dimen>
    <dimen name="dm221">265px</dimen>
    <dimen name="dm222">266px</dimen>
    <dimen name="dm223">268px</dimen>
    <dimen name="dm224">269px</dimen>
    <dimen name="dm225">270px</dimen>
    <dimen name="dm226">271px</dimen>
    <dimen name="dm227">272px</dimen>
    <dimen name="dm228">274px</dimen>
    <dimen name="dm229">275px</dimen>
    <dimen name="dm230">276px</dimen>
    <dimen name="dm231">277px</dimen>
    <dimen name="dm232">278px</dimen>
    <dimen name="dm233">280px</dimen>
    <dimen name="dm234">281px</dimen>
    <dimen name="dm235">282px</dimen>
    <dimen name="dm236">283px</dimen>
    <dimen name="dm237">284px</dimen>
    <dimen name="dm238">286px</dimen>
    <dimen name="dm239">287px</dimen>
    <dimen name="dm240">288px</dimen>
    <dimen name="dm241">289px</dimen>
    <dimen name="dm242">290px</dimen>
    <dimen name="dm243">292px</dimen>
    <dimen name="dm244">293px</dimen>
    <dimen name="dm245">294px</dimen>
    <dimen name="dm246">295px</dimen>
    <dimen name="dm247">296px</dimen>
    <dimen name="dm248">298px</dimen>
    <dimen name="dm249">299px</dimen>
    <dimen name="dm250">300px</dimen>
    <dimen name="dm251">301px</dimen>
    <dimen name="dm252">302px</dimen>
    <dimen name="dm253">304px</dimen>
    <dimen name="dm254">305px</dimen>
    <dimen name="dm255">306px</dimen>
    <dimen name="dm256">307px</dimen>
    <dimen name="dm257">308px</dimen>
    <dimen name="dm258">310px</dimen>
    <dimen name="dm259">311px</dimen>
    <dimen name="dm260">312px</dimen>
    <dimen name="dm261">313px</dimen>
    <dimen name="dm262">314px</dimen>
    <dimen name="dm263">316px</dimen>
    <dimen name="dm264">317px</dimen>
    <dimen name="dm265">318px</dimen>
    <dimen name="dm266">319px</dimen>
    <dimen name="dm267">320px</dimen>
    <dimen name="dm268">322px</dimen>
    <dimen name="dm269">323px</dimen>
    <dimen name="dm270">324px</dimen>
    <dimen name="dm271">325px</dimen>
    <dimen name="dm272">326px</dimen>
    <dimen name="dm273">328px</dimen>
    <dimen name="dm274">329px</dimen>
    <dimen name="dm275">330px</dimen>
    <dimen name="dm276">331px</dimen>
    <dimen name="dm277">332px</dimen>
    <dimen name="dm278">334px</dimen>
    <dimen name="dm279">335px</dimen>
    <dimen name="dm280">336px</dimen>
    <dimen name="dm281">337px</dimen>
    <dimen name="dm282">338px</dimen>
    <dimen name="dm283">340px</dimen>
    <dimen name="dm284">341px</dimen>
    <dimen name="dm285">342px</dimen>
    <dimen name="dm286">343px</dimen>
    <dimen name="dm287">344px</dimen>
    <dimen name="dm288">346px</dimen>
    <dimen name="dm289">347px</dimen>
    <dimen name="dm290">348px</dimen>
    <dimen name="dm291">349px</dimen>
    <dimen name="dm292">350px</dimen>
    <dimen name="dm293">352px</dimen>
    <dimen name="dm294">353px</dimen>
    <dimen name="dm295">354px</dimen>
    <dimen name="dm296">355px</dimen>
    <dimen name="dm297">356px</dimen>
    <dimen name="dm298">358px</dimen>
    <dimen name="dm299">359px</dimen>
    <dimen name="dm300">360px</dimen>
    <dimen name="dm301">361px</dimen>
    <dimen name="dm302">362px</dimen>
    <dimen name="dm303">364px</dimen>
    <dimen name="dm304">365px</dimen>
    <dimen name="dm305">366px</dimen>
    <dimen name="dm306">367px</dimen>
    <dimen name="dm307">368px</dimen>
    <dimen name="dm308">370px</dimen>
    <dimen name="dm309">371px</dimen>
    <dimen name="dm310">372px</dimen>
    <dimen name="dm311">373px</dimen>
    <dimen name="dm312">374px</dimen>
    <dimen name="dm313">376px</dimen>
    <dimen name="dm314">377px</dimen>
    <dimen name="dm315">378px</dimen>
    <dimen name="dm316">379px</dimen>
    <dimen name="dm317">380px</dimen>
    <dimen name="dm318">382px</dimen>
    <dimen name="dm319">383px</dimen>
    <dimen name="dm320">384px</dimen>
    <dimen name="dm321">385px</dimen>
    <dimen name="dm322">386px</dimen>
    <dimen name="dm323">388px</dimen>
    <dimen name="dm324">389px</dimen>
    <dimen name="dm325">390px</dimen>
    <dimen name="dm326">391px</dimen>
    <dimen name="dm327">392px</dimen>
    <dimen name="dm328">394px</dimen>
    <dimen name="dm329">395px</dimen>
    <dimen name="dm330">396px</dimen>
    <dimen name="dm331">397px</dimen>
    <dimen name="dm332">398px</dimen>
    <dimen name="dm333">400px</dimen>
    <dimen name="dm334">401px</dimen>
    <dimen name="dm335">402px</dimen>
    <dimen name="dm336">403px</dimen>
    <dimen name="dm337">404px</dimen>
    <dimen name="dm338">406px</dimen>
    <dimen name="dm339">407px</dimen>
    <dimen name="dm340">408px</dimen>
    <dimen name="dm341">409px</dimen>
    <dimen name="dm342">410px</dimen>
    <dimen name="dm343">412px</dimen>
    <dimen name="dm344">413px</dimen>
    <dimen name="dm345">414px</dimen>
    <dimen name="dm346">415px</dimen>
    <dimen name="dm347">416px</dimen>
    <dimen name="dm348">418px</dimen>
    <dimen name="dm349">419px</dimen>
    <dimen name="dm350">420px</dimen>
    <dimen name="dm351">421px</dimen>
    <dimen name="dm352">422px</dimen>
    <dimen name="dm353">424px</dimen>
    <dimen name="dm354">425px</dimen>
    <dimen name="dm355">426px</dimen>
    <dimen name="dm356">427px</dimen>
    <dimen name="dm357">428px</dimen>
    <dimen name="dm358">430px</dimen>
    <dimen name="dm359">431px</dimen>
    <dimen name="dm360">432px</dimen>
    <dimen name="dm361">433px</dimen>
    <dimen name="dm362">434px</dimen>
    <dimen name="dm363">436px</dimen>
    <dimen name="dm364">437px</dimen>
    <dimen name="dm365">438px</dimen>
    <dimen name="dm366">439px</dimen>
    <dimen name="dm367">440px</dimen>
    <dimen name="dm368">442px</dimen>
    <dimen name="dm369">443px</dimen>
    <dimen name="dm370">444px</dimen>
    <dimen name="dm371">445px</dimen>
    <dimen name="dm372">446px</dimen>
    <dimen name="dm373">448px</dimen>
    <dimen name="dm374">449px</dimen>
    <dimen name="dm375">450px</dimen>
    <dimen name="dm376">451px</dimen>
    <dimen name="dm377">452px</dimen>
    <dimen name="dm378">454px</dimen>
    <dimen name="dm379">455px</dimen>
    <dimen name="dm380">456px</dimen>
    <dimen name="dm381">457px</dimen>
    <dimen name="dm382">458px</dimen>
    <dimen name="dm383">460px</dimen>
    <dimen name="dm384">461px</dimen>
    <dimen name="dm385">462px</dimen>
    <dimen name="dm386">463px</dimen>
    <dimen name="dm387">464px</dimen>
    <dimen name="dm388">466px</dimen>
    <dimen name="dm389">467px</dimen>
    <dimen name="dm390">468px</dimen>
    <dimen name="dm391">469px</dimen>
    <dimen name="dm392">470px</dimen>
    <dimen name="dm393">472px</dimen>
    <dimen name="dm394">473px</dimen>
    <dimen name="dm395">474px</dimen>
    <dimen name="dm396">475px</dimen>
    <dimen name="dm397">476px</dimen>
    <dimen name="dm398">478px</dimen>
    <dimen name="dm399">479px</dimen>
    <dimen name="dm400">480px</dimen>
    <dimen name="dm401">481px</dimen>
    <dimen name="dm402">482px</dimen>
    <dimen name="dm403">484px</dimen>
    <dimen name="dm404">485px</dimen>
    <dimen name="dm405">486px</dimen>
    <dimen name="dm406">487px</dimen>
    <dimen name="dm407">488px</dimen>
    <dimen name="dm408">490px</dimen>
    <dimen name="dm409">491px</dimen>
    <dimen name="dm410">492px</dimen>
    <dimen name="dm411">493px</dimen>
    <dimen name="dm412">494px</dimen>
    <dimen name="dm413">496px</dimen>
    <dimen name="dm414">497px</dimen>
    <dimen name="dm415">498px</dimen>
    <dimen name="dm416">499px</dimen>
    <dimen name="dm417">500px</dimen>
    <dimen name="dm418">502px</dimen>
    <dimen name="dm419">503px</dimen>
    <dimen name="dm420">504px</dimen>
    <dimen name="dm421">505px</dimen>
    <dimen name="dm422">506px</dimen>
    <dimen name="dm423">508px</dimen>
    <dimen name="dm424">509px</dimen>
    <dimen name="dm425">510px</dimen>
    <dimen name="dm426">511px</dimen>
    <dimen name="dm427">512px</dimen>
    <dimen name="dm428">514px</dimen>
    <dimen name="dm429">515px</dimen>
    <dimen name="dm430">516px</dimen>
    <dimen name="dm431">517px</dimen>
    <dimen name="dm432">518px</dimen>
    <dimen name="dm433">520px</dimen>
    <dimen name="dm434">521px</dimen>
    <dimen name="dm435">522px</dimen>
    <dimen name="dm436">523px</dimen>
    <dimen name="dm437">524px</dimen>
    <dimen name="dm438">526px</dimen>
    <dimen name="dm439">527px</dimen>
    <dimen name="dm440">528px</dimen>
    <dimen name="dm441">529px</dimen>
    <dimen name="dm442">530px</dimen>
    <dimen name="dm443">532px</dimen>
    <dimen name="dm444">533px</dimen>
    <dimen name="dm445">534px</dimen>
    <dimen name="dm446">535px</dimen>
    <dimen name="dm447">536px</dimen>
    <dimen name="dm448">538px</dimen>
    <dimen name="dm449">539px</dimen>
    <dimen name="dm450">540px</dimen>
    <dimen name="dm451">541px</dimen>
    <dimen name="dm452">542px</dimen>
    <dimen name="dm453">544px</dimen>
    <dimen name="dm454">545px</dimen>
    <dimen name="dm455">546px</dimen>
    <dimen name="dm456">547px</dimen>
    <dimen name="dm457">548px</dimen>
    <dimen name="dm458">550px</dimen>
    <dimen name="dm459">551px</dimen>
    <dimen name="dm460">552px</dimen>
    <dimen name="dm461">553px</dimen>
    <dimen name="dm462">554px</dimen>
    <dimen name="dm463">556px</dimen>
    <dimen name="dm464">557px</dimen>
    <dimen name="dm465">558px</dimen>
    <dimen name="dm466">559px</dimen>
    <dimen name="dm467">560px</dimen>
    <dimen name="dm468">562px</dimen>
    <dimen name="dm469">563px</dimen>
    <dimen name="dm470">564px</dimen>
    <dimen name="dm471">565px</dimen>
    <dimen name="dm472">566px</dimen>
    <dimen name="dm473">568px</dimen>
    <dimen name="dm474">569px</dimen>
    <dimen name="dm475">570px</dimen>
    <dimen name="dm476">571px</dimen>
    <dimen name="dm477">572px</dimen>
    <dimen name="dm478">574px</dimen>
    <dimen name="dm479">575px</dimen>
    <dimen name="dm480">576px</dimen>
    <dimen name="dm481">577px</dimen>
    <dimen name="dm482">578px</dimen>
    <dimen name="dm483">580px</dimen>
    <dimen name="dm484">581px</dimen>
    <dimen name="dm485">582px</dimen>
    <dimen name="dm486">583px</dimen>
    <dimen name="dm487">584px</dimen>
    <dimen name="dm488">586px</dimen>
    <dimen name="dm489">587px</dimen>
    <dimen name="dm490">588px</dimen>
    <dimen name="dm491">589px</dimen>
    <dimen name="dm492">590px</dimen>
    <dimen name="dm493">592px</dimen>
    <dimen name="dm494">593px</dimen>
    <dimen name="dm495">594px</dimen>
    <dimen name="dm496">595px</dimen>
    <dimen name="dm497">596px</dimen>
    <dimen name="dm498">598px</dimen>
    <dimen name="dm499">599px</dimen>
    <dimen name="dm500">600px</dimen>
    <dimen name="dm501">601px</dimen>
    <dimen name="dm502">602px</dimen>
    <dimen name="dm503">604px</dimen>
    <dimen name="dm504">605px</dimen>
    <dimen name="dm505">606px</dimen>
    <dimen name="dm506">607px</dimen>
    <dimen name="dm507">608px</dimen>
    <dimen name="dm508">610px</dimen>
    <dimen name="dm509">611px</dimen>
    <dimen name="dm510">612px</dimen>
    <dimen name="dm511">613px</dimen>
    <dimen name="dm512">614px</dimen>
    <dimen name="dm513">616px</dimen>
    <dimen name="dm514">617px</dimen>
    <dimen name="dm515">618px</dimen>
    <dimen name="dm516">619px</dimen>
    <dimen name="dm517">620px</dimen>
    <dimen name="dm518">622px</dimen>
    <dimen name="dm519">623px</dimen>
    <dimen name="dm520">624px</dimen>
    <dimen name="dm521">625px</dimen>
    <dimen name="dm522">626px</dimen>
    <dimen name="dm523">628px</dimen>
    <dimen name="dm524">629px</dimen>
    <dimen name="dm525">630px</dimen>
    <dimen name="dm526">631px</dimen>
    <dimen name="dm527">632px</dimen>
    <dimen name="dm528">634px</dimen>
    <dimen name="dm529">635px</dimen>
    <dimen name="dm530">636px</dimen>
    <dimen name="dm531">637px</dimen>
    <dimen name="dm532">638px</dimen>
    <dimen name="dm533">640px</dimen>
    <dimen name="dm534">641px</dimen>
    <dimen name="dm535">642px</dimen>
    <dimen name="dm536">643px</dimen>
    <dimen name="dm537">644px</dimen>
    <dimen name="dm538">646px</dimen>
    <dimen name="dm539">647px</dimen>
    <dimen name="dm540">648px</dimen>
    <dimen name="dm541">649px</dimen>
    <dimen name="dm542">650px</dimen>
    <dimen name="dm543">652px</dimen>
    <dimen name="dm544">653px</dimen>
    <dimen name="dm545">654px</dimen>
    <dimen name="dm546">655px</dimen>
    <dimen name="dm547">656px</dimen>
    <dimen name="dm548">658px</dimen>
    <dimen name="dm549">659px</dimen>
    <dimen name="dm550">660px</dimen>
    <dimen name="dm551">661px</dimen>
    <dimen name="dm552">662px</dimen>
    <dimen name="dm553">664px</dimen>
    <dimen name="dm554">665px</dimen>
    <dimen name="dm555">666px</dimen>
    <dimen name="dm556">667px</dimen>
    <dimen name="dm557">668px</dimen>
    <dimen name="dm558">670px</dimen>
    <dimen name="dm559">671px</dimen>
    <dimen name="dm560">672px</dimen>
    <dimen name="dm561">673px</dimen>
    <dimen name="dm562">674px</dimen>
    <dimen name="dm563">676px</dimen>
    <dimen name="dm564">677px</dimen>
    <dimen name="dm565">678px</dimen>
    <dimen name="dm566">679px</dimen>
    <dimen name="dm567">680px</dimen>
    <dimen name="dm568">682px</dimen>
    <dimen name="dm569">683px</dimen>
    <dimen name="dm570">684px</dimen>
    <dimen name="dm571">685px</dimen>
    <dimen name="dm572">686px</dimen>
    <dimen name="dm573">688px</dimen>
    <dimen name="dm574">689px</dimen>
    <dimen name="dm575">690px</dimen>
    <dimen name="dm576">691px</dimen>
    <dimen name="dm577">692px</dimen>
    <dimen name="dm578">694px</dimen>
    <dimen name="dm579">695px</dimen>
    <dimen name="dm580">696px</dimen>
    <dimen name="dm581">697px</dimen>
    <dimen name="dm582">698px</dimen>
    <dimen name="dm583">700px</dimen>
    <dimen name="dm584">701px</dimen>
    <dimen name="dm585">702px</dimen>
    <dimen name="dm586">703px</dimen>
    <dimen name="dm587">704px</dimen>
    <dimen name="dm588">706px</dimen>
    <dimen name="dm589">707px</dimen>
    <dimen name="dm590">708px</dimen>
    <dimen name="dm591">709px</dimen>
    <dimen name="dm592">710px</dimen>
    <dimen name="dm593">712px</dimen>
    <dimen name="dm594">713px</dimen>
    <dimen name="dm595">714px</dimen>
    <dimen name="dm596">715px</dimen>
    <dimen name="dm597">716px</dimen>
    <dimen name="dm598">718px</dimen>
    <dimen name="dm599">719px</dimen>
    <dimen name="dm600">720px</dimen>
    <dimen name="dm601">721px</dimen>
    <dimen name="dm602">722px</dimen>
    <dimen name="dm603">724px</dimen>
    <dimen name="dm604">725px</dimen>
    <dimen name="dm605">726px</dimen>
    <dimen name="dm606">727px</dimen>
    <dimen name="dm607">728px</dimen>
    <dimen name="dm608">730px</dimen>
    <dimen name="dm609">731px</dimen>
    <dimen name="dm610">732px</dimen>
    <dimen name="dm611">733px</dimen>
    <dimen name="dm612">734px</dimen>
    <dimen name="dm613">736px</dimen>
    <dimen name="dm614">737px</dimen>
    <dimen name="dm615">738px</dimen>
    <dimen name="dm616">739px</dimen>
    <dimen name="dm617">740px</dimen>
    <dimen name="dm618">742px</dimen>
    <dimen name="dm619">743px</dimen>
    <dimen name="dm620">744px</dimen>
    <dimen name="dm621">745px</dimen>
    <dimen name="dm622">746px</dimen>
    <dimen name="dm623">748px</dimen>
    <dimen name="dm624">749px</dimen>
    <dimen name="dm625">750px</dimen>
    <dimen name="dm626">751px</dimen>
    <dimen name="dm627">752px</dimen>
    <dimen name="dm628">754px</dimen>
    <dimen name="dm629">755px</dimen>
    <dimen name="dm630">756px</dimen>
    <dimen name="dm631">757px</dimen>
    <dimen name="dm632">758px</dimen>
    <dimen name="dm633">760px</dimen>
    <dimen name="dm634">761px</dimen>
    <dimen name="dm635">762px</dimen>
    <dimen name="dm636">763px</dimen>
    <dimen name="dm637">764px</dimen>
    <dimen name="dm638">766px</dimen>
    <dimen name="dm639">767px</dimen>
    <dimen name="dm640">768px</dimen>
    <dimen name="dm641">769px</dimen>
    <dimen name="dm642">770px</dimen>
    <dimen name="dm643">772px</dimen>
    <dimen name="dm644">773px</dimen>
    <dimen name="dm645">774px</dimen>
    <dimen name="dm646">775px</dimen>
    <dimen name="dm647">776px</dimen>
    <dimen name="dm648">778px</dimen>
    <dimen name="dm649">779px</dimen>
    <dimen name="dm650">780px</dimen>
    <dimen name="dm651">781px</dimen>
    <dimen name="dm652">782px</dimen>
    <dimen name="dm653">784px</dimen>
    <dimen name="dm654">785px</dimen>
    <dimen name="dm655">786px</dimen>
    <dimen name="dm656">787px</dimen>
    <dimen name="dm657">788px</dimen>
    <dimen name="dm658">790px</dimen>
    <dimen name="dm659">791px</dimen>
    <dimen name="dm660">792px</dimen>
    <dimen name="dm661">793px</dimen>
    <dimen name="dm662">794px</dimen>
    <dimen name="dm663">796px</dimen>
    <dimen name="dm664">797px</dimen>
    <dimen name="dm665">798px</dimen>
    <dimen name="dm666">799px</dimen>
    <dimen name="dm667">800px</dimen>
    <dimen name="dm668">802px</dimen>
    <dimen name="dm669">803px</dimen>
    <dimen name="dm670">804px</dimen>
    <dimen name="dm671">805px</dimen>
    <dimen name="dm672">806px</dimen>
    <dimen name="dm673">808px</dimen>
    <dimen name="dm674">809px</dimen>
    <dimen name="dm675">810px</dimen>
    <dimen name="dm676">811px</dimen>
    <dimen name="dm677">812px</dimen>
    <dimen name="dm678">814px</dimen>
    <dimen name="dm679">815px</dimen>
    <dimen name="dm680">816px</dimen>
    <dimen name="dm681">817px</dimen>
    <dimen name="dm682">818px</dimen>
    <dimen name="dm683">820px</dimen>
    <dimen name="dm684">821px</dimen>
    <dimen name="dm685">822px</dimen>
    <dimen name="dm686">823px</dimen>
    <dimen name="dm687">824px</dimen>
    <dimen name="dm688">826px</dimen>
    <dimen name="dm689">827px</dimen>
    <dimen name="dm690">828px</dimen>
    <dimen name="dm691">829px</dimen>
    <dimen name="dm692">830px</dimen>
    <dimen name="dm693">832px</dimen>
    <dimen name="dm694">833px</dimen>
    <dimen name="dm695">834px</dimen>
    <dimen name="dm696">835px</dimen>
    <dimen name="dm697">836px</dimen>
    <dimen name="dm698">838px</dimen>
    <dimen name="dm699">839px</dimen>
    <dimen name="dm700">840px</dimen>
    <dimen name="dm701">841px</dimen>
    <dimen name="dm702">842px</dimen>
    <dimen name="dm703">844px</dimen>
    <dimen name="dm704">845px</dimen>
    <dimen name="dm705">846px</dimen>
    <dimen name="dm706">847px</dimen>
    <dimen name="dm707">848px</dimen>
    <dimen name="dm708">850px</dimen>
    <dimen name="dm709">851px</dimen>
    <dimen name="dm710">852px</dimen>
    <dimen name="dm711">853px</dimen>
    <dimen name="dm712">854px</dimen>
    <dimen name="dm713">856px</dimen>
    <dimen name="dm714">857px</dimen>
    <dimen name="dm715">858px</dimen>
    <dimen name="dm716">859px</dimen>
    <dimen name="dm717">860px</dimen>
    <dimen name="dm718">862px</dimen>
    <dimen name="dm719">863px</dimen>
    <dimen name="dm720">864px</dimen>
    <dimen name="dm721">865px</dimen>
    <dimen name="dm722">866px</dimen>
    <dimen name="dm723">868px</dimen>
    <dimen name="dm724">869px</dimen>
    <dimen name="dm725">870px</dimen>
    <dimen name="dm726">871px</dimen>
    <dimen name="dm727">872px</dimen>
    <dimen name="dm728">874px</dimen>
    <dimen name="dm729">875px</dimen>
    <dimen name="dm730">876px</dimen>
    <dimen name="dm731">877px</dimen>
    <dimen name="dm732">878px</dimen>
    <dimen name="dm733">880px</dimen>
    <dimen name="dm734">881px</dimen>
    <dimen name="dm735">882px</dimen>
    <dimen name="dm736">883px</dimen>
    <dimen name="dm737">884px</dimen>
    <dimen name="dm738">886px</dimen>
    <dimen name="dm739">887px</dimen>
    <dimen name="dm740">888px</dimen>
    <dimen name="dm741">889px</dimen>
    <dimen name="dm742">890px</dimen>
    <dimen name="dm743">892px</dimen>
    <dimen name="dm744">893px</dimen>
    <dimen name="dm745">894px</dimen>
    <dimen name="dm746">895px</dimen>
    <dimen name="dm747">896px</dimen>
    <dimen name="dm748">898px</dimen>
    <dimen name="dm749">899px</dimen>
    <dimen name="dm750">900px</dimen>
    <dimen name="dm751">901px</dimen>
    <dimen name="dm752">902px</dimen>
    <dimen name="dm753">904px</dimen>
    <dimen name="dm754">905px</dimen>
    <dimen name="dm755">906px</dimen>
    <dimen name="dm756">907px</dimen>
    <dimen name="dm757">908px</dimen>
    <dimen name="dm758">910px</dimen>
    <dimen name="dm759">911px</dimen>
    <dimen name="dm760">912px</dimen>
    <dimen name="dm761">913px</dimen>
    <dimen name="dm762">914px</dimen>
    <dimen name="dm763">916px</dimen>
    <dimen name="dm764">917px</dimen>
    <dimen name="dm765">918px</dimen>
    <dimen name="dm766">919px</dimen>
    <dimen name="dm767">920px</dimen>
    <dimen name="dm768">922px</dimen>
    <dimen name="dm769">923px</dimen>
    <dimen name="dm770">924px</dimen>
    <dimen name="dm771">925px</dimen>
    <dimen name="dm772">926px</dimen>
    <dimen name="dm773">928px</dimen>
    <dimen name="dm774">929px</dimen>
    <dimen name="dm775">930px</dimen>
    <dimen name="dm776">931px</dimen>
    <dimen name="dm777">932px</dimen>
    <dimen name="dm778">934px</dimen>
    <dimen name="dm779">935px</dimen>
    <dimen name="dm780">936px</dimen>
    <dimen name="dm781">937px</dimen>
    <dimen name="dm782">938px</dimen>
    <dimen name="dm783">940px</dimen>
    <dimen name="dm784">941px</dimen>
    <dimen name="dm785">942px</dimen>
    <dimen name="dm786">943px</dimen>
    <dimen name="dm787">944px</dimen>
    <dimen name="dm788">946px</dimen>
    <dimen name="dm789">947px</dimen>
    <dimen name="dm790">948px</dimen>
    <dimen name="dm791">949px</dimen>
    <dimen name="dm792">950px</dimen>
    <dimen name="dm793">952px</dimen>
    <dimen name="dm794">953px</dimen>
    <dimen name="dm795">954px</dimen>
    <dimen name="dm796">955px</dimen>
    <dimen name="dm797">956px</dimen>
    <dimen name="dm798">958px</dimen>
    <dimen name="dm799">959px</dimen>
    <dimen name="dm800">960px</dimen>
    <dimen name="dm801">961px</dimen>
    <dimen name="dm802">962px</dimen>
    <dimen name="dm803">964px</dimen>
    <dimen name="dm804">965px</dimen>
    <dimen name="dm805">966px</dimen>
    <dimen name="dm806">967px</dimen>
    <dimen name="dm807">968px</dimen>
    <dimen name="dm808">970px</dimen>
    <dimen name="dm809">971px</dimen>
    <dimen name="dm810">972px</dimen>
    <dimen name="dm811">973px</dimen>
    <dimen name="dm812">974px</dimen>
    <dimen name="dm813">976px</dimen>
    <dimen name="dm814">977px</dimen>
    <dimen name="dm815">978px</dimen>
    <dimen name="dm816">979px</dimen>
    <dimen name="dm817">980px</dimen>
    <dimen name="dm818">982px</dimen>
    <dimen name="dm819">983px</dimen>
    <dimen name="dm820">984px</dimen>
    <dimen name="dm821">985px</dimen>
    <dimen name="dm822">986px</dimen>
    <dimen name="dm823">988px</dimen>
    <dimen name="dm824">989px</dimen>
    <dimen name="dm825">990px</dimen>
    <dimen name="dm826">991px</dimen>
    <dimen name="dm827">992px</dimen>
    <dimen name="dm828">994px</dimen>
    <dimen name="dm829">995px</dimen>
    <dimen name="dm830">996px</dimen>
    <dimen name="dm831">997px</dimen>
    <dimen name="dm832">998px</dimen>
    <dimen name="dm833">1000px</dimen>
    <dimen name="dm834">1001px</dimen>
    <dimen name="dm835">1002px</dimen>
    <dimen name="dm836">1003px</dimen>
    <dimen name="dm837">1004px</dimen>
    <dimen name="dm838">1006px</dimen>
    <dimen name="dm839">1007px</dimen>
    <dimen name="dm840">1008px</dimen>
    <dimen name="dm841">1009px</dimen>
    <dimen name="dm842">1010px</dimen>
    <dimen name="dm843">1012px</dimen>
    <dimen name="dm844">1013px</dimen>
    <dimen name="dm845">1014px</dimen>
    <dimen name="dm846">1015px</dimen>
    <dimen name="dm847">1016px</dimen>
    <dimen name="dm848">1018px</dimen>
    <dimen name="dm849">1019px</dimen>
    <dimen name="dm850">1020px</dimen>
    <dimen name="dm851">1021px</dimen>
    <dimen name="dm852">1022px</dimen>
    <dimen name="dm853">1024px</dimen>
    <dimen name="dm854">1025px</dimen>
    <dimen name="dm855">1026px</dimen>
    <dimen name="dm856">1027px</dimen>
    <dimen name="dm857">1028px</dimen>
    <dimen name="dm858">1030px</dimen>
    <dimen name="dm859">1031px</dimen>
    <dimen name="dm860">1032px</dimen>
    <dimen name="dm861">1033px</dimen>
    <dimen name="dm862">1034px</dimen>
    <dimen name="dm863">1036px</dimen>
    <dimen name="dm864">1037px</dimen>
    <dimen name="dm865">1038px</dimen>
    <dimen name="dm866">1039px</dimen>
    <dimen name="dm867">1040px</dimen>
    <dimen name="dm868">1042px</dimen>
    <dimen name="dm869">1043px</dimen>
    <dimen name="dm870">1044px</dimen>
    <dimen name="dm871">1045px</dimen>
    <dimen name="dm872">1046px</dimen>
    <dimen name="dm873">1048px</dimen>
    <dimen name="dm874">1049px</dimen>
    <dimen name="dm875">1050px</dimen>
    <dimen name="dm876">1051px</dimen>
    <dimen name="dm877">1052px</dimen>
    <dimen name="dm878">1054px</dimen>
    <dimen name="dm879">1055px</dimen>
    <dimen name="dm880">1056px</dimen>
    <dimen name="dm881">1057px</dimen>
    <dimen name="dm882">1058px</dimen>
    <dimen name="dm883">1060px</dimen>
    <dimen name="dm884">1061px</dimen>
    <dimen name="dm885">1062px</dimen>
    <dimen name="dm886">1063px</dimen>
    <dimen name="dm887">1064px</dimen>
    <dimen name="dm888">1066px</dimen>
    <dimen name="dm889">1067px</dimen>
    <dimen name="dm890">1068px</dimen>
    <dimen name="dm891">1069px</dimen>
    <dimen name="dm892">1070px</dimen>
    <dimen name="dm893">1072px</dimen>
    <dimen name="dm894">1073px</dimen>
    <dimen name="dm895">1074px</dimen>
    <dimen name="dm896">1075px</dimen>
    <dimen name="dm897">1076px</dimen>
    <dimen name="dm898">1078px</dimen>
    <dimen name="dm899">1079px</dimen>
    <dimen name="dm900">1080px</dimen>
    <dimen name="dm901">1081px</dimen>
    <dimen name="dm902">1082px</dimen>
    <dimen name="dm903">1084px</dimen>
    <dimen name="dm904">1085px</dimen>
    <dimen name="dm905">1086px</dimen>
    <dimen name="dm906">1087px</dimen>
    <dimen name="dm907">1088px</dimen>
    <dimen name="dm908">1090px</dimen>
    <dimen name="dm909">1091px</dimen>
    <dimen name="dm910">1092px</dimen>
    <dimen name="dm911">1093px</dimen>
    <dimen name="dm912">1094px</dimen>
    <dimen name="dm913">1096px</dimen>
    <dimen name="dm914">1097px</dimen>
    <dimen name="dm915">1098px</dimen>
    <dimen name="dm916">1099px</dimen>
    <dimen name="dm917">1100px</dimen>
    <dimen name="dm918">1102px</dimen>
    <dimen name="dm919">1103px</dimen>
    <dimen name="dm920">1104px</dimen>
    <dimen name="dm921">1105px</dimen>
    <dimen name="dm922">1106px</dimen>
    <dimen name="dm923">1108px</dimen>
    <dimen name="dm924">1109px</dimen>
    <dimen name="dm925">1110px</dimen>
    <dimen name="dm926">1111px</dimen>
    <dimen name="dm927">1112px</dimen>
    <dimen name="dm928">1114px</dimen>
    <dimen name="dm929">1115px</dimen>
    <dimen name="dm930">1116px</dimen>
    <dimen name="dm931">1117px</dimen>
    <dimen name="dm932">1118px</dimen>
    <dimen name="dm933">1120px</dimen>
    <dimen name="dm934">1121px</dimen>
    <dimen name="dm935">1122px</dimen>
    <dimen name="dm936">1123px</dimen>
    <dimen name="dm937">1124px</dimen>
    <dimen name="dm938">1126px</dimen>
    <dimen name="dm939">1127px</dimen>
    <dimen name="dm940">1128px</dimen>
    <dimen name="dm941">1129px</dimen>
    <dimen name="dm942">1130px</dimen>
    <dimen name="dm943">1132px</dimen>
    <dimen name="dm944">1133px</dimen>
    <dimen name="dm945">1134px</dimen>
    <dimen name="dm946">1135px</dimen>
    <dimen name="dm947">1136px</dimen>
    <dimen name="dm948">1138px</dimen>
    <dimen name="dm949">1139px</dimen>
    <dimen name="dm950">1140px</dimen>
    <dimen name="dm951">1141px</dimen>
    <dimen name="dm952">1142px</dimen>
    <dimen name="dm953">1144px</dimen>
    <dimen name="dm954">1145px</dimen>
    <dimen name="dm955">1146px</dimen>
    <dimen name="dm956">1147px</dimen>
    <dimen name="dm957">1148px</dimen>
    <dimen name="dm958">1150px</dimen>
    <dimen name="dm959">1151px</dimen>
    <dimen name="dm960">1152px</dimen>
    <dimen name="dm961">1153px</dimen>
    <dimen name="dm962">1154px</dimen>
    <dimen name="dm963">1156px</dimen>
    <dimen name="dm964">1157px</dimen>
    <dimen name="dm965">1158px</dimen>
    <dimen name="dm966">1159px</dimen>
    <dimen name="dm967">1160px</dimen>
    <dimen name="dm968">1162px</dimen>
    <dimen name="dm969">1163px</dimen>
    <dimen name="dm970">1164px</dimen>
    <dimen name="dm971">1165px</dimen>
    <dimen name="dm972">1166px</dimen>
    <dimen name="dm973">1168px</dimen>
    <dimen name="dm974">1169px</dimen>
    <dimen name="dm975">1170px</dimen>
    <dimen name="dm976">1171px</dimen>
    <dimen name="dm977">1172px</dimen>
    <dimen name="dm978">1174px</dimen>
    <dimen name="dm979">1175px</dimen>
    <dimen name="dm980">1176px</dimen>
    <dimen name="dm981">1177px</dimen>
    <dimen name="dm982">1178px</dimen>
    <dimen name="dm983">1180px</dimen>
    <dimen name="dm984">1181px</dimen>
    <dimen name="dm985">1182px</dimen>
    <dimen name="dm986">1183px</dimen>
    <dimen name="dm987">1184px</dimen>
    <dimen name="dm988">1186px</dimen>
    <dimen name="dm989">1187px</dimen>
    <dimen name="dm990">1188px</dimen>
    <dimen name="dm991">1189px</dimen>
    <dimen name="dm992">1190px</dimen>
    <dimen name="dm993">1192px</dimen>
    <dimen name="dm994">1193px</dimen>
    <dimen name="dm995">1194px</dimen>
    <dimen name="dm996">1195px</dimen>
    <dimen name="dm997">1196px</dimen>
    <dimen name="dm998">1198px</dimen>
    <dimen name="dm999">1199px</dimen>

</resources>