<resources>

    <dimen name="dm_200">-749px</dimen>
    <dimen name="dm_199">-745px</dimen>
    <dimen name="dm_198">-742px</dimen>
    <dimen name="dm_197">-738px</dimen>
    <dimen name="dm_196">-734px</dimen>
    <dimen name="dm_195">-730px</dimen>
    <dimen name="dm_194">-727px</dimen>
    <dimen name="dm_193">-723px</dimen>
    <dimen name="dm_192">-719px</dimen>
    <dimen name="dm_191">-715px</dimen>
    <dimen name="dm_190">-712px</dimen>
    <dimen name="dm_189">-708px</dimen>
    <dimen name="dm_188">-704px</dimen>
    <dimen name="dm_187">-700px</dimen>
    <dimen name="dm_186">-697px</dimen>
    <dimen name="dm_185">-693px</dimen>
    <dimen name="dm_184">-689px</dimen>
    <dimen name="dm_183">-685px</dimen>
    <dimen name="dm_182">-682px</dimen>
    <dimen name="dm_181">-678px</dimen>
    <dimen name="dm_180">-674px</dimen>
    <dimen name="dm_179">-670px</dimen>
    <dimen name="dm_178">-667px</dimen>
    <dimen name="dm_177">-663px</dimen>
    <dimen name="dm_176">-659px</dimen>
    <dimen name="dm_175">-655px</dimen>
    <dimen name="dm_174">-652px</dimen>
    <dimen name="dm_173">-648px</dimen>
    <dimen name="dm_172">-644px</dimen>
    <dimen name="dm_171">-640px</dimen>
    <dimen name="dm_170">-637px</dimen>
    <dimen name="dm_169">-633px</dimen>
    <dimen name="dm_168">-629px</dimen>
    <dimen name="dm_167">-625px</dimen>
    <dimen name="dm_166">-622px</dimen>
    <dimen name="dm_165">-618px</dimen>
    <dimen name="dm_164">-614px</dimen>
    <dimen name="dm_163">-610px</dimen>
    <dimen name="dm_162">-607px</dimen>
    <dimen name="dm_161">-603px</dimen>
    <dimen name="dm_160">-599px</dimen>
    <dimen name="dm_159">-595px</dimen>
    <dimen name="dm_158">-592px</dimen>
    <dimen name="dm_157">-588px</dimen>
    <dimen name="dm_156">-584px</dimen>
    <dimen name="dm_155">-580px</dimen>
    <dimen name="dm_154">-577px</dimen>
    <dimen name="dm_153">-573px</dimen>
    <dimen name="dm_152">-569px</dimen>
    <dimen name="dm_151">-565px</dimen>
    <dimen name="dm_150">-562px</dimen>
    <dimen name="dm_149">-558px</dimen>
    <dimen name="dm_148">-554px</dimen>
    <dimen name="dm_147">-550px</dimen>
    <dimen name="dm_146">-547px</dimen>
    <dimen name="dm_145">-543px</dimen>
    <dimen name="dm_144">-539px</dimen>
    <dimen name="dm_143">-535px</dimen>
    <dimen name="dm_142">-532px</dimen>
    <dimen name="dm_141">-528px</dimen>
    <dimen name="dm_140">-524px</dimen>
    <dimen name="dm_139">-520px</dimen>
    <dimen name="dm_138">-517px</dimen>
    <dimen name="dm_137">-513px</dimen>
    <dimen name="dm_136">-509px</dimen>
    <dimen name="dm_135">-505px</dimen>
    <dimen name="dm_134">-502px</dimen>
    <dimen name="dm_133">-498px</dimen>
    <dimen name="dm_132">-494px</dimen>
    <dimen name="dm_131">-490px</dimen>
    <dimen name="dm_130">-487px</dimen>
    <dimen name="dm_129">-483px</dimen>
    <dimen name="dm_128">-479px</dimen>
    <dimen name="dm_127">-475px</dimen>
    <dimen name="dm_126">-472px</dimen>
    <dimen name="dm_125">-468px</dimen>
    <dimen name="dm_124">-464px</dimen>
    <dimen name="dm_123">-460px</dimen>
    <dimen name="dm_122">-457px</dimen>
    <dimen name="dm_121">-453px</dimen>
    <dimen name="dm_120">-449px</dimen>
    <dimen name="dm_119">-445px</dimen>
    <dimen name="dm_118">-442px</dimen>
    <dimen name="dm_117">-438px</dimen>
    <dimen name="dm_116">-434px</dimen>
    <dimen name="dm_115">-430px</dimen>
    <dimen name="dm_114">-427px</dimen>
    <dimen name="dm_113">-423px</dimen>
    <dimen name="dm_112">-419px</dimen>
    <dimen name="dm_111">-415px</dimen>
    <dimen name="dm_110">-412px</dimen>
    <dimen name="dm_109">-408px</dimen>
    <dimen name="dm_108">-404px</dimen>
    <dimen name="dm_107">-400px</dimen>
    <dimen name="dm_106">-397px</dimen>
    <dimen name="dm_105">-393px</dimen>
    <dimen name="dm_104">-389px</dimen>
    <dimen name="dm_103">-385px</dimen>
    <dimen name="dm_102">-382px</dimen>
    <dimen name="dm_101">-378px</dimen>
    <dimen name="dm_100">-374px</dimen>
    <dimen name="dm_099">-370px</dimen>
    <dimen name="dm_098">-367px</dimen>
    <dimen name="dm_097">-363px</dimen>
    <dimen name="dm_096">-359px</dimen>
    <dimen name="dm_095">-355px</dimen>
    <dimen name="dm_094">-352px</dimen>
    <dimen name="dm_093">-348px</dimen>
    <dimen name="dm_092">-344px</dimen>
    <dimen name="dm_091">-340px</dimen>
    <dimen name="dm_090">-337px</dimen>
    <dimen name="dm_089">-333px</dimen>
    <dimen name="dm_088">-329px</dimen>
    <dimen name="dm_087">-325px</dimen>
    <dimen name="dm_086">-322px</dimen>
    <dimen name="dm_085">-318px</dimen>
    <dimen name="dm_084">-314px</dimen>
    <dimen name="dm_083">-310px</dimen>
    <dimen name="dm_082">-307px</dimen>
    <dimen name="dm_081">-303px</dimen>
    <dimen name="dm_080">-299px</dimen>
    <dimen name="dm_079">-295px</dimen>
    <dimen name="dm_078">-292px</dimen>
    <dimen name="dm_077">-288px</dimen>
    <dimen name="dm_076">-284px</dimen>
    <dimen name="dm_075">-280px</dimen>
    <dimen name="dm_074">-277px</dimen>
    <dimen name="dm_073">-273px</dimen>
    <dimen name="dm_072">-269px</dimen>
    <dimen name="dm_071">-265px</dimen>
    <dimen name="dm_070">-262px</dimen>
    <dimen name="dm_069">-258px</dimen>
    <dimen name="dm_068">-254px</dimen>
    <dimen name="dm_067">-250px</dimen>
    <dimen name="dm_066">-247px</dimen>
    <dimen name="dm_065">-243px</dimen>
    <dimen name="dm_064">-239px</dimen>
    <dimen name="dm_063">-235px</dimen>
    <dimen name="dm_062">-232px</dimen>
    <dimen name="dm_061">-228px</dimen>
    <dimen name="dm_060">-224px</dimen>
    <dimen name="dm_059">-220px</dimen>
    <dimen name="dm_058">-217px</dimen>
    <dimen name="dm_057">-213px</dimen>
    <dimen name="dm_056">-209px</dimen>
    <dimen name="dm_055">-205px</dimen>
    <dimen name="dm_054">-202px</dimen>
    <dimen name="dm_053">-198px</dimen>
    <dimen name="dm_052">-194px</dimen>
    <dimen name="dm_051">-190px</dimen>
    <dimen name="dm_050">-187px</dimen>
    <dimen name="dm_049">-183px</dimen>
    <dimen name="dm_048">-179px</dimen>
    <dimen name="dm_047">-175px</dimen>
    <dimen name="dm_046">-172px</dimen>
    <dimen name="dm_045">-168px</dimen>
    <dimen name="dm_044">-164px</dimen>
    <dimen name="dm_043">-160px</dimen>
    <dimen name="dm_042">-157px</dimen>
    <dimen name="dm_041">-153px</dimen>
    <dimen name="dm_040">-149px</dimen>
    <dimen name="dm_039">-145px</dimen>
    <dimen name="dm_038">-142px</dimen>
    <dimen name="dm_037">-138px</dimen>
    <dimen name="dm_036">-134px</dimen>
    <dimen name="dm_035">-130px</dimen>
    <dimen name="dm_034">-127px</dimen>
    <dimen name="dm_033">-123px</dimen>
    <dimen name="dm_032">-119px</dimen>
    <dimen name="dm_031">-115px</dimen>
    <dimen name="dm_030">-112px</dimen>
    <dimen name="dm_029">-108px</dimen>
    <dimen name="dm_028">-104px</dimen>
    <dimen name="dm_027">-100px</dimen>
    <dimen name="dm_026">-97px</dimen>
    <dimen name="dm_025">-93px</dimen>
    <dimen name="dm_024">-89px</dimen>
    <dimen name="dm_023">-85px</dimen>
    <dimen name="dm_022">-82px</dimen>
    <dimen name="dm_021">-78px</dimen>
    <dimen name="dm_020">-74px</dimen>
    <dimen name="dm_019">-70px</dimen>
    <dimen name="dm_018">-67px</dimen>
    <dimen name="dm_017">-63px</dimen>
    <dimen name="dm_016">-59px</dimen>
    <dimen name="dm_015">-55px</dimen>
    <dimen name="dm_014">-52px</dimen>
    <dimen name="dm_013">-48px</dimen>
    <dimen name="dm_012">-44px</dimen>
    <dimen name="dm_011">-40px</dimen>
    <dimen name="dm_010">-37px</dimen>
    <dimen name="dm_009">-33px</dimen>
    <dimen name="dm_008">-29px</dimen>
    <dimen name="dm_007">-25px</dimen>
    <dimen name="dm_006">-22px</dimen>
    <dimen name="dm_005">-18px</dimen>
    <dimen name="dm_004">-14px</dimen>
    <dimen name="dm_003">-10px</dimen>
    <dimen name="dm_002">-7px</dimen>
    <dimen name="dm_001">-3px</dimen>
    <dimen name="dm000">0px</dimen>
    <dimen name="dm001">4px</dimen>
    <dimen name="dm002">8px</dimen>
    <dimen name="dm003">11px</dimen>
    <dimen name="dm004">15px</dimen>
    <dimen name="dm005">19px</dimen>
    <dimen name="dm006">23px</dimen>
    <dimen name="dm007">26px</dimen>
    <dimen name="dm008">30px</dimen>
    <dimen name="dm009">34px</dimen>
    <dimen name="dm010">38px</dimen>
    <dimen name="dm011">41px</dimen>
    <dimen name="dm012">45px</dimen>
    <dimen name="dm013">49px</dimen>
    <dimen name="dm014">53px</dimen>
    <dimen name="dm015">56px</dimen>
    <dimen name="dm016">60px</dimen>
    <dimen name="dm017">64px</dimen>
    <dimen name="dm018">68px</dimen>
    <dimen name="dm019">71px</dimen>
    <dimen name="dm020">75px</dimen>
    <dimen name="dm021">79px</dimen>
    <dimen name="dm022">83px</dimen>
    <dimen name="dm023">86px</dimen>
    <dimen name="dm024">90px</dimen>
    <dimen name="dm025">94px</dimen>
    <dimen name="dm026">98px</dimen>
    <dimen name="dm027">101px</dimen>
    <dimen name="dm028">105px</dimen>
    <dimen name="dm029">109px</dimen>
    <dimen name="dm030">113px</dimen>
    <dimen name="dm031">116px</dimen>
    <dimen name="dm032">120px</dimen>
    <dimen name="dm033">124px</dimen>
    <dimen name="dm034">128px</dimen>
    <dimen name="dm035">131px</dimen>
    <dimen name="dm036">135px</dimen>
    <dimen name="dm037">139px</dimen>
    <dimen name="dm038">143px</dimen>
    <dimen name="dm039">146px</dimen>
    <dimen name="dm040">150px</dimen>
    <dimen name="dm041">154px</dimen>
    <dimen name="dm042">158px</dimen>
    <dimen name="dm043">161px</dimen>
    <dimen name="dm044">165px</dimen>
    <dimen name="dm045">169px</dimen>
    <dimen name="dm046">173px</dimen>
    <dimen name="dm047">176px</dimen>
    <dimen name="dm048">180px</dimen>
    <dimen name="dm049">184px</dimen>
    <dimen name="dm050">188px</dimen>
    <dimen name="dm051">191px</dimen>
    <dimen name="dm052">195px</dimen>
    <dimen name="dm053">199px</dimen>
    <dimen name="dm054">203px</dimen>
    <dimen name="dm055">206px</dimen>
    <dimen name="dm056">210px</dimen>
    <dimen name="dm057">214px</dimen>
    <dimen name="dm058">218px</dimen>
    <dimen name="dm059">221px</dimen>
    <dimen name="dm060">225px</dimen>
    <dimen name="dm061">229px</dimen>
    <dimen name="dm062">233px</dimen>
    <dimen name="dm063">236px</dimen>
    <dimen name="dm064">240px</dimen>
    <dimen name="dm065">244px</dimen>
    <dimen name="dm066">248px</dimen>
    <dimen name="dm067">251px</dimen>
    <dimen name="dm068">255px</dimen>
    <dimen name="dm069">259px</dimen>
    <dimen name="dm070">263px</dimen>
    <dimen name="dm071">266px</dimen>
    <dimen name="dm072">270px</dimen>
    <dimen name="dm073">274px</dimen>
    <dimen name="dm074">278px</dimen>
    <dimen name="dm075">281px</dimen>
    <dimen name="dm076">285px</dimen>
    <dimen name="dm077">289px</dimen>
    <dimen name="dm078">293px</dimen>
    <dimen name="dm079">296px</dimen>
    <dimen name="dm080">300px</dimen>
    <dimen name="dm081">304px</dimen>
    <dimen name="dm082">308px</dimen>
    <dimen name="dm083">311px</dimen>
    <dimen name="dm084">315px</dimen>
    <dimen name="dm085">319px</dimen>
    <dimen name="dm086">323px</dimen>
    <dimen name="dm087">326px</dimen>
    <dimen name="dm088">330px</dimen>
    <dimen name="dm089">334px</dimen>
    <dimen name="dm090">338px</dimen>
    <dimen name="dm091">341px</dimen>
    <dimen name="dm092">345px</dimen>
    <dimen name="dm093">349px</dimen>
    <dimen name="dm094">353px</dimen>
    <dimen name="dm095">356px</dimen>
    <dimen name="dm096">360px</dimen>
    <dimen name="dm097">364px</dimen>
    <dimen name="dm098">368px</dimen>
    <dimen name="dm099">371px</dimen>
    <dimen name="dm100">375px</dimen>
    <dimen name="dm101">379px</dimen>
    <dimen name="dm102">383px</dimen>
    <dimen name="dm103">386px</dimen>
    <dimen name="dm104">390px</dimen>
    <dimen name="dm105">394px</dimen>
    <dimen name="dm106">398px</dimen>
    <dimen name="dm107">401px</dimen>
    <dimen name="dm108">405px</dimen>
    <dimen name="dm109">409px</dimen>
    <dimen name="dm110">413px</dimen>
    <dimen name="dm111">416px</dimen>
    <dimen name="dm112">420px</dimen>
    <dimen name="dm113">424px</dimen>
    <dimen name="dm114">428px</dimen>
    <dimen name="dm115">431px</dimen>
    <dimen name="dm116">435px</dimen>
    <dimen name="dm117">439px</dimen>
    <dimen name="dm118">443px</dimen>
    <dimen name="dm119">446px</dimen>
    <dimen name="dm120">450px</dimen>
    <dimen name="dm121">454px</dimen>
    <dimen name="dm122">458px</dimen>
    <dimen name="dm123">461px</dimen>
    <dimen name="dm124">465px</dimen>
    <dimen name="dm125">469px</dimen>
    <dimen name="dm126">473px</dimen>
    <dimen name="dm127">476px</dimen>
    <dimen name="dm128">480px</dimen>
    <dimen name="dm129">484px</dimen>
    <dimen name="dm130">488px</dimen>
    <dimen name="dm131">491px</dimen>
    <dimen name="dm132">495px</dimen>
    <dimen name="dm133">499px</dimen>
    <dimen name="dm134">503px</dimen>
    <dimen name="dm135">506px</dimen>
    <dimen name="dm136">510px</dimen>
    <dimen name="dm137">514px</dimen>
    <dimen name="dm138">518px</dimen>
    <dimen name="dm139">521px</dimen>
    <dimen name="dm140">525px</dimen>
    <dimen name="dm141">529px</dimen>
    <dimen name="dm142">533px</dimen>
    <dimen name="dm143">536px</dimen>
    <dimen name="dm144">540px</dimen>
    <dimen name="dm145">544px</dimen>
    <dimen name="dm146">548px</dimen>
    <dimen name="dm147">551px</dimen>
    <dimen name="dm148">555px</dimen>
    <dimen name="dm149">559px</dimen>
    <dimen name="dm150">563px</dimen>
    <dimen name="dm151">566px</dimen>
    <dimen name="dm152">570px</dimen>
    <dimen name="dm153">574px</dimen>
    <dimen name="dm154">578px</dimen>
    <dimen name="dm155">581px</dimen>
    <dimen name="dm156">585px</dimen>
    <dimen name="dm157">589px</dimen>
    <dimen name="dm158">593px</dimen>
    <dimen name="dm159">596px</dimen>
    <dimen name="dm160">600px</dimen>
    <dimen name="dm161">604px</dimen>
    <dimen name="dm162">608px</dimen>
    <dimen name="dm163">611px</dimen>
    <dimen name="dm164">615px</dimen>
    <dimen name="dm165">619px</dimen>
    <dimen name="dm166">623px</dimen>
    <dimen name="dm167">626px</dimen>
    <dimen name="dm168">630px</dimen>
    <dimen name="dm169">634px</dimen>
    <dimen name="dm170">638px</dimen>
    <dimen name="dm171">641px</dimen>
    <dimen name="dm172">645px</dimen>
    <dimen name="dm173">649px</dimen>
    <dimen name="dm174">653px</dimen>
    <dimen name="dm175">656px</dimen>
    <dimen name="dm176">660px</dimen>
    <dimen name="dm177">664px</dimen>
    <dimen name="dm178">668px</dimen>
    <dimen name="dm179">671px</dimen>
    <dimen name="dm180">675px</dimen>
    <dimen name="dm181">679px</dimen>
    <dimen name="dm182">683px</dimen>
    <dimen name="dm183">686px</dimen>
    <dimen name="dm184">690px</dimen>
    <dimen name="dm185">694px</dimen>
    <dimen name="dm186">698px</dimen>
    <dimen name="dm187">701px</dimen>
    <dimen name="dm188">705px</dimen>
    <dimen name="dm189">709px</dimen>
    <dimen name="dm190">713px</dimen>
    <dimen name="dm191">716px</dimen>
    <dimen name="dm192">720px</dimen>
    <dimen name="dm193">724px</dimen>
    <dimen name="dm194">728px</dimen>
    <dimen name="dm195">731px</dimen>
    <dimen name="dm196">735px</dimen>
    <dimen name="dm197">739px</dimen>
    <dimen name="dm198">743px</dimen>
    <dimen name="dm199">746px</dimen>
    <dimen name="dm200">750px</dimen>
    <dimen name="dm201">754px</dimen>
    <dimen name="dm202">758px</dimen>
    <dimen name="dm203">761px</dimen>
    <dimen name="dm204">765px</dimen>
    <dimen name="dm205">769px</dimen>
    <dimen name="dm206">773px</dimen>
    <dimen name="dm207">776px</dimen>
    <dimen name="dm208">780px</dimen>
    <dimen name="dm209">784px</dimen>
    <dimen name="dm210">788px</dimen>
    <dimen name="dm211">791px</dimen>
    <dimen name="dm212">795px</dimen>
    <dimen name="dm213">799px</dimen>
    <dimen name="dm214">803px</dimen>
    <dimen name="dm215">806px</dimen>
    <dimen name="dm216">810px</dimen>
    <dimen name="dm217">814px</dimen>
    <dimen name="dm218">818px</dimen>
    <dimen name="dm219">821px</dimen>
    <dimen name="dm220">825px</dimen>
    <dimen name="dm221">829px</dimen>
    <dimen name="dm222">833px</dimen>
    <dimen name="dm223">836px</dimen>
    <dimen name="dm224">840px</dimen>
    <dimen name="dm225">844px</dimen>
    <dimen name="dm226">848px</dimen>
    <dimen name="dm227">851px</dimen>
    <dimen name="dm228">855px</dimen>
    <dimen name="dm229">859px</dimen>
    <dimen name="dm230">863px</dimen>
    <dimen name="dm231">866px</dimen>
    <dimen name="dm232">870px</dimen>
    <dimen name="dm233">874px</dimen>
    <dimen name="dm234">878px</dimen>
    <dimen name="dm235">881px</dimen>
    <dimen name="dm236">885px</dimen>
    <dimen name="dm237">889px</dimen>
    <dimen name="dm238">893px</dimen>
    <dimen name="dm239">896px</dimen>
    <dimen name="dm240">900px</dimen>
    <dimen name="dm241">904px</dimen>
    <dimen name="dm242">908px</dimen>
    <dimen name="dm243">911px</dimen>
    <dimen name="dm244">915px</dimen>
    <dimen name="dm245">919px</dimen>
    <dimen name="dm246">923px</dimen>
    <dimen name="dm247">926px</dimen>
    <dimen name="dm248">930px</dimen>
    <dimen name="dm249">934px</dimen>
    <dimen name="dm250">938px</dimen>
    <dimen name="dm251">941px</dimen>
    <dimen name="dm252">945px</dimen>
    <dimen name="dm253">949px</dimen>
    <dimen name="dm254">953px</dimen>
    <dimen name="dm255">956px</dimen>
    <dimen name="dm256">960px</dimen>
    <dimen name="dm257">964px</dimen>
    <dimen name="dm258">968px</dimen>
    <dimen name="dm259">971px</dimen>
    <dimen name="dm260">975px</dimen>
    <dimen name="dm261">979px</dimen>
    <dimen name="dm262">983px</dimen>
    <dimen name="dm263">986px</dimen>
    <dimen name="dm264">990px</dimen>
    <dimen name="dm265">994px</dimen>
    <dimen name="dm266">998px</dimen>
    <dimen name="dm267">1001px</dimen>
    <dimen name="dm268">1005px</dimen>
    <dimen name="dm269">1009px</dimen>
    <dimen name="dm270">1013px</dimen>
    <dimen name="dm271">1016px</dimen>
    <dimen name="dm272">1020px</dimen>
    <dimen name="dm273">1024px</dimen>
    <dimen name="dm274">1028px</dimen>
    <dimen name="dm275">1031px</dimen>
    <dimen name="dm276">1035px</dimen>
    <dimen name="dm277">1039px</dimen>
    <dimen name="dm278">1043px</dimen>
    <dimen name="dm279">1046px</dimen>
    <dimen name="dm280">1050px</dimen>
    <dimen name="dm281">1054px</dimen>
    <dimen name="dm282">1058px</dimen>
    <dimen name="dm283">1061px</dimen>
    <dimen name="dm284">1065px</dimen>
    <dimen name="dm285">1069px</dimen>
    <dimen name="dm286">1073px</dimen>
    <dimen name="dm287">1076px</dimen>
    <dimen name="dm288">1080px</dimen>
    <dimen name="dm289">1084px</dimen>
    <dimen name="dm290">1088px</dimen>
    <dimen name="dm291">1091px</dimen>
    <dimen name="dm292">1095px</dimen>
    <dimen name="dm293">1099px</dimen>
    <dimen name="dm294">1103px</dimen>
    <dimen name="dm295">1106px</dimen>
    <dimen name="dm296">1110px</dimen>
    <dimen name="dm297">1114px</dimen>
    <dimen name="dm298">1118px</dimen>
    <dimen name="dm299">1121px</dimen>
    <dimen name="dm300">1125px</dimen>
    <dimen name="dm301">1129px</dimen>
    <dimen name="dm302">1133px</dimen>
    <dimen name="dm303">1136px</dimen>
    <dimen name="dm304">1140px</dimen>
    <dimen name="dm305">1144px</dimen>
    <dimen name="dm306">1148px</dimen>
    <dimen name="dm307">1151px</dimen>
    <dimen name="dm308">1155px</dimen>
    <dimen name="dm309">1159px</dimen>
    <dimen name="dm310">1163px</dimen>
    <dimen name="dm311">1166px</dimen>
    <dimen name="dm312">1170px</dimen>
    <dimen name="dm313">1174px</dimen>
    <dimen name="dm314">1178px</dimen>
    <dimen name="dm315">1181px</dimen>
    <dimen name="dm316">1185px</dimen>
    <dimen name="dm317">1189px</dimen>
    <dimen name="dm318">1193px</dimen>
    <dimen name="dm319">1196px</dimen>
    <dimen name="dm320">1200px</dimen>
    <dimen name="dm321">1204px</dimen>
    <dimen name="dm322">1208px</dimen>
    <dimen name="dm323">1211px</dimen>
    <dimen name="dm324">1215px</dimen>
    <dimen name="dm325">1219px</dimen>
    <dimen name="dm326">1223px</dimen>
    <dimen name="dm327">1226px</dimen>
    <dimen name="dm328">1230px</dimen>
    <dimen name="dm329">1234px</dimen>
    <dimen name="dm330">1238px</dimen>
    <dimen name="dm331">1241px</dimen>
    <dimen name="dm332">1245px</dimen>
    <dimen name="dm333">1249px</dimen>
    <dimen name="dm334">1253px</dimen>
    <dimen name="dm335">1256px</dimen>
    <dimen name="dm336">1260px</dimen>
    <dimen name="dm337">1264px</dimen>
    <dimen name="dm338">1268px</dimen>
    <dimen name="dm339">1271px</dimen>
    <dimen name="dm340">1275px</dimen>
    <dimen name="dm341">1279px</dimen>
    <dimen name="dm342">1283px</dimen>
    <dimen name="dm343">1286px</dimen>
    <dimen name="dm344">1290px</dimen>
    <dimen name="dm345">1294px</dimen>
    <dimen name="dm346">1298px</dimen>
    <dimen name="dm347">1301px</dimen>
    <dimen name="dm348">1305px</dimen>
    <dimen name="dm349">1309px</dimen>
    <dimen name="dm350">1313px</dimen>
    <dimen name="dm351">1316px</dimen>
    <dimen name="dm352">1320px</dimen>
    <dimen name="dm353">1324px</dimen>
    <dimen name="dm354">1328px</dimen>
    <dimen name="dm355">1331px</dimen>
    <dimen name="dm356">1335px</dimen>
    <dimen name="dm357">1339px</dimen>
    <dimen name="dm358">1343px</dimen>
    <dimen name="dm359">1346px</dimen>
    <dimen name="dm360">1350px</dimen>
    <dimen name="dm361">1354px</dimen>
    <dimen name="dm362">1358px</dimen>
    <dimen name="dm363">1361px</dimen>
    <dimen name="dm364">1365px</dimen>
    <dimen name="dm365">1369px</dimen>
    <dimen name="dm366">1373px</dimen>
    <dimen name="dm367">1376px</dimen>
    <dimen name="dm368">1380px</dimen>
    <dimen name="dm369">1384px</dimen>
    <dimen name="dm370">1388px</dimen>
    <dimen name="dm371">1391px</dimen>
    <dimen name="dm372">1395px</dimen>
    <dimen name="dm373">1399px</dimen>
    <dimen name="dm374">1403px</dimen>
    <dimen name="dm375">1406px</dimen>
    <dimen name="dm376">1410px</dimen>
    <dimen name="dm377">1414px</dimen>
    <dimen name="dm378">1418px</dimen>
    <dimen name="dm379">1421px</dimen>
    <dimen name="dm380">1425px</dimen>
    <dimen name="dm381">1429px</dimen>
    <dimen name="dm382">1433px</dimen>
    <dimen name="dm383">1436px</dimen>
    <dimen name="dm384">1440px</dimen>
    <dimen name="dm385">1444px</dimen>
    <dimen name="dm386">1448px</dimen>
    <dimen name="dm387">1451px</dimen>
    <dimen name="dm388">1455px</dimen>
    <dimen name="dm389">1459px</dimen>
    <dimen name="dm390">1463px</dimen>
    <dimen name="dm391">1466px</dimen>
    <dimen name="dm392">1470px</dimen>
    <dimen name="dm393">1474px</dimen>
    <dimen name="dm394">1478px</dimen>
    <dimen name="dm395">1481px</dimen>
    <dimen name="dm396">1485px</dimen>
    <dimen name="dm397">1489px</dimen>
    <dimen name="dm398">1493px</dimen>
    <dimen name="dm399">1496px</dimen>
    <dimen name="dm400">1500px</dimen>
    <dimen name="dm401">1504px</dimen>
    <dimen name="dm402">1508px</dimen>
    <dimen name="dm403">1511px</dimen>
    <dimen name="dm404">1515px</dimen>
    <dimen name="dm405">1519px</dimen>
    <dimen name="dm406">1523px</dimen>
    <dimen name="dm407">1526px</dimen>
    <dimen name="dm408">1530px</dimen>
    <dimen name="dm409">1534px</dimen>
    <dimen name="dm410">1538px</dimen>
    <dimen name="dm411">1541px</dimen>
    <dimen name="dm412">1545px</dimen>
    <dimen name="dm413">1549px</dimen>
    <dimen name="dm414">1553px</dimen>
    <dimen name="dm415">1556px</dimen>
    <dimen name="dm416">1560px</dimen>
    <dimen name="dm417">1564px</dimen>
    <dimen name="dm418">1568px</dimen>
    <dimen name="dm419">1571px</dimen>
    <dimen name="dm420">1575px</dimen>
    <dimen name="dm421">1579px</dimen>
    <dimen name="dm422">1583px</dimen>
    <dimen name="dm423">1586px</dimen>
    <dimen name="dm424">1590px</dimen>
    <dimen name="dm425">1594px</dimen>
    <dimen name="dm426">1598px</dimen>
    <dimen name="dm427">1601px</dimen>
    <dimen name="dm428">1605px</dimen>
    <dimen name="dm429">1609px</dimen>
    <dimen name="dm430">1613px</dimen>
    <dimen name="dm431">1616px</dimen>
    <dimen name="dm432">1620px</dimen>
    <dimen name="dm433">1624px</dimen>
    <dimen name="dm434">1628px</dimen>
    <dimen name="dm435">1631px</dimen>
    <dimen name="dm436">1635px</dimen>
    <dimen name="dm437">1639px</dimen>
    <dimen name="dm438">1643px</dimen>
    <dimen name="dm439">1646px</dimen>
    <dimen name="dm440">1650px</dimen>
    <dimen name="dm441">1654px</dimen>
    <dimen name="dm442">1658px</dimen>
    <dimen name="dm443">1661px</dimen>
    <dimen name="dm444">1665px</dimen>
    <dimen name="dm445">1669px</dimen>
    <dimen name="dm446">1673px</dimen>
    <dimen name="dm447">1676px</dimen>
    <dimen name="dm448">1680px</dimen>
    <dimen name="dm449">1684px</dimen>
    <dimen name="dm450">1688px</dimen>
    <dimen name="dm451">1691px</dimen>
    <dimen name="dm452">1695px</dimen>
    <dimen name="dm453">1699px</dimen>
    <dimen name="dm454">1703px</dimen>
    <dimen name="dm455">1706px</dimen>
    <dimen name="dm456">1710px</dimen>
    <dimen name="dm457">1714px</dimen>
    <dimen name="dm458">1718px</dimen>
    <dimen name="dm459">1721px</dimen>
    <dimen name="dm460">1725px</dimen>
    <dimen name="dm461">1729px</dimen>
    <dimen name="dm462">1733px</dimen>
    <dimen name="dm463">1736px</dimen>
    <dimen name="dm464">1740px</dimen>
    <dimen name="dm465">1744px</dimen>
    <dimen name="dm466">1748px</dimen>
    <dimen name="dm467">1751px</dimen>
    <dimen name="dm468">1755px</dimen>
    <dimen name="dm469">1759px</dimen>
    <dimen name="dm470">1763px</dimen>
    <dimen name="dm471">1766px</dimen>
    <dimen name="dm472">1770px</dimen>
    <dimen name="dm473">1774px</dimen>
    <dimen name="dm474">1778px</dimen>
    <dimen name="dm475">1781px</dimen>
    <dimen name="dm476">1785px</dimen>
    <dimen name="dm477">1789px</dimen>
    <dimen name="dm478">1793px</dimen>
    <dimen name="dm479">1796px</dimen>
    <dimen name="dm480">1800px</dimen>
    <dimen name="dm481">1804px</dimen>
    <dimen name="dm482">1808px</dimen>
    <dimen name="dm483">1811px</dimen>
    <dimen name="dm484">1815px</dimen>
    <dimen name="dm485">1819px</dimen>
    <dimen name="dm486">1823px</dimen>
    <dimen name="dm487">1826px</dimen>
    <dimen name="dm488">1830px</dimen>
    <dimen name="dm489">1834px</dimen>
    <dimen name="dm490">1838px</dimen>
    <dimen name="dm491">1841px</dimen>
    <dimen name="dm492">1845px</dimen>
    <dimen name="dm493">1849px</dimen>
    <dimen name="dm494">1853px</dimen>
    <dimen name="dm495">1856px</dimen>
    <dimen name="dm496">1860px</dimen>
    <dimen name="dm497">1864px</dimen>
    <dimen name="dm498">1868px</dimen>
    <dimen name="dm499">1871px</dimen>
    <dimen name="dm500">1875px</dimen>
    <dimen name="dm501">1879px</dimen>
    <dimen name="dm502">1883px</dimen>
    <dimen name="dm503">1886px</dimen>
    <dimen name="dm504">1890px</dimen>
    <dimen name="dm505">1894px</dimen>
    <dimen name="dm506">1898px</dimen>
    <dimen name="dm507">1901px</dimen>
    <dimen name="dm508">1905px</dimen>
    <dimen name="dm509">1909px</dimen>
    <dimen name="dm510">1913px</dimen>
    <dimen name="dm511">1916px</dimen>
    <dimen name="dm512">1920px</dimen>
    <dimen name="dm513">1924px</dimen>
    <dimen name="dm514">1928px</dimen>
    <dimen name="dm515">1931px</dimen>
    <dimen name="dm516">1935px</dimen>
    <dimen name="dm517">1939px</dimen>
    <dimen name="dm518">1943px</dimen>
    <dimen name="dm519">1946px</dimen>
    <dimen name="dm520">1950px</dimen>
    <dimen name="dm521">1954px</dimen>
    <dimen name="dm522">1958px</dimen>
    <dimen name="dm523">1961px</dimen>
    <dimen name="dm524">1965px</dimen>
    <dimen name="dm525">1969px</dimen>
    <dimen name="dm526">1973px</dimen>
    <dimen name="dm527">1976px</dimen>
    <dimen name="dm528">1980px</dimen>
    <dimen name="dm529">1984px</dimen>
    <dimen name="dm530">1988px</dimen>
    <dimen name="dm531">1991px</dimen>
    <dimen name="dm532">1995px</dimen>
    <dimen name="dm533">1999px</dimen>
    <dimen name="dm534">2003px</dimen>
    <dimen name="dm535">2006px</dimen>
    <dimen name="dm536">2010px</dimen>
    <dimen name="dm537">2014px</dimen>
    <dimen name="dm538">2018px</dimen>
    <dimen name="dm539">2021px</dimen>
    <dimen name="dm540">2025px</dimen>
    <dimen name="dm541">2029px</dimen>
    <dimen name="dm542">2033px</dimen>
    <dimen name="dm543">2036px</dimen>
    <dimen name="dm544">2040px</dimen>
    <dimen name="dm545">2044px</dimen>
    <dimen name="dm546">2048px</dimen>
    <dimen name="dm547">2051px</dimen>
    <dimen name="dm548">2055px</dimen>
    <dimen name="dm549">2059px</dimen>
    <dimen name="dm550">2063px</dimen>
    <dimen name="dm551">2066px</dimen>
    <dimen name="dm552">2070px</dimen>
    <dimen name="dm553">2074px</dimen>
    <dimen name="dm554">2078px</dimen>
    <dimen name="dm555">2081px</dimen>
    <dimen name="dm556">2085px</dimen>
    <dimen name="dm557">2089px</dimen>
    <dimen name="dm558">2093px</dimen>
    <dimen name="dm559">2096px</dimen>
    <dimen name="dm560">2100px</dimen>
    <dimen name="dm561">2104px</dimen>
    <dimen name="dm562">2108px</dimen>
    <dimen name="dm563">2111px</dimen>
    <dimen name="dm564">2115px</dimen>
    <dimen name="dm565">2119px</dimen>
    <dimen name="dm566">2123px</dimen>
    <dimen name="dm567">2126px</dimen>
    <dimen name="dm568">2130px</dimen>
    <dimen name="dm569">2134px</dimen>
    <dimen name="dm570">2138px</dimen>
    <dimen name="dm571">2141px</dimen>
    <dimen name="dm572">2145px</dimen>
    <dimen name="dm573">2149px</dimen>
    <dimen name="dm574">2153px</dimen>
    <dimen name="dm575">2156px</dimen>
    <dimen name="dm576">2160px</dimen>
    <dimen name="dm577">2164px</dimen>
    <dimen name="dm578">2168px</dimen>
    <dimen name="dm579">2171px</dimen>
    <dimen name="dm580">2175px</dimen>
    <dimen name="dm581">2179px</dimen>
    <dimen name="dm582">2183px</dimen>
    <dimen name="dm583">2186px</dimen>
    <dimen name="dm584">2190px</dimen>
    <dimen name="dm585">2194px</dimen>
    <dimen name="dm586">2198px</dimen>
    <dimen name="dm587">2201px</dimen>
    <dimen name="dm588">2205px</dimen>
    <dimen name="dm589">2209px</dimen>
    <dimen name="dm590">2213px</dimen>
    <dimen name="dm591">2216px</dimen>
    <dimen name="dm592">2220px</dimen>
    <dimen name="dm593">2224px</dimen>
    <dimen name="dm594">2228px</dimen>
    <dimen name="dm595">2231px</dimen>
    <dimen name="dm596">2235px</dimen>
    <dimen name="dm597">2239px</dimen>
    <dimen name="dm598">2243px</dimen>
    <dimen name="dm599">2246px</dimen>
    <dimen name="dm600">2250px</dimen>
    <dimen name="dm601">2254px</dimen>
    <dimen name="dm602">2258px</dimen>
    <dimen name="dm603">2261px</dimen>
    <dimen name="dm604">2265px</dimen>
    <dimen name="dm605">2269px</dimen>
    <dimen name="dm606">2273px</dimen>
    <dimen name="dm607">2276px</dimen>
    <dimen name="dm608">2280px</dimen>
    <dimen name="dm609">2284px</dimen>
    <dimen name="dm610">2288px</dimen>
    <dimen name="dm611">2291px</dimen>
    <dimen name="dm612">2295px</dimen>
    <dimen name="dm613">2299px</dimen>
    <dimen name="dm614">2303px</dimen>
    <dimen name="dm615">2306px</dimen>
    <dimen name="dm616">2310px</dimen>
    <dimen name="dm617">2314px</dimen>
    <dimen name="dm618">2318px</dimen>
    <dimen name="dm619">2321px</dimen>
    <dimen name="dm620">2325px</dimen>
    <dimen name="dm621">2329px</dimen>
    <dimen name="dm622">2333px</dimen>
    <dimen name="dm623">2336px</dimen>
    <dimen name="dm624">2340px</dimen>
    <dimen name="dm625">2344px</dimen>
    <dimen name="dm626">2348px</dimen>
    <dimen name="dm627">2351px</dimen>
    <dimen name="dm628">2355px</dimen>
    <dimen name="dm629">2359px</dimen>
    <dimen name="dm630">2363px</dimen>
    <dimen name="dm631">2366px</dimen>
    <dimen name="dm632">2370px</dimen>
    <dimen name="dm633">2374px</dimen>
    <dimen name="dm634">2378px</dimen>
    <dimen name="dm635">2381px</dimen>
    <dimen name="dm636">2385px</dimen>
    <dimen name="dm637">2389px</dimen>
    <dimen name="dm638">2393px</dimen>
    <dimen name="dm639">2396px</dimen>
    <dimen name="dm640">2400px</dimen>
    <dimen name="dm641">2404px</dimen>
    <dimen name="dm642">2408px</dimen>
    <dimen name="dm643">2411px</dimen>
    <dimen name="dm644">2415px</dimen>
    <dimen name="dm645">2419px</dimen>
    <dimen name="dm646">2423px</dimen>
    <dimen name="dm647">2426px</dimen>
    <dimen name="dm648">2430px</dimen>
    <dimen name="dm649">2434px</dimen>
    <dimen name="dm650">2438px</dimen>
    <dimen name="dm651">2441px</dimen>
    <dimen name="dm652">2445px</dimen>
    <dimen name="dm653">2449px</dimen>
    <dimen name="dm654">2453px</dimen>
    <dimen name="dm655">2456px</dimen>
    <dimen name="dm656">2460px</dimen>
    <dimen name="dm657">2464px</dimen>
    <dimen name="dm658">2468px</dimen>
    <dimen name="dm659">2471px</dimen>
    <dimen name="dm660">2475px</dimen>
    <dimen name="dm661">2479px</dimen>
    <dimen name="dm662">2483px</dimen>
    <dimen name="dm663">2486px</dimen>
    <dimen name="dm664">2490px</dimen>
    <dimen name="dm665">2494px</dimen>
    <dimen name="dm666">2498px</dimen>
    <dimen name="dm667">2501px</dimen>
    <dimen name="dm668">2505px</dimen>
    <dimen name="dm669">2509px</dimen>
    <dimen name="dm670">2513px</dimen>
    <dimen name="dm671">2516px</dimen>
    <dimen name="dm672">2520px</dimen>
    <dimen name="dm673">2524px</dimen>
    <dimen name="dm674">2528px</dimen>
    <dimen name="dm675">2531px</dimen>
    <dimen name="dm676">2535px</dimen>
    <dimen name="dm677">2539px</dimen>
    <dimen name="dm678">2543px</dimen>
    <dimen name="dm679">2546px</dimen>
    <dimen name="dm680">2550px</dimen>
    <dimen name="dm681">2554px</dimen>
    <dimen name="dm682">2558px</dimen>
    <dimen name="dm683">2561px</dimen>
    <dimen name="dm684">2565px</dimen>
    <dimen name="dm685">2569px</dimen>
    <dimen name="dm686">2573px</dimen>
    <dimen name="dm687">2576px</dimen>
    <dimen name="dm688">2580px</dimen>
    <dimen name="dm689">2584px</dimen>
    <dimen name="dm690">2588px</dimen>
    <dimen name="dm691">2591px</dimen>
    <dimen name="dm692">2595px</dimen>
    <dimen name="dm693">2599px</dimen>
    <dimen name="dm694">2603px</dimen>
    <dimen name="dm695">2606px</dimen>
    <dimen name="dm696">2610px</dimen>
    <dimen name="dm697">2614px</dimen>
    <dimen name="dm698">2618px</dimen>
    <dimen name="dm699">2621px</dimen>
    <dimen name="dm700">2625px</dimen>
    <dimen name="dm701">2629px</dimen>
    <dimen name="dm702">2633px</dimen>
    <dimen name="dm703">2636px</dimen>
    <dimen name="dm704">2640px</dimen>
    <dimen name="dm705">2644px</dimen>
    <dimen name="dm706">2648px</dimen>
    <dimen name="dm707">2651px</dimen>
    <dimen name="dm708">2655px</dimen>
    <dimen name="dm709">2659px</dimen>
    <dimen name="dm710">2663px</dimen>
    <dimen name="dm711">2666px</dimen>
    <dimen name="dm712">2670px</dimen>
    <dimen name="dm713">2674px</dimen>
    <dimen name="dm714">2678px</dimen>
    <dimen name="dm715">2681px</dimen>
    <dimen name="dm716">2685px</dimen>
    <dimen name="dm717">2689px</dimen>
    <dimen name="dm718">2693px</dimen>
    <dimen name="dm719">2696px</dimen>
    <dimen name="dm720">2700px</dimen>
    <dimen name="dm721">2704px</dimen>
    <dimen name="dm722">2708px</dimen>
    <dimen name="dm723">2711px</dimen>
    <dimen name="dm724">2715px</dimen>
    <dimen name="dm725">2719px</dimen>
    <dimen name="dm726">2723px</dimen>
    <dimen name="dm727">2726px</dimen>
    <dimen name="dm728">2730px</dimen>
    <dimen name="dm729">2734px</dimen>
    <dimen name="dm730">2738px</dimen>
    <dimen name="dm731">2741px</dimen>
    <dimen name="dm732">2745px</dimen>
    <dimen name="dm733">2749px</dimen>
    <dimen name="dm734">2753px</dimen>
    <dimen name="dm735">2756px</dimen>
    <dimen name="dm736">2760px</dimen>
    <dimen name="dm737">2764px</dimen>
    <dimen name="dm738">2768px</dimen>
    <dimen name="dm739">2771px</dimen>
    <dimen name="dm740">2775px</dimen>
    <dimen name="dm741">2779px</dimen>
    <dimen name="dm742">2783px</dimen>
    <dimen name="dm743">2786px</dimen>
    <dimen name="dm744">2790px</dimen>
    <dimen name="dm745">2794px</dimen>
    <dimen name="dm746">2798px</dimen>
    <dimen name="dm747">2801px</dimen>
    <dimen name="dm748">2805px</dimen>
    <dimen name="dm749">2809px</dimen>
    <dimen name="dm750">2813px</dimen>
    <dimen name="dm751">2816px</dimen>
    <dimen name="dm752">2820px</dimen>
    <dimen name="dm753">2824px</dimen>
    <dimen name="dm754">2828px</dimen>
    <dimen name="dm755">2831px</dimen>
    <dimen name="dm756">2835px</dimen>
    <dimen name="dm757">2839px</dimen>
    <dimen name="dm758">2843px</dimen>
    <dimen name="dm759">2846px</dimen>
    <dimen name="dm760">2850px</dimen>
    <dimen name="dm761">2854px</dimen>
    <dimen name="dm762">2858px</dimen>
    <dimen name="dm763">2861px</dimen>
    <dimen name="dm764">2865px</dimen>
    <dimen name="dm765">2869px</dimen>
    <dimen name="dm766">2873px</dimen>
    <dimen name="dm767">2876px</dimen>
    <dimen name="dm768">2880px</dimen>
    <dimen name="dm769">2884px</dimen>
    <dimen name="dm770">2888px</dimen>
    <dimen name="dm771">2891px</dimen>
    <dimen name="dm772">2895px</dimen>
    <dimen name="dm773">2899px</dimen>
    <dimen name="dm774">2903px</dimen>
    <dimen name="dm775">2906px</dimen>
    <dimen name="dm776">2910px</dimen>
    <dimen name="dm777">2914px</dimen>
    <dimen name="dm778">2918px</dimen>
    <dimen name="dm779">2921px</dimen>
    <dimen name="dm780">2925px</dimen>
    <dimen name="dm781">2929px</dimen>
    <dimen name="dm782">2933px</dimen>
    <dimen name="dm783">2936px</dimen>
    <dimen name="dm784">2940px</dimen>
    <dimen name="dm785">2944px</dimen>
    <dimen name="dm786">2948px</dimen>
    <dimen name="dm787">2951px</dimen>
    <dimen name="dm788">2955px</dimen>
    <dimen name="dm789">2959px</dimen>
    <dimen name="dm790">2963px</dimen>
    <dimen name="dm791">2966px</dimen>
    <dimen name="dm792">2970px</dimen>
    <dimen name="dm793">2974px</dimen>
    <dimen name="dm794">2978px</dimen>
    <dimen name="dm795">2981px</dimen>
    <dimen name="dm796">2985px</dimen>
    <dimen name="dm797">2989px</dimen>
    <dimen name="dm798">2993px</dimen>
    <dimen name="dm799">2996px</dimen>
    <dimen name="dm800">3000px</dimen>
    <dimen name="dm801">3004px</dimen>
    <dimen name="dm802">3008px</dimen>
    <dimen name="dm803">3011px</dimen>
    <dimen name="dm804">3015px</dimen>
    <dimen name="dm805">3019px</dimen>
    <dimen name="dm806">3023px</dimen>
    <dimen name="dm807">3026px</dimen>
    <dimen name="dm808">3030px</dimen>
    <dimen name="dm809">3034px</dimen>
    <dimen name="dm810">3038px</dimen>
    <dimen name="dm811">3041px</dimen>
    <dimen name="dm812">3045px</dimen>
    <dimen name="dm813">3049px</dimen>
    <dimen name="dm814">3053px</dimen>
    <dimen name="dm815">3056px</dimen>
    <dimen name="dm816">3060px</dimen>
    <dimen name="dm817">3064px</dimen>
    <dimen name="dm818">3068px</dimen>
    <dimen name="dm819">3071px</dimen>
    <dimen name="dm820">3075px</dimen>
    <dimen name="dm821">3079px</dimen>
    <dimen name="dm822">3083px</dimen>
    <dimen name="dm823">3086px</dimen>
    <dimen name="dm824">3090px</dimen>
    <dimen name="dm825">3094px</dimen>
    <dimen name="dm826">3098px</dimen>
    <dimen name="dm827">3101px</dimen>
    <dimen name="dm828">3105px</dimen>
    <dimen name="dm829">3109px</dimen>
    <dimen name="dm830">3113px</dimen>
    <dimen name="dm831">3116px</dimen>
    <dimen name="dm832">3120px</dimen>
    <dimen name="dm833">3124px</dimen>
    <dimen name="dm834">3128px</dimen>
    <dimen name="dm835">3131px</dimen>
    <dimen name="dm836">3135px</dimen>
    <dimen name="dm837">3139px</dimen>
    <dimen name="dm838">3143px</dimen>
    <dimen name="dm839">3146px</dimen>
    <dimen name="dm840">3150px</dimen>
    <dimen name="dm841">3154px</dimen>
    <dimen name="dm842">3158px</dimen>
    <dimen name="dm843">3161px</dimen>
    <dimen name="dm844">3165px</dimen>
    <dimen name="dm845">3169px</dimen>
    <dimen name="dm846">3173px</dimen>
    <dimen name="dm847">3176px</dimen>
    <dimen name="dm848">3180px</dimen>
    <dimen name="dm849">3184px</dimen>
    <dimen name="dm850">3188px</dimen>
    <dimen name="dm851">3191px</dimen>
    <dimen name="dm852">3195px</dimen>
    <dimen name="dm853">3199px</dimen>
    <dimen name="dm854">3203px</dimen>
    <dimen name="dm855">3206px</dimen>
    <dimen name="dm856">3210px</dimen>
    <dimen name="dm857">3214px</dimen>
    <dimen name="dm858">3218px</dimen>
    <dimen name="dm859">3221px</dimen>
    <dimen name="dm860">3225px</dimen>
    <dimen name="dm861">3229px</dimen>
    <dimen name="dm862">3233px</dimen>
    <dimen name="dm863">3236px</dimen>
    <dimen name="dm864">3240px</dimen>
    <dimen name="dm865">3244px</dimen>
    <dimen name="dm866">3248px</dimen>
    <dimen name="dm867">3251px</dimen>
    <dimen name="dm868">3255px</dimen>
    <dimen name="dm869">3259px</dimen>
    <dimen name="dm870">3263px</dimen>
    <dimen name="dm871">3266px</dimen>
    <dimen name="dm872">3270px</dimen>
    <dimen name="dm873">3274px</dimen>
    <dimen name="dm874">3278px</dimen>
    <dimen name="dm875">3281px</dimen>
    <dimen name="dm876">3285px</dimen>
    <dimen name="dm877">3289px</dimen>
    <dimen name="dm878">3293px</dimen>
    <dimen name="dm879">3296px</dimen>
    <dimen name="dm880">3300px</dimen>
    <dimen name="dm881">3304px</dimen>
    <dimen name="dm882">3308px</dimen>
    <dimen name="dm883">3311px</dimen>
    <dimen name="dm884">3315px</dimen>
    <dimen name="dm885">3319px</dimen>
    <dimen name="dm886">3323px</dimen>
    <dimen name="dm887">3326px</dimen>
    <dimen name="dm888">3330px</dimen>
    <dimen name="dm889">3334px</dimen>
    <dimen name="dm890">3338px</dimen>
    <dimen name="dm891">3341px</dimen>
    <dimen name="dm892">3345px</dimen>
    <dimen name="dm893">3349px</dimen>
    <dimen name="dm894">3353px</dimen>
    <dimen name="dm895">3356px</dimen>
    <dimen name="dm896">3360px</dimen>
    <dimen name="dm897">3364px</dimen>
    <dimen name="dm898">3368px</dimen>
    <dimen name="dm899">3371px</dimen>
    <dimen name="dm900">3375px</dimen>
    <dimen name="dm901">3379px</dimen>
    <dimen name="dm902">3383px</dimen>
    <dimen name="dm903">3386px</dimen>
    <dimen name="dm904">3390px</dimen>
    <dimen name="dm905">3394px</dimen>
    <dimen name="dm906">3398px</dimen>
    <dimen name="dm907">3401px</dimen>
    <dimen name="dm908">3405px</dimen>
    <dimen name="dm909">3409px</dimen>
    <dimen name="dm910">3413px</dimen>
    <dimen name="dm911">3416px</dimen>
    <dimen name="dm912">3420px</dimen>
    <dimen name="dm913">3424px</dimen>
    <dimen name="dm914">3428px</dimen>
    <dimen name="dm915">3431px</dimen>
    <dimen name="dm916">3435px</dimen>
    <dimen name="dm917">3439px</dimen>
    <dimen name="dm918">3443px</dimen>
    <dimen name="dm919">3446px</dimen>
    <dimen name="dm920">3450px</dimen>
    <dimen name="dm921">3454px</dimen>
    <dimen name="dm922">3458px</dimen>
    <dimen name="dm923">3461px</dimen>
    <dimen name="dm924">3465px</dimen>
    <dimen name="dm925">3469px</dimen>
    <dimen name="dm926">3473px</dimen>
    <dimen name="dm927">3476px</dimen>
    <dimen name="dm928">3480px</dimen>
    <dimen name="dm929">3484px</dimen>
    <dimen name="dm930">3488px</dimen>
    <dimen name="dm931">3491px</dimen>
    <dimen name="dm932">3495px</dimen>
    <dimen name="dm933">3499px</dimen>
    <dimen name="dm934">3503px</dimen>
    <dimen name="dm935">3506px</dimen>
    <dimen name="dm936">3510px</dimen>
    <dimen name="dm937">3514px</dimen>
    <dimen name="dm938">3518px</dimen>
    <dimen name="dm939">3521px</dimen>
    <dimen name="dm940">3525px</dimen>
    <dimen name="dm941">3529px</dimen>
    <dimen name="dm942">3533px</dimen>
    <dimen name="dm943">3536px</dimen>
    <dimen name="dm944">3540px</dimen>
    <dimen name="dm945">3544px</dimen>
    <dimen name="dm946">3548px</dimen>
    <dimen name="dm947">3551px</dimen>
    <dimen name="dm948">3555px</dimen>
    <dimen name="dm949">3559px</dimen>
    <dimen name="dm950">3563px</dimen>
    <dimen name="dm951">3566px</dimen>
    <dimen name="dm952">3570px</dimen>
    <dimen name="dm953">3574px</dimen>
    <dimen name="dm954">3578px</dimen>
    <dimen name="dm955">3581px</dimen>
    <dimen name="dm956">3585px</dimen>
    <dimen name="dm957">3589px</dimen>
    <dimen name="dm958">3593px</dimen>
    <dimen name="dm959">3596px</dimen>
    <dimen name="dm960">3600px</dimen>
    <dimen name="dm961">3604px</dimen>
    <dimen name="dm962">3608px</dimen>
    <dimen name="dm963">3611px</dimen>
    <dimen name="dm964">3615px</dimen>
    <dimen name="dm965">3619px</dimen>
    <dimen name="dm966">3623px</dimen>
    <dimen name="dm967">3626px</dimen>
    <dimen name="dm968">3630px</dimen>
    <dimen name="dm969">3634px</dimen>
    <dimen name="dm970">3638px</dimen>
    <dimen name="dm971">3641px</dimen>
    <dimen name="dm972">3645px</dimen>
    <dimen name="dm973">3649px</dimen>
    <dimen name="dm974">3653px</dimen>
    <dimen name="dm975">3656px</dimen>
    <dimen name="dm976">3660px</dimen>
    <dimen name="dm977">3664px</dimen>
    <dimen name="dm978">3668px</dimen>
    <dimen name="dm979">3671px</dimen>
    <dimen name="dm980">3675px</dimen>
    <dimen name="dm981">3679px</dimen>
    <dimen name="dm982">3683px</dimen>
    <dimen name="dm983">3686px</dimen>
    <dimen name="dm984">3690px</dimen>
    <dimen name="dm985">3694px</dimen>
    <dimen name="dm986">3698px</dimen>
    <dimen name="dm987">3701px</dimen>
    <dimen name="dm988">3705px</dimen>
    <dimen name="dm989">3709px</dimen>
    <dimen name="dm990">3713px</dimen>
    <dimen name="dm991">3716px</dimen>
    <dimen name="dm992">3720px</dimen>
    <dimen name="dm993">3724px</dimen>
    <dimen name="dm994">3728px</dimen>
    <dimen name="dm995">3731px</dimen>
    <dimen name="dm996">3735px</dimen>
    <dimen name="dm997">3739px</dimen>
    <dimen name="dm998">3743px</dimen>
    <dimen name="dm999">3746px</dimen>

</resources>