<resources>

    <dimen name="dm_200">-959px</dimen>
    <dimen name="dm_199">-954px</dimen>
    <dimen name="dm_198">-949px</dimen>
    <dimen name="dm_197">-945px</dimen>
    <dimen name="dm_196">-940px</dimen>
    <dimen name="dm_195">-935px</dimen>
    <dimen name="dm_194">-930px</dimen>
    <dimen name="dm_193">-925px</dimen>
    <dimen name="dm_192">-921px</dimen>
    <dimen name="dm_191">-916px</dimen>
    <dimen name="dm_190">-911px</dimen>
    <dimen name="dm_189">-906px</dimen>
    <dimen name="dm_188">-901px</dimen>
    <dimen name="dm_187">-897px</dimen>
    <dimen name="dm_186">-892px</dimen>
    <dimen name="dm_185">-887px</dimen>
    <dimen name="dm_184">-882px</dimen>
    <dimen name="dm_183">-877px</dimen>
    <dimen name="dm_182">-873px</dimen>
    <dimen name="dm_181">-868px</dimen>
    <dimen name="dm_180">-863px</dimen>
    <dimen name="dm_179">-858px</dimen>
    <dimen name="dm_178">-853px</dimen>
    <dimen name="dm_177">-849px</dimen>
    <dimen name="dm_176">-844px</dimen>
    <dimen name="dm_175">-839px</dimen>
    <dimen name="dm_174">-834px</dimen>
    <dimen name="dm_173">-829px</dimen>
    <dimen name="dm_172">-825px</dimen>
    <dimen name="dm_171">-820px</dimen>
    <dimen name="dm_170">-815px</dimen>
    <dimen name="dm_169">-810px</dimen>
    <dimen name="dm_168">-805px</dimen>
    <dimen name="dm_167">-801px</dimen>
    <dimen name="dm_166">-796px</dimen>
    <dimen name="dm_165">-791px</dimen>
    <dimen name="dm_164">-786px</dimen>
    <dimen name="dm_163">-781px</dimen>
    <dimen name="dm_162">-777px</dimen>
    <dimen name="dm_161">-772px</dimen>
    <dimen name="dm_160">-767px</dimen>
    <dimen name="dm_159">-762px</dimen>
    <dimen name="dm_158">-757px</dimen>
    <dimen name="dm_157">-753px</dimen>
    <dimen name="dm_156">-748px</dimen>
    <dimen name="dm_155">-743px</dimen>
    <dimen name="dm_154">-738px</dimen>
    <dimen name="dm_153">-733px</dimen>
    <dimen name="dm_152">-729px</dimen>
    <dimen name="dm_151">-724px</dimen>
    <dimen name="dm_150">-719px</dimen>
    <dimen name="dm_149">-714px</dimen>
    <dimen name="dm_148">-709px</dimen>
    <dimen name="dm_147">-705px</dimen>
    <dimen name="dm_146">-700px</dimen>
    <dimen name="dm_145">-695px</dimen>
    <dimen name="dm_144">-690px</dimen>
    <dimen name="dm_143">-685px</dimen>
    <dimen name="dm_142">-681px</dimen>
    <dimen name="dm_141">-676px</dimen>
    <dimen name="dm_140">-671px</dimen>
    <dimen name="dm_139">-666px</dimen>
    <dimen name="dm_138">-661px</dimen>
    <dimen name="dm_137">-657px</dimen>
    <dimen name="dm_136">-652px</dimen>
    <dimen name="dm_135">-647px</dimen>
    <dimen name="dm_134">-642px</dimen>
    <dimen name="dm_133">-637px</dimen>
    <dimen name="dm_132">-633px</dimen>
    <dimen name="dm_131">-628px</dimen>
    <dimen name="dm_130">-623px</dimen>
    <dimen name="dm_129">-618px</dimen>
    <dimen name="dm_128">-613px</dimen>
    <dimen name="dm_127">-609px</dimen>
    <dimen name="dm_126">-604px</dimen>
    <dimen name="dm_125">-599px</dimen>
    <dimen name="dm_124">-594px</dimen>
    <dimen name="dm_123">-589px</dimen>
    <dimen name="dm_122">-585px</dimen>
    <dimen name="dm_121">-580px</dimen>
    <dimen name="dm_120">-575px</dimen>
    <dimen name="dm_119">-570px</dimen>
    <dimen name="dm_118">-565px</dimen>
    <dimen name="dm_117">-561px</dimen>
    <dimen name="dm_116">-556px</dimen>
    <dimen name="dm_115">-551px</dimen>
    <dimen name="dm_114">-546px</dimen>
    <dimen name="dm_113">-541px</dimen>
    <dimen name="dm_112">-537px</dimen>
    <dimen name="dm_111">-532px</dimen>
    <dimen name="dm_110">-527px</dimen>
    <dimen name="dm_109">-522px</dimen>
    <dimen name="dm_108">-517px</dimen>
    <dimen name="dm_107">-513px</dimen>
    <dimen name="dm_106">-508px</dimen>
    <dimen name="dm_105">-503px</dimen>
    <dimen name="dm_104">-498px</dimen>
    <dimen name="dm_103">-493px</dimen>
    <dimen name="dm_102">-489px</dimen>
    <dimen name="dm_101">-484px</dimen>
    <dimen name="dm_100">-479px</dimen>
    <dimen name="dm_099">-474px</dimen>
    <dimen name="dm_098">-469px</dimen>
    <dimen name="dm_097">-465px</dimen>
    <dimen name="dm_096">-460px</dimen>
    <dimen name="dm_095">-455px</dimen>
    <dimen name="dm_094">-450px</dimen>
    <dimen name="dm_093">-445px</dimen>
    <dimen name="dm_092">-441px</dimen>
    <dimen name="dm_091">-436px</dimen>
    <dimen name="dm_090">-431px</dimen>
    <dimen name="dm_089">-426px</dimen>
    <dimen name="dm_088">-421px</dimen>
    <dimen name="dm_087">-417px</dimen>
    <dimen name="dm_086">-412px</dimen>
    <dimen name="dm_085">-407px</dimen>
    <dimen name="dm_084">-402px</dimen>
    <dimen name="dm_083">-397px</dimen>
    <dimen name="dm_082">-393px</dimen>
    <dimen name="dm_081">-388px</dimen>
    <dimen name="dm_080">-383px</dimen>
    <dimen name="dm_079">-378px</dimen>
    <dimen name="dm_078">-373px</dimen>
    <dimen name="dm_077">-369px</dimen>
    <dimen name="dm_076">-364px</dimen>
    <dimen name="dm_075">-359px</dimen>
    <dimen name="dm_074">-354px</dimen>
    <dimen name="dm_073">-349px</dimen>
    <dimen name="dm_072">-345px</dimen>
    <dimen name="dm_071">-340px</dimen>
    <dimen name="dm_070">-335px</dimen>
    <dimen name="dm_069">-330px</dimen>
    <dimen name="dm_068">-325px</dimen>
    <dimen name="dm_067">-321px</dimen>
    <dimen name="dm_066">-316px</dimen>
    <dimen name="dm_065">-311px</dimen>
    <dimen name="dm_064">-306px</dimen>
    <dimen name="dm_063">-301px</dimen>
    <dimen name="dm_062">-297px</dimen>
    <dimen name="dm_061">-292px</dimen>
    <dimen name="dm_060">-287px</dimen>
    <dimen name="dm_059">-282px</dimen>
    <dimen name="dm_058">-277px</dimen>
    <dimen name="dm_057">-273px</dimen>
    <dimen name="dm_056">-268px</dimen>
    <dimen name="dm_055">-263px</dimen>
    <dimen name="dm_054">-258px</dimen>
    <dimen name="dm_053">-253px</dimen>
    <dimen name="dm_052">-249px</dimen>
    <dimen name="dm_051">-244px</dimen>
    <dimen name="dm_050">-239px</dimen>
    <dimen name="dm_049">-234px</dimen>
    <dimen name="dm_048">-229px</dimen>
    <dimen name="dm_047">-225px</dimen>
    <dimen name="dm_046">-220px</dimen>
    <dimen name="dm_045">-215px</dimen>
    <dimen name="dm_044">-210px</dimen>
    <dimen name="dm_043">-205px</dimen>
    <dimen name="dm_042">-201px</dimen>
    <dimen name="dm_041">-196px</dimen>
    <dimen name="dm_040">-191px</dimen>
    <dimen name="dm_039">-186px</dimen>
    <dimen name="dm_038">-181px</dimen>
    <dimen name="dm_037">-177px</dimen>
    <dimen name="dm_036">-172px</dimen>
    <dimen name="dm_035">-167px</dimen>
    <dimen name="dm_034">-162px</dimen>
    <dimen name="dm_033">-157px</dimen>
    <dimen name="dm_032">-153px</dimen>
    <dimen name="dm_031">-148px</dimen>
    <dimen name="dm_030">-143px</dimen>
    <dimen name="dm_029">-138px</dimen>
    <dimen name="dm_028">-133px</dimen>
    <dimen name="dm_027">-129px</dimen>
    <dimen name="dm_026">-124px</dimen>
    <dimen name="dm_025">-119px</dimen>
    <dimen name="dm_024">-114px</dimen>
    <dimen name="dm_023">-109px</dimen>
    <dimen name="dm_022">-105px</dimen>
    <dimen name="dm_021">-100px</dimen>
    <dimen name="dm_020">-95px</dimen>
    <dimen name="dm_019">-90px</dimen>
    <dimen name="dm_018">-85px</dimen>
    <dimen name="dm_017">-81px</dimen>
    <dimen name="dm_016">-76px</dimen>
    <dimen name="dm_015">-71px</dimen>
    <dimen name="dm_014">-66px</dimen>
    <dimen name="dm_013">-61px</dimen>
    <dimen name="dm_012">-57px</dimen>
    <dimen name="dm_011">-52px</dimen>
    <dimen name="dm_010">-47px</dimen>
    <dimen name="dm_009">-42px</dimen>
    <dimen name="dm_008">-37px</dimen>
    <dimen name="dm_007">-33px</dimen>
    <dimen name="dm_006">-28px</dimen>
    <dimen name="dm_005">-23px</dimen>
    <dimen name="dm_004">-18px</dimen>
    <dimen name="dm_003">-13px</dimen>
    <dimen name="dm_002">-9px</dimen>
    <dimen name="dm_001">-4px</dimen>
    <dimen name="dm000">0px</dimen>
    <dimen name="dm001">5px</dimen>
    <dimen name="dm002">10px</dimen>
    <dimen name="dm003">14px</dimen>
    <dimen name="dm004">19px</dimen>
    <dimen name="dm005">24px</dimen>
    <dimen name="dm006">29px</dimen>
    <dimen name="dm007">34px</dimen>
    <dimen name="dm008">38px</dimen>
    <dimen name="dm009">43px</dimen>
    <dimen name="dm010">48px</dimen>
    <dimen name="dm011">53px</dimen>
    <dimen name="dm012">58px</dimen>
    <dimen name="dm013">62px</dimen>
    <dimen name="dm014">67px</dimen>
    <dimen name="dm015">72px</dimen>
    <dimen name="dm016">77px</dimen>
    <dimen name="dm017">82px</dimen>
    <dimen name="dm018">86px</dimen>
    <dimen name="dm019">91px</dimen>
    <dimen name="dm020">96px</dimen>
    <dimen name="dm021">101px</dimen>
    <dimen name="dm022">106px</dimen>
    <dimen name="dm023">110px</dimen>
    <dimen name="dm024">115px</dimen>
    <dimen name="dm025">120px</dimen>
    <dimen name="dm026">125px</dimen>
    <dimen name="dm027">130px</dimen>
    <dimen name="dm028">134px</dimen>
    <dimen name="dm029">139px</dimen>
    <dimen name="dm030">144px</dimen>
    <dimen name="dm031">149px</dimen>
    <dimen name="dm032">154px</dimen>
    <dimen name="dm033">158px</dimen>
    <dimen name="dm034">163px</dimen>
    <dimen name="dm035">168px</dimen>
    <dimen name="dm036">173px</dimen>
    <dimen name="dm037">178px</dimen>
    <dimen name="dm038">182px</dimen>
    <dimen name="dm039">187px</dimen>
    <dimen name="dm040">192px</dimen>
    <dimen name="dm041">197px</dimen>
    <dimen name="dm042">202px</dimen>
    <dimen name="dm043">206px</dimen>
    <dimen name="dm044">211px</dimen>
    <dimen name="dm045">216px</dimen>
    <dimen name="dm046">221px</dimen>
    <dimen name="dm047">226px</dimen>
    <dimen name="dm048">230px</dimen>
    <dimen name="dm049">235px</dimen>
    <dimen name="dm050">240px</dimen>
    <dimen name="dm051">245px</dimen>
    <dimen name="dm052">250px</dimen>
    <dimen name="dm053">254px</dimen>
    <dimen name="dm054">259px</dimen>
    <dimen name="dm055">264px</dimen>
    <dimen name="dm056">269px</dimen>
    <dimen name="dm057">274px</dimen>
    <dimen name="dm058">278px</dimen>
    <dimen name="dm059">283px</dimen>
    <dimen name="dm060">288px</dimen>
    <dimen name="dm061">293px</dimen>
    <dimen name="dm062">298px</dimen>
    <dimen name="dm063">302px</dimen>
    <dimen name="dm064">307px</dimen>
    <dimen name="dm065">312px</dimen>
    <dimen name="dm066">317px</dimen>
    <dimen name="dm067">322px</dimen>
    <dimen name="dm068">326px</dimen>
    <dimen name="dm069">331px</dimen>
    <dimen name="dm070">336px</dimen>
    <dimen name="dm071">341px</dimen>
    <dimen name="dm072">346px</dimen>
    <dimen name="dm073">350px</dimen>
    <dimen name="dm074">355px</dimen>
    <dimen name="dm075">360px</dimen>
    <dimen name="dm076">365px</dimen>
    <dimen name="dm077">370px</dimen>
    <dimen name="dm078">374px</dimen>
    <dimen name="dm079">379px</dimen>
    <dimen name="dm080">384px</dimen>
    <dimen name="dm081">389px</dimen>
    <dimen name="dm082">394px</dimen>
    <dimen name="dm083">398px</dimen>
    <dimen name="dm084">403px</dimen>
    <dimen name="dm085">408px</dimen>
    <dimen name="dm086">413px</dimen>
    <dimen name="dm087">418px</dimen>
    <dimen name="dm088">422px</dimen>
    <dimen name="dm089">427px</dimen>
    <dimen name="dm090">432px</dimen>
    <dimen name="dm091">437px</dimen>
    <dimen name="dm092">442px</dimen>
    <dimen name="dm093">446px</dimen>
    <dimen name="dm094">451px</dimen>
    <dimen name="dm095">456px</dimen>
    <dimen name="dm096">461px</dimen>
    <dimen name="dm097">466px</dimen>
    <dimen name="dm098">470px</dimen>
    <dimen name="dm099">475px</dimen>
    <dimen name="dm100">480px</dimen>
    <dimen name="dm101">485px</dimen>
    <dimen name="dm102">490px</dimen>
    <dimen name="dm103">494px</dimen>
    <dimen name="dm104">499px</dimen>
    <dimen name="dm105">504px</dimen>
    <dimen name="dm106">509px</dimen>
    <dimen name="dm107">514px</dimen>
    <dimen name="dm108">518px</dimen>
    <dimen name="dm109">523px</dimen>
    <dimen name="dm110">528px</dimen>
    <dimen name="dm111">533px</dimen>
    <dimen name="dm112">538px</dimen>
    <dimen name="dm113">542px</dimen>
    <dimen name="dm114">547px</dimen>
    <dimen name="dm115">552px</dimen>
    <dimen name="dm116">557px</dimen>
    <dimen name="dm117">562px</dimen>
    <dimen name="dm118">566px</dimen>
    <dimen name="dm119">571px</dimen>
    <dimen name="dm120">576px</dimen>
    <dimen name="dm121">581px</dimen>
    <dimen name="dm122">586px</dimen>
    <dimen name="dm123">590px</dimen>
    <dimen name="dm124">595px</dimen>
    <dimen name="dm125">600px</dimen>
    <dimen name="dm126">605px</dimen>
    <dimen name="dm127">610px</dimen>
    <dimen name="dm128">614px</dimen>
    <dimen name="dm129">619px</dimen>
    <dimen name="dm130">624px</dimen>
    <dimen name="dm131">629px</dimen>
    <dimen name="dm132">634px</dimen>
    <dimen name="dm133">638px</dimen>
    <dimen name="dm134">643px</dimen>
    <dimen name="dm135">648px</dimen>
    <dimen name="dm136">653px</dimen>
    <dimen name="dm137">658px</dimen>
    <dimen name="dm138">662px</dimen>
    <dimen name="dm139">667px</dimen>
    <dimen name="dm140">672px</dimen>
    <dimen name="dm141">677px</dimen>
    <dimen name="dm142">682px</dimen>
    <dimen name="dm143">686px</dimen>
    <dimen name="dm144">691px</dimen>
    <dimen name="dm145">696px</dimen>
    <dimen name="dm146">701px</dimen>
    <dimen name="dm147">706px</dimen>
    <dimen name="dm148">710px</dimen>
    <dimen name="dm149">715px</dimen>
    <dimen name="dm150">720px</dimen>
    <dimen name="dm151">725px</dimen>
    <dimen name="dm152">730px</dimen>
    <dimen name="dm153">734px</dimen>
    <dimen name="dm154">739px</dimen>
    <dimen name="dm155">744px</dimen>
    <dimen name="dm156">749px</dimen>
    <dimen name="dm157">754px</dimen>
    <dimen name="dm158">758px</dimen>
    <dimen name="dm159">763px</dimen>
    <dimen name="dm160">768px</dimen>
    <dimen name="dm161">773px</dimen>
    <dimen name="dm162">778px</dimen>
    <dimen name="dm163">782px</dimen>
    <dimen name="dm164">787px</dimen>
    <dimen name="dm165">792px</dimen>
    <dimen name="dm166">797px</dimen>
    <dimen name="dm167">802px</dimen>
    <dimen name="dm168">806px</dimen>
    <dimen name="dm169">811px</dimen>
    <dimen name="dm170">816px</dimen>
    <dimen name="dm171">821px</dimen>
    <dimen name="dm172">826px</dimen>
    <dimen name="dm173">830px</dimen>
    <dimen name="dm174">835px</dimen>
    <dimen name="dm175">840px</dimen>
    <dimen name="dm176">845px</dimen>
    <dimen name="dm177">850px</dimen>
    <dimen name="dm178">854px</dimen>
    <dimen name="dm179">859px</dimen>
    <dimen name="dm180">864px</dimen>
    <dimen name="dm181">869px</dimen>
    <dimen name="dm182">874px</dimen>
    <dimen name="dm183">878px</dimen>
    <dimen name="dm184">883px</dimen>
    <dimen name="dm185">888px</dimen>
    <dimen name="dm186">893px</dimen>
    <dimen name="dm187">898px</dimen>
    <dimen name="dm188">902px</dimen>
    <dimen name="dm189">907px</dimen>
    <dimen name="dm190">912px</dimen>
    <dimen name="dm191">917px</dimen>
    <dimen name="dm192">922px</dimen>
    <dimen name="dm193">926px</dimen>
    <dimen name="dm194">931px</dimen>
    <dimen name="dm195">936px</dimen>
    <dimen name="dm196">941px</dimen>
    <dimen name="dm197">946px</dimen>
    <dimen name="dm198">950px</dimen>
    <dimen name="dm199">955px</dimen>
    <dimen name="dm200">960px</dimen>
    <dimen name="dm201">965px</dimen>
    <dimen name="dm202">970px</dimen>
    <dimen name="dm203">974px</dimen>
    <dimen name="dm204">979px</dimen>
    <dimen name="dm205">984px</dimen>
    <dimen name="dm206">989px</dimen>
    <dimen name="dm207">994px</dimen>
    <dimen name="dm208">998px</dimen>
    <dimen name="dm209">1003px</dimen>
    <dimen name="dm210">1008px</dimen>
    <dimen name="dm211">1013px</dimen>
    <dimen name="dm212">1018px</dimen>
    <dimen name="dm213">1022px</dimen>
    <dimen name="dm214">1027px</dimen>
    <dimen name="dm215">1032px</dimen>
    <dimen name="dm216">1037px</dimen>
    <dimen name="dm217">1042px</dimen>
    <dimen name="dm218">1046px</dimen>
    <dimen name="dm219">1051px</dimen>
    <dimen name="dm220">1056px</dimen>
    <dimen name="dm221">1061px</dimen>
    <dimen name="dm222">1066px</dimen>
    <dimen name="dm223">1070px</dimen>
    <dimen name="dm224">1075px</dimen>
    <dimen name="dm225">1080px</dimen>
    <dimen name="dm226">1085px</dimen>
    <dimen name="dm227">1090px</dimen>
    <dimen name="dm228">1094px</dimen>
    <dimen name="dm229">1099px</dimen>
    <dimen name="dm230">1104px</dimen>
    <dimen name="dm231">1109px</dimen>
    <dimen name="dm232">1114px</dimen>
    <dimen name="dm233">1118px</dimen>
    <dimen name="dm234">1123px</dimen>
    <dimen name="dm235">1128px</dimen>
    <dimen name="dm236">1133px</dimen>
    <dimen name="dm237">1138px</dimen>
    <dimen name="dm238">1142px</dimen>
    <dimen name="dm239">1147px</dimen>
    <dimen name="dm240">1152px</dimen>
    <dimen name="dm241">1157px</dimen>
    <dimen name="dm242">1162px</dimen>
    <dimen name="dm243">1166px</dimen>
    <dimen name="dm244">1171px</dimen>
    <dimen name="dm245">1176px</dimen>
    <dimen name="dm246">1181px</dimen>
    <dimen name="dm247">1186px</dimen>
    <dimen name="dm248">1190px</dimen>
    <dimen name="dm249">1195px</dimen>
    <dimen name="dm250">1200px</dimen>
    <dimen name="dm251">1205px</dimen>
    <dimen name="dm252">1210px</dimen>
    <dimen name="dm253">1214px</dimen>
    <dimen name="dm254">1219px</dimen>
    <dimen name="dm255">1224px</dimen>
    <dimen name="dm256">1229px</dimen>
    <dimen name="dm257">1234px</dimen>
    <dimen name="dm258">1238px</dimen>
    <dimen name="dm259">1243px</dimen>
    <dimen name="dm260">1248px</dimen>
    <dimen name="dm261">1253px</dimen>
    <dimen name="dm262">1258px</dimen>
    <dimen name="dm263">1262px</dimen>
    <dimen name="dm264">1267px</dimen>
    <dimen name="dm265">1272px</dimen>
    <dimen name="dm266">1277px</dimen>
    <dimen name="dm267">1282px</dimen>
    <dimen name="dm268">1286px</dimen>
    <dimen name="dm269">1291px</dimen>
    <dimen name="dm270">1296px</dimen>
    <dimen name="dm271">1301px</dimen>
    <dimen name="dm272">1306px</dimen>
    <dimen name="dm273">1310px</dimen>
    <dimen name="dm274">1315px</dimen>
    <dimen name="dm275">1320px</dimen>
    <dimen name="dm276">1325px</dimen>
    <dimen name="dm277">1330px</dimen>
    <dimen name="dm278">1334px</dimen>
    <dimen name="dm279">1339px</dimen>
    <dimen name="dm280">1344px</dimen>
    <dimen name="dm281">1349px</dimen>
    <dimen name="dm282">1354px</dimen>
    <dimen name="dm283">1358px</dimen>
    <dimen name="dm284">1363px</dimen>
    <dimen name="dm285">1368px</dimen>
    <dimen name="dm286">1373px</dimen>
    <dimen name="dm287">1378px</dimen>
    <dimen name="dm288">1382px</dimen>
    <dimen name="dm289">1387px</dimen>
    <dimen name="dm290">1392px</dimen>
    <dimen name="dm291">1397px</dimen>
    <dimen name="dm292">1402px</dimen>
    <dimen name="dm293">1406px</dimen>
    <dimen name="dm294">1411px</dimen>
    <dimen name="dm295">1416px</dimen>
    <dimen name="dm296">1421px</dimen>
    <dimen name="dm297">1426px</dimen>
    <dimen name="dm298">1430px</dimen>
    <dimen name="dm299">1435px</dimen>
    <dimen name="dm300">1440px</dimen>
    <dimen name="dm301">1445px</dimen>
    <dimen name="dm302">1450px</dimen>
    <dimen name="dm303">1454px</dimen>
    <dimen name="dm304">1459px</dimen>
    <dimen name="dm305">1464px</dimen>
    <dimen name="dm306">1469px</dimen>
    <dimen name="dm307">1474px</dimen>
    <dimen name="dm308">1478px</dimen>
    <dimen name="dm309">1483px</dimen>
    <dimen name="dm310">1488px</dimen>
    <dimen name="dm311">1493px</dimen>
    <dimen name="dm312">1498px</dimen>
    <dimen name="dm313">1502px</dimen>
    <dimen name="dm314">1507px</dimen>
    <dimen name="dm315">1512px</dimen>
    <dimen name="dm316">1517px</dimen>
    <dimen name="dm317">1522px</dimen>
    <dimen name="dm318">1526px</dimen>
    <dimen name="dm319">1531px</dimen>
    <dimen name="dm320">1536px</dimen>
    <dimen name="dm321">1541px</dimen>
    <dimen name="dm322">1546px</dimen>
    <dimen name="dm323">1550px</dimen>
    <dimen name="dm324">1555px</dimen>
    <dimen name="dm325">1560px</dimen>
    <dimen name="dm326">1565px</dimen>
    <dimen name="dm327">1570px</dimen>
    <dimen name="dm328">1574px</dimen>
    <dimen name="dm329">1579px</dimen>
    <dimen name="dm330">1584px</dimen>
    <dimen name="dm331">1589px</dimen>
    <dimen name="dm332">1594px</dimen>
    <dimen name="dm333">1598px</dimen>
    <dimen name="dm334">1603px</dimen>
    <dimen name="dm335">1608px</dimen>
    <dimen name="dm336">1613px</dimen>
    <dimen name="dm337">1618px</dimen>
    <dimen name="dm338">1622px</dimen>
    <dimen name="dm339">1627px</dimen>
    <dimen name="dm340">1632px</dimen>
    <dimen name="dm341">1637px</dimen>
    <dimen name="dm342">1642px</dimen>
    <dimen name="dm343">1646px</dimen>
    <dimen name="dm344">1651px</dimen>
    <dimen name="dm345">1656px</dimen>
    <dimen name="dm346">1661px</dimen>
    <dimen name="dm347">1666px</dimen>
    <dimen name="dm348">1670px</dimen>
    <dimen name="dm349">1675px</dimen>
    <dimen name="dm350">1680px</dimen>
    <dimen name="dm351">1685px</dimen>
    <dimen name="dm352">1690px</dimen>
    <dimen name="dm353">1694px</dimen>
    <dimen name="dm354">1699px</dimen>
    <dimen name="dm355">1704px</dimen>
    <dimen name="dm356">1709px</dimen>
    <dimen name="dm357">1714px</dimen>
    <dimen name="dm358">1718px</dimen>
    <dimen name="dm359">1723px</dimen>
    <dimen name="dm360">1728px</dimen>
    <dimen name="dm361">1733px</dimen>
    <dimen name="dm362">1738px</dimen>
    <dimen name="dm363">1742px</dimen>
    <dimen name="dm364">1747px</dimen>
    <dimen name="dm365">1752px</dimen>
    <dimen name="dm366">1757px</dimen>
    <dimen name="dm367">1762px</dimen>
    <dimen name="dm368">1766px</dimen>
    <dimen name="dm369">1771px</dimen>
    <dimen name="dm370">1776px</dimen>
    <dimen name="dm371">1781px</dimen>
    <dimen name="dm372">1786px</dimen>
    <dimen name="dm373">1790px</dimen>
    <dimen name="dm374">1795px</dimen>
    <dimen name="dm375">1800px</dimen>
    <dimen name="dm376">1805px</dimen>
    <dimen name="dm377">1810px</dimen>
    <dimen name="dm378">1814px</dimen>
    <dimen name="dm379">1819px</dimen>
    <dimen name="dm380">1824px</dimen>
    <dimen name="dm381">1829px</dimen>
    <dimen name="dm382">1834px</dimen>
    <dimen name="dm383">1838px</dimen>
    <dimen name="dm384">1843px</dimen>
    <dimen name="dm385">1848px</dimen>
    <dimen name="dm386">1853px</dimen>
    <dimen name="dm387">1858px</dimen>
    <dimen name="dm388">1862px</dimen>
    <dimen name="dm389">1867px</dimen>
    <dimen name="dm390">1872px</dimen>
    <dimen name="dm391">1877px</dimen>
    <dimen name="dm392">1882px</dimen>
    <dimen name="dm393">1886px</dimen>
    <dimen name="dm394">1891px</dimen>
    <dimen name="dm395">1896px</dimen>
    <dimen name="dm396">1901px</dimen>
    <dimen name="dm397">1906px</dimen>
    <dimen name="dm398">1910px</dimen>
    <dimen name="dm399">1915px</dimen>
    <dimen name="dm400">1920px</dimen>
    <dimen name="dm401">1925px</dimen>
    <dimen name="dm402">1930px</dimen>
    <dimen name="dm403">1934px</dimen>
    <dimen name="dm404">1939px</dimen>
    <dimen name="dm405">1944px</dimen>
    <dimen name="dm406">1949px</dimen>
    <dimen name="dm407">1954px</dimen>
    <dimen name="dm408">1958px</dimen>
    <dimen name="dm409">1963px</dimen>
    <dimen name="dm410">1968px</dimen>
    <dimen name="dm411">1973px</dimen>
    <dimen name="dm412">1978px</dimen>
    <dimen name="dm413">1982px</dimen>
    <dimen name="dm414">1987px</dimen>
    <dimen name="dm415">1992px</dimen>
    <dimen name="dm416">1997px</dimen>
    <dimen name="dm417">2002px</dimen>
    <dimen name="dm418">2006px</dimen>
    <dimen name="dm419">2011px</dimen>
    <dimen name="dm420">2016px</dimen>
    <dimen name="dm421">2021px</dimen>
    <dimen name="dm422">2026px</dimen>
    <dimen name="dm423">2030px</dimen>
    <dimen name="dm424">2035px</dimen>
    <dimen name="dm425">2040px</dimen>
    <dimen name="dm426">2045px</dimen>
    <dimen name="dm427">2050px</dimen>
    <dimen name="dm428">2054px</dimen>
    <dimen name="dm429">2059px</dimen>
    <dimen name="dm430">2064px</dimen>
    <dimen name="dm431">2069px</dimen>
    <dimen name="dm432">2074px</dimen>
    <dimen name="dm433">2078px</dimen>
    <dimen name="dm434">2083px</dimen>
    <dimen name="dm435">2088px</dimen>
    <dimen name="dm436">2093px</dimen>
    <dimen name="dm437">2098px</dimen>
    <dimen name="dm438">2102px</dimen>
    <dimen name="dm439">2107px</dimen>
    <dimen name="dm440">2112px</dimen>
    <dimen name="dm441">2117px</dimen>
    <dimen name="dm442">2122px</dimen>
    <dimen name="dm443">2126px</dimen>
    <dimen name="dm444">2131px</dimen>
    <dimen name="dm445">2136px</dimen>
    <dimen name="dm446">2141px</dimen>
    <dimen name="dm447">2146px</dimen>
    <dimen name="dm448">2150px</dimen>
    <dimen name="dm449">2155px</dimen>
    <dimen name="dm450">2160px</dimen>
    <dimen name="dm451">2165px</dimen>
    <dimen name="dm452">2170px</dimen>
    <dimen name="dm453">2174px</dimen>
    <dimen name="dm454">2179px</dimen>
    <dimen name="dm455">2184px</dimen>
    <dimen name="dm456">2189px</dimen>
    <dimen name="dm457">2194px</dimen>
    <dimen name="dm458">2198px</dimen>
    <dimen name="dm459">2203px</dimen>
    <dimen name="dm460">2208px</dimen>
    <dimen name="dm461">2213px</dimen>
    <dimen name="dm462">2218px</dimen>
    <dimen name="dm463">2222px</dimen>
    <dimen name="dm464">2227px</dimen>
    <dimen name="dm465">2232px</dimen>
    <dimen name="dm466">2237px</dimen>
    <dimen name="dm467">2242px</dimen>
    <dimen name="dm468">2246px</dimen>
    <dimen name="dm469">2251px</dimen>
    <dimen name="dm470">2256px</dimen>
    <dimen name="dm471">2261px</dimen>
    <dimen name="dm472">2266px</dimen>
    <dimen name="dm473">2270px</dimen>
    <dimen name="dm474">2275px</dimen>
    <dimen name="dm475">2280px</dimen>
    <dimen name="dm476">2285px</dimen>
    <dimen name="dm477">2290px</dimen>
    <dimen name="dm478">2294px</dimen>
    <dimen name="dm479">2299px</dimen>
    <dimen name="dm480">2304px</dimen>
    <dimen name="dm481">2309px</dimen>
    <dimen name="dm482">2314px</dimen>
    <dimen name="dm483">2318px</dimen>
    <dimen name="dm484">2323px</dimen>
    <dimen name="dm485">2328px</dimen>
    <dimen name="dm486">2333px</dimen>
    <dimen name="dm487">2338px</dimen>
    <dimen name="dm488">2342px</dimen>
    <dimen name="dm489">2347px</dimen>
    <dimen name="dm490">2352px</dimen>
    <dimen name="dm491">2357px</dimen>
    <dimen name="dm492">2362px</dimen>
    <dimen name="dm493">2366px</dimen>
    <dimen name="dm494">2371px</dimen>
    <dimen name="dm495">2376px</dimen>
    <dimen name="dm496">2381px</dimen>
    <dimen name="dm497">2386px</dimen>
    <dimen name="dm498">2390px</dimen>
    <dimen name="dm499">2395px</dimen>
    <dimen name="dm500">2400px</dimen>
    <dimen name="dm501">2405px</dimen>
    <dimen name="dm502">2410px</dimen>
    <dimen name="dm503">2414px</dimen>
    <dimen name="dm504">2419px</dimen>
    <dimen name="dm505">2424px</dimen>
    <dimen name="dm506">2429px</dimen>
    <dimen name="dm507">2434px</dimen>
    <dimen name="dm508">2438px</dimen>
    <dimen name="dm509">2443px</dimen>
    <dimen name="dm510">2448px</dimen>
    <dimen name="dm511">2453px</dimen>
    <dimen name="dm512">2458px</dimen>
    <dimen name="dm513">2462px</dimen>
    <dimen name="dm514">2467px</dimen>
    <dimen name="dm515">2472px</dimen>
    <dimen name="dm516">2477px</dimen>
    <dimen name="dm517">2482px</dimen>
    <dimen name="dm518">2486px</dimen>
    <dimen name="dm519">2491px</dimen>
    <dimen name="dm520">2496px</dimen>
    <dimen name="dm521">2501px</dimen>
    <dimen name="dm522">2506px</dimen>
    <dimen name="dm523">2510px</dimen>
    <dimen name="dm524">2515px</dimen>
    <dimen name="dm525">2520px</dimen>
    <dimen name="dm526">2525px</dimen>
    <dimen name="dm527">2530px</dimen>
    <dimen name="dm528">2534px</dimen>
    <dimen name="dm529">2539px</dimen>
    <dimen name="dm530">2544px</dimen>
    <dimen name="dm531">2549px</dimen>
    <dimen name="dm532">2554px</dimen>
    <dimen name="dm533">2558px</dimen>
    <dimen name="dm534">2563px</dimen>
    <dimen name="dm535">2568px</dimen>
    <dimen name="dm536">2573px</dimen>
    <dimen name="dm537">2578px</dimen>
    <dimen name="dm538">2582px</dimen>
    <dimen name="dm539">2587px</dimen>
    <dimen name="dm540">2592px</dimen>
    <dimen name="dm541">2597px</dimen>
    <dimen name="dm542">2602px</dimen>
    <dimen name="dm543">2606px</dimen>
    <dimen name="dm544">2611px</dimen>
    <dimen name="dm545">2616px</dimen>
    <dimen name="dm546">2621px</dimen>
    <dimen name="dm547">2626px</dimen>
    <dimen name="dm548">2630px</dimen>
    <dimen name="dm549">2635px</dimen>
    <dimen name="dm550">2640px</dimen>
    <dimen name="dm551">2645px</dimen>
    <dimen name="dm552">2650px</dimen>
    <dimen name="dm553">2654px</dimen>
    <dimen name="dm554">2659px</dimen>
    <dimen name="dm555">2664px</dimen>
    <dimen name="dm556">2669px</dimen>
    <dimen name="dm557">2674px</dimen>
    <dimen name="dm558">2678px</dimen>
    <dimen name="dm559">2683px</dimen>
    <dimen name="dm560">2688px</dimen>
    <dimen name="dm561">2693px</dimen>
    <dimen name="dm562">2698px</dimen>
    <dimen name="dm563">2702px</dimen>
    <dimen name="dm564">2707px</dimen>
    <dimen name="dm565">2712px</dimen>
    <dimen name="dm566">2717px</dimen>
    <dimen name="dm567">2722px</dimen>
    <dimen name="dm568">2726px</dimen>
    <dimen name="dm569">2731px</dimen>
    <dimen name="dm570">2736px</dimen>
    <dimen name="dm571">2741px</dimen>
    <dimen name="dm572">2746px</dimen>
    <dimen name="dm573">2750px</dimen>
    <dimen name="dm574">2755px</dimen>
    <dimen name="dm575">2760px</dimen>
    <dimen name="dm576">2765px</dimen>
    <dimen name="dm577">2770px</dimen>
    <dimen name="dm578">2774px</dimen>
    <dimen name="dm579">2779px</dimen>
    <dimen name="dm580">2784px</dimen>
    <dimen name="dm581">2789px</dimen>
    <dimen name="dm582">2794px</dimen>
    <dimen name="dm583">2798px</dimen>
    <dimen name="dm584">2803px</dimen>
    <dimen name="dm585">2808px</dimen>
    <dimen name="dm586">2813px</dimen>
    <dimen name="dm587">2818px</dimen>
    <dimen name="dm588">2822px</dimen>
    <dimen name="dm589">2827px</dimen>
    <dimen name="dm590">2832px</dimen>
    <dimen name="dm591">2837px</dimen>
    <dimen name="dm592">2842px</dimen>
    <dimen name="dm593">2846px</dimen>
    <dimen name="dm594">2851px</dimen>
    <dimen name="dm595">2856px</dimen>
    <dimen name="dm596">2861px</dimen>
    <dimen name="dm597">2866px</dimen>
    <dimen name="dm598">2870px</dimen>
    <dimen name="dm599">2875px</dimen>
    <dimen name="dm600">2880px</dimen>
    <dimen name="dm601">2885px</dimen>
    <dimen name="dm602">2890px</dimen>
    <dimen name="dm603">2894px</dimen>
    <dimen name="dm604">2899px</dimen>
    <dimen name="dm605">2904px</dimen>
    <dimen name="dm606">2909px</dimen>
    <dimen name="dm607">2914px</dimen>
    <dimen name="dm608">2918px</dimen>
    <dimen name="dm609">2923px</dimen>
    <dimen name="dm610">2928px</dimen>
    <dimen name="dm611">2933px</dimen>
    <dimen name="dm612">2938px</dimen>
    <dimen name="dm613">2942px</dimen>
    <dimen name="dm614">2947px</dimen>
    <dimen name="dm615">2952px</dimen>
    <dimen name="dm616">2957px</dimen>
    <dimen name="dm617">2962px</dimen>
    <dimen name="dm618">2966px</dimen>
    <dimen name="dm619">2971px</dimen>
    <dimen name="dm620">2976px</dimen>
    <dimen name="dm621">2981px</dimen>
    <dimen name="dm622">2986px</dimen>
    <dimen name="dm623">2990px</dimen>
    <dimen name="dm624">2995px</dimen>
    <dimen name="dm625">3000px</dimen>
    <dimen name="dm626">3005px</dimen>
    <dimen name="dm627">3010px</dimen>
    <dimen name="dm628">3014px</dimen>
    <dimen name="dm629">3019px</dimen>
    <dimen name="dm630">3024px</dimen>
    <dimen name="dm631">3029px</dimen>
    <dimen name="dm632">3034px</dimen>
    <dimen name="dm633">3038px</dimen>
    <dimen name="dm634">3043px</dimen>
    <dimen name="dm635">3048px</dimen>
    <dimen name="dm636">3053px</dimen>
    <dimen name="dm637">3058px</dimen>
    <dimen name="dm638">3062px</dimen>
    <dimen name="dm639">3067px</dimen>
    <dimen name="dm640">3072px</dimen>
    <dimen name="dm641">3077px</dimen>
    <dimen name="dm642">3082px</dimen>
    <dimen name="dm643">3086px</dimen>
    <dimen name="dm644">3091px</dimen>
    <dimen name="dm645">3096px</dimen>
    <dimen name="dm646">3101px</dimen>
    <dimen name="dm647">3106px</dimen>
    <dimen name="dm648">3110px</dimen>
    <dimen name="dm649">3115px</dimen>
    <dimen name="dm650">3120px</dimen>
    <dimen name="dm651">3125px</dimen>
    <dimen name="dm652">3130px</dimen>
    <dimen name="dm653">3134px</dimen>
    <dimen name="dm654">3139px</dimen>
    <dimen name="dm655">3144px</dimen>
    <dimen name="dm656">3149px</dimen>
    <dimen name="dm657">3154px</dimen>
    <dimen name="dm658">3158px</dimen>
    <dimen name="dm659">3163px</dimen>
    <dimen name="dm660">3168px</dimen>
    <dimen name="dm661">3173px</dimen>
    <dimen name="dm662">3178px</dimen>
    <dimen name="dm663">3182px</dimen>
    <dimen name="dm664">3187px</dimen>
    <dimen name="dm665">3192px</dimen>
    <dimen name="dm666">3197px</dimen>
    <dimen name="dm667">3202px</dimen>
    <dimen name="dm668">3206px</dimen>
    <dimen name="dm669">3211px</dimen>
    <dimen name="dm670">3216px</dimen>
    <dimen name="dm671">3221px</dimen>
    <dimen name="dm672">3226px</dimen>
    <dimen name="dm673">3230px</dimen>
    <dimen name="dm674">3235px</dimen>
    <dimen name="dm675">3240px</dimen>
    <dimen name="dm676">3245px</dimen>
    <dimen name="dm677">3250px</dimen>
    <dimen name="dm678">3254px</dimen>
    <dimen name="dm679">3259px</dimen>
    <dimen name="dm680">3264px</dimen>
    <dimen name="dm681">3269px</dimen>
    <dimen name="dm682">3274px</dimen>
    <dimen name="dm683">3278px</dimen>
    <dimen name="dm684">3283px</dimen>
    <dimen name="dm685">3288px</dimen>
    <dimen name="dm686">3293px</dimen>
    <dimen name="dm687">3298px</dimen>
    <dimen name="dm688">3302px</dimen>
    <dimen name="dm689">3307px</dimen>
    <dimen name="dm690">3312px</dimen>
    <dimen name="dm691">3317px</dimen>
    <dimen name="dm692">3322px</dimen>
    <dimen name="dm693">3326px</dimen>
    <dimen name="dm694">3331px</dimen>
    <dimen name="dm695">3336px</dimen>
    <dimen name="dm696">3341px</dimen>
    <dimen name="dm697">3346px</dimen>
    <dimen name="dm698">3350px</dimen>
    <dimen name="dm699">3355px</dimen>
    <dimen name="dm700">3360px</dimen>
    <dimen name="dm701">3365px</dimen>
    <dimen name="dm702">3370px</dimen>
    <dimen name="dm703">3374px</dimen>
    <dimen name="dm704">3379px</dimen>
    <dimen name="dm705">3384px</dimen>
    <dimen name="dm706">3389px</dimen>
    <dimen name="dm707">3394px</dimen>
    <dimen name="dm708">3398px</dimen>
    <dimen name="dm709">3403px</dimen>
    <dimen name="dm710">3408px</dimen>
    <dimen name="dm711">3413px</dimen>
    <dimen name="dm712">3418px</dimen>
    <dimen name="dm713">3422px</dimen>
    <dimen name="dm714">3427px</dimen>
    <dimen name="dm715">3432px</dimen>
    <dimen name="dm716">3437px</dimen>
    <dimen name="dm717">3442px</dimen>
    <dimen name="dm718">3446px</dimen>
    <dimen name="dm719">3451px</dimen>
    <dimen name="dm720">3456px</dimen>
    <dimen name="dm721">3461px</dimen>
    <dimen name="dm722">3466px</dimen>
    <dimen name="dm723">3470px</dimen>
    <dimen name="dm724">3475px</dimen>
    <dimen name="dm725">3480px</dimen>
    <dimen name="dm726">3485px</dimen>
    <dimen name="dm727">3490px</dimen>
    <dimen name="dm728">3494px</dimen>
    <dimen name="dm729">3499px</dimen>
    <dimen name="dm730">3504px</dimen>
    <dimen name="dm731">3509px</dimen>
    <dimen name="dm732">3514px</dimen>
    <dimen name="dm733">3518px</dimen>
    <dimen name="dm734">3523px</dimen>
    <dimen name="dm735">3528px</dimen>
    <dimen name="dm736">3533px</dimen>
    <dimen name="dm737">3538px</dimen>
    <dimen name="dm738">3542px</dimen>
    <dimen name="dm739">3547px</dimen>
    <dimen name="dm740">3552px</dimen>
    <dimen name="dm741">3557px</dimen>
    <dimen name="dm742">3562px</dimen>
    <dimen name="dm743">3566px</dimen>
    <dimen name="dm744">3571px</dimen>
    <dimen name="dm745">3576px</dimen>
    <dimen name="dm746">3581px</dimen>
    <dimen name="dm747">3586px</dimen>
    <dimen name="dm748">3590px</dimen>
    <dimen name="dm749">3595px</dimen>
    <dimen name="dm750">3600px</dimen>
    <dimen name="dm751">3605px</dimen>
    <dimen name="dm752">3610px</dimen>
    <dimen name="dm753">3614px</dimen>
    <dimen name="dm754">3619px</dimen>
    <dimen name="dm755">3624px</dimen>
    <dimen name="dm756">3629px</dimen>
    <dimen name="dm757">3634px</dimen>
    <dimen name="dm758">3638px</dimen>
    <dimen name="dm759">3643px</dimen>
    <dimen name="dm760">3648px</dimen>
    <dimen name="dm761">3653px</dimen>
    <dimen name="dm762">3658px</dimen>
    <dimen name="dm763">3662px</dimen>
    <dimen name="dm764">3667px</dimen>
    <dimen name="dm765">3672px</dimen>
    <dimen name="dm766">3677px</dimen>
    <dimen name="dm767">3682px</dimen>
    <dimen name="dm768">3686px</dimen>
    <dimen name="dm769">3691px</dimen>
    <dimen name="dm770">3696px</dimen>
    <dimen name="dm771">3701px</dimen>
    <dimen name="dm772">3706px</dimen>
    <dimen name="dm773">3710px</dimen>
    <dimen name="dm774">3715px</dimen>
    <dimen name="dm775">3720px</dimen>
    <dimen name="dm776">3725px</dimen>
    <dimen name="dm777">3730px</dimen>
    <dimen name="dm778">3734px</dimen>
    <dimen name="dm779">3739px</dimen>
    <dimen name="dm780">3744px</dimen>
    <dimen name="dm781">3749px</dimen>
    <dimen name="dm782">3754px</dimen>
    <dimen name="dm783">3758px</dimen>
    <dimen name="dm784">3763px</dimen>
    <dimen name="dm785">3768px</dimen>
    <dimen name="dm786">3773px</dimen>
    <dimen name="dm787">3778px</dimen>
    <dimen name="dm788">3782px</dimen>
    <dimen name="dm789">3787px</dimen>
    <dimen name="dm790">3792px</dimen>
    <dimen name="dm791">3797px</dimen>
    <dimen name="dm792">3802px</dimen>
    <dimen name="dm793">3806px</dimen>
    <dimen name="dm794">3811px</dimen>
    <dimen name="dm795">3816px</dimen>
    <dimen name="dm796">3821px</dimen>
    <dimen name="dm797">3826px</dimen>
    <dimen name="dm798">3830px</dimen>
    <dimen name="dm799">3835px</dimen>
    <dimen name="dm800">3840px</dimen>
    <dimen name="dm801">3845px</dimen>
    <dimen name="dm802">3850px</dimen>
    <dimen name="dm803">3854px</dimen>
    <dimen name="dm804">3859px</dimen>
    <dimen name="dm805">3864px</dimen>
    <dimen name="dm806">3869px</dimen>
    <dimen name="dm807">3874px</dimen>
    <dimen name="dm808">3878px</dimen>
    <dimen name="dm809">3883px</dimen>
    <dimen name="dm810">3888px</dimen>
    <dimen name="dm811">3893px</dimen>
    <dimen name="dm812">3898px</dimen>
    <dimen name="dm813">3902px</dimen>
    <dimen name="dm814">3907px</dimen>
    <dimen name="dm815">3912px</dimen>
    <dimen name="dm816">3917px</dimen>
    <dimen name="dm817">3922px</dimen>
    <dimen name="dm818">3926px</dimen>
    <dimen name="dm819">3931px</dimen>
    <dimen name="dm820">3936px</dimen>
    <dimen name="dm821">3941px</dimen>
    <dimen name="dm822">3946px</dimen>
    <dimen name="dm823">3950px</dimen>
    <dimen name="dm824">3955px</dimen>
    <dimen name="dm825">3960px</dimen>
    <dimen name="dm826">3965px</dimen>
    <dimen name="dm827">3970px</dimen>
    <dimen name="dm828">3974px</dimen>
    <dimen name="dm829">3979px</dimen>
    <dimen name="dm830">3984px</dimen>
    <dimen name="dm831">3989px</dimen>
    <dimen name="dm832">3994px</dimen>
    <dimen name="dm833">3998px</dimen>
    <dimen name="dm834">4003px</dimen>
    <dimen name="dm835">4008px</dimen>
    <dimen name="dm836">4013px</dimen>
    <dimen name="dm837">4018px</dimen>
    <dimen name="dm838">4022px</dimen>
    <dimen name="dm839">4027px</dimen>
    <dimen name="dm840">4032px</dimen>
    <dimen name="dm841">4037px</dimen>
    <dimen name="dm842">4042px</dimen>
    <dimen name="dm843">4046px</dimen>
    <dimen name="dm844">4051px</dimen>
    <dimen name="dm845">4056px</dimen>
    <dimen name="dm846">4061px</dimen>
    <dimen name="dm847">4066px</dimen>
    <dimen name="dm848">4070px</dimen>
    <dimen name="dm849">4075px</dimen>
    <dimen name="dm850">4080px</dimen>
    <dimen name="dm851">4085px</dimen>
    <dimen name="dm852">4090px</dimen>
    <dimen name="dm853">4094px</dimen>
    <dimen name="dm854">4099px</dimen>
    <dimen name="dm855">4104px</dimen>
    <dimen name="dm856">4109px</dimen>
    <dimen name="dm857">4114px</dimen>
    <dimen name="dm858">4118px</dimen>
    <dimen name="dm859">4123px</dimen>
    <dimen name="dm860">4128px</dimen>
    <dimen name="dm861">4133px</dimen>
    <dimen name="dm862">4138px</dimen>
    <dimen name="dm863">4142px</dimen>
    <dimen name="dm864">4147px</dimen>
    <dimen name="dm865">4152px</dimen>
    <dimen name="dm866">4157px</dimen>
    <dimen name="dm867">4162px</dimen>
    <dimen name="dm868">4166px</dimen>
    <dimen name="dm869">4171px</dimen>
    <dimen name="dm870">4176px</dimen>
    <dimen name="dm871">4181px</dimen>
    <dimen name="dm872">4186px</dimen>
    <dimen name="dm873">4190px</dimen>
    <dimen name="dm874">4195px</dimen>
    <dimen name="dm875">4200px</dimen>
    <dimen name="dm876">4205px</dimen>
    <dimen name="dm877">4210px</dimen>
    <dimen name="dm878">4214px</dimen>
    <dimen name="dm879">4219px</dimen>
    <dimen name="dm880">4224px</dimen>
    <dimen name="dm881">4229px</dimen>
    <dimen name="dm882">4234px</dimen>
    <dimen name="dm883">4238px</dimen>
    <dimen name="dm884">4243px</dimen>
    <dimen name="dm885">4248px</dimen>
    <dimen name="dm886">4253px</dimen>
    <dimen name="dm887">4258px</dimen>
    <dimen name="dm888">4262px</dimen>
    <dimen name="dm889">4267px</dimen>
    <dimen name="dm890">4272px</dimen>
    <dimen name="dm891">4277px</dimen>
    <dimen name="dm892">4282px</dimen>
    <dimen name="dm893">4286px</dimen>
    <dimen name="dm894">4291px</dimen>
    <dimen name="dm895">4296px</dimen>
    <dimen name="dm896">4301px</dimen>
    <dimen name="dm897">4306px</dimen>
    <dimen name="dm898">4310px</dimen>
    <dimen name="dm899">4315px</dimen>
    <dimen name="dm900">4320px</dimen>
    <dimen name="dm901">4325px</dimen>
    <dimen name="dm902">4330px</dimen>
    <dimen name="dm903">4334px</dimen>
    <dimen name="dm904">4339px</dimen>
    <dimen name="dm905">4344px</dimen>
    <dimen name="dm906">4349px</dimen>
    <dimen name="dm907">4354px</dimen>
    <dimen name="dm908">4358px</dimen>
    <dimen name="dm909">4363px</dimen>
    <dimen name="dm910">4368px</dimen>
    <dimen name="dm911">4373px</dimen>
    <dimen name="dm912">4378px</dimen>
    <dimen name="dm913">4382px</dimen>
    <dimen name="dm914">4387px</dimen>
    <dimen name="dm915">4392px</dimen>
    <dimen name="dm916">4397px</dimen>
    <dimen name="dm917">4402px</dimen>
    <dimen name="dm918">4406px</dimen>
    <dimen name="dm919">4411px</dimen>
    <dimen name="dm920">4416px</dimen>
    <dimen name="dm921">4421px</dimen>
    <dimen name="dm922">4426px</dimen>
    <dimen name="dm923">4430px</dimen>
    <dimen name="dm924">4435px</dimen>
    <dimen name="dm925">4440px</dimen>
    <dimen name="dm926">4445px</dimen>
    <dimen name="dm927">4450px</dimen>
    <dimen name="dm928">4454px</dimen>
    <dimen name="dm929">4459px</dimen>
    <dimen name="dm930">4464px</dimen>
    <dimen name="dm931">4469px</dimen>
    <dimen name="dm932">4474px</dimen>
    <dimen name="dm933">4478px</dimen>
    <dimen name="dm934">4483px</dimen>
    <dimen name="dm935">4488px</dimen>
    <dimen name="dm936">4493px</dimen>
    <dimen name="dm937">4498px</dimen>
    <dimen name="dm938">4502px</dimen>
    <dimen name="dm939">4507px</dimen>
    <dimen name="dm940">4512px</dimen>
    <dimen name="dm941">4517px</dimen>
    <dimen name="dm942">4522px</dimen>
    <dimen name="dm943">4526px</dimen>
    <dimen name="dm944">4531px</dimen>
    <dimen name="dm945">4536px</dimen>
    <dimen name="dm946">4541px</dimen>
    <dimen name="dm947">4546px</dimen>
    <dimen name="dm948">4550px</dimen>
    <dimen name="dm949">4555px</dimen>
    <dimen name="dm950">4560px</dimen>
    <dimen name="dm951">4565px</dimen>
    <dimen name="dm952">4570px</dimen>
    <dimen name="dm953">4574px</dimen>
    <dimen name="dm954">4579px</dimen>
    <dimen name="dm955">4584px</dimen>
    <dimen name="dm956">4589px</dimen>
    <dimen name="dm957">4594px</dimen>
    <dimen name="dm958">4598px</dimen>
    <dimen name="dm959">4603px</dimen>
    <dimen name="dm960">4608px</dimen>
    <dimen name="dm961">4613px</dimen>
    <dimen name="dm962">4618px</dimen>
    <dimen name="dm963">4622px</dimen>
    <dimen name="dm964">4627px</dimen>
    <dimen name="dm965">4632px</dimen>
    <dimen name="dm966">4637px</dimen>
    <dimen name="dm967">4642px</dimen>
    <dimen name="dm968">4646px</dimen>
    <dimen name="dm969">4651px</dimen>
    <dimen name="dm970">4656px</dimen>
    <dimen name="dm971">4661px</dimen>
    <dimen name="dm972">4666px</dimen>
    <dimen name="dm973">4670px</dimen>
    <dimen name="dm974">4675px</dimen>
    <dimen name="dm975">4680px</dimen>
    <dimen name="dm976">4685px</dimen>
    <dimen name="dm977">4690px</dimen>
    <dimen name="dm978">4694px</dimen>
    <dimen name="dm979">4699px</dimen>
    <dimen name="dm980">4704px</dimen>
    <dimen name="dm981">4709px</dimen>
    <dimen name="dm982">4714px</dimen>
    <dimen name="dm983">4718px</dimen>
    <dimen name="dm984">4723px</dimen>
    <dimen name="dm985">4728px</dimen>
    <dimen name="dm986">4733px</dimen>
    <dimen name="dm987">4738px</dimen>
    <dimen name="dm988">4742px</dimen>
    <dimen name="dm989">4747px</dimen>
    <dimen name="dm990">4752px</dimen>
    <dimen name="dm991">4757px</dimen>
    <dimen name="dm992">4762px</dimen>
    <dimen name="dm993">4766px</dimen>
    <dimen name="dm994">4771px</dimen>
    <dimen name="dm995">4776px</dimen>
    <dimen name="dm996">4781px</dimen>
    <dimen name="dm997">4786px</dimen>
    <dimen name="dm998">4790px</dimen>
    <dimen name="dm999">4795px</dimen>

</resources>