<resources>

    <dimen name="dm_200">-655px</dimen>
    <dimen name="dm_199">-652px</dimen>
    <dimen name="dm_198">-649px</dimen>
    <dimen name="dm_197">-645px</dimen>
    <dimen name="dm_196">-642px</dimen>
    <dimen name="dm_195">-639px</dimen>
    <dimen name="dm_194">-636px</dimen>
    <dimen name="dm_193">-632px</dimen>
    <dimen name="dm_192">-629px</dimen>
    <dimen name="dm_191">-626px</dimen>
    <dimen name="dm_190">-622px</dimen>
    <dimen name="dm_189">-619px</dimen>
    <dimen name="dm_188">-616px</dimen>
    <dimen name="dm_187">-613px</dimen>
    <dimen name="dm_186">-609px</dimen>
    <dimen name="dm_185">-606px</dimen>
    <dimen name="dm_184">-603px</dimen>
    <dimen name="dm_183">-599px</dimen>
    <dimen name="dm_182">-596px</dimen>
    <dimen name="dm_181">-593px</dimen>
    <dimen name="dm_180">-590px</dimen>
    <dimen name="dm_179">-586px</dimen>
    <dimen name="dm_178">-583px</dimen>
    <dimen name="dm_177">-580px</dimen>
    <dimen name="dm_176">-577px</dimen>
    <dimen name="dm_175">-573px</dimen>
    <dimen name="dm_174">-570px</dimen>
    <dimen name="dm_173">-567px</dimen>
    <dimen name="dm_172">-563px</dimen>
    <dimen name="dm_171">-560px</dimen>
    <dimen name="dm_170">-557px</dimen>
    <dimen name="dm_169">-554px</dimen>
    <dimen name="dm_168">-550px</dimen>
    <dimen name="dm_167">-547px</dimen>
    <dimen name="dm_166">-544px</dimen>
    <dimen name="dm_165">-540px</dimen>
    <dimen name="dm_164">-537px</dimen>
    <dimen name="dm_163">-534px</dimen>
    <dimen name="dm_162">-531px</dimen>
    <dimen name="dm_161">-527px</dimen>
    <dimen name="dm_160">-524px</dimen>
    <dimen name="dm_159">-521px</dimen>
    <dimen name="dm_158">-517px</dimen>
    <dimen name="dm_157">-514px</dimen>
    <dimen name="dm_156">-511px</dimen>
    <dimen name="dm_155">-508px</dimen>
    <dimen name="dm_154">-504px</dimen>
    <dimen name="dm_153">-501px</dimen>
    <dimen name="dm_152">-498px</dimen>
    <dimen name="dm_151">-494px</dimen>
    <dimen name="dm_150">-491px</dimen>
    <dimen name="dm_149">-488px</dimen>
    <dimen name="dm_148">-485px</dimen>
    <dimen name="dm_147">-481px</dimen>
    <dimen name="dm_146">-478px</dimen>
    <dimen name="dm_145">-475px</dimen>
    <dimen name="dm_144">-472px</dimen>
    <dimen name="dm_143">-468px</dimen>
    <dimen name="dm_142">-465px</dimen>
    <dimen name="dm_141">-462px</dimen>
    <dimen name="dm_140">-458px</dimen>
    <dimen name="dm_139">-455px</dimen>
    <dimen name="dm_138">-452px</dimen>
    <dimen name="dm_137">-449px</dimen>
    <dimen name="dm_136">-445px</dimen>
    <dimen name="dm_135">-442px</dimen>
    <dimen name="dm_134">-439px</dimen>
    <dimen name="dm_133">-435px</dimen>
    <dimen name="dm_132">-432px</dimen>
    <dimen name="dm_131">-429px</dimen>
    <dimen name="dm_130">-426px</dimen>
    <dimen name="dm_129">-422px</dimen>
    <dimen name="dm_128">-419px</dimen>
    <dimen name="dm_127">-416px</dimen>
    <dimen name="dm_126">-412px</dimen>
    <dimen name="dm_125">-409px</dimen>
    <dimen name="dm_124">-406px</dimen>
    <dimen name="dm_123">-403px</dimen>
    <dimen name="dm_122">-399px</dimen>
    <dimen name="dm_121">-396px</dimen>
    <dimen name="dm_120">-393px</dimen>
    <dimen name="dm_119">-389px</dimen>
    <dimen name="dm_118">-386px</dimen>
    <dimen name="dm_117">-383px</dimen>
    <dimen name="dm_116">-380px</dimen>
    <dimen name="dm_115">-376px</dimen>
    <dimen name="dm_114">-373px</dimen>
    <dimen name="dm_113">-370px</dimen>
    <dimen name="dm_112">-367px</dimen>
    <dimen name="dm_111">-363px</dimen>
    <dimen name="dm_110">-360px</dimen>
    <dimen name="dm_109">-357px</dimen>
    <dimen name="dm_108">-353px</dimen>
    <dimen name="dm_107">-350px</dimen>
    <dimen name="dm_106">-347px</dimen>
    <dimen name="dm_105">-344px</dimen>
    <dimen name="dm_104">-340px</dimen>
    <dimen name="dm_103">-337px</dimen>
    <dimen name="dm_102">-334px</dimen>
    <dimen name="dm_101">-330px</dimen>
    <dimen name="dm_100">-327px</dimen>
    <dimen name="dm_099">-324px</dimen>
    <dimen name="dm_098">-321px</dimen>
    <dimen name="dm_097">-317px</dimen>
    <dimen name="dm_096">-314px</dimen>
    <dimen name="dm_095">-311px</dimen>
    <dimen name="dm_094">-307px</dimen>
    <dimen name="dm_093">-304px</dimen>
    <dimen name="dm_092">-301px</dimen>
    <dimen name="dm_091">-298px</dimen>
    <dimen name="dm_090">-294px</dimen>
    <dimen name="dm_089">-291px</dimen>
    <dimen name="dm_088">-288px</dimen>
    <dimen name="dm_087">-284px</dimen>
    <dimen name="dm_086">-281px</dimen>
    <dimen name="dm_085">-278px</dimen>
    <dimen name="dm_084">-275px</dimen>
    <dimen name="dm_083">-271px</dimen>
    <dimen name="dm_082">-268px</dimen>
    <dimen name="dm_081">-265px</dimen>
    <dimen name="dm_080">-262px</dimen>
    <dimen name="dm_079">-258px</dimen>
    <dimen name="dm_078">-255px</dimen>
    <dimen name="dm_077">-252px</dimen>
    <dimen name="dm_076">-248px</dimen>
    <dimen name="dm_075">-245px</dimen>
    <dimen name="dm_074">-242px</dimen>
    <dimen name="dm_073">-239px</dimen>
    <dimen name="dm_072">-235px</dimen>
    <dimen name="dm_071">-232px</dimen>
    <dimen name="dm_070">-229px</dimen>
    <dimen name="dm_069">-225px</dimen>
    <dimen name="dm_068">-222px</dimen>
    <dimen name="dm_067">-219px</dimen>
    <dimen name="dm_066">-216px</dimen>
    <dimen name="dm_065">-212px</dimen>
    <dimen name="dm_064">-209px</dimen>
    <dimen name="dm_063">-206px</dimen>
    <dimen name="dm_062">-202px</dimen>
    <dimen name="dm_061">-199px</dimen>
    <dimen name="dm_060">-196px</dimen>
    <dimen name="dm_059">-193px</dimen>
    <dimen name="dm_058">-189px</dimen>
    <dimen name="dm_057">-186px</dimen>
    <dimen name="dm_056">-183px</dimen>
    <dimen name="dm_055">-179px</dimen>
    <dimen name="dm_054">-176px</dimen>
    <dimen name="dm_053">-173px</dimen>
    <dimen name="dm_052">-170px</dimen>
    <dimen name="dm_051">-166px</dimen>
    <dimen name="dm_050">-163px</dimen>
    <dimen name="dm_049">-160px</dimen>
    <dimen name="dm_048">-157px</dimen>
    <dimen name="dm_047">-153px</dimen>
    <dimen name="dm_046">-150px</dimen>
    <dimen name="dm_045">-147px</dimen>
    <dimen name="dm_044">-143px</dimen>
    <dimen name="dm_043">-140px</dimen>
    <dimen name="dm_042">-137px</dimen>
    <dimen name="dm_041">-134px</dimen>
    <dimen name="dm_040">-130px</dimen>
    <dimen name="dm_039">-127px</dimen>
    <dimen name="dm_038">-124px</dimen>
    <dimen name="dm_037">-120px</dimen>
    <dimen name="dm_036">-117px</dimen>
    <dimen name="dm_035">-114px</dimen>
    <dimen name="dm_034">-111px</dimen>
    <dimen name="dm_033">-107px</dimen>
    <dimen name="dm_032">-104px</dimen>
    <dimen name="dm_031">-101px</dimen>
    <dimen name="dm_030">-97px</dimen>
    <dimen name="dm_029">-94px</dimen>
    <dimen name="dm_028">-91px</dimen>
    <dimen name="dm_027">-88px</dimen>
    <dimen name="dm_026">-84px</dimen>
    <dimen name="dm_025">-81px</dimen>
    <dimen name="dm_024">-78px</dimen>
    <dimen name="dm_023">-74px</dimen>
    <dimen name="dm_022">-71px</dimen>
    <dimen name="dm_021">-68px</dimen>
    <dimen name="dm_020">-65px</dimen>
    <dimen name="dm_019">-61px</dimen>
    <dimen name="dm_018">-58px</dimen>
    <dimen name="dm_017">-55px</dimen>
    <dimen name="dm_016">-52px</dimen>
    <dimen name="dm_015">-48px</dimen>
    <dimen name="dm_014">-45px</dimen>
    <dimen name="dm_013">-42px</dimen>
    <dimen name="dm_012">-38px</dimen>
    <dimen name="dm_011">-35px</dimen>
    <dimen name="dm_010">-32px</dimen>
    <dimen name="dm_009">-29px</dimen>
    <dimen name="dm_008">-25px</dimen>
    <dimen name="dm_007">-22px</dimen>
    <dimen name="dm_006">-19px</dimen>
    <dimen name="dm_005">-15px</dimen>
    <dimen name="dm_004">-12px</dimen>
    <dimen name="dm_003">-9px</dimen>
    <dimen name="dm_002">-6px</dimen>
    <dimen name="dm_001">-2px</dimen>
    <dimen name="dm000">0px</dimen>
    <dimen name="dm001">3px</dimen>
    <dimen name="dm002">7px</dimen>
    <dimen name="dm003">10px</dimen>
    <dimen name="dm004">13px</dimen>
    <dimen name="dm005">16px</dimen>
    <dimen name="dm006">20px</dimen>
    <dimen name="dm007">23px</dimen>
    <dimen name="dm008">26px</dimen>
    <dimen name="dm009">30px</dimen>
    <dimen name="dm010">33px</dimen>
    <dimen name="dm011">36px</dimen>
    <dimen name="dm012">39px</dimen>
    <dimen name="dm013">43px</dimen>
    <dimen name="dm014">46px</dimen>
    <dimen name="dm015">49px</dimen>
    <dimen name="dm016">53px</dimen>
    <dimen name="dm017">56px</dimen>
    <dimen name="dm018">59px</dimen>
    <dimen name="dm019">62px</dimen>
    <dimen name="dm020">66px</dimen>
    <dimen name="dm021">69px</dimen>
    <dimen name="dm022">72px</dimen>
    <dimen name="dm023">75px</dimen>
    <dimen name="dm024">79px</dimen>
    <dimen name="dm025">82px</dimen>
    <dimen name="dm026">85px</dimen>
    <dimen name="dm027">89px</dimen>
    <dimen name="dm028">92px</dimen>
    <dimen name="dm029">95px</dimen>
    <dimen name="dm030">98px</dimen>
    <dimen name="dm031">102px</dimen>
    <dimen name="dm032">105px</dimen>
    <dimen name="dm033">108px</dimen>
    <dimen name="dm034">112px</dimen>
    <dimen name="dm035">115px</dimen>
    <dimen name="dm036">118px</dimen>
    <dimen name="dm037">121px</dimen>
    <dimen name="dm038">125px</dimen>
    <dimen name="dm039">128px</dimen>
    <dimen name="dm040">131px</dimen>
    <dimen name="dm041">135px</dimen>
    <dimen name="dm042">138px</dimen>
    <dimen name="dm043">141px</dimen>
    <dimen name="dm044">144px</dimen>
    <dimen name="dm045">148px</dimen>
    <dimen name="dm046">151px</dimen>
    <dimen name="dm047">154px</dimen>
    <dimen name="dm048">158px</dimen>
    <dimen name="dm049">161px</dimen>
    <dimen name="dm050">164px</dimen>
    <dimen name="dm051">167px</dimen>
    <dimen name="dm052">171px</dimen>
    <dimen name="dm053">174px</dimen>
    <dimen name="dm054">177px</dimen>
    <dimen name="dm055">180px</dimen>
    <dimen name="dm056">184px</dimen>
    <dimen name="dm057">187px</dimen>
    <dimen name="dm058">190px</dimen>
    <dimen name="dm059">194px</dimen>
    <dimen name="dm060">197px</dimen>
    <dimen name="dm061">200px</dimen>
    <dimen name="dm062">203px</dimen>
    <dimen name="dm063">207px</dimen>
    <dimen name="dm064">210px</dimen>
    <dimen name="dm065">213px</dimen>
    <dimen name="dm066">217px</dimen>
    <dimen name="dm067">220px</dimen>
    <dimen name="dm068">223px</dimen>
    <dimen name="dm069">226px</dimen>
    <dimen name="dm070">230px</dimen>
    <dimen name="dm071">233px</dimen>
    <dimen name="dm072">236px</dimen>
    <dimen name="dm073">240px</dimen>
    <dimen name="dm074">243px</dimen>
    <dimen name="dm075">246px</dimen>
    <dimen name="dm076">249px</dimen>
    <dimen name="dm077">253px</dimen>
    <dimen name="dm078">256px</dimen>
    <dimen name="dm079">259px</dimen>
    <dimen name="dm080">263px</dimen>
    <dimen name="dm081">266px</dimen>
    <dimen name="dm082">269px</dimen>
    <dimen name="dm083">272px</dimen>
    <dimen name="dm084">276px</dimen>
    <dimen name="dm085">279px</dimen>
    <dimen name="dm086">282px</dimen>
    <dimen name="dm087">285px</dimen>
    <dimen name="dm088">289px</dimen>
    <dimen name="dm089">292px</dimen>
    <dimen name="dm090">295px</dimen>
    <dimen name="dm091">299px</dimen>
    <dimen name="dm092">302px</dimen>
    <dimen name="dm093">305px</dimen>
    <dimen name="dm094">308px</dimen>
    <dimen name="dm095">312px</dimen>
    <dimen name="dm096">315px</dimen>
    <dimen name="dm097">318px</dimen>
    <dimen name="dm098">322px</dimen>
    <dimen name="dm099">325px</dimen>
    <dimen name="dm100">328px</dimen>
    <dimen name="dm101">331px</dimen>
    <dimen name="dm102">335px</dimen>
    <dimen name="dm103">338px</dimen>
    <dimen name="dm104">341px</dimen>
    <dimen name="dm105">345px</dimen>
    <dimen name="dm106">348px</dimen>
    <dimen name="dm107">351px</dimen>
    <dimen name="dm108">354px</dimen>
    <dimen name="dm109">358px</dimen>
    <dimen name="dm110">361px</dimen>
    <dimen name="dm111">364px</dimen>
    <dimen name="dm112">368px</dimen>
    <dimen name="dm113">371px</dimen>
    <dimen name="dm114">374px</dimen>
    <dimen name="dm115">377px</dimen>
    <dimen name="dm116">381px</dimen>
    <dimen name="dm117">384px</dimen>
    <dimen name="dm118">387px</dimen>
    <dimen name="dm119">390px</dimen>
    <dimen name="dm120">394px</dimen>
    <dimen name="dm121">397px</dimen>
    <dimen name="dm122">400px</dimen>
    <dimen name="dm123">404px</dimen>
    <dimen name="dm124">407px</dimen>
    <dimen name="dm125">410px</dimen>
    <dimen name="dm126">413px</dimen>
    <dimen name="dm127">417px</dimen>
    <dimen name="dm128">420px</dimen>
    <dimen name="dm129">423px</dimen>
    <dimen name="dm130">427px</dimen>
    <dimen name="dm131">430px</dimen>
    <dimen name="dm132">433px</dimen>
    <dimen name="dm133">436px</dimen>
    <dimen name="dm134">440px</dimen>
    <dimen name="dm135">443px</dimen>
    <dimen name="dm136">446px</dimen>
    <dimen name="dm137">450px</dimen>
    <dimen name="dm138">453px</dimen>
    <dimen name="dm139">456px</dimen>
    <dimen name="dm140">459px</dimen>
    <dimen name="dm141">463px</dimen>
    <dimen name="dm142">466px</dimen>
    <dimen name="dm143">469px</dimen>
    <dimen name="dm144">473px</dimen>
    <dimen name="dm145">476px</dimen>
    <dimen name="dm146">479px</dimen>
    <dimen name="dm147">482px</dimen>
    <dimen name="dm148">486px</dimen>
    <dimen name="dm149">489px</dimen>
    <dimen name="dm150">492px</dimen>
    <dimen name="dm151">495px</dimen>
    <dimen name="dm152">499px</dimen>
    <dimen name="dm153">502px</dimen>
    <dimen name="dm154">505px</dimen>
    <dimen name="dm155">509px</dimen>
    <dimen name="dm156">512px</dimen>
    <dimen name="dm157">515px</dimen>
    <dimen name="dm158">518px</dimen>
    <dimen name="dm159">522px</dimen>
    <dimen name="dm160">525px</dimen>
    <dimen name="dm161">528px</dimen>
    <dimen name="dm162">532px</dimen>
    <dimen name="dm163">535px</dimen>
    <dimen name="dm164">538px</dimen>
    <dimen name="dm165">541px</dimen>
    <dimen name="dm166">545px</dimen>
    <dimen name="dm167">548px</dimen>
    <dimen name="dm168">551px</dimen>
    <dimen name="dm169">555px</dimen>
    <dimen name="dm170">558px</dimen>
    <dimen name="dm171">561px</dimen>
    <dimen name="dm172">564px</dimen>
    <dimen name="dm173">568px</dimen>
    <dimen name="dm174">571px</dimen>
    <dimen name="dm175">574px</dimen>
    <dimen name="dm176">578px</dimen>
    <dimen name="dm177">581px</dimen>
    <dimen name="dm178">584px</dimen>
    <dimen name="dm179">587px</dimen>
    <dimen name="dm180">591px</dimen>
    <dimen name="dm181">594px</dimen>
    <dimen name="dm182">597px</dimen>
    <dimen name="dm183">600px</dimen>
    <dimen name="dm184">604px</dimen>
    <dimen name="dm185">607px</dimen>
    <dimen name="dm186">610px</dimen>
    <dimen name="dm187">614px</dimen>
    <dimen name="dm188">617px</dimen>
    <dimen name="dm189">620px</dimen>
    <dimen name="dm190">623px</dimen>
    <dimen name="dm191">627px</dimen>
    <dimen name="dm192">630px</dimen>
    <dimen name="dm193">633px</dimen>
    <dimen name="dm194">637px</dimen>
    <dimen name="dm195">640px</dimen>
    <dimen name="dm196">643px</dimen>
    <dimen name="dm197">646px</dimen>
    <dimen name="dm198">650px</dimen>
    <dimen name="dm199">653px</dimen>
    <dimen name="dm200">656px</dimen>
    <dimen name="dm201">660px</dimen>
    <dimen name="dm202">663px</dimen>
    <dimen name="dm203">666px</dimen>
    <dimen name="dm204">669px</dimen>
    <dimen name="dm205">673px</dimen>
    <dimen name="dm206">676px</dimen>
    <dimen name="dm207">679px</dimen>
    <dimen name="dm208">683px</dimen>
    <dimen name="dm209">686px</dimen>
    <dimen name="dm210">689px</dimen>
    <dimen name="dm211">692px</dimen>
    <dimen name="dm212">696px</dimen>
    <dimen name="dm213">699px</dimen>
    <dimen name="dm214">702px</dimen>
    <dimen name="dm215">705px</dimen>
    <dimen name="dm216">709px</dimen>
    <dimen name="dm217">712px</dimen>
    <dimen name="dm218">715px</dimen>
    <dimen name="dm219">719px</dimen>
    <dimen name="dm220">722px</dimen>
    <dimen name="dm221">725px</dimen>
    <dimen name="dm222">728px</dimen>
    <dimen name="dm223">732px</dimen>
    <dimen name="dm224">735px</dimen>
    <dimen name="dm225">738px</dimen>
    <dimen name="dm226">742px</dimen>
    <dimen name="dm227">745px</dimen>
    <dimen name="dm228">748px</dimen>
    <dimen name="dm229">751px</dimen>
    <dimen name="dm230">755px</dimen>
    <dimen name="dm231">758px</dimen>
    <dimen name="dm232">761px</dimen>
    <dimen name="dm233">765px</dimen>
    <dimen name="dm234">768px</dimen>
    <dimen name="dm235">771px</dimen>
    <dimen name="dm236">774px</dimen>
    <dimen name="dm237">778px</dimen>
    <dimen name="dm238">781px</dimen>
    <dimen name="dm239">784px</dimen>
    <dimen name="dm240">788px</dimen>
    <dimen name="dm241">791px</dimen>
    <dimen name="dm242">794px</dimen>
    <dimen name="dm243">797px</dimen>
    <dimen name="dm244">801px</dimen>
    <dimen name="dm245">804px</dimen>
    <dimen name="dm246">807px</dimen>
    <dimen name="dm247">810px</dimen>
    <dimen name="dm248">814px</dimen>
    <dimen name="dm249">817px</dimen>
    <dimen name="dm250">820px</dimen>
    <dimen name="dm251">824px</dimen>
    <dimen name="dm252">827px</dimen>
    <dimen name="dm253">830px</dimen>
    <dimen name="dm254">833px</dimen>
    <dimen name="dm255">837px</dimen>
    <dimen name="dm256">840px</dimen>
    <dimen name="dm257">843px</dimen>
    <dimen name="dm258">847px</dimen>
    <dimen name="dm259">850px</dimen>
    <dimen name="dm260">853px</dimen>
    <dimen name="dm261">856px</dimen>
    <dimen name="dm262">860px</dimen>
    <dimen name="dm263">863px</dimen>
    <dimen name="dm264">866px</dimen>
    <dimen name="dm265">870px</dimen>
    <dimen name="dm266">873px</dimen>
    <dimen name="dm267">876px</dimen>
    <dimen name="dm268">879px</dimen>
    <dimen name="dm269">883px</dimen>
    <dimen name="dm270">886px</dimen>
    <dimen name="dm271">889px</dimen>
    <dimen name="dm272">893px</dimen>
    <dimen name="dm273">896px</dimen>
    <dimen name="dm274">899px</dimen>
    <dimen name="dm275">902px</dimen>
    <dimen name="dm276">906px</dimen>
    <dimen name="dm277">909px</dimen>
    <dimen name="dm278">912px</dimen>
    <dimen name="dm279">915px</dimen>
    <dimen name="dm280">919px</dimen>
    <dimen name="dm281">922px</dimen>
    <dimen name="dm282">925px</dimen>
    <dimen name="dm283">929px</dimen>
    <dimen name="dm284">932px</dimen>
    <dimen name="dm285">935px</dimen>
    <dimen name="dm286">938px</dimen>
    <dimen name="dm287">942px</dimen>
    <dimen name="dm288">945px</dimen>
    <dimen name="dm289">948px</dimen>
    <dimen name="dm290">952px</dimen>
    <dimen name="dm291">955px</dimen>
    <dimen name="dm292">958px</dimen>
    <dimen name="dm293">961px</dimen>
    <dimen name="dm294">965px</dimen>
    <dimen name="dm295">968px</dimen>
    <dimen name="dm296">971px</dimen>
    <dimen name="dm297">975px</dimen>
    <dimen name="dm298">978px</dimen>
    <dimen name="dm299">981px</dimen>
    <dimen name="dm300">984px</dimen>
    <dimen name="dm301">988px</dimen>
    <dimen name="dm302">991px</dimen>
    <dimen name="dm303">994px</dimen>
    <dimen name="dm304">998px</dimen>
    <dimen name="dm305">1001px</dimen>
    <dimen name="dm306">1004px</dimen>
    <dimen name="dm307">1007px</dimen>
    <dimen name="dm308">1011px</dimen>
    <dimen name="dm309">1014px</dimen>
    <dimen name="dm310">1017px</dimen>
    <dimen name="dm311">1020px</dimen>
    <dimen name="dm312">1024px</dimen>
    <dimen name="dm313">1027px</dimen>
    <dimen name="dm314">1030px</dimen>
    <dimen name="dm315">1034px</dimen>
    <dimen name="dm316">1037px</dimen>
    <dimen name="dm317">1040px</dimen>
    <dimen name="dm318">1043px</dimen>
    <dimen name="dm319">1047px</dimen>
    <dimen name="dm320">1050px</dimen>
    <dimen name="dm321">1053px</dimen>
    <dimen name="dm322">1057px</dimen>
    <dimen name="dm323">1060px</dimen>
    <dimen name="dm324">1063px</dimen>
    <dimen name="dm325">1066px</dimen>
    <dimen name="dm326">1070px</dimen>
    <dimen name="dm327">1073px</dimen>
    <dimen name="dm328">1076px</dimen>
    <dimen name="dm329">1080px</dimen>
    <dimen name="dm330">1083px</dimen>
    <dimen name="dm331">1086px</dimen>
    <dimen name="dm332">1089px</dimen>
    <dimen name="dm333">1093px</dimen>
    <dimen name="dm334">1096px</dimen>
    <dimen name="dm335">1099px</dimen>
    <dimen name="dm336">1103px</dimen>
    <dimen name="dm337">1106px</dimen>
    <dimen name="dm338">1109px</dimen>
    <dimen name="dm339">1112px</dimen>
    <dimen name="dm340">1116px</dimen>
    <dimen name="dm341">1119px</dimen>
    <dimen name="dm342">1122px</dimen>
    <dimen name="dm343">1125px</dimen>
    <dimen name="dm344">1129px</dimen>
    <dimen name="dm345">1132px</dimen>
    <dimen name="dm346">1135px</dimen>
    <dimen name="dm347">1139px</dimen>
    <dimen name="dm348">1142px</dimen>
    <dimen name="dm349">1145px</dimen>
    <dimen name="dm350">1148px</dimen>
    <dimen name="dm351">1152px</dimen>
    <dimen name="dm352">1155px</dimen>
    <dimen name="dm353">1158px</dimen>
    <dimen name="dm354">1162px</dimen>
    <dimen name="dm355">1165px</dimen>
    <dimen name="dm356">1168px</dimen>
    <dimen name="dm357">1171px</dimen>
    <dimen name="dm358">1175px</dimen>
    <dimen name="dm359">1178px</dimen>
    <dimen name="dm360">1181px</dimen>
    <dimen name="dm361">1185px</dimen>
    <dimen name="dm362">1188px</dimen>
    <dimen name="dm363">1191px</dimen>
    <dimen name="dm364">1194px</dimen>
    <dimen name="dm365">1198px</dimen>
    <dimen name="dm366">1201px</dimen>
    <dimen name="dm367">1204px</dimen>
    <dimen name="dm368">1208px</dimen>
    <dimen name="dm369">1211px</dimen>
    <dimen name="dm370">1214px</dimen>
    <dimen name="dm371">1217px</dimen>
    <dimen name="dm372">1221px</dimen>
    <dimen name="dm373">1224px</dimen>
    <dimen name="dm374">1227px</dimen>
    <dimen name="dm375">1230px</dimen>
    <dimen name="dm376">1234px</dimen>
    <dimen name="dm377">1237px</dimen>
    <dimen name="dm378">1240px</dimen>
    <dimen name="dm379">1244px</dimen>
    <dimen name="dm380">1247px</dimen>
    <dimen name="dm381">1250px</dimen>
    <dimen name="dm382">1253px</dimen>
    <dimen name="dm383">1257px</dimen>
    <dimen name="dm384">1260px</dimen>
    <dimen name="dm385">1263px</dimen>
    <dimen name="dm386">1267px</dimen>
    <dimen name="dm387">1270px</dimen>
    <dimen name="dm388">1273px</dimen>
    <dimen name="dm389">1276px</dimen>
    <dimen name="dm390">1280px</dimen>
    <dimen name="dm391">1283px</dimen>
    <dimen name="dm392">1286px</dimen>
    <dimen name="dm393">1290px</dimen>
    <dimen name="dm394">1293px</dimen>
    <dimen name="dm395">1296px</dimen>
    <dimen name="dm396">1299px</dimen>
    <dimen name="dm397">1303px</dimen>
    <dimen name="dm398">1306px</dimen>
    <dimen name="dm399">1309px</dimen>
    <dimen name="dm400">1313px</dimen>
    <dimen name="dm401">1316px</dimen>
    <dimen name="dm402">1319px</dimen>
    <dimen name="dm403">1322px</dimen>
    <dimen name="dm404">1326px</dimen>
    <dimen name="dm405">1329px</dimen>
    <dimen name="dm406">1332px</dimen>
    <dimen name="dm407">1335px</dimen>
    <dimen name="dm408">1339px</dimen>
    <dimen name="dm409">1342px</dimen>
    <dimen name="dm410">1345px</dimen>
    <dimen name="dm411">1349px</dimen>
    <dimen name="dm412">1352px</dimen>
    <dimen name="dm413">1355px</dimen>
    <dimen name="dm414">1358px</dimen>
    <dimen name="dm415">1362px</dimen>
    <dimen name="dm416">1365px</dimen>
    <dimen name="dm417">1368px</dimen>
    <dimen name="dm418">1372px</dimen>
    <dimen name="dm419">1375px</dimen>
    <dimen name="dm420">1378px</dimen>
    <dimen name="dm421">1381px</dimen>
    <dimen name="dm422">1385px</dimen>
    <dimen name="dm423">1388px</dimen>
    <dimen name="dm424">1391px</dimen>
    <dimen name="dm425">1395px</dimen>
    <dimen name="dm426">1398px</dimen>
    <dimen name="dm427">1401px</dimen>
    <dimen name="dm428">1404px</dimen>
    <dimen name="dm429">1408px</dimen>
    <dimen name="dm430">1411px</dimen>
    <dimen name="dm431">1414px</dimen>
    <dimen name="dm432">1418px</dimen>
    <dimen name="dm433">1421px</dimen>
    <dimen name="dm434">1424px</dimen>
    <dimen name="dm435">1427px</dimen>
    <dimen name="dm436">1431px</dimen>
    <dimen name="dm437">1434px</dimen>
    <dimen name="dm438">1437px</dimen>
    <dimen name="dm439">1440px</dimen>
    <dimen name="dm440">1444px</dimen>
    <dimen name="dm441">1447px</dimen>
    <dimen name="dm442">1450px</dimen>
    <dimen name="dm443">1454px</dimen>
    <dimen name="dm444">1457px</dimen>
    <dimen name="dm445">1460px</dimen>
    <dimen name="dm446">1463px</dimen>
    <dimen name="dm447">1467px</dimen>
    <dimen name="dm448">1470px</dimen>
    <dimen name="dm449">1473px</dimen>
    <dimen name="dm450">1477px</dimen>
    <dimen name="dm451">1480px</dimen>
    <dimen name="dm452">1483px</dimen>
    <dimen name="dm453">1486px</dimen>
    <dimen name="dm454">1490px</dimen>
    <dimen name="dm455">1493px</dimen>
    <dimen name="dm456">1496px</dimen>
    <dimen name="dm457">1500px</dimen>
    <dimen name="dm458">1503px</dimen>
    <dimen name="dm459">1506px</dimen>
    <dimen name="dm460">1509px</dimen>
    <dimen name="dm461">1513px</dimen>
    <dimen name="dm462">1516px</dimen>
    <dimen name="dm463">1519px</dimen>
    <dimen name="dm464">1523px</dimen>
    <dimen name="dm465">1526px</dimen>
    <dimen name="dm466">1529px</dimen>
    <dimen name="dm467">1532px</dimen>
    <dimen name="dm468">1536px</dimen>
    <dimen name="dm469">1539px</dimen>
    <dimen name="dm470">1542px</dimen>
    <dimen name="dm471">1545px</dimen>
    <dimen name="dm472">1549px</dimen>
    <dimen name="dm473">1552px</dimen>
    <dimen name="dm474">1555px</dimen>
    <dimen name="dm475">1559px</dimen>
    <dimen name="dm476">1562px</dimen>
    <dimen name="dm477">1565px</dimen>
    <dimen name="dm478">1568px</dimen>
    <dimen name="dm479">1572px</dimen>
    <dimen name="dm480">1575px</dimen>
    <dimen name="dm481">1578px</dimen>
    <dimen name="dm482">1582px</dimen>
    <dimen name="dm483">1585px</dimen>
    <dimen name="dm484">1588px</dimen>
    <dimen name="dm485">1591px</dimen>
    <dimen name="dm486">1595px</dimen>
    <dimen name="dm487">1598px</dimen>
    <dimen name="dm488">1601px</dimen>
    <dimen name="dm489">1605px</dimen>
    <dimen name="dm490">1608px</dimen>
    <dimen name="dm491">1611px</dimen>
    <dimen name="dm492">1614px</dimen>
    <dimen name="dm493">1618px</dimen>
    <dimen name="dm494">1621px</dimen>
    <dimen name="dm495">1624px</dimen>
    <dimen name="dm496">1628px</dimen>
    <dimen name="dm497">1631px</dimen>
    <dimen name="dm498">1634px</dimen>
    <dimen name="dm499">1637px</dimen>
    <dimen name="dm500">1641px</dimen>
    <dimen name="dm501">1644px</dimen>
    <dimen name="dm502">1647px</dimen>
    <dimen name="dm503">1650px</dimen>
    <dimen name="dm504">1654px</dimen>
    <dimen name="dm505">1657px</dimen>
    <dimen name="dm506">1660px</dimen>
    <dimen name="dm507">1664px</dimen>
    <dimen name="dm508">1667px</dimen>
    <dimen name="dm509">1670px</dimen>
    <dimen name="dm510">1673px</dimen>
    <dimen name="dm511">1677px</dimen>
    <dimen name="dm512">1680px</dimen>
    <dimen name="dm513">1683px</dimen>
    <dimen name="dm514">1687px</dimen>
    <dimen name="dm515">1690px</dimen>
    <dimen name="dm516">1693px</dimen>
    <dimen name="dm517">1696px</dimen>
    <dimen name="dm518">1700px</dimen>
    <dimen name="dm519">1703px</dimen>
    <dimen name="dm520">1706px</dimen>
    <dimen name="dm521">1710px</dimen>
    <dimen name="dm522">1713px</dimen>
    <dimen name="dm523">1716px</dimen>
    <dimen name="dm524">1719px</dimen>
    <dimen name="dm525">1723px</dimen>
    <dimen name="dm526">1726px</dimen>
    <dimen name="dm527">1729px</dimen>
    <dimen name="dm528">1733px</dimen>
    <dimen name="dm529">1736px</dimen>
    <dimen name="dm530">1739px</dimen>
    <dimen name="dm531">1742px</dimen>
    <dimen name="dm532">1746px</dimen>
    <dimen name="dm533">1749px</dimen>
    <dimen name="dm534">1752px</dimen>
    <dimen name="dm535">1755px</dimen>
    <dimen name="dm536">1759px</dimen>
    <dimen name="dm537">1762px</dimen>
    <dimen name="dm538">1765px</dimen>
    <dimen name="dm539">1769px</dimen>
    <dimen name="dm540">1772px</dimen>
    <dimen name="dm541">1775px</dimen>
    <dimen name="dm542">1778px</dimen>
    <dimen name="dm543">1782px</dimen>
    <dimen name="dm544">1785px</dimen>
    <dimen name="dm545">1788px</dimen>
    <dimen name="dm546">1792px</dimen>
    <dimen name="dm547">1795px</dimen>
    <dimen name="dm548">1798px</dimen>
    <dimen name="dm549">1801px</dimen>
    <dimen name="dm550">1805px</dimen>
    <dimen name="dm551">1808px</dimen>
    <dimen name="dm552">1811px</dimen>
    <dimen name="dm553">1815px</dimen>
    <dimen name="dm554">1818px</dimen>
    <dimen name="dm555">1821px</dimen>
    <dimen name="dm556">1824px</dimen>
    <dimen name="dm557">1828px</dimen>
    <dimen name="dm558">1831px</dimen>
    <dimen name="dm559">1834px</dimen>
    <dimen name="dm560">1838px</dimen>
    <dimen name="dm561">1841px</dimen>
    <dimen name="dm562">1844px</dimen>
    <dimen name="dm563">1847px</dimen>
    <dimen name="dm564">1851px</dimen>
    <dimen name="dm565">1854px</dimen>
    <dimen name="dm566">1857px</dimen>
    <dimen name="dm567">1860px</dimen>
    <dimen name="dm568">1864px</dimen>
    <dimen name="dm569">1867px</dimen>
    <dimen name="dm570">1870px</dimen>
    <dimen name="dm571">1874px</dimen>
    <dimen name="dm572">1877px</dimen>
    <dimen name="dm573">1880px</dimen>
    <dimen name="dm574">1883px</dimen>
    <dimen name="dm575">1887px</dimen>
    <dimen name="dm576">1890px</dimen>
    <dimen name="dm577">1893px</dimen>
    <dimen name="dm578">1897px</dimen>
    <dimen name="dm579">1900px</dimen>
    <dimen name="dm580">1903px</dimen>
    <dimen name="dm581">1906px</dimen>
    <dimen name="dm582">1910px</dimen>
    <dimen name="dm583">1913px</dimen>
    <dimen name="dm584">1916px</dimen>
    <dimen name="dm585">1920px</dimen>
    <dimen name="dm586">1923px</dimen>
    <dimen name="dm587">1926px</dimen>
    <dimen name="dm588">1929px</dimen>
    <dimen name="dm589">1933px</dimen>
    <dimen name="dm590">1936px</dimen>
    <dimen name="dm591">1939px</dimen>
    <dimen name="dm592">1943px</dimen>
    <dimen name="dm593">1946px</dimen>
    <dimen name="dm594">1949px</dimen>
    <dimen name="dm595">1952px</dimen>
    <dimen name="dm596">1956px</dimen>
    <dimen name="dm597">1959px</dimen>
    <dimen name="dm598">1962px</dimen>
    <dimen name="dm599">1965px</dimen>
    <dimen name="dm600">1969px</dimen>
    <dimen name="dm601">1972px</dimen>
    <dimen name="dm602">1975px</dimen>
    <dimen name="dm603">1979px</dimen>
    <dimen name="dm604">1982px</dimen>
    <dimen name="dm605">1985px</dimen>
    <dimen name="dm606">1988px</dimen>
    <dimen name="dm607">1992px</dimen>
    <dimen name="dm608">1995px</dimen>
    <dimen name="dm609">1998px</dimen>
    <dimen name="dm610">2002px</dimen>
    <dimen name="dm611">2005px</dimen>
    <dimen name="dm612">2008px</dimen>
    <dimen name="dm613">2011px</dimen>
    <dimen name="dm614">2015px</dimen>
    <dimen name="dm615">2018px</dimen>
    <dimen name="dm616">2021px</dimen>
    <dimen name="dm617">2025px</dimen>
    <dimen name="dm618">2028px</dimen>
    <dimen name="dm619">2031px</dimen>
    <dimen name="dm620">2034px</dimen>
    <dimen name="dm621">2038px</dimen>
    <dimen name="dm622">2041px</dimen>
    <dimen name="dm623">2044px</dimen>
    <dimen name="dm624">2048px</dimen>
    <dimen name="dm625">2051px</dimen>
    <dimen name="dm626">2054px</dimen>
    <dimen name="dm627">2057px</dimen>
    <dimen name="dm628">2061px</dimen>
    <dimen name="dm629">2064px</dimen>
    <dimen name="dm630">2067px</dimen>
    <dimen name="dm631">2070px</dimen>
    <dimen name="dm632">2074px</dimen>
    <dimen name="dm633">2077px</dimen>
    <dimen name="dm634">2080px</dimen>
    <dimen name="dm635">2084px</dimen>
    <dimen name="dm636">2087px</dimen>
    <dimen name="dm637">2090px</dimen>
    <dimen name="dm638">2093px</dimen>
    <dimen name="dm639">2097px</dimen>
    <dimen name="dm640">2100px</dimen>
    <dimen name="dm641">2103px</dimen>
    <dimen name="dm642">2107px</dimen>
    <dimen name="dm643">2110px</dimen>
    <dimen name="dm644">2113px</dimen>
    <dimen name="dm645">2116px</dimen>
    <dimen name="dm646">2120px</dimen>
    <dimen name="dm647">2123px</dimen>
    <dimen name="dm648">2126px</dimen>
    <dimen name="dm649">2130px</dimen>
    <dimen name="dm650">2133px</dimen>
    <dimen name="dm651">2136px</dimen>
    <dimen name="dm652">2139px</dimen>
    <dimen name="dm653">2143px</dimen>
    <dimen name="dm654">2146px</dimen>
    <dimen name="dm655">2149px</dimen>
    <dimen name="dm656">2153px</dimen>
    <dimen name="dm657">2156px</dimen>
    <dimen name="dm658">2159px</dimen>
    <dimen name="dm659">2162px</dimen>
    <dimen name="dm660">2166px</dimen>
    <dimen name="dm661">2169px</dimen>
    <dimen name="dm662">2172px</dimen>
    <dimen name="dm663">2175px</dimen>
    <dimen name="dm664">2179px</dimen>
    <dimen name="dm665">2182px</dimen>
    <dimen name="dm666">2185px</dimen>
    <dimen name="dm667">2189px</dimen>
    <dimen name="dm668">2192px</dimen>
    <dimen name="dm669">2195px</dimen>
    <dimen name="dm670">2198px</dimen>
    <dimen name="dm671">2202px</dimen>
    <dimen name="dm672">2205px</dimen>
    <dimen name="dm673">2208px</dimen>
    <dimen name="dm674">2212px</dimen>
    <dimen name="dm675">2215px</dimen>
    <dimen name="dm676">2218px</dimen>
    <dimen name="dm677">2221px</dimen>
    <dimen name="dm678">2225px</dimen>
    <dimen name="dm679">2228px</dimen>
    <dimen name="dm680">2231px</dimen>
    <dimen name="dm681">2235px</dimen>
    <dimen name="dm682">2238px</dimen>
    <dimen name="dm683">2241px</dimen>
    <dimen name="dm684">2244px</dimen>
    <dimen name="dm685">2248px</dimen>
    <dimen name="dm686">2251px</dimen>
    <dimen name="dm687">2254px</dimen>
    <dimen name="dm688">2258px</dimen>
    <dimen name="dm689">2261px</dimen>
    <dimen name="dm690">2264px</dimen>
    <dimen name="dm691">2267px</dimen>
    <dimen name="dm692">2271px</dimen>
    <dimen name="dm693">2274px</dimen>
    <dimen name="dm694">2277px</dimen>
    <dimen name="dm695">2280px</dimen>
    <dimen name="dm696">2284px</dimen>
    <dimen name="dm697">2287px</dimen>
    <dimen name="dm698">2290px</dimen>
    <dimen name="dm699">2294px</dimen>
    <dimen name="dm700">2297px</dimen>
    <dimen name="dm701">2300px</dimen>
    <dimen name="dm702">2303px</dimen>
    <dimen name="dm703">2307px</dimen>
    <dimen name="dm704">2310px</dimen>
    <dimen name="dm705">2313px</dimen>
    <dimen name="dm706">2317px</dimen>
    <dimen name="dm707">2320px</dimen>
    <dimen name="dm708">2323px</dimen>
    <dimen name="dm709">2326px</dimen>
    <dimen name="dm710">2330px</dimen>
    <dimen name="dm711">2333px</dimen>
    <dimen name="dm712">2336px</dimen>
    <dimen name="dm713">2340px</dimen>
    <dimen name="dm714">2343px</dimen>
    <dimen name="dm715">2346px</dimen>
    <dimen name="dm716">2349px</dimen>
    <dimen name="dm717">2353px</dimen>
    <dimen name="dm718">2356px</dimen>
    <dimen name="dm719">2359px</dimen>
    <dimen name="dm720">2363px</dimen>
    <dimen name="dm721">2366px</dimen>
    <dimen name="dm722">2369px</dimen>
    <dimen name="dm723">2372px</dimen>
    <dimen name="dm724">2376px</dimen>
    <dimen name="dm725">2379px</dimen>
    <dimen name="dm726">2382px</dimen>
    <dimen name="dm727">2385px</dimen>
    <dimen name="dm728">2389px</dimen>
    <dimen name="dm729">2392px</dimen>
    <dimen name="dm730">2395px</dimen>
    <dimen name="dm731">2399px</dimen>
    <dimen name="dm732">2402px</dimen>
    <dimen name="dm733">2405px</dimen>
    <dimen name="dm734">2408px</dimen>
    <dimen name="dm735">2412px</dimen>
    <dimen name="dm736">2415px</dimen>
    <dimen name="dm737">2418px</dimen>
    <dimen name="dm738">2422px</dimen>
    <dimen name="dm739">2425px</dimen>
    <dimen name="dm740">2428px</dimen>
    <dimen name="dm741">2431px</dimen>
    <dimen name="dm742">2435px</dimen>
    <dimen name="dm743">2438px</dimen>
    <dimen name="dm744">2441px</dimen>
    <dimen name="dm745">2445px</dimen>
    <dimen name="dm746">2448px</dimen>
    <dimen name="dm747">2451px</dimen>
    <dimen name="dm748">2454px</dimen>
    <dimen name="dm749">2458px</dimen>
    <dimen name="dm750">2461px</dimen>
    <dimen name="dm751">2464px</dimen>
    <dimen name="dm752">2468px</dimen>
    <dimen name="dm753">2471px</dimen>
    <dimen name="dm754">2474px</dimen>
    <dimen name="dm755">2477px</dimen>
    <dimen name="dm756">2481px</dimen>
    <dimen name="dm757">2484px</dimen>
    <dimen name="dm758">2487px</dimen>
    <dimen name="dm759">2490px</dimen>
    <dimen name="dm760">2494px</dimen>
    <dimen name="dm761">2497px</dimen>
    <dimen name="dm762">2500px</dimen>
    <dimen name="dm763">2504px</dimen>
    <dimen name="dm764">2507px</dimen>
    <dimen name="dm765">2510px</dimen>
    <dimen name="dm766">2513px</dimen>
    <dimen name="dm767">2517px</dimen>
    <dimen name="dm768">2520px</dimen>
    <dimen name="dm769">2523px</dimen>
    <dimen name="dm770">2527px</dimen>
    <dimen name="dm771">2530px</dimen>
    <dimen name="dm772">2533px</dimen>
    <dimen name="dm773">2536px</dimen>
    <dimen name="dm774">2540px</dimen>
    <dimen name="dm775">2543px</dimen>
    <dimen name="dm776">2546px</dimen>
    <dimen name="dm777">2550px</dimen>
    <dimen name="dm778">2553px</dimen>
    <dimen name="dm779">2556px</dimen>
    <dimen name="dm780">2559px</dimen>
    <dimen name="dm781">2563px</dimen>
    <dimen name="dm782">2566px</dimen>
    <dimen name="dm783">2569px</dimen>
    <dimen name="dm784">2573px</dimen>
    <dimen name="dm785">2576px</dimen>
    <dimen name="dm786">2579px</dimen>
    <dimen name="dm787">2582px</dimen>
    <dimen name="dm788">2586px</dimen>
    <dimen name="dm789">2589px</dimen>
    <dimen name="dm790">2592px</dimen>
    <dimen name="dm791">2595px</dimen>
    <dimen name="dm792">2599px</dimen>
    <dimen name="dm793">2602px</dimen>
    <dimen name="dm794">2605px</dimen>
    <dimen name="dm795">2609px</dimen>
    <dimen name="dm796">2612px</dimen>
    <dimen name="dm797">2615px</dimen>
    <dimen name="dm798">2618px</dimen>
    <dimen name="dm799">2622px</dimen>
    <dimen name="dm800">2625px</dimen>
    <dimen name="dm801">2628px</dimen>
    <dimen name="dm802">2632px</dimen>
    <dimen name="dm803">2635px</dimen>
    <dimen name="dm804">2638px</dimen>
    <dimen name="dm805">2641px</dimen>
    <dimen name="dm806">2645px</dimen>
    <dimen name="dm807">2648px</dimen>
    <dimen name="dm808">2651px</dimen>
    <dimen name="dm809">2655px</dimen>
    <dimen name="dm810">2658px</dimen>
    <dimen name="dm811">2661px</dimen>
    <dimen name="dm812">2664px</dimen>
    <dimen name="dm813">2668px</dimen>
    <dimen name="dm814">2671px</dimen>
    <dimen name="dm815">2674px</dimen>
    <dimen name="dm816">2678px</dimen>
    <dimen name="dm817">2681px</dimen>
    <dimen name="dm818">2684px</dimen>
    <dimen name="dm819">2687px</dimen>
    <dimen name="dm820">2691px</dimen>
    <dimen name="dm821">2694px</dimen>
    <dimen name="dm822">2697px</dimen>
    <dimen name="dm823">2700px</dimen>
    <dimen name="dm824">2704px</dimen>
    <dimen name="dm825">2707px</dimen>
    <dimen name="dm826">2710px</dimen>
    <dimen name="dm827">2714px</dimen>
    <dimen name="dm828">2717px</dimen>
    <dimen name="dm829">2720px</dimen>
    <dimen name="dm830">2723px</dimen>
    <dimen name="dm831">2727px</dimen>
    <dimen name="dm832">2730px</dimen>
    <dimen name="dm833">2733px</dimen>
    <dimen name="dm834">2737px</dimen>
    <dimen name="dm835">2740px</dimen>
    <dimen name="dm836">2743px</dimen>
    <dimen name="dm837">2746px</dimen>
    <dimen name="dm838">2750px</dimen>
    <dimen name="dm839">2753px</dimen>
    <dimen name="dm840">2756px</dimen>
    <dimen name="dm841">2760px</dimen>
    <dimen name="dm842">2763px</dimen>
    <dimen name="dm843">2766px</dimen>
    <dimen name="dm844">2769px</dimen>
    <dimen name="dm845">2773px</dimen>
    <dimen name="dm846">2776px</dimen>
    <dimen name="dm847">2779px</dimen>
    <dimen name="dm848">2783px</dimen>
    <dimen name="dm849">2786px</dimen>
    <dimen name="dm850">2789px</dimen>
    <dimen name="dm851">2792px</dimen>
    <dimen name="dm852">2796px</dimen>
    <dimen name="dm853">2799px</dimen>
    <dimen name="dm854">2802px</dimen>
    <dimen name="dm855">2805px</dimen>
    <dimen name="dm856">2809px</dimen>
    <dimen name="dm857">2812px</dimen>
    <dimen name="dm858">2815px</dimen>
    <dimen name="dm859">2819px</dimen>
    <dimen name="dm860">2822px</dimen>
    <dimen name="dm861">2825px</dimen>
    <dimen name="dm862">2828px</dimen>
    <dimen name="dm863">2832px</dimen>
    <dimen name="dm864">2835px</dimen>
    <dimen name="dm865">2838px</dimen>
    <dimen name="dm866">2842px</dimen>
    <dimen name="dm867">2845px</dimen>
    <dimen name="dm868">2848px</dimen>
    <dimen name="dm869">2851px</dimen>
    <dimen name="dm870">2855px</dimen>
    <dimen name="dm871">2858px</dimen>
    <dimen name="dm872">2861px</dimen>
    <dimen name="dm873">2865px</dimen>
    <dimen name="dm874">2868px</dimen>
    <dimen name="dm875">2871px</dimen>
    <dimen name="dm876">2874px</dimen>
    <dimen name="dm877">2878px</dimen>
    <dimen name="dm878">2881px</dimen>
    <dimen name="dm879">2884px</dimen>
    <dimen name="dm880">2888px</dimen>
    <dimen name="dm881">2891px</dimen>
    <dimen name="dm882">2894px</dimen>
    <dimen name="dm883">2897px</dimen>
    <dimen name="dm884">2901px</dimen>
    <dimen name="dm885">2904px</dimen>
    <dimen name="dm886">2907px</dimen>
    <dimen name="dm887">2910px</dimen>
    <dimen name="dm888">2914px</dimen>
    <dimen name="dm889">2917px</dimen>
    <dimen name="dm890">2920px</dimen>
    <dimen name="dm891">2924px</dimen>
    <dimen name="dm892">2927px</dimen>
    <dimen name="dm893">2930px</dimen>
    <dimen name="dm894">2933px</dimen>
    <dimen name="dm895">2937px</dimen>
    <dimen name="dm896">2940px</dimen>
    <dimen name="dm897">2943px</dimen>
    <dimen name="dm898">2947px</dimen>
    <dimen name="dm899">2950px</dimen>
    <dimen name="dm900">2953px</dimen>
    <dimen name="dm901">2956px</dimen>
    <dimen name="dm902">2960px</dimen>
    <dimen name="dm903">2963px</dimen>
    <dimen name="dm904">2966px</dimen>
    <dimen name="dm905">2970px</dimen>
    <dimen name="dm906">2973px</dimen>
    <dimen name="dm907">2976px</dimen>
    <dimen name="dm908">2979px</dimen>
    <dimen name="dm909">2983px</dimen>
    <dimen name="dm910">2986px</dimen>
    <dimen name="dm911">2989px</dimen>
    <dimen name="dm912">2993px</dimen>
    <dimen name="dm913">2996px</dimen>
    <dimen name="dm914">2999px</dimen>
    <dimen name="dm915">3002px</dimen>
    <dimen name="dm916">3006px</dimen>
    <dimen name="dm917">3009px</dimen>
    <dimen name="dm918">3012px</dimen>
    <dimen name="dm919">3015px</dimen>
    <dimen name="dm920">3019px</dimen>
    <dimen name="dm921">3022px</dimen>
    <dimen name="dm922">3025px</dimen>
    <dimen name="dm923">3029px</dimen>
    <dimen name="dm924">3032px</dimen>
    <dimen name="dm925">3035px</dimen>
    <dimen name="dm926">3038px</dimen>
    <dimen name="dm927">3042px</dimen>
    <dimen name="dm928">3045px</dimen>
    <dimen name="dm929">3048px</dimen>
    <dimen name="dm930">3052px</dimen>
    <dimen name="dm931">3055px</dimen>
    <dimen name="dm932">3058px</dimen>
    <dimen name="dm933">3061px</dimen>
    <dimen name="dm934">3065px</dimen>
    <dimen name="dm935">3068px</dimen>
    <dimen name="dm936">3071px</dimen>
    <dimen name="dm937">3075px</dimen>
    <dimen name="dm938">3078px</dimen>
    <dimen name="dm939">3081px</dimen>
    <dimen name="dm940">3084px</dimen>
    <dimen name="dm941">3088px</dimen>
    <dimen name="dm942">3091px</dimen>
    <dimen name="dm943">3094px</dimen>
    <dimen name="dm944">3098px</dimen>
    <dimen name="dm945">3101px</dimen>
    <dimen name="dm946">3104px</dimen>
    <dimen name="dm947">3107px</dimen>
    <dimen name="dm948">3111px</dimen>
    <dimen name="dm949">3114px</dimen>
    <dimen name="dm950">3117px</dimen>
    <dimen name="dm951">3120px</dimen>
    <dimen name="dm952">3124px</dimen>
    <dimen name="dm953">3127px</dimen>
    <dimen name="dm954">3130px</dimen>
    <dimen name="dm955">3134px</dimen>
    <dimen name="dm956">3137px</dimen>
    <dimen name="dm957">3140px</dimen>
    <dimen name="dm958">3143px</dimen>
    <dimen name="dm959">3147px</dimen>
    <dimen name="dm960">3150px</dimen>
    <dimen name="dm961">3153px</dimen>
    <dimen name="dm962">3157px</dimen>
    <dimen name="dm963">3160px</dimen>
    <dimen name="dm964">3163px</dimen>
    <dimen name="dm965">3166px</dimen>
    <dimen name="dm966">3170px</dimen>
    <dimen name="dm967">3173px</dimen>
    <dimen name="dm968">3176px</dimen>
    <dimen name="dm969">3180px</dimen>
    <dimen name="dm970">3183px</dimen>
    <dimen name="dm971">3186px</dimen>
    <dimen name="dm972">3189px</dimen>
    <dimen name="dm973">3193px</dimen>
    <dimen name="dm974">3196px</dimen>
    <dimen name="dm975">3199px</dimen>
    <dimen name="dm976">3203px</dimen>
    <dimen name="dm977">3206px</dimen>
    <dimen name="dm978">3209px</dimen>
    <dimen name="dm979">3212px</dimen>
    <dimen name="dm980">3216px</dimen>
    <dimen name="dm981">3219px</dimen>
    <dimen name="dm982">3222px</dimen>
    <dimen name="dm983">3225px</dimen>
    <dimen name="dm984">3229px</dimen>
    <dimen name="dm985">3232px</dimen>
    <dimen name="dm986">3235px</dimen>
    <dimen name="dm987">3239px</dimen>
    <dimen name="dm988">3242px</dimen>
    <dimen name="dm989">3245px</dimen>
    <dimen name="dm990">3248px</dimen>
    <dimen name="dm991">3252px</dimen>
    <dimen name="dm992">3255px</dimen>
    <dimen name="dm993">3258px</dimen>
    <dimen name="dm994">3262px</dimen>
    <dimen name="dm995">3265px</dimen>
    <dimen name="dm996">3268px</dimen>
    <dimen name="dm997">3271px</dimen>
    <dimen name="dm998">3275px</dimen>
    <dimen name="dm999">3278px</dimen>

</resources>