<resources>

    <dimen name="dm_200">-137px</dimen>
    <dimen name="dm_199">-136px</dimen>
    <dimen name="dm_198">-135px</dimen>
    <dimen name="dm_197">-134px</dimen>
    <dimen name="dm_196">-134px</dimen>
    <dimen name="dm_195">-133px</dimen>
    <dimen name="dm_194">-132px</dimen>
    <dimen name="dm_193">-132px</dimen>
    <dimen name="dm_192">-131px</dimen>
    <dimen name="dm_191">-130px</dimen>
    <dimen name="dm_190">-130px</dimen>
    <dimen name="dm_189">-129px</dimen>
    <dimen name="dm_188">-128px</dimen>
    <dimen name="dm_187">-128px</dimen>
    <dimen name="dm_186">-127px</dimen>
    <dimen name="dm_185">-126px</dimen>
    <dimen name="dm_184">-126px</dimen>
    <dimen name="dm_183">-125px</dimen>
    <dimen name="dm_182">-124px</dimen>
    <dimen name="dm_181">-123px</dimen>
    <dimen name="dm_180">-123px</dimen>
    <dimen name="dm_179">-122px</dimen>
    <dimen name="dm_178">-121px</dimen>
    <dimen name="dm_177">-121px</dimen>
    <dimen name="dm_176">-120px</dimen>
    <dimen name="dm_175">-119px</dimen>
    <dimen name="dm_174">-119px</dimen>
    <dimen name="dm_173">-118px</dimen>
    <dimen name="dm_172">-117px</dimen>
    <dimen name="dm_171">-117px</dimen>
    <dimen name="dm_170">-116px</dimen>
    <dimen name="dm_169">-115px</dimen>
    <dimen name="dm_168">-115px</dimen>
    <dimen name="dm_167">-114px</dimen>
    <dimen name="dm_166">-113px</dimen>
    <dimen name="dm_165">-112px</dimen>
    <dimen name="dm_164">-112px</dimen>
    <dimen name="dm_163">-111px</dimen>
    <dimen name="dm_162">-110px</dimen>
    <dimen name="dm_161">-110px</dimen>
    <dimen name="dm_160">-109px</dimen>
    <dimen name="dm_159">-108px</dimen>
    <dimen name="dm_158">-108px</dimen>
    <dimen name="dm_157">-107px</dimen>
    <dimen name="dm_156">-106px</dimen>
    <dimen name="dm_155">-106px</dimen>
    <dimen name="dm_154">-105px</dimen>
    <dimen name="dm_153">-104px</dimen>
    <dimen name="dm_152">-104px</dimen>
    <dimen name="dm_151">-103px</dimen>
    <dimen name="dm_150">-102px</dimen>
    <dimen name="dm_149">-101px</dimen>
    <dimen name="dm_148">-101px</dimen>
    <dimen name="dm_147">-100px</dimen>
    <dimen name="dm_146">-99px</dimen>
    <dimen name="dm_145">-99px</dimen>
    <dimen name="dm_144">-98px</dimen>
    <dimen name="dm_143">-97px</dimen>
    <dimen name="dm_142">-97px</dimen>
    <dimen name="dm_141">-96px</dimen>
    <dimen name="dm_140">-95px</dimen>
    <dimen name="dm_139">-95px</dimen>
    <dimen name="dm_138">-94px</dimen>
    <dimen name="dm_137">-93px</dimen>
    <dimen name="dm_136">-93px</dimen>
    <dimen name="dm_135">-92px</dimen>
    <dimen name="dm_134">-91px</dimen>
    <dimen name="dm_133">-90px</dimen>
    <dimen name="dm_132">-90px</dimen>
    <dimen name="dm_131">-89px</dimen>
    <dimen name="dm_130">-88px</dimen>
    <dimen name="dm_129">-88px</dimen>
    <dimen name="dm_128">-87px</dimen>
    <dimen name="dm_127">-86px</dimen>
    <dimen name="dm_126">-86px</dimen>
    <dimen name="dm_125">-85px</dimen>
    <dimen name="dm_124">-84px</dimen>
    <dimen name="dm_123">-84px</dimen>
    <dimen name="dm_122">-83px</dimen>
    <dimen name="dm_121">-82px</dimen>
    <dimen name="dm_120">-82px</dimen>
    <dimen name="dm_119">-81px</dimen>
    <dimen name="dm_118">-80px</dimen>
    <dimen name="dm_117">-79px</dimen>
    <dimen name="dm_116">-79px</dimen>
    <dimen name="dm_115">-78px</dimen>
    <dimen name="dm_114">-77px</dimen>
    <dimen name="dm_113">-77px</dimen>
    <dimen name="dm_112">-76px</dimen>
    <dimen name="dm_111">-75px</dimen>
    <dimen name="dm_110">-75px</dimen>
    <dimen name="dm_109">-74px</dimen>
    <dimen name="dm_108">-73px</dimen>
    <dimen name="dm_107">-73px</dimen>
    <dimen name="dm_106">-72px</dimen>
    <dimen name="dm_105">-71px</dimen>
    <dimen name="dm_104">-71px</dimen>
    <dimen name="dm_103">-70px</dimen>
    <dimen name="dm_102">-69px</dimen>
    <dimen name="dm_101">-68px</dimen>
    <dimen name="dm_100">-68px</dimen>
    <dimen name="dm_099">-67px</dimen>
    <dimen name="dm_098">-66px</dimen>
    <dimen name="dm_097">-66px</dimen>
    <dimen name="dm_096">-65px</dimen>
    <dimen name="dm_095">-64px</dimen>
    <dimen name="dm_094">-64px</dimen>
    <dimen name="dm_093">-63px</dimen>
    <dimen name="dm_092">-62px</dimen>
    <dimen name="dm_091">-62px</dimen>
    <dimen name="dm_090">-61px</dimen>
    <dimen name="dm_089">-60px</dimen>
    <dimen name="dm_088">-60px</dimen>
    <dimen name="dm_087">-59px</dimen>
    <dimen name="dm_086">-58px</dimen>
    <dimen name="dm_085">-57px</dimen>
    <dimen name="dm_084">-57px</dimen>
    <dimen name="dm_083">-56px</dimen>
    <dimen name="dm_082">-55px</dimen>
    <dimen name="dm_081">-55px</dimen>
    <dimen name="dm_080">-54px</dimen>
    <dimen name="dm_079">-53px</dimen>
    <dimen name="dm_078">-53px</dimen>
    <dimen name="dm_077">-52px</dimen>
    <dimen name="dm_076">-51px</dimen>
    <dimen name="dm_075">-51px</dimen>
    <dimen name="dm_074">-50px</dimen>
    <dimen name="dm_073">-49px</dimen>
    <dimen name="dm_072">-49px</dimen>
    <dimen name="dm_071">-48px</dimen>
    <dimen name="dm_070">-47px</dimen>
    <dimen name="dm_069">-46px</dimen>
    <dimen name="dm_068">-46px</dimen>
    <dimen name="dm_067">-45px</dimen>
    <dimen name="dm_066">-44px</dimen>
    <dimen name="dm_065">-44px</dimen>
    <dimen name="dm_064">-43px</dimen>
    <dimen name="dm_063">-42px</dimen>
    <dimen name="dm_062">-42px</dimen>
    <dimen name="dm_061">-41px</dimen>
    <dimen name="dm_060">-40px</dimen>
    <dimen name="dm_059">-40px</dimen>
    <dimen name="dm_058">-39px</dimen>
    <dimen name="dm_057">-38px</dimen>
    <dimen name="dm_056">-38px</dimen>
    <dimen name="dm_055">-37px</dimen>
    <dimen name="dm_054">-36px</dimen>
    <dimen name="dm_053">-35px</dimen>
    <dimen name="dm_052">-35px</dimen>
    <dimen name="dm_051">-34px</dimen>
    <dimen name="dm_050">-33px</dimen>
    <dimen name="dm_049">-33px</dimen>
    <dimen name="dm_048">-32px</dimen>
    <dimen name="dm_047">-31px</dimen>
    <dimen name="dm_046">-31px</dimen>
    <dimen name="dm_045">-30px</dimen>
    <dimen name="dm_044">-29px</dimen>
    <dimen name="dm_043">-29px</dimen>
    <dimen name="dm_042">-28px</dimen>
    <dimen name="dm_041">-27px</dimen>
    <dimen name="dm_040">-27px</dimen>
    <dimen name="dm_039">-26px</dimen>
    <dimen name="dm_038">-25px</dimen>
    <dimen name="dm_037">-24px</dimen>
    <dimen name="dm_036">-24px</dimen>
    <dimen name="dm_035">-23px</dimen>
    <dimen name="dm_034">-22px</dimen>
    <dimen name="dm_033">-22px</dimen>
    <dimen name="dm_032">-21px</dimen>
    <dimen name="dm_031">-20px</dimen>
    <dimen name="dm_030">-20px</dimen>
    <dimen name="dm_029">-19px</dimen>
    <dimen name="dm_028">-18px</dimen>
    <dimen name="dm_027">-18px</dimen>
    <dimen name="dm_026">-17px</dimen>
    <dimen name="dm_025">-16px</dimen>
    <dimen name="dm_024">-16px</dimen>
    <dimen name="dm_023">-15px</dimen>
    <dimen name="dm_022">-14px</dimen>
    <dimen name="dm_021">-13px</dimen>
    <dimen name="dm_020">-13px</dimen>
    <dimen name="dm_019">-12px</dimen>
    <dimen name="dm_018">-11px</dimen>
    <dimen name="dm_017">-11px</dimen>
    <dimen name="dm_016">-10px</dimen>
    <dimen name="dm_015">-9px</dimen>
    <dimen name="dm_014">-9px</dimen>
    <dimen name="dm_013">-8px</dimen>
    <dimen name="dm_012">-7px</dimen>
    <dimen name="dm_011">-7px</dimen>
    <dimen name="dm_010">-6px</dimen>
    <dimen name="dm_009">-5px</dimen>
    <dimen name="dm_008">-5px</dimen>
    <dimen name="dm_007">-4px</dimen>
    <dimen name="dm_006">-3px</dimen>
    <dimen name="dm_005">-2px</dimen>
    <dimen name="dm_004">-2px</dimen>
    <dimen name="dm_003">-1px</dimen>
    <dimen name="dm_002">-1px</dimen>
    <dimen name="dm_001">-1px</dimen>
    <dimen name="dm000">0px</dimen>
    <dimen name="dm001">1px</dimen>
    <dimen name="dm002">1px</dimen>
    <dimen name="dm003">2px</dimen>
    <dimen name="dm004">3px</dimen>
    <dimen name="dm005">3px</dimen>
    <dimen name="dm006">4px</dimen>
    <dimen name="dm007">5px</dimen>
    <dimen name="dm008">6px</dimen>
    <dimen name="dm009">6px</dimen>
    <dimen name="dm010">7px</dimen>
    <dimen name="dm011">8px</dimen>
    <dimen name="dm012">8px</dimen>
    <dimen name="dm013">9px</dimen>
    <dimen name="dm014">10px</dimen>
    <dimen name="dm015">10px</dimen>
    <dimen name="dm016">11px</dimen>
    <dimen name="dm017">12px</dimen>
    <dimen name="dm018">12px</dimen>
    <dimen name="dm019">13px</dimen>
    <dimen name="dm020">14px</dimen>
    <dimen name="dm021">14px</dimen>
    <dimen name="dm022">15px</dimen>
    <dimen name="dm023">16px</dimen>
    <dimen name="dm024">17px</dimen>
    <dimen name="dm025">17px</dimen>
    <dimen name="dm026">18px</dimen>
    <dimen name="dm027">19px</dimen>
    <dimen name="dm028">19px</dimen>
    <dimen name="dm029">20px</dimen>
    <dimen name="dm030">21px</dimen>
    <dimen name="dm031">21px</dimen>
    <dimen name="dm032">22px</dimen>
    <dimen name="dm033">23px</dimen>
    <dimen name="dm034">23px</dimen>
    <dimen name="dm035">24px</dimen>
    <dimen name="dm036">25px</dimen>
    <dimen name="dm037">25px</dimen>
    <dimen name="dm038">26px</dimen>
    <dimen name="dm039">27px</dimen>
    <dimen name="dm040">28px</dimen>
    <dimen name="dm041">28px</dimen>
    <dimen name="dm042">29px</dimen>
    <dimen name="dm043">30px</dimen>
    <dimen name="dm044">30px</dimen>
    <dimen name="dm045">31px</dimen>
    <dimen name="dm046">32px</dimen>
    <dimen name="dm047">32px</dimen>
    <dimen name="dm048">33px</dimen>
    <dimen name="dm049">34px</dimen>
    <dimen name="dm050">34px</dimen>
    <dimen name="dm051">35px</dimen>
    <dimen name="dm052">36px</dimen>
    <dimen name="dm053">36px</dimen>
    <dimen name="dm054">37px</dimen>
    <dimen name="dm055">38px</dimen>
    <dimen name="dm056">39px</dimen>
    <dimen name="dm057">39px</dimen>
    <dimen name="dm058">40px</dimen>
    <dimen name="dm059">41px</dimen>
    <dimen name="dm060">41px</dimen>
    <dimen name="dm061">42px</dimen>
    <dimen name="dm062">43px</dimen>
    <dimen name="dm063">43px</dimen>
    <dimen name="dm064">44px</dimen>
    <dimen name="dm065">45px</dimen>
    <dimen name="dm066">45px</dimen>
    <dimen name="dm067">46px</dimen>
    <dimen name="dm068">47px</dimen>
    <dimen name="dm069">47px</dimen>
    <dimen name="dm070">48px</dimen>
    <dimen name="dm071">49px</dimen>
    <dimen name="dm072">50px</dimen>
    <dimen name="dm073">50px</dimen>
    <dimen name="dm074">51px</dimen>
    <dimen name="dm075">52px</dimen>
    <dimen name="dm076">52px</dimen>
    <dimen name="dm077">53px</dimen>
    <dimen name="dm078">54px</dimen>
    <dimen name="dm079">54px</dimen>
    <dimen name="dm080">55px</dimen>
    <dimen name="dm081">56px</dimen>
    <dimen name="dm082">56px</dimen>
    <dimen name="dm083">57px</dimen>
    <dimen name="dm084">58px</dimen>
    <dimen name="dm085">58px</dimen>
    <dimen name="dm086">59px</dimen>
    <dimen name="dm087">60px</dimen>
    <dimen name="dm088">61px</dimen>
    <dimen name="dm089">61px</dimen>
    <dimen name="dm090">62px</dimen>
    <dimen name="dm091">63px</dimen>
    <dimen name="dm092">63px</dimen>
    <dimen name="dm093">64px</dimen>
    <dimen name="dm094">65px</dimen>
    <dimen name="dm095">65px</dimen>
    <dimen name="dm096">66px</dimen>
    <dimen name="dm097">67px</dimen>
    <dimen name="dm098">67px</dimen>
    <dimen name="dm099">68px</dimen>
    <dimen name="dm100">69px</dimen>
    <dimen name="dm101">69px</dimen>
    <dimen name="dm102">70px</dimen>
    <dimen name="dm103">71px</dimen>
    <dimen name="dm104">72px</dimen>
    <dimen name="dm105">72px</dimen>
    <dimen name="dm106">73px</dimen>
    <dimen name="dm107">74px</dimen>
    <dimen name="dm108">74px</dimen>
    <dimen name="dm109">75px</dimen>
    <dimen name="dm110">76px</dimen>
    <dimen name="dm111">76px</dimen>
    <dimen name="dm112">77px</dimen>
    <dimen name="dm113">78px</dimen>
    <dimen name="dm114">78px</dimen>
    <dimen name="dm115">79px</dimen>
    <dimen name="dm116">80px</dimen>
    <dimen name="dm117">80px</dimen>
    <dimen name="dm118">81px</dimen>
    <dimen name="dm119">82px</dimen>
    <dimen name="dm120">83px</dimen>
    <dimen name="dm121">83px</dimen>
    <dimen name="dm122">84px</dimen>
    <dimen name="dm123">85px</dimen>
    <dimen name="dm124">85px</dimen>
    <dimen name="dm125">86px</dimen>
    <dimen name="dm126">87px</dimen>
    <dimen name="dm127">87px</dimen>
    <dimen name="dm128">88px</dimen>
    <dimen name="dm129">89px</dimen>
    <dimen name="dm130">89px</dimen>
    <dimen name="dm131">90px</dimen>
    <dimen name="dm132">91px</dimen>
    <dimen name="dm133">91px</dimen>
    <dimen name="dm134">92px</dimen>
    <dimen name="dm135">93px</dimen>
    <dimen name="dm136">94px</dimen>
    <dimen name="dm137">94px</dimen>
    <dimen name="dm138">95px</dimen>
    <dimen name="dm139">96px</dimen>
    <dimen name="dm140">96px</dimen>
    <dimen name="dm141">97px</dimen>
    <dimen name="dm142">98px</dimen>
    <dimen name="dm143">98px</dimen>
    <dimen name="dm144">99px</dimen>
    <dimen name="dm145">100px</dimen>
    <dimen name="dm146">100px</dimen>
    <dimen name="dm147">101px</dimen>
    <dimen name="dm148">102px</dimen>
    <dimen name="dm149">102px</dimen>
    <dimen name="dm150">103px</dimen>
    <dimen name="dm151">104px</dimen>
    <dimen name="dm152">105px</dimen>
    <dimen name="dm153">105px</dimen>
    <dimen name="dm154">106px</dimen>
    <dimen name="dm155">107px</dimen>
    <dimen name="dm156">107px</dimen>
    <dimen name="dm157">108px</dimen>
    <dimen name="dm158">109px</dimen>
    <dimen name="dm159">109px</dimen>
    <dimen name="dm160">110px</dimen>
    <dimen name="dm161">111px</dimen>
    <dimen name="dm162">111px</dimen>
    <dimen name="dm163">112px</dimen>
    <dimen name="dm164">113px</dimen>
    <dimen name="dm165">113px</dimen>
    <dimen name="dm166">114px</dimen>
    <dimen name="dm167">115px</dimen>
    <dimen name="dm168">116px</dimen>
    <dimen name="dm169">116px</dimen>
    <dimen name="dm170">117px</dimen>
    <dimen name="dm171">118px</dimen>
    <dimen name="dm172">118px</dimen>
    <dimen name="dm173">119px</dimen>
    <dimen name="dm174">120px</dimen>
    <dimen name="dm175">120px</dimen>
    <dimen name="dm176">121px</dimen>
    <dimen name="dm177">122px</dimen>
    <dimen name="dm178">122px</dimen>
    <dimen name="dm179">123px</dimen>
    <dimen name="dm180">124px</dimen>
    <dimen name="dm181">124px</dimen>
    <dimen name="dm182">125px</dimen>
    <dimen name="dm183">126px</dimen>
    <dimen name="dm184">127px</dimen>
    <dimen name="dm185">127px</dimen>
    <dimen name="dm186">128px</dimen>
    <dimen name="dm187">129px</dimen>
    <dimen name="dm188">129px</dimen>
    <dimen name="dm189">130px</dimen>
    <dimen name="dm190">131px</dimen>
    <dimen name="dm191">131px</dimen>
    <dimen name="dm192">132px</dimen>
    <dimen name="dm193">133px</dimen>
    <dimen name="dm194">133px</dimen>
    <dimen name="dm195">134px</dimen>
    <dimen name="dm196">135px</dimen>
    <dimen name="dm197">135px</dimen>
    <dimen name="dm198">136px</dimen>
    <dimen name="dm199">137px</dimen>
    <dimen name="dm200">138px</dimen>
    <dimen name="dm201">138px</dimen>
    <dimen name="dm202">139px</dimen>
    <dimen name="dm203">140px</dimen>
    <dimen name="dm204">140px</dimen>
    <dimen name="dm205">141px</dimen>
    <dimen name="dm206">142px</dimen>
    <dimen name="dm207">142px</dimen>
    <dimen name="dm208">143px</dimen>
    <dimen name="dm209">144px</dimen>
    <dimen name="dm210">144px</dimen>
    <dimen name="dm211">145px</dimen>
    <dimen name="dm212">146px</dimen>
    <dimen name="dm213">146px</dimen>
    <dimen name="dm214">147px</dimen>
    <dimen name="dm215">148px</dimen>
    <dimen name="dm216">149px</dimen>
    <dimen name="dm217">149px</dimen>
    <dimen name="dm218">150px</dimen>
    <dimen name="dm219">151px</dimen>
    <dimen name="dm220">151px</dimen>
    <dimen name="dm221">152px</dimen>
    <dimen name="dm222">153px</dimen>
    <dimen name="dm223">153px</dimen>
    <dimen name="dm224">154px</dimen>
    <dimen name="dm225">155px</dimen>
    <dimen name="dm226">155px</dimen>
    <dimen name="dm227">156px</dimen>
    <dimen name="dm228">157px</dimen>
    <dimen name="dm229">157px</dimen>
    <dimen name="dm230">158px</dimen>
    <dimen name="dm231">159px</dimen>
    <dimen name="dm232">160px</dimen>
    <dimen name="dm233">160px</dimen>
    <dimen name="dm234">161px</dimen>
    <dimen name="dm235">162px</dimen>
    <dimen name="dm236">162px</dimen>
    <dimen name="dm237">163px</dimen>
    <dimen name="dm238">164px</dimen>
    <dimen name="dm239">164px</dimen>
    <dimen name="dm240">165px</dimen>
    <dimen name="dm241">166px</dimen>
    <dimen name="dm242">166px</dimen>
    <dimen name="dm243">167px</dimen>
    <dimen name="dm244">168px</dimen>
    <dimen name="dm245">168px</dimen>
    <dimen name="dm246">169px</dimen>
    <dimen name="dm247">170px</dimen>
    <dimen name="dm248">171px</dimen>
    <dimen name="dm249">171px</dimen>
    <dimen name="dm250">172px</dimen>
    <dimen name="dm251">173px</dimen>
    <dimen name="dm252">173px</dimen>
    <dimen name="dm253">174px</dimen>
    <dimen name="dm254">175px</dimen>
    <dimen name="dm255">175px</dimen>
    <dimen name="dm256">176px</dimen>
    <dimen name="dm257">177px</dimen>
    <dimen name="dm258">177px</dimen>
    <dimen name="dm259">178px</dimen>
    <dimen name="dm260">179px</dimen>
    <dimen name="dm261">179px</dimen>
    <dimen name="dm262">180px</dimen>
    <dimen name="dm263">181px</dimen>
    <dimen name="dm264">182px</dimen>
    <dimen name="dm265">182px</dimen>
    <dimen name="dm266">183px</dimen>
    <dimen name="dm267">184px</dimen>
    <dimen name="dm268">184px</dimen>
    <dimen name="dm269">185px</dimen>
    <dimen name="dm270">186px</dimen>
    <dimen name="dm271">186px</dimen>
    <dimen name="dm272">187px</dimen>
    <dimen name="dm273">188px</dimen>
    <dimen name="dm274">188px</dimen>
    <dimen name="dm275">189px</dimen>
    <dimen name="dm276">190px</dimen>
    <dimen name="dm277">190px</dimen>
    <dimen name="dm278">191px</dimen>
    <dimen name="dm279">192px</dimen>
    <dimen name="dm280">193px</dimen>
    <dimen name="dm281">193px</dimen>
    <dimen name="dm282">194px</dimen>
    <dimen name="dm283">195px</dimen>
    <dimen name="dm284">195px</dimen>
    <dimen name="dm285">196px</dimen>
    <dimen name="dm286">197px</dimen>
    <dimen name="dm287">197px</dimen>
    <dimen name="dm288">198px</dimen>
    <dimen name="dm289">199px</dimen>
    <dimen name="dm290">199px</dimen>
    <dimen name="dm291">200px</dimen>
    <dimen name="dm292">201px</dimen>
    <dimen name="dm293">201px</dimen>
    <dimen name="dm294">202px</dimen>
    <dimen name="dm295">203px</dimen>
    <dimen name="dm296">204px</dimen>
    <dimen name="dm297">204px</dimen>
    <dimen name="dm298">205px</dimen>
    <dimen name="dm299">206px</dimen>
    <dimen name="dm300">206px</dimen>
    <dimen name="dm301">207px</dimen>
    <dimen name="dm302">208px</dimen>
    <dimen name="dm303">208px</dimen>
    <dimen name="dm304">209px</dimen>
    <dimen name="dm305">210px</dimen>
    <dimen name="dm306">210px</dimen>
    <dimen name="dm307">211px</dimen>
    <dimen name="dm308">212px</dimen>
    <dimen name="dm309">212px</dimen>
    <dimen name="dm310">213px</dimen>
    <dimen name="dm311">214px</dimen>
    <dimen name="dm312">215px</dimen>
    <dimen name="dm313">215px</dimen>
    <dimen name="dm314">216px</dimen>
    <dimen name="dm315">217px</dimen>
    <dimen name="dm316">217px</dimen>
    <dimen name="dm317">218px</dimen>
    <dimen name="dm318">219px</dimen>
    <dimen name="dm319">219px</dimen>
    <dimen name="dm320">220px</dimen>
    <dimen name="dm321">221px</dimen>
    <dimen name="dm322">221px</dimen>
    <dimen name="dm323">222px</dimen>
    <dimen name="dm324">223px</dimen>
    <dimen name="dm325">223px</dimen>
    <dimen name="dm326">224px</dimen>
    <dimen name="dm327">225px</dimen>
    <dimen name="dm328">226px</dimen>
    <dimen name="dm329">226px</dimen>
    <dimen name="dm330">227px</dimen>
    <dimen name="dm331">228px</dimen>
    <dimen name="dm332">228px</dimen>
    <dimen name="dm333">229px</dimen>
    <dimen name="dm334">230px</dimen>
    <dimen name="dm335">230px</dimen>
    <dimen name="dm336">231px</dimen>
    <dimen name="dm337">232px</dimen>
    <dimen name="dm338">232px</dimen>
    <dimen name="dm339">233px</dimen>
    <dimen name="dm340">234px</dimen>
    <dimen name="dm341">234px</dimen>
    <dimen name="dm342">235px</dimen>
    <dimen name="dm343">236px</dimen>
    <dimen name="dm344">237px</dimen>
    <dimen name="dm345">237px</dimen>
    <dimen name="dm346">238px</dimen>
    <dimen name="dm347">239px</dimen>
    <dimen name="dm348">239px</dimen>
    <dimen name="dm349">240px</dimen>
    <dimen name="dm350">241px</dimen>
    <dimen name="dm351">241px</dimen>
    <dimen name="dm352">242px</dimen>
    <dimen name="dm353">243px</dimen>
    <dimen name="dm354">243px</dimen>
    <dimen name="dm355">244px</dimen>
    <dimen name="dm356">245px</dimen>
    <dimen name="dm357">245px</dimen>
    <dimen name="dm358">246px</dimen>
    <dimen name="dm359">247px</dimen>
    <dimen name="dm360">248px</dimen>
    <dimen name="dm361">248px</dimen>
    <dimen name="dm362">249px</dimen>
    <dimen name="dm363">250px</dimen>
    <dimen name="dm364">250px</dimen>
    <dimen name="dm365">251px</dimen>
    <dimen name="dm366">252px</dimen>
    <dimen name="dm367">252px</dimen>
    <dimen name="dm368">253px</dimen>
    <dimen name="dm369">254px</dimen>
    <dimen name="dm370">254px</dimen>
    <dimen name="dm371">255px</dimen>
    <dimen name="dm372">256px</dimen>
    <dimen name="dm373">256px</dimen>
    <dimen name="dm374">257px</dimen>
    <dimen name="dm375">258px</dimen>
    <dimen name="dm376">259px</dimen>
    <dimen name="dm377">259px</dimen>
    <dimen name="dm378">260px</dimen>
    <dimen name="dm379">261px</dimen>
    <dimen name="dm380">261px</dimen>
    <dimen name="dm381">262px</dimen>
    <dimen name="dm382">263px</dimen>
    <dimen name="dm383">263px</dimen>
    <dimen name="dm384">264px</dimen>
    <dimen name="dm385">265px</dimen>
    <dimen name="dm386">265px</dimen>
    <dimen name="dm387">266px</dimen>
    <dimen name="dm388">267px</dimen>
    <dimen name="dm389">267px</dimen>
    <dimen name="dm390">268px</dimen>
    <dimen name="dm391">269px</dimen>
    <dimen name="dm392">270px</dimen>
    <dimen name="dm393">270px</dimen>
    <dimen name="dm394">271px</dimen>
    <dimen name="dm395">272px</dimen>
    <dimen name="dm396">272px</dimen>
    <dimen name="dm397">273px</dimen>
    <dimen name="dm398">274px</dimen>
    <dimen name="dm399">274px</dimen>
    <dimen name="dm400">275px</dimen>
    <dimen name="dm401">276px</dimen>
    <dimen name="dm402">276px</dimen>
    <dimen name="dm403">277px</dimen>
    <dimen name="dm404">278px</dimen>
    <dimen name="dm405">278px</dimen>
    <dimen name="dm406">279px</dimen>
    <dimen name="dm407">280px</dimen>
    <dimen name="dm408">281px</dimen>
    <dimen name="dm409">281px</dimen>
    <dimen name="dm410">282px</dimen>
    <dimen name="dm411">283px</dimen>
    <dimen name="dm412">283px</dimen>
    <dimen name="dm413">284px</dimen>
    <dimen name="dm414">285px</dimen>
    <dimen name="dm415">285px</dimen>
    <dimen name="dm416">286px</dimen>
    <dimen name="dm417">287px</dimen>
    <dimen name="dm418">287px</dimen>
    <dimen name="dm419">288px</dimen>
    <dimen name="dm420">289px</dimen>
    <dimen name="dm421">289px</dimen>
    <dimen name="dm422">290px</dimen>
    <dimen name="dm423">291px</dimen>
    <dimen name="dm424">292px</dimen>
    <dimen name="dm425">292px</dimen>
    <dimen name="dm426">293px</dimen>
    <dimen name="dm427">294px</dimen>
    <dimen name="dm428">294px</dimen>
    <dimen name="dm429">295px</dimen>
    <dimen name="dm430">296px</dimen>
    <dimen name="dm431">296px</dimen>
    <dimen name="dm432">297px</dimen>
    <dimen name="dm433">298px</dimen>
    <dimen name="dm434">298px</dimen>
    <dimen name="dm435">299px</dimen>
    <dimen name="dm436">300px</dimen>
    <dimen name="dm437">300px</dimen>
    <dimen name="dm438">301px</dimen>
    <dimen name="dm439">302px</dimen>
    <dimen name="dm440">303px</dimen>
    <dimen name="dm441">303px</dimen>
    <dimen name="dm442">304px</dimen>
    <dimen name="dm443">305px</dimen>
    <dimen name="dm444">305px</dimen>
    <dimen name="dm445">306px</dimen>
    <dimen name="dm446">307px</dimen>
    <dimen name="dm447">307px</dimen>
    <dimen name="dm448">308px</dimen>
    <dimen name="dm449">309px</dimen>
    <dimen name="dm450">309px</dimen>
    <dimen name="dm451">310px</dimen>
    <dimen name="dm452">311px</dimen>
    <dimen name="dm453">311px</dimen>
    <dimen name="dm454">312px</dimen>
    <dimen name="dm455">313px</dimen>
    <dimen name="dm456">314px</dimen>
    <dimen name="dm457">314px</dimen>
    <dimen name="dm458">315px</dimen>
    <dimen name="dm459">316px</dimen>
    <dimen name="dm460">316px</dimen>
    <dimen name="dm461">317px</dimen>
    <dimen name="dm462">318px</dimen>
    <dimen name="dm463">318px</dimen>
    <dimen name="dm464">319px</dimen>
    <dimen name="dm465">320px</dimen>
    <dimen name="dm466">320px</dimen>
    <dimen name="dm467">321px</dimen>
    <dimen name="dm468">322px</dimen>
    <dimen name="dm469">322px</dimen>
    <dimen name="dm470">323px</dimen>
    <dimen name="dm471">324px</dimen>
    <dimen name="dm472">325px</dimen>
    <dimen name="dm473">325px</dimen>
    <dimen name="dm474">326px</dimen>
    <dimen name="dm475">327px</dimen>
    <dimen name="dm476">327px</dimen>
    <dimen name="dm477">328px</dimen>
    <dimen name="dm478">329px</dimen>
    <dimen name="dm479">329px</dimen>
    <dimen name="dm480">330px</dimen>
    <dimen name="dm481">331px</dimen>
    <dimen name="dm482">331px</dimen>
    <dimen name="dm483">332px</dimen>
    <dimen name="dm484">333px</dimen>
    <dimen name="dm485">333px</dimen>
    <dimen name="dm486">334px</dimen>
    <dimen name="dm487">335px</dimen>
    <dimen name="dm488">336px</dimen>
    <dimen name="dm489">336px</dimen>
    <dimen name="dm490">337px</dimen>
    <dimen name="dm491">338px</dimen>
    <dimen name="dm492">338px</dimen>
    <dimen name="dm493">339px</dimen>
    <dimen name="dm494">340px</dimen>
    <dimen name="dm495">340px</dimen>
    <dimen name="dm496">341px</dimen>
    <dimen name="dm497">342px</dimen>
    <dimen name="dm498">342px</dimen>
    <dimen name="dm499">343px</dimen>
    <dimen name="dm500">344px</dimen>
    <dimen name="dm501">344px</dimen>
    <dimen name="dm502">345px</dimen>
    <dimen name="dm503">346px</dimen>
    <dimen name="dm504">347px</dimen>
    <dimen name="dm505">347px</dimen>
    <dimen name="dm506">348px</dimen>
    <dimen name="dm507">349px</dimen>
    <dimen name="dm508">349px</dimen>
    <dimen name="dm509">350px</dimen>
    <dimen name="dm510">351px</dimen>
    <dimen name="dm511">351px</dimen>
    <dimen name="dm512">352px</dimen>
    <dimen name="dm513">353px</dimen>
    <dimen name="dm514">353px</dimen>
    <dimen name="dm515">354px</dimen>
    <dimen name="dm516">355px</dimen>
    <dimen name="dm517">355px</dimen>
    <dimen name="dm518">356px</dimen>
    <dimen name="dm519">357px</dimen>
    <dimen name="dm520">358px</dimen>
    <dimen name="dm521">358px</dimen>
    <dimen name="dm522">359px</dimen>
    <dimen name="dm523">360px</dimen>
    <dimen name="dm524">360px</dimen>
    <dimen name="dm525">361px</dimen>
    <dimen name="dm526">362px</dimen>
    <dimen name="dm527">362px</dimen>
    <dimen name="dm528">363px</dimen>
    <dimen name="dm529">364px</dimen>
    <dimen name="dm530">364px</dimen>
    <dimen name="dm531">365px</dimen>
    <dimen name="dm532">366px</dimen>
    <dimen name="dm533">366px</dimen>
    <dimen name="dm534">367px</dimen>
    <dimen name="dm535">368px</dimen>
    <dimen name="dm536">369px</dimen>
    <dimen name="dm537">369px</dimen>
    <dimen name="dm538">370px</dimen>
    <dimen name="dm539">371px</dimen>
    <dimen name="dm540">371px</dimen>
    <dimen name="dm541">372px</dimen>
    <dimen name="dm542">373px</dimen>
    <dimen name="dm543">373px</dimen>
    <dimen name="dm544">374px</dimen>
    <dimen name="dm545">375px</dimen>
    <dimen name="dm546">375px</dimen>
    <dimen name="dm547">376px</dimen>
    <dimen name="dm548">377px</dimen>
    <dimen name="dm549">377px</dimen>
    <dimen name="dm550">378px</dimen>
    <dimen name="dm551">379px</dimen>
    <dimen name="dm552">380px</dimen>
    <dimen name="dm553">380px</dimen>
    <dimen name="dm554">381px</dimen>
    <dimen name="dm555">382px</dimen>
    <dimen name="dm556">382px</dimen>
    <dimen name="dm557">383px</dimen>
    <dimen name="dm558">384px</dimen>
    <dimen name="dm559">384px</dimen>
    <dimen name="dm560">385px</dimen>
    <dimen name="dm561">386px</dimen>
    <dimen name="dm562">386px</dimen>
    <dimen name="dm563">387px</dimen>
    <dimen name="dm564">388px</dimen>
    <dimen name="dm565">388px</dimen>
    <dimen name="dm566">389px</dimen>
    <dimen name="dm567">390px</dimen>
    <dimen name="dm568">391px</dimen>
    <dimen name="dm569">391px</dimen>
    <dimen name="dm570">392px</dimen>
    <dimen name="dm571">393px</dimen>
    <dimen name="dm572">393px</dimen>
    <dimen name="dm573">394px</dimen>
    <dimen name="dm574">395px</dimen>
    <dimen name="dm575">395px</dimen>
    <dimen name="dm576">396px</dimen>
    <dimen name="dm577">397px</dimen>
    <dimen name="dm578">397px</dimen>
    <dimen name="dm579">398px</dimen>
    <dimen name="dm580">399px</dimen>
    <dimen name="dm581">399px</dimen>
    <dimen name="dm582">400px</dimen>
    <dimen name="dm583">401px</dimen>
    <dimen name="dm584">402px</dimen>
    <dimen name="dm585">402px</dimen>
    <dimen name="dm586">403px</dimen>
    <dimen name="dm587">404px</dimen>
    <dimen name="dm588">404px</dimen>
    <dimen name="dm589">405px</dimen>
    <dimen name="dm590">406px</dimen>
    <dimen name="dm591">406px</dimen>
    <dimen name="dm592">407px</dimen>
    <dimen name="dm593">408px</dimen>
    <dimen name="dm594">408px</dimen>
    <dimen name="dm595">409px</dimen>
    <dimen name="dm596">410px</dimen>
    <dimen name="dm597">410px</dimen>
    <dimen name="dm598">411px</dimen>
    <dimen name="dm599">412px</dimen>
    <dimen name="dm600">413px</dimen>
    <dimen name="dm601">413px</dimen>
    <dimen name="dm602">414px</dimen>
    <dimen name="dm603">415px</dimen>
    <dimen name="dm604">415px</dimen>
    <dimen name="dm605">416px</dimen>
    <dimen name="dm606">417px</dimen>
    <dimen name="dm607">417px</dimen>
    <dimen name="dm608">418px</dimen>
    <dimen name="dm609">419px</dimen>
    <dimen name="dm610">419px</dimen>
    <dimen name="dm611">420px</dimen>
    <dimen name="dm612">421px</dimen>
    <dimen name="dm613">421px</dimen>
    <dimen name="dm614">422px</dimen>
    <dimen name="dm615">423px</dimen>
    <dimen name="dm616">424px</dimen>
    <dimen name="dm617">424px</dimen>
    <dimen name="dm618">425px</dimen>
    <dimen name="dm619">426px</dimen>
    <dimen name="dm620">426px</dimen>
    <dimen name="dm621">427px</dimen>
    <dimen name="dm622">428px</dimen>
    <dimen name="dm623">428px</dimen>
    <dimen name="dm624">429px</dimen>
    <dimen name="dm625">430px</dimen>
    <dimen name="dm626">430px</dimen>
    <dimen name="dm627">431px</dimen>
    <dimen name="dm628">432px</dimen>
    <dimen name="dm629">432px</dimen>
    <dimen name="dm630">433px</dimen>
    <dimen name="dm631">434px</dimen>
    <dimen name="dm632">435px</dimen>
    <dimen name="dm633">435px</dimen>
    <dimen name="dm634">436px</dimen>
    <dimen name="dm635">437px</dimen>
    <dimen name="dm636">437px</dimen>
    <dimen name="dm637">438px</dimen>
    <dimen name="dm638">439px</dimen>
    <dimen name="dm639">439px</dimen>
    <dimen name="dm640">440px</dimen>
    <dimen name="dm641">441px</dimen>
    <dimen name="dm642">441px</dimen>
    <dimen name="dm643">442px</dimen>
    <dimen name="dm644">443px</dimen>
    <dimen name="dm645">443px</dimen>
    <dimen name="dm646">444px</dimen>
    <dimen name="dm647">445px</dimen>
    <dimen name="dm648">446px</dimen>
    <dimen name="dm649">446px</dimen>
    <dimen name="dm650">447px</dimen>
    <dimen name="dm651">448px</dimen>
    <dimen name="dm652">448px</dimen>
    <dimen name="dm653">449px</dimen>
    <dimen name="dm654">450px</dimen>
    <dimen name="dm655">450px</dimen>
    <dimen name="dm656">451px</dimen>
    <dimen name="dm657">452px</dimen>
    <dimen name="dm658">452px</dimen>
    <dimen name="dm659">453px</dimen>
    <dimen name="dm660">454px</dimen>
    <dimen name="dm661">454px</dimen>
    <dimen name="dm662">455px</dimen>
    <dimen name="dm663">456px</dimen>
    <dimen name="dm664">457px</dimen>
    <dimen name="dm665">457px</dimen>
    <dimen name="dm666">458px</dimen>
    <dimen name="dm667">459px</dimen>
    <dimen name="dm668">459px</dimen>
    <dimen name="dm669">460px</dimen>
    <dimen name="dm670">461px</dimen>
    <dimen name="dm671">461px</dimen>
    <dimen name="dm672">462px</dimen>
    <dimen name="dm673">463px</dimen>
    <dimen name="dm674">463px</dimen>
    <dimen name="dm675">464px</dimen>
    <dimen name="dm676">465px</dimen>
    <dimen name="dm677">465px</dimen>
    <dimen name="dm678">466px</dimen>
    <dimen name="dm679">467px</dimen>
    <dimen name="dm680">468px</dimen>
    <dimen name="dm681">468px</dimen>
    <dimen name="dm682">469px</dimen>
    <dimen name="dm683">470px</dimen>
    <dimen name="dm684">470px</dimen>
    <dimen name="dm685">471px</dimen>
    <dimen name="dm686">472px</dimen>
    <dimen name="dm687">472px</dimen>
    <dimen name="dm688">473px</dimen>
    <dimen name="dm689">474px</dimen>
    <dimen name="dm690">474px</dimen>
    <dimen name="dm691">475px</dimen>
    <dimen name="dm692">476px</dimen>
    <dimen name="dm693">476px</dimen>
    <dimen name="dm694">477px</dimen>
    <dimen name="dm695">478px</dimen>
    <dimen name="dm696">479px</dimen>
    <dimen name="dm697">479px</dimen>
    <dimen name="dm698">480px</dimen>
    <dimen name="dm699">481px</dimen>
    <dimen name="dm700">481px</dimen>
    <dimen name="dm701">482px</dimen>
    <dimen name="dm702">483px</dimen>
    <dimen name="dm703">483px</dimen>
    <dimen name="dm704">484px</dimen>
    <dimen name="dm705">485px</dimen>
    <dimen name="dm706">485px</dimen>
    <dimen name="dm707">486px</dimen>
    <dimen name="dm708">487px</dimen>
    <dimen name="dm709">487px</dimen>
    <dimen name="dm710">488px</dimen>
    <dimen name="dm711">489px</dimen>
    <dimen name="dm712">490px</dimen>
    <dimen name="dm713">490px</dimen>
    <dimen name="dm714">491px</dimen>
    <dimen name="dm715">492px</dimen>
    <dimen name="dm716">492px</dimen>
    <dimen name="dm717">493px</dimen>
    <dimen name="dm718">494px</dimen>
    <dimen name="dm719">494px</dimen>
    <dimen name="dm720">495px</dimen>
    <dimen name="dm721">496px</dimen>
    <dimen name="dm722">496px</dimen>
    <dimen name="dm723">497px</dimen>
    <dimen name="dm724">498px</dimen>
    <dimen name="dm725">498px</dimen>
    <dimen name="dm726">499px</dimen>
    <dimen name="dm727">500px</dimen>
    <dimen name="dm728">501px</dimen>
    <dimen name="dm729">501px</dimen>
    <dimen name="dm730">502px</dimen>
    <dimen name="dm731">503px</dimen>
    <dimen name="dm732">503px</dimen>
    <dimen name="dm733">504px</dimen>
    <dimen name="dm734">505px</dimen>
    <dimen name="dm735">505px</dimen>
    <dimen name="dm736">506px</dimen>
    <dimen name="dm737">507px</dimen>
    <dimen name="dm738">507px</dimen>
    <dimen name="dm739">508px</dimen>
    <dimen name="dm740">509px</dimen>
    <dimen name="dm741">509px</dimen>
    <dimen name="dm742">510px</dimen>
    <dimen name="dm743">511px</dimen>
    <dimen name="dm744">512px</dimen>
    <dimen name="dm745">512px</dimen>
    <dimen name="dm746">513px</dimen>
    <dimen name="dm747">514px</dimen>
    <dimen name="dm748">514px</dimen>
    <dimen name="dm749">515px</dimen>
    <dimen name="dm750">516px</dimen>
    <dimen name="dm751">516px</dimen>
    <dimen name="dm752">517px</dimen>
    <dimen name="dm753">518px</dimen>
    <dimen name="dm754">518px</dimen>
    <dimen name="dm755">519px</dimen>
    <dimen name="dm756">520px</dimen>
    <dimen name="dm757">520px</dimen>
    <dimen name="dm758">521px</dimen>
    <dimen name="dm759">522px</dimen>
    <dimen name="dm760">523px</dimen>
    <dimen name="dm761">523px</dimen>
    <dimen name="dm762">524px</dimen>
    <dimen name="dm763">525px</dimen>
    <dimen name="dm764">525px</dimen>
    <dimen name="dm765">526px</dimen>
    <dimen name="dm766">527px</dimen>
    <dimen name="dm767">527px</dimen>
    <dimen name="dm768">528px</dimen>
    <dimen name="dm769">529px</dimen>
    <dimen name="dm770">529px</dimen>
    <dimen name="dm771">530px</dimen>
    <dimen name="dm772">531px</dimen>
    <dimen name="dm773">531px</dimen>
    <dimen name="dm774">532px</dimen>
    <dimen name="dm775">533px</dimen>
    <dimen name="dm776">534px</dimen>
    <dimen name="dm777">534px</dimen>
    <dimen name="dm778">535px</dimen>
    <dimen name="dm779">536px</dimen>
    <dimen name="dm780">536px</dimen>
    <dimen name="dm781">537px</dimen>
    <dimen name="dm782">538px</dimen>
    <dimen name="dm783">538px</dimen>
    <dimen name="dm784">539px</dimen>
    <dimen name="dm785">540px</dimen>
    <dimen name="dm786">540px</dimen>
    <dimen name="dm787">541px</dimen>
    <dimen name="dm788">542px</dimen>
    <dimen name="dm789">542px</dimen>
    <dimen name="dm790">543px</dimen>
    <dimen name="dm791">544px</dimen>
    <dimen name="dm792">545px</dimen>
    <dimen name="dm793">545px</dimen>
    <dimen name="dm794">546px</dimen>
    <dimen name="dm795">547px</dimen>
    <dimen name="dm796">547px</dimen>
    <dimen name="dm797">548px</dimen>
    <dimen name="dm798">549px</dimen>
    <dimen name="dm799">549px</dimen>
    <dimen name="dm800">550px</dimen>
    <dimen name="dm801">551px</dimen>
    <dimen name="dm802">551px</dimen>
    <dimen name="dm803">552px</dimen>
    <dimen name="dm804">553px</dimen>
    <dimen name="dm805">553px</dimen>
    <dimen name="dm806">554px</dimen>
    <dimen name="dm807">555px</dimen>
    <dimen name="dm808">556px</dimen>
    <dimen name="dm809">556px</dimen>
    <dimen name="dm810">557px</dimen>
    <dimen name="dm811">558px</dimen>
    <dimen name="dm812">558px</dimen>
    <dimen name="dm813">559px</dimen>
    <dimen name="dm814">560px</dimen>
    <dimen name="dm815">560px</dimen>
    <dimen name="dm816">561px</dimen>
    <dimen name="dm817">562px</dimen>
    <dimen name="dm818">562px</dimen>
    <dimen name="dm819">563px</dimen>
    <dimen name="dm820">564px</dimen>
    <dimen name="dm821">564px</dimen>
    <dimen name="dm822">565px</dimen>
    <dimen name="dm823">566px</dimen>
    <dimen name="dm824">567px</dimen>
    <dimen name="dm825">567px</dimen>
    <dimen name="dm826">568px</dimen>
    <dimen name="dm827">569px</dimen>
    <dimen name="dm828">569px</dimen>
    <dimen name="dm829">570px</dimen>
    <dimen name="dm830">571px</dimen>
    <dimen name="dm831">571px</dimen>
    <dimen name="dm832">572px</dimen>
    <dimen name="dm833">573px</dimen>
    <dimen name="dm834">573px</dimen>
    <dimen name="dm835">574px</dimen>
    <dimen name="dm836">575px</dimen>
    <dimen name="dm837">575px</dimen>
    <dimen name="dm838">576px</dimen>
    <dimen name="dm839">577px</dimen>
    <dimen name="dm840">578px</dimen>
    <dimen name="dm841">578px</dimen>
    <dimen name="dm842">579px</dimen>
    <dimen name="dm843">580px</dimen>
    <dimen name="dm844">580px</dimen>
    <dimen name="dm845">581px</dimen>
    <dimen name="dm846">582px</dimen>
    <dimen name="dm847">582px</dimen>
    <dimen name="dm848">583px</dimen>
    <dimen name="dm849">584px</dimen>
    <dimen name="dm850">584px</dimen>
    <dimen name="dm851">585px</dimen>
    <dimen name="dm852">586px</dimen>
    <dimen name="dm853">586px</dimen>
    <dimen name="dm854">587px</dimen>
    <dimen name="dm855">588px</dimen>
    <dimen name="dm856">589px</dimen>
    <dimen name="dm857">589px</dimen>
    <dimen name="dm858">590px</dimen>
    <dimen name="dm859">591px</dimen>
    <dimen name="dm860">591px</dimen>
    <dimen name="dm861">592px</dimen>
    <dimen name="dm862">593px</dimen>
    <dimen name="dm863">593px</dimen>
    <dimen name="dm864">594px</dimen>
    <dimen name="dm865">595px</dimen>
    <dimen name="dm866">595px</dimen>
    <dimen name="dm867">596px</dimen>
    <dimen name="dm868">597px</dimen>
    <dimen name="dm869">597px</dimen>
    <dimen name="dm870">598px</dimen>
    <dimen name="dm871">599px</dimen>
    <dimen name="dm872">600px</dimen>
    <dimen name="dm873">600px</dimen>
    <dimen name="dm874">601px</dimen>
    <dimen name="dm875">602px</dimen>
    <dimen name="dm876">602px</dimen>
    <dimen name="dm877">603px</dimen>
    <dimen name="dm878">604px</dimen>
    <dimen name="dm879">604px</dimen>
    <dimen name="dm880">605px</dimen>
    <dimen name="dm881">606px</dimen>
    <dimen name="dm882">606px</dimen>
    <dimen name="dm883">607px</dimen>
    <dimen name="dm884">608px</dimen>
    <dimen name="dm885">608px</dimen>
    <dimen name="dm886">609px</dimen>
    <dimen name="dm887">610px</dimen>
    <dimen name="dm888">611px</dimen>
    <dimen name="dm889">611px</dimen>
    <dimen name="dm890">612px</dimen>
    <dimen name="dm891">613px</dimen>
    <dimen name="dm892">613px</dimen>
    <dimen name="dm893">614px</dimen>
    <dimen name="dm894">615px</dimen>
    <dimen name="dm895">615px</dimen>
    <dimen name="dm896">616px</dimen>
    <dimen name="dm897">617px</dimen>
    <dimen name="dm898">617px</dimen>
    <dimen name="dm899">618px</dimen>
    <dimen name="dm900">619px</dimen>
    <dimen name="dm901">619px</dimen>
    <dimen name="dm902">620px</dimen>
    <dimen name="dm903">621px</dimen>
    <dimen name="dm904">622px</dimen>
    <dimen name="dm905">622px</dimen>
    <dimen name="dm906">623px</dimen>
    <dimen name="dm907">624px</dimen>
    <dimen name="dm908">624px</dimen>
    <dimen name="dm909">625px</dimen>
    <dimen name="dm910">626px</dimen>
    <dimen name="dm911">626px</dimen>
    <dimen name="dm912">627px</dimen>
    <dimen name="dm913">628px</dimen>
    <dimen name="dm914">628px</dimen>
    <dimen name="dm915">629px</dimen>
    <dimen name="dm916">630px</dimen>
    <dimen name="dm917">630px</dimen>
    <dimen name="dm918">631px</dimen>
    <dimen name="dm919">632px</dimen>
    <dimen name="dm920">633px</dimen>
    <dimen name="dm921">633px</dimen>
    <dimen name="dm922">634px</dimen>
    <dimen name="dm923">635px</dimen>
    <dimen name="dm924">635px</dimen>
    <dimen name="dm925">636px</dimen>
    <dimen name="dm926">637px</dimen>
    <dimen name="dm927">637px</dimen>
    <dimen name="dm928">638px</dimen>
    <dimen name="dm929">639px</dimen>
    <dimen name="dm930">639px</dimen>
    <dimen name="dm931">640px</dimen>
    <dimen name="dm932">641px</dimen>
    <dimen name="dm933">641px</dimen>
    <dimen name="dm934">642px</dimen>
    <dimen name="dm935">643px</dimen>
    <dimen name="dm936">644px</dimen>
    <dimen name="dm937">644px</dimen>
    <dimen name="dm938">645px</dimen>
    <dimen name="dm939">646px</dimen>
    <dimen name="dm940">646px</dimen>
    <dimen name="dm941">647px</dimen>
    <dimen name="dm942">648px</dimen>
    <dimen name="dm943">648px</dimen>
    <dimen name="dm944">649px</dimen>
    <dimen name="dm945">650px</dimen>
    <dimen name="dm946">650px</dimen>
    <dimen name="dm947">651px</dimen>
    <dimen name="dm948">652px</dimen>
    <dimen name="dm949">652px</dimen>
    <dimen name="dm950">653px</dimen>
    <dimen name="dm951">654px</dimen>
    <dimen name="dm952">655px</dimen>
    <dimen name="dm953">655px</dimen>
    <dimen name="dm954">656px</dimen>
    <dimen name="dm955">657px</dimen>
    <dimen name="dm956">657px</dimen>
    <dimen name="dm957">658px</dimen>
    <dimen name="dm958">659px</dimen>
    <dimen name="dm959">659px</dimen>
    <dimen name="dm960">660px</dimen>
    <dimen name="dm961">661px</dimen>
    <dimen name="dm962">661px</dimen>
    <dimen name="dm963">662px</dimen>
    <dimen name="dm964">663px</dimen>
    <dimen name="dm965">663px</dimen>
    <dimen name="dm966">664px</dimen>
    <dimen name="dm967">665px</dimen>
    <dimen name="dm968">666px</dimen>
    <dimen name="dm969">666px</dimen>
    <dimen name="dm970">667px</dimen>
    <dimen name="dm971">668px</dimen>
    <dimen name="dm972">668px</dimen>
    <dimen name="dm973">669px</dimen>
    <dimen name="dm974">670px</dimen>
    <dimen name="dm975">670px</dimen>
    <dimen name="dm976">671px</dimen>
    <dimen name="dm977">672px</dimen>
    <dimen name="dm978">672px</dimen>
    <dimen name="dm979">673px</dimen>
    <dimen name="dm980">674px</dimen>
    <dimen name="dm981">674px</dimen>
    <dimen name="dm982">675px</dimen>
    <dimen name="dm983">676px</dimen>
    <dimen name="dm984">677px</dimen>
    <dimen name="dm985">677px</dimen>
    <dimen name="dm986">678px</dimen>
    <dimen name="dm987">679px</dimen>
    <dimen name="dm988">679px</dimen>
    <dimen name="dm989">680px</dimen>
    <dimen name="dm990">681px</dimen>
    <dimen name="dm991">681px</dimen>
    <dimen name="dm992">682px</dimen>
    <dimen name="dm993">683px</dimen>
    <dimen name="dm994">683px</dimen>
    <dimen name="dm995">684px</dimen>
    <dimen name="dm996">685px</dimen>
    <dimen name="dm997">685px</dimen>
    <dimen name="dm998">686px</dimen>
    <dimen name="dm999">687px</dimen>

</resources>