<resources>

    <dimen name="dm_200">-639px</dimen>
    <dimen name="dm_199">-636px</dimen>
    <dimen name="dm_198">-633px</dimen>
    <dimen name="dm_197">-629px</dimen>
    <dimen name="dm_196">-626px</dimen>
    <dimen name="dm_195">-623px</dimen>
    <dimen name="dm_194">-620px</dimen>
    <dimen name="dm_193">-617px</dimen>
    <dimen name="dm_192">-613px</dimen>
    <dimen name="dm_191">-610px</dimen>
    <dimen name="dm_190">-607px</dimen>
    <dimen name="dm_189">-604px</dimen>
    <dimen name="dm_188">-601px</dimen>
    <dimen name="dm_187">-597px</dimen>
    <dimen name="dm_186">-594px</dimen>
    <dimen name="dm_185">-591px</dimen>
    <dimen name="dm_184">-588px</dimen>
    <dimen name="dm_183">-585px</dimen>
    <dimen name="dm_182">-581px</dimen>
    <dimen name="dm_181">-578px</dimen>
    <dimen name="dm_180">-575px</dimen>
    <dimen name="dm_179">-572px</dimen>
    <dimen name="dm_178">-569px</dimen>
    <dimen name="dm_177">-565px</dimen>
    <dimen name="dm_176">-562px</dimen>
    <dimen name="dm_175">-559px</dimen>
    <dimen name="dm_174">-556px</dimen>
    <dimen name="dm_173">-553px</dimen>
    <dimen name="dm_172">-549px</dimen>
    <dimen name="dm_171">-546px</dimen>
    <dimen name="dm_170">-543px</dimen>
    <dimen name="dm_169">-540px</dimen>
    <dimen name="dm_168">-537px</dimen>
    <dimen name="dm_167">-533px</dimen>
    <dimen name="dm_166">-530px</dimen>
    <dimen name="dm_165">-527px</dimen>
    <dimen name="dm_164">-524px</dimen>
    <dimen name="dm_163">-521px</dimen>
    <dimen name="dm_162">-517px</dimen>
    <dimen name="dm_161">-514px</dimen>
    <dimen name="dm_160">-511px</dimen>
    <dimen name="dm_159">-508px</dimen>
    <dimen name="dm_158">-505px</dimen>
    <dimen name="dm_157">-501px</dimen>
    <dimen name="dm_156">-498px</dimen>
    <dimen name="dm_155">-495px</dimen>
    <dimen name="dm_154">-492px</dimen>
    <dimen name="dm_153">-489px</dimen>
    <dimen name="dm_152">-485px</dimen>
    <dimen name="dm_151">-482px</dimen>
    <dimen name="dm_150">-479px</dimen>
    <dimen name="dm_149">-476px</dimen>
    <dimen name="dm_148">-473px</dimen>
    <dimen name="dm_147">-469px</dimen>
    <dimen name="dm_146">-466px</dimen>
    <dimen name="dm_145">-463px</dimen>
    <dimen name="dm_144">-460px</dimen>
    <dimen name="dm_143">-457px</dimen>
    <dimen name="dm_142">-453px</dimen>
    <dimen name="dm_141">-450px</dimen>
    <dimen name="dm_140">-447px</dimen>
    <dimen name="dm_139">-444px</dimen>
    <dimen name="dm_138">-441px</dimen>
    <dimen name="dm_137">-437px</dimen>
    <dimen name="dm_136">-434px</dimen>
    <dimen name="dm_135">-431px</dimen>
    <dimen name="dm_134">-428px</dimen>
    <dimen name="dm_133">-425px</dimen>
    <dimen name="dm_132">-421px</dimen>
    <dimen name="dm_131">-418px</dimen>
    <dimen name="dm_130">-415px</dimen>
    <dimen name="dm_129">-412px</dimen>
    <dimen name="dm_128">-409px</dimen>
    <dimen name="dm_127">-405px</dimen>
    <dimen name="dm_126">-402px</dimen>
    <dimen name="dm_125">-399px</dimen>
    <dimen name="dm_124">-396px</dimen>
    <dimen name="dm_123">-393px</dimen>
    <dimen name="dm_122">-389px</dimen>
    <dimen name="dm_121">-386px</dimen>
    <dimen name="dm_120">-383px</dimen>
    <dimen name="dm_119">-380px</dimen>
    <dimen name="dm_118">-377px</dimen>
    <dimen name="dm_117">-373px</dimen>
    <dimen name="dm_116">-370px</dimen>
    <dimen name="dm_115">-367px</dimen>
    <dimen name="dm_114">-364px</dimen>
    <dimen name="dm_113">-361px</dimen>
    <dimen name="dm_112">-357px</dimen>
    <dimen name="dm_111">-354px</dimen>
    <dimen name="dm_110">-351px</dimen>
    <dimen name="dm_109">-348px</dimen>
    <dimen name="dm_108">-345px</dimen>
    <dimen name="dm_107">-341px</dimen>
    <dimen name="dm_106">-338px</dimen>
    <dimen name="dm_105">-335px</dimen>
    <dimen name="dm_104">-332px</dimen>
    <dimen name="dm_103">-329px</dimen>
    <dimen name="dm_102">-325px</dimen>
    <dimen name="dm_101">-322px</dimen>
    <dimen name="dm_100">-319px</dimen>
    <dimen name="dm_099">-316px</dimen>
    <dimen name="dm_098">-313px</dimen>
    <dimen name="dm_097">-309px</dimen>
    <dimen name="dm_096">-306px</dimen>
    <dimen name="dm_095">-303px</dimen>
    <dimen name="dm_094">-300px</dimen>
    <dimen name="dm_093">-297px</dimen>
    <dimen name="dm_092">-293px</dimen>
    <dimen name="dm_091">-290px</dimen>
    <dimen name="dm_090">-287px</dimen>
    <dimen name="dm_089">-284px</dimen>
    <dimen name="dm_088">-281px</dimen>
    <dimen name="dm_087">-277px</dimen>
    <dimen name="dm_086">-274px</dimen>
    <dimen name="dm_085">-271px</dimen>
    <dimen name="dm_084">-268px</dimen>
    <dimen name="dm_083">-265px</dimen>
    <dimen name="dm_082">-261px</dimen>
    <dimen name="dm_081">-258px</dimen>
    <dimen name="dm_080">-255px</dimen>
    <dimen name="dm_079">-252px</dimen>
    <dimen name="dm_078">-249px</dimen>
    <dimen name="dm_077">-245px</dimen>
    <dimen name="dm_076">-242px</dimen>
    <dimen name="dm_075">-239px</dimen>
    <dimen name="dm_074">-236px</dimen>
    <dimen name="dm_073">-233px</dimen>
    <dimen name="dm_072">-229px</dimen>
    <dimen name="dm_071">-226px</dimen>
    <dimen name="dm_070">-223px</dimen>
    <dimen name="dm_069">-220px</dimen>
    <dimen name="dm_068">-217px</dimen>
    <dimen name="dm_067">-213px</dimen>
    <dimen name="dm_066">-210px</dimen>
    <dimen name="dm_065">-207px</dimen>
    <dimen name="dm_064">-204px</dimen>
    <dimen name="dm_063">-201px</dimen>
    <dimen name="dm_062">-197px</dimen>
    <dimen name="dm_061">-194px</dimen>
    <dimen name="dm_060">-191px</dimen>
    <dimen name="dm_059">-188px</dimen>
    <dimen name="dm_058">-185px</dimen>
    <dimen name="dm_057">-181px</dimen>
    <dimen name="dm_056">-178px</dimen>
    <dimen name="dm_055">-175px</dimen>
    <dimen name="dm_054">-172px</dimen>
    <dimen name="dm_053">-169px</dimen>
    <dimen name="dm_052">-165px</dimen>
    <dimen name="dm_051">-162px</dimen>
    <dimen name="dm_050">-159px</dimen>
    <dimen name="dm_049">-156px</dimen>
    <dimen name="dm_048">-153px</dimen>
    <dimen name="dm_047">-149px</dimen>
    <dimen name="dm_046">-146px</dimen>
    <dimen name="dm_045">-143px</dimen>
    <dimen name="dm_044">-140px</dimen>
    <dimen name="dm_043">-137px</dimen>
    <dimen name="dm_042">-133px</dimen>
    <dimen name="dm_041">-130px</dimen>
    <dimen name="dm_040">-127px</dimen>
    <dimen name="dm_039">-124px</dimen>
    <dimen name="dm_038">-121px</dimen>
    <dimen name="dm_037">-117px</dimen>
    <dimen name="dm_036">-114px</dimen>
    <dimen name="dm_035">-111px</dimen>
    <dimen name="dm_034">-108px</dimen>
    <dimen name="dm_033">-105px</dimen>
    <dimen name="dm_032">-101px</dimen>
    <dimen name="dm_031">-98px</dimen>
    <dimen name="dm_030">-95px</dimen>
    <dimen name="dm_029">-92px</dimen>
    <dimen name="dm_028">-89px</dimen>
    <dimen name="dm_027">-85px</dimen>
    <dimen name="dm_026">-82px</dimen>
    <dimen name="dm_025">-79px</dimen>
    <dimen name="dm_024">-76px</dimen>
    <dimen name="dm_023">-73px</dimen>
    <dimen name="dm_022">-69px</dimen>
    <dimen name="dm_021">-66px</dimen>
    <dimen name="dm_020">-63px</dimen>
    <dimen name="dm_019">-60px</dimen>
    <dimen name="dm_018">-57px</dimen>
    <dimen name="dm_017">-53px</dimen>
    <dimen name="dm_016">-50px</dimen>
    <dimen name="dm_015">-47px</dimen>
    <dimen name="dm_014">-44px</dimen>
    <dimen name="dm_013">-41px</dimen>
    <dimen name="dm_012">-37px</dimen>
    <dimen name="dm_011">-34px</dimen>
    <dimen name="dm_010">-31px</dimen>
    <dimen name="dm_009">-28px</dimen>
    <dimen name="dm_008">-25px</dimen>
    <dimen name="dm_007">-21px</dimen>
    <dimen name="dm_006">-18px</dimen>
    <dimen name="dm_005">-15px</dimen>
    <dimen name="dm_004">-12px</dimen>
    <dimen name="dm_003">-9px</dimen>
    <dimen name="dm_002">-5px</dimen>
    <dimen name="dm_001">-2px</dimen>
    <dimen name="dm000">0px</dimen>
    <dimen name="dm001">3px</dimen>
    <dimen name="dm002">6px</dimen>
    <dimen name="dm003">10px</dimen>
    <dimen name="dm004">13px</dimen>
    <dimen name="dm005">16px</dimen>
    <dimen name="dm006">19px</dimen>
    <dimen name="dm007">22px</dimen>
    <dimen name="dm008">26px</dimen>
    <dimen name="dm009">29px</dimen>
    <dimen name="dm010">32px</dimen>
    <dimen name="dm011">35px</dimen>
    <dimen name="dm012">38px</dimen>
    <dimen name="dm013">42px</dimen>
    <dimen name="dm014">45px</dimen>
    <dimen name="dm015">48px</dimen>
    <dimen name="dm016">51px</dimen>
    <dimen name="dm017">54px</dimen>
    <dimen name="dm018">58px</dimen>
    <dimen name="dm019">61px</dimen>
    <dimen name="dm020">64px</dimen>
    <dimen name="dm021">67px</dimen>
    <dimen name="dm022">70px</dimen>
    <dimen name="dm023">74px</dimen>
    <dimen name="dm024">77px</dimen>
    <dimen name="dm025">80px</dimen>
    <dimen name="dm026">83px</dimen>
    <dimen name="dm027">86px</dimen>
    <dimen name="dm028">90px</dimen>
    <dimen name="dm029">93px</dimen>
    <dimen name="dm030">96px</dimen>
    <dimen name="dm031">99px</dimen>
    <dimen name="dm032">102px</dimen>
    <dimen name="dm033">106px</dimen>
    <dimen name="dm034">109px</dimen>
    <dimen name="dm035">112px</dimen>
    <dimen name="dm036">115px</dimen>
    <dimen name="dm037">118px</dimen>
    <dimen name="dm038">122px</dimen>
    <dimen name="dm039">125px</dimen>
    <dimen name="dm040">128px</dimen>
    <dimen name="dm041">131px</dimen>
    <dimen name="dm042">134px</dimen>
    <dimen name="dm043">138px</dimen>
    <dimen name="dm044">141px</dimen>
    <dimen name="dm045">144px</dimen>
    <dimen name="dm046">147px</dimen>
    <dimen name="dm047">150px</dimen>
    <dimen name="dm048">154px</dimen>
    <dimen name="dm049">157px</dimen>
    <dimen name="dm050">160px</dimen>
    <dimen name="dm051">163px</dimen>
    <dimen name="dm052">166px</dimen>
    <dimen name="dm053">170px</dimen>
    <dimen name="dm054">173px</dimen>
    <dimen name="dm055">176px</dimen>
    <dimen name="dm056">179px</dimen>
    <dimen name="dm057">182px</dimen>
    <dimen name="dm058">186px</dimen>
    <dimen name="dm059">189px</dimen>
    <dimen name="dm060">192px</dimen>
    <dimen name="dm061">195px</dimen>
    <dimen name="dm062">198px</dimen>
    <dimen name="dm063">202px</dimen>
    <dimen name="dm064">205px</dimen>
    <dimen name="dm065">208px</dimen>
    <dimen name="dm066">211px</dimen>
    <dimen name="dm067">214px</dimen>
    <dimen name="dm068">218px</dimen>
    <dimen name="dm069">221px</dimen>
    <dimen name="dm070">224px</dimen>
    <dimen name="dm071">227px</dimen>
    <dimen name="dm072">230px</dimen>
    <dimen name="dm073">234px</dimen>
    <dimen name="dm074">237px</dimen>
    <dimen name="dm075">240px</dimen>
    <dimen name="dm076">243px</dimen>
    <dimen name="dm077">246px</dimen>
    <dimen name="dm078">250px</dimen>
    <dimen name="dm079">253px</dimen>
    <dimen name="dm080">256px</dimen>
    <dimen name="dm081">259px</dimen>
    <dimen name="dm082">262px</dimen>
    <dimen name="dm083">266px</dimen>
    <dimen name="dm084">269px</dimen>
    <dimen name="dm085">272px</dimen>
    <dimen name="dm086">275px</dimen>
    <dimen name="dm087">278px</dimen>
    <dimen name="dm088">282px</dimen>
    <dimen name="dm089">285px</dimen>
    <dimen name="dm090">288px</dimen>
    <dimen name="dm091">291px</dimen>
    <dimen name="dm092">294px</dimen>
    <dimen name="dm093">298px</dimen>
    <dimen name="dm094">301px</dimen>
    <dimen name="dm095">304px</dimen>
    <dimen name="dm096">307px</dimen>
    <dimen name="dm097">310px</dimen>
    <dimen name="dm098">314px</dimen>
    <dimen name="dm099">317px</dimen>
    <dimen name="dm100">320px</dimen>
    <dimen name="dm101">323px</dimen>
    <dimen name="dm102">326px</dimen>
    <dimen name="dm103">330px</dimen>
    <dimen name="dm104">333px</dimen>
    <dimen name="dm105">336px</dimen>
    <dimen name="dm106">339px</dimen>
    <dimen name="dm107">342px</dimen>
    <dimen name="dm108">346px</dimen>
    <dimen name="dm109">349px</dimen>
    <dimen name="dm110">352px</dimen>
    <dimen name="dm111">355px</dimen>
    <dimen name="dm112">358px</dimen>
    <dimen name="dm113">362px</dimen>
    <dimen name="dm114">365px</dimen>
    <dimen name="dm115">368px</dimen>
    <dimen name="dm116">371px</dimen>
    <dimen name="dm117">374px</dimen>
    <dimen name="dm118">378px</dimen>
    <dimen name="dm119">381px</dimen>
    <dimen name="dm120">384px</dimen>
    <dimen name="dm121">387px</dimen>
    <dimen name="dm122">390px</dimen>
    <dimen name="dm123">394px</dimen>
    <dimen name="dm124">397px</dimen>
    <dimen name="dm125">400px</dimen>
    <dimen name="dm126">403px</dimen>
    <dimen name="dm127">406px</dimen>
    <dimen name="dm128">410px</dimen>
    <dimen name="dm129">413px</dimen>
    <dimen name="dm130">416px</dimen>
    <dimen name="dm131">419px</dimen>
    <dimen name="dm132">422px</dimen>
    <dimen name="dm133">426px</dimen>
    <dimen name="dm134">429px</dimen>
    <dimen name="dm135">432px</dimen>
    <dimen name="dm136">435px</dimen>
    <dimen name="dm137">438px</dimen>
    <dimen name="dm138">442px</dimen>
    <dimen name="dm139">445px</dimen>
    <dimen name="dm140">448px</dimen>
    <dimen name="dm141">451px</dimen>
    <dimen name="dm142">454px</dimen>
    <dimen name="dm143">458px</dimen>
    <dimen name="dm144">461px</dimen>
    <dimen name="dm145">464px</dimen>
    <dimen name="dm146">467px</dimen>
    <dimen name="dm147">470px</dimen>
    <dimen name="dm148">474px</dimen>
    <dimen name="dm149">477px</dimen>
    <dimen name="dm150">480px</dimen>
    <dimen name="dm151">483px</dimen>
    <dimen name="dm152">486px</dimen>
    <dimen name="dm153">490px</dimen>
    <dimen name="dm154">493px</dimen>
    <dimen name="dm155">496px</dimen>
    <dimen name="dm156">499px</dimen>
    <dimen name="dm157">502px</dimen>
    <dimen name="dm158">506px</dimen>
    <dimen name="dm159">509px</dimen>
    <dimen name="dm160">512px</dimen>
    <dimen name="dm161">515px</dimen>
    <dimen name="dm162">518px</dimen>
    <dimen name="dm163">522px</dimen>
    <dimen name="dm164">525px</dimen>
    <dimen name="dm165">528px</dimen>
    <dimen name="dm166">531px</dimen>
    <dimen name="dm167">534px</dimen>
    <dimen name="dm168">538px</dimen>
    <dimen name="dm169">541px</dimen>
    <dimen name="dm170">544px</dimen>
    <dimen name="dm171">547px</dimen>
    <dimen name="dm172">550px</dimen>
    <dimen name="dm173">554px</dimen>
    <dimen name="dm174">557px</dimen>
    <dimen name="dm175">560px</dimen>
    <dimen name="dm176">563px</dimen>
    <dimen name="dm177">566px</dimen>
    <dimen name="dm178">570px</dimen>
    <dimen name="dm179">573px</dimen>
    <dimen name="dm180">576px</dimen>
    <dimen name="dm181">579px</dimen>
    <dimen name="dm182">582px</dimen>
    <dimen name="dm183">586px</dimen>
    <dimen name="dm184">589px</dimen>
    <dimen name="dm185">592px</dimen>
    <dimen name="dm186">595px</dimen>
    <dimen name="dm187">598px</dimen>
    <dimen name="dm188">602px</dimen>
    <dimen name="dm189">605px</dimen>
    <dimen name="dm190">608px</dimen>
    <dimen name="dm191">611px</dimen>
    <dimen name="dm192">614px</dimen>
    <dimen name="dm193">618px</dimen>
    <dimen name="dm194">621px</dimen>
    <dimen name="dm195">624px</dimen>
    <dimen name="dm196">627px</dimen>
    <dimen name="dm197">630px</dimen>
    <dimen name="dm198">634px</dimen>
    <dimen name="dm199">637px</dimen>
    <dimen name="dm200">640px</dimen>
    <dimen name="dm201">643px</dimen>
    <dimen name="dm202">646px</dimen>
    <dimen name="dm203">650px</dimen>
    <dimen name="dm204">653px</dimen>
    <dimen name="dm205">656px</dimen>
    <dimen name="dm206">659px</dimen>
    <dimen name="dm207">662px</dimen>
    <dimen name="dm208">666px</dimen>
    <dimen name="dm209">669px</dimen>
    <dimen name="dm210">672px</dimen>
    <dimen name="dm211">675px</dimen>
    <dimen name="dm212">678px</dimen>
    <dimen name="dm213">682px</dimen>
    <dimen name="dm214">685px</dimen>
    <dimen name="dm215">688px</dimen>
    <dimen name="dm216">691px</dimen>
    <dimen name="dm217">694px</dimen>
    <dimen name="dm218">698px</dimen>
    <dimen name="dm219">701px</dimen>
    <dimen name="dm220">704px</dimen>
    <dimen name="dm221">707px</dimen>
    <dimen name="dm222">710px</dimen>
    <dimen name="dm223">714px</dimen>
    <dimen name="dm224">717px</dimen>
    <dimen name="dm225">720px</dimen>
    <dimen name="dm226">723px</dimen>
    <dimen name="dm227">726px</dimen>
    <dimen name="dm228">730px</dimen>
    <dimen name="dm229">733px</dimen>
    <dimen name="dm230">736px</dimen>
    <dimen name="dm231">739px</dimen>
    <dimen name="dm232">742px</dimen>
    <dimen name="dm233">746px</dimen>
    <dimen name="dm234">749px</dimen>
    <dimen name="dm235">752px</dimen>
    <dimen name="dm236">755px</dimen>
    <dimen name="dm237">758px</dimen>
    <dimen name="dm238">762px</dimen>
    <dimen name="dm239">765px</dimen>
    <dimen name="dm240">768px</dimen>
    <dimen name="dm241">771px</dimen>
    <dimen name="dm242">774px</dimen>
    <dimen name="dm243">778px</dimen>
    <dimen name="dm244">781px</dimen>
    <dimen name="dm245">784px</dimen>
    <dimen name="dm246">787px</dimen>
    <dimen name="dm247">790px</dimen>
    <dimen name="dm248">794px</dimen>
    <dimen name="dm249">797px</dimen>
    <dimen name="dm250">800px</dimen>
    <dimen name="dm251">803px</dimen>
    <dimen name="dm252">806px</dimen>
    <dimen name="dm253">810px</dimen>
    <dimen name="dm254">813px</dimen>
    <dimen name="dm255">816px</dimen>
    <dimen name="dm256">819px</dimen>
    <dimen name="dm257">822px</dimen>
    <dimen name="dm258">826px</dimen>
    <dimen name="dm259">829px</dimen>
    <dimen name="dm260">832px</dimen>
    <dimen name="dm261">835px</dimen>
    <dimen name="dm262">838px</dimen>
    <dimen name="dm263">842px</dimen>
    <dimen name="dm264">845px</dimen>
    <dimen name="dm265">848px</dimen>
    <dimen name="dm266">851px</dimen>
    <dimen name="dm267">854px</dimen>
    <dimen name="dm268">858px</dimen>
    <dimen name="dm269">861px</dimen>
    <dimen name="dm270">864px</dimen>
    <dimen name="dm271">867px</dimen>
    <dimen name="dm272">870px</dimen>
    <dimen name="dm273">874px</dimen>
    <dimen name="dm274">877px</dimen>
    <dimen name="dm275">880px</dimen>
    <dimen name="dm276">883px</dimen>
    <dimen name="dm277">886px</dimen>
    <dimen name="dm278">890px</dimen>
    <dimen name="dm279">893px</dimen>
    <dimen name="dm280">896px</dimen>
    <dimen name="dm281">899px</dimen>
    <dimen name="dm282">902px</dimen>
    <dimen name="dm283">906px</dimen>
    <dimen name="dm284">909px</dimen>
    <dimen name="dm285">912px</dimen>
    <dimen name="dm286">915px</dimen>
    <dimen name="dm287">918px</dimen>
    <dimen name="dm288">922px</dimen>
    <dimen name="dm289">925px</dimen>
    <dimen name="dm290">928px</dimen>
    <dimen name="dm291">931px</dimen>
    <dimen name="dm292">934px</dimen>
    <dimen name="dm293">938px</dimen>
    <dimen name="dm294">941px</dimen>
    <dimen name="dm295">944px</dimen>
    <dimen name="dm296">947px</dimen>
    <dimen name="dm297">950px</dimen>
    <dimen name="dm298">954px</dimen>
    <dimen name="dm299">957px</dimen>
    <dimen name="dm300">960px</dimen>
    <dimen name="dm301">963px</dimen>
    <dimen name="dm302">966px</dimen>
    <dimen name="dm303">970px</dimen>
    <dimen name="dm304">973px</dimen>
    <dimen name="dm305">976px</dimen>
    <dimen name="dm306">979px</dimen>
    <dimen name="dm307">982px</dimen>
    <dimen name="dm308">986px</dimen>
    <dimen name="dm309">989px</dimen>
    <dimen name="dm310">992px</dimen>
    <dimen name="dm311">995px</dimen>
    <dimen name="dm312">998px</dimen>
    <dimen name="dm313">1002px</dimen>
    <dimen name="dm314">1005px</dimen>
    <dimen name="dm315">1008px</dimen>
    <dimen name="dm316">1011px</dimen>
    <dimen name="dm317">1014px</dimen>
    <dimen name="dm318">1018px</dimen>
    <dimen name="dm319">1021px</dimen>
    <dimen name="dm320">1024px</dimen>
    <dimen name="dm321">1027px</dimen>
    <dimen name="dm322">1030px</dimen>
    <dimen name="dm323">1034px</dimen>
    <dimen name="dm324">1037px</dimen>
    <dimen name="dm325">1040px</dimen>
    <dimen name="dm326">1043px</dimen>
    <dimen name="dm327">1046px</dimen>
    <dimen name="dm328">1050px</dimen>
    <dimen name="dm329">1053px</dimen>
    <dimen name="dm330">1056px</dimen>
    <dimen name="dm331">1059px</dimen>
    <dimen name="dm332">1062px</dimen>
    <dimen name="dm333">1066px</dimen>
    <dimen name="dm334">1069px</dimen>
    <dimen name="dm335">1072px</dimen>
    <dimen name="dm336">1075px</dimen>
    <dimen name="dm337">1078px</dimen>
    <dimen name="dm338">1082px</dimen>
    <dimen name="dm339">1085px</dimen>
    <dimen name="dm340">1088px</dimen>
    <dimen name="dm341">1091px</dimen>
    <dimen name="dm342">1094px</dimen>
    <dimen name="dm343">1098px</dimen>
    <dimen name="dm344">1101px</dimen>
    <dimen name="dm345">1104px</dimen>
    <dimen name="dm346">1107px</dimen>
    <dimen name="dm347">1110px</dimen>
    <dimen name="dm348">1114px</dimen>
    <dimen name="dm349">1117px</dimen>
    <dimen name="dm350">1120px</dimen>
    <dimen name="dm351">1123px</dimen>
    <dimen name="dm352">1126px</dimen>
    <dimen name="dm353">1130px</dimen>
    <dimen name="dm354">1133px</dimen>
    <dimen name="dm355">1136px</dimen>
    <dimen name="dm356">1139px</dimen>
    <dimen name="dm357">1142px</dimen>
    <dimen name="dm358">1146px</dimen>
    <dimen name="dm359">1149px</dimen>
    <dimen name="dm360">1152px</dimen>
    <dimen name="dm361">1155px</dimen>
    <dimen name="dm362">1158px</dimen>
    <dimen name="dm363">1162px</dimen>
    <dimen name="dm364">1165px</dimen>
    <dimen name="dm365">1168px</dimen>
    <dimen name="dm366">1171px</dimen>
    <dimen name="dm367">1174px</dimen>
    <dimen name="dm368">1178px</dimen>
    <dimen name="dm369">1181px</dimen>
    <dimen name="dm370">1184px</dimen>
    <dimen name="dm371">1187px</dimen>
    <dimen name="dm372">1190px</dimen>
    <dimen name="dm373">1194px</dimen>
    <dimen name="dm374">1197px</dimen>
    <dimen name="dm375">1200px</dimen>
    <dimen name="dm376">1203px</dimen>
    <dimen name="dm377">1206px</dimen>
    <dimen name="dm378">1210px</dimen>
    <dimen name="dm379">1213px</dimen>
    <dimen name="dm380">1216px</dimen>
    <dimen name="dm381">1219px</dimen>
    <dimen name="dm382">1222px</dimen>
    <dimen name="dm383">1226px</dimen>
    <dimen name="dm384">1229px</dimen>
    <dimen name="dm385">1232px</dimen>
    <dimen name="dm386">1235px</dimen>
    <dimen name="dm387">1238px</dimen>
    <dimen name="dm388">1242px</dimen>
    <dimen name="dm389">1245px</dimen>
    <dimen name="dm390">1248px</dimen>
    <dimen name="dm391">1251px</dimen>
    <dimen name="dm392">1254px</dimen>
    <dimen name="dm393">1258px</dimen>
    <dimen name="dm394">1261px</dimen>
    <dimen name="dm395">1264px</dimen>
    <dimen name="dm396">1267px</dimen>
    <dimen name="dm397">1270px</dimen>
    <dimen name="dm398">1274px</dimen>
    <dimen name="dm399">1277px</dimen>
    <dimen name="dm400">1280px</dimen>
    <dimen name="dm401">1283px</dimen>
    <dimen name="dm402">1286px</dimen>
    <dimen name="dm403">1290px</dimen>
    <dimen name="dm404">1293px</dimen>
    <dimen name="dm405">1296px</dimen>
    <dimen name="dm406">1299px</dimen>
    <dimen name="dm407">1302px</dimen>
    <dimen name="dm408">1306px</dimen>
    <dimen name="dm409">1309px</dimen>
    <dimen name="dm410">1312px</dimen>
    <dimen name="dm411">1315px</dimen>
    <dimen name="dm412">1318px</dimen>
    <dimen name="dm413">1322px</dimen>
    <dimen name="dm414">1325px</dimen>
    <dimen name="dm415">1328px</dimen>
    <dimen name="dm416">1331px</dimen>
    <dimen name="dm417">1334px</dimen>
    <dimen name="dm418">1338px</dimen>
    <dimen name="dm419">1341px</dimen>
    <dimen name="dm420">1344px</dimen>
    <dimen name="dm421">1347px</dimen>
    <dimen name="dm422">1350px</dimen>
    <dimen name="dm423">1354px</dimen>
    <dimen name="dm424">1357px</dimen>
    <dimen name="dm425">1360px</dimen>
    <dimen name="dm426">1363px</dimen>
    <dimen name="dm427">1366px</dimen>
    <dimen name="dm428">1370px</dimen>
    <dimen name="dm429">1373px</dimen>
    <dimen name="dm430">1376px</dimen>
    <dimen name="dm431">1379px</dimen>
    <dimen name="dm432">1382px</dimen>
    <dimen name="dm433">1386px</dimen>
    <dimen name="dm434">1389px</dimen>
    <dimen name="dm435">1392px</dimen>
    <dimen name="dm436">1395px</dimen>
    <dimen name="dm437">1398px</dimen>
    <dimen name="dm438">1402px</dimen>
    <dimen name="dm439">1405px</dimen>
    <dimen name="dm440">1408px</dimen>
    <dimen name="dm441">1411px</dimen>
    <dimen name="dm442">1414px</dimen>
    <dimen name="dm443">1418px</dimen>
    <dimen name="dm444">1421px</dimen>
    <dimen name="dm445">1424px</dimen>
    <dimen name="dm446">1427px</dimen>
    <dimen name="dm447">1430px</dimen>
    <dimen name="dm448">1434px</dimen>
    <dimen name="dm449">1437px</dimen>
    <dimen name="dm450">1440px</dimen>
    <dimen name="dm451">1443px</dimen>
    <dimen name="dm452">1446px</dimen>
    <dimen name="dm453">1450px</dimen>
    <dimen name="dm454">1453px</dimen>
    <dimen name="dm455">1456px</dimen>
    <dimen name="dm456">1459px</dimen>
    <dimen name="dm457">1462px</dimen>
    <dimen name="dm458">1466px</dimen>
    <dimen name="dm459">1469px</dimen>
    <dimen name="dm460">1472px</dimen>
    <dimen name="dm461">1475px</dimen>
    <dimen name="dm462">1478px</dimen>
    <dimen name="dm463">1482px</dimen>
    <dimen name="dm464">1485px</dimen>
    <dimen name="dm465">1488px</dimen>
    <dimen name="dm466">1491px</dimen>
    <dimen name="dm467">1494px</dimen>
    <dimen name="dm468">1498px</dimen>
    <dimen name="dm469">1501px</dimen>
    <dimen name="dm470">1504px</dimen>
    <dimen name="dm471">1507px</dimen>
    <dimen name="dm472">1510px</dimen>
    <dimen name="dm473">1514px</dimen>
    <dimen name="dm474">1517px</dimen>
    <dimen name="dm475">1520px</dimen>
    <dimen name="dm476">1523px</dimen>
    <dimen name="dm477">1526px</dimen>
    <dimen name="dm478">1530px</dimen>
    <dimen name="dm479">1533px</dimen>
    <dimen name="dm480">1536px</dimen>
    <dimen name="dm481">1539px</dimen>
    <dimen name="dm482">1542px</dimen>
    <dimen name="dm483">1546px</dimen>
    <dimen name="dm484">1549px</dimen>
    <dimen name="dm485">1552px</dimen>
    <dimen name="dm486">1555px</dimen>
    <dimen name="dm487">1558px</dimen>
    <dimen name="dm488">1562px</dimen>
    <dimen name="dm489">1565px</dimen>
    <dimen name="dm490">1568px</dimen>
    <dimen name="dm491">1571px</dimen>
    <dimen name="dm492">1574px</dimen>
    <dimen name="dm493">1578px</dimen>
    <dimen name="dm494">1581px</dimen>
    <dimen name="dm495">1584px</dimen>
    <dimen name="dm496">1587px</dimen>
    <dimen name="dm497">1590px</dimen>
    <dimen name="dm498">1594px</dimen>
    <dimen name="dm499">1597px</dimen>
    <dimen name="dm500">1600px</dimen>
    <dimen name="dm501">1603px</dimen>
    <dimen name="dm502">1606px</dimen>
    <dimen name="dm503">1610px</dimen>
    <dimen name="dm504">1613px</dimen>
    <dimen name="dm505">1616px</dimen>
    <dimen name="dm506">1619px</dimen>
    <dimen name="dm507">1622px</dimen>
    <dimen name="dm508">1626px</dimen>
    <dimen name="dm509">1629px</dimen>
    <dimen name="dm510">1632px</dimen>
    <dimen name="dm511">1635px</dimen>
    <dimen name="dm512">1638px</dimen>
    <dimen name="dm513">1642px</dimen>
    <dimen name="dm514">1645px</dimen>
    <dimen name="dm515">1648px</dimen>
    <dimen name="dm516">1651px</dimen>
    <dimen name="dm517">1654px</dimen>
    <dimen name="dm518">1658px</dimen>
    <dimen name="dm519">1661px</dimen>
    <dimen name="dm520">1664px</dimen>
    <dimen name="dm521">1667px</dimen>
    <dimen name="dm522">1670px</dimen>
    <dimen name="dm523">1674px</dimen>
    <dimen name="dm524">1677px</dimen>
    <dimen name="dm525">1680px</dimen>
    <dimen name="dm526">1683px</dimen>
    <dimen name="dm527">1686px</dimen>
    <dimen name="dm528">1690px</dimen>
    <dimen name="dm529">1693px</dimen>
    <dimen name="dm530">1696px</dimen>
    <dimen name="dm531">1699px</dimen>
    <dimen name="dm532">1702px</dimen>
    <dimen name="dm533">1706px</dimen>
    <dimen name="dm534">1709px</dimen>
    <dimen name="dm535">1712px</dimen>
    <dimen name="dm536">1715px</dimen>
    <dimen name="dm537">1718px</dimen>
    <dimen name="dm538">1722px</dimen>
    <dimen name="dm539">1725px</dimen>
    <dimen name="dm540">1728px</dimen>
    <dimen name="dm541">1731px</dimen>
    <dimen name="dm542">1734px</dimen>
    <dimen name="dm543">1738px</dimen>
    <dimen name="dm544">1741px</dimen>
    <dimen name="dm545">1744px</dimen>
    <dimen name="dm546">1747px</dimen>
    <dimen name="dm547">1750px</dimen>
    <dimen name="dm548">1754px</dimen>
    <dimen name="dm549">1757px</dimen>
    <dimen name="dm550">1760px</dimen>
    <dimen name="dm551">1763px</dimen>
    <dimen name="dm552">1766px</dimen>
    <dimen name="dm553">1770px</dimen>
    <dimen name="dm554">1773px</dimen>
    <dimen name="dm555">1776px</dimen>
    <dimen name="dm556">1779px</dimen>
    <dimen name="dm557">1782px</dimen>
    <dimen name="dm558">1786px</dimen>
    <dimen name="dm559">1789px</dimen>
    <dimen name="dm560">1792px</dimen>
    <dimen name="dm561">1795px</dimen>
    <dimen name="dm562">1798px</dimen>
    <dimen name="dm563">1802px</dimen>
    <dimen name="dm564">1805px</dimen>
    <dimen name="dm565">1808px</dimen>
    <dimen name="dm566">1811px</dimen>
    <dimen name="dm567">1814px</dimen>
    <dimen name="dm568">1818px</dimen>
    <dimen name="dm569">1821px</dimen>
    <dimen name="dm570">1824px</dimen>
    <dimen name="dm571">1827px</dimen>
    <dimen name="dm572">1830px</dimen>
    <dimen name="dm573">1834px</dimen>
    <dimen name="dm574">1837px</dimen>
    <dimen name="dm575">1840px</dimen>
    <dimen name="dm576">1843px</dimen>
    <dimen name="dm577">1846px</dimen>
    <dimen name="dm578">1850px</dimen>
    <dimen name="dm579">1853px</dimen>
    <dimen name="dm580">1856px</dimen>
    <dimen name="dm581">1859px</dimen>
    <dimen name="dm582">1862px</dimen>
    <dimen name="dm583">1866px</dimen>
    <dimen name="dm584">1869px</dimen>
    <dimen name="dm585">1872px</dimen>
    <dimen name="dm586">1875px</dimen>
    <dimen name="dm587">1878px</dimen>
    <dimen name="dm588">1882px</dimen>
    <dimen name="dm589">1885px</dimen>
    <dimen name="dm590">1888px</dimen>
    <dimen name="dm591">1891px</dimen>
    <dimen name="dm592">1894px</dimen>
    <dimen name="dm593">1898px</dimen>
    <dimen name="dm594">1901px</dimen>
    <dimen name="dm595">1904px</dimen>
    <dimen name="dm596">1907px</dimen>
    <dimen name="dm597">1910px</dimen>
    <dimen name="dm598">1914px</dimen>
    <dimen name="dm599">1917px</dimen>
    <dimen name="dm600">1920px</dimen>
    <dimen name="dm601">1923px</dimen>
    <dimen name="dm602">1926px</dimen>
    <dimen name="dm603">1930px</dimen>
    <dimen name="dm604">1933px</dimen>
    <dimen name="dm605">1936px</dimen>
    <dimen name="dm606">1939px</dimen>
    <dimen name="dm607">1942px</dimen>
    <dimen name="dm608">1946px</dimen>
    <dimen name="dm609">1949px</dimen>
    <dimen name="dm610">1952px</dimen>
    <dimen name="dm611">1955px</dimen>
    <dimen name="dm612">1958px</dimen>
    <dimen name="dm613">1962px</dimen>
    <dimen name="dm614">1965px</dimen>
    <dimen name="dm615">1968px</dimen>
    <dimen name="dm616">1971px</dimen>
    <dimen name="dm617">1974px</dimen>
    <dimen name="dm618">1978px</dimen>
    <dimen name="dm619">1981px</dimen>
    <dimen name="dm620">1984px</dimen>
    <dimen name="dm621">1987px</dimen>
    <dimen name="dm622">1990px</dimen>
    <dimen name="dm623">1994px</dimen>
    <dimen name="dm624">1997px</dimen>
    <dimen name="dm625">2000px</dimen>
    <dimen name="dm626">2003px</dimen>
    <dimen name="dm627">2006px</dimen>
    <dimen name="dm628">2010px</dimen>
    <dimen name="dm629">2013px</dimen>
    <dimen name="dm630">2016px</dimen>
    <dimen name="dm631">2019px</dimen>
    <dimen name="dm632">2022px</dimen>
    <dimen name="dm633">2026px</dimen>
    <dimen name="dm634">2029px</dimen>
    <dimen name="dm635">2032px</dimen>
    <dimen name="dm636">2035px</dimen>
    <dimen name="dm637">2038px</dimen>
    <dimen name="dm638">2042px</dimen>
    <dimen name="dm639">2045px</dimen>
    <dimen name="dm640">2048px</dimen>
    <dimen name="dm641">2051px</dimen>
    <dimen name="dm642">2054px</dimen>
    <dimen name="dm643">2058px</dimen>
    <dimen name="dm644">2061px</dimen>
    <dimen name="dm645">2064px</dimen>
    <dimen name="dm646">2067px</dimen>
    <dimen name="dm647">2070px</dimen>
    <dimen name="dm648">2074px</dimen>
    <dimen name="dm649">2077px</dimen>
    <dimen name="dm650">2080px</dimen>
    <dimen name="dm651">2083px</dimen>
    <dimen name="dm652">2086px</dimen>
    <dimen name="dm653">2090px</dimen>
    <dimen name="dm654">2093px</dimen>
    <dimen name="dm655">2096px</dimen>
    <dimen name="dm656">2099px</dimen>
    <dimen name="dm657">2102px</dimen>
    <dimen name="dm658">2106px</dimen>
    <dimen name="dm659">2109px</dimen>
    <dimen name="dm660">2112px</dimen>
    <dimen name="dm661">2115px</dimen>
    <dimen name="dm662">2118px</dimen>
    <dimen name="dm663">2122px</dimen>
    <dimen name="dm664">2125px</dimen>
    <dimen name="dm665">2128px</dimen>
    <dimen name="dm666">2131px</dimen>
    <dimen name="dm667">2134px</dimen>
    <dimen name="dm668">2138px</dimen>
    <dimen name="dm669">2141px</dimen>
    <dimen name="dm670">2144px</dimen>
    <dimen name="dm671">2147px</dimen>
    <dimen name="dm672">2150px</dimen>
    <dimen name="dm673">2154px</dimen>
    <dimen name="dm674">2157px</dimen>
    <dimen name="dm675">2160px</dimen>
    <dimen name="dm676">2163px</dimen>
    <dimen name="dm677">2166px</dimen>
    <dimen name="dm678">2170px</dimen>
    <dimen name="dm679">2173px</dimen>
    <dimen name="dm680">2176px</dimen>
    <dimen name="dm681">2179px</dimen>
    <dimen name="dm682">2182px</dimen>
    <dimen name="dm683">2186px</dimen>
    <dimen name="dm684">2189px</dimen>
    <dimen name="dm685">2192px</dimen>
    <dimen name="dm686">2195px</dimen>
    <dimen name="dm687">2198px</dimen>
    <dimen name="dm688">2202px</dimen>
    <dimen name="dm689">2205px</dimen>
    <dimen name="dm690">2208px</dimen>
    <dimen name="dm691">2211px</dimen>
    <dimen name="dm692">2214px</dimen>
    <dimen name="dm693">2218px</dimen>
    <dimen name="dm694">2221px</dimen>
    <dimen name="dm695">2224px</dimen>
    <dimen name="dm696">2227px</dimen>
    <dimen name="dm697">2230px</dimen>
    <dimen name="dm698">2234px</dimen>
    <dimen name="dm699">2237px</dimen>
    <dimen name="dm700">2240px</dimen>
    <dimen name="dm701">2243px</dimen>
    <dimen name="dm702">2246px</dimen>
    <dimen name="dm703">2250px</dimen>
    <dimen name="dm704">2253px</dimen>
    <dimen name="dm705">2256px</dimen>
    <dimen name="dm706">2259px</dimen>
    <dimen name="dm707">2262px</dimen>
    <dimen name="dm708">2266px</dimen>
    <dimen name="dm709">2269px</dimen>
    <dimen name="dm710">2272px</dimen>
    <dimen name="dm711">2275px</dimen>
    <dimen name="dm712">2278px</dimen>
    <dimen name="dm713">2282px</dimen>
    <dimen name="dm714">2285px</dimen>
    <dimen name="dm715">2288px</dimen>
    <dimen name="dm716">2291px</dimen>
    <dimen name="dm717">2294px</dimen>
    <dimen name="dm718">2298px</dimen>
    <dimen name="dm719">2301px</dimen>
    <dimen name="dm720">2304px</dimen>
    <dimen name="dm721">2307px</dimen>
    <dimen name="dm722">2310px</dimen>
    <dimen name="dm723">2314px</dimen>
    <dimen name="dm724">2317px</dimen>
    <dimen name="dm725">2320px</dimen>
    <dimen name="dm726">2323px</dimen>
    <dimen name="dm727">2326px</dimen>
    <dimen name="dm728">2330px</dimen>
    <dimen name="dm729">2333px</dimen>
    <dimen name="dm730">2336px</dimen>
    <dimen name="dm731">2339px</dimen>
    <dimen name="dm732">2342px</dimen>
    <dimen name="dm733">2346px</dimen>
    <dimen name="dm734">2349px</dimen>
    <dimen name="dm735">2352px</dimen>
    <dimen name="dm736">2355px</dimen>
    <dimen name="dm737">2358px</dimen>
    <dimen name="dm738">2362px</dimen>
    <dimen name="dm739">2365px</dimen>
    <dimen name="dm740">2368px</dimen>
    <dimen name="dm741">2371px</dimen>
    <dimen name="dm742">2374px</dimen>
    <dimen name="dm743">2378px</dimen>
    <dimen name="dm744">2381px</dimen>
    <dimen name="dm745">2384px</dimen>
    <dimen name="dm746">2387px</dimen>
    <dimen name="dm747">2390px</dimen>
    <dimen name="dm748">2394px</dimen>
    <dimen name="dm749">2397px</dimen>
    <dimen name="dm750">2400px</dimen>
    <dimen name="dm751">2403px</dimen>
    <dimen name="dm752">2406px</dimen>
    <dimen name="dm753">2410px</dimen>
    <dimen name="dm754">2413px</dimen>
    <dimen name="dm755">2416px</dimen>
    <dimen name="dm756">2419px</dimen>
    <dimen name="dm757">2422px</dimen>
    <dimen name="dm758">2426px</dimen>
    <dimen name="dm759">2429px</dimen>
    <dimen name="dm760">2432px</dimen>
    <dimen name="dm761">2435px</dimen>
    <dimen name="dm762">2438px</dimen>
    <dimen name="dm763">2442px</dimen>
    <dimen name="dm764">2445px</dimen>
    <dimen name="dm765">2448px</dimen>
    <dimen name="dm766">2451px</dimen>
    <dimen name="dm767">2454px</dimen>
    <dimen name="dm768">2458px</dimen>
    <dimen name="dm769">2461px</dimen>
    <dimen name="dm770">2464px</dimen>
    <dimen name="dm771">2467px</dimen>
    <dimen name="dm772">2470px</dimen>
    <dimen name="dm773">2474px</dimen>
    <dimen name="dm774">2477px</dimen>
    <dimen name="dm775">2480px</dimen>
    <dimen name="dm776">2483px</dimen>
    <dimen name="dm777">2486px</dimen>
    <dimen name="dm778">2490px</dimen>
    <dimen name="dm779">2493px</dimen>
    <dimen name="dm780">2496px</dimen>
    <dimen name="dm781">2499px</dimen>
    <dimen name="dm782">2502px</dimen>
    <dimen name="dm783">2506px</dimen>
    <dimen name="dm784">2509px</dimen>
    <dimen name="dm785">2512px</dimen>
    <dimen name="dm786">2515px</dimen>
    <dimen name="dm787">2518px</dimen>
    <dimen name="dm788">2522px</dimen>
    <dimen name="dm789">2525px</dimen>
    <dimen name="dm790">2528px</dimen>
    <dimen name="dm791">2531px</dimen>
    <dimen name="dm792">2534px</dimen>
    <dimen name="dm793">2538px</dimen>
    <dimen name="dm794">2541px</dimen>
    <dimen name="dm795">2544px</dimen>
    <dimen name="dm796">2547px</dimen>
    <dimen name="dm797">2550px</dimen>
    <dimen name="dm798">2554px</dimen>
    <dimen name="dm799">2557px</dimen>
    <dimen name="dm800">2560px</dimen>
    <dimen name="dm801">2563px</dimen>
    <dimen name="dm802">2566px</dimen>
    <dimen name="dm803">2570px</dimen>
    <dimen name="dm804">2573px</dimen>
    <dimen name="dm805">2576px</dimen>
    <dimen name="dm806">2579px</dimen>
    <dimen name="dm807">2582px</dimen>
    <dimen name="dm808">2586px</dimen>
    <dimen name="dm809">2589px</dimen>
    <dimen name="dm810">2592px</dimen>
    <dimen name="dm811">2595px</dimen>
    <dimen name="dm812">2598px</dimen>
    <dimen name="dm813">2602px</dimen>
    <dimen name="dm814">2605px</dimen>
    <dimen name="dm815">2608px</dimen>
    <dimen name="dm816">2611px</dimen>
    <dimen name="dm817">2614px</dimen>
    <dimen name="dm818">2618px</dimen>
    <dimen name="dm819">2621px</dimen>
    <dimen name="dm820">2624px</dimen>
    <dimen name="dm821">2627px</dimen>
    <dimen name="dm822">2630px</dimen>
    <dimen name="dm823">2634px</dimen>
    <dimen name="dm824">2637px</dimen>
    <dimen name="dm825">2640px</dimen>
    <dimen name="dm826">2643px</dimen>
    <dimen name="dm827">2646px</dimen>
    <dimen name="dm828">2650px</dimen>
    <dimen name="dm829">2653px</dimen>
    <dimen name="dm830">2656px</dimen>
    <dimen name="dm831">2659px</dimen>
    <dimen name="dm832">2662px</dimen>
    <dimen name="dm833">2666px</dimen>
    <dimen name="dm834">2669px</dimen>
    <dimen name="dm835">2672px</dimen>
    <dimen name="dm836">2675px</dimen>
    <dimen name="dm837">2678px</dimen>
    <dimen name="dm838">2682px</dimen>
    <dimen name="dm839">2685px</dimen>
    <dimen name="dm840">2688px</dimen>
    <dimen name="dm841">2691px</dimen>
    <dimen name="dm842">2694px</dimen>
    <dimen name="dm843">2698px</dimen>
    <dimen name="dm844">2701px</dimen>
    <dimen name="dm845">2704px</dimen>
    <dimen name="dm846">2707px</dimen>
    <dimen name="dm847">2710px</dimen>
    <dimen name="dm848">2714px</dimen>
    <dimen name="dm849">2717px</dimen>
    <dimen name="dm850">2720px</dimen>
    <dimen name="dm851">2723px</dimen>
    <dimen name="dm852">2726px</dimen>
    <dimen name="dm853">2730px</dimen>
    <dimen name="dm854">2733px</dimen>
    <dimen name="dm855">2736px</dimen>
    <dimen name="dm856">2739px</dimen>
    <dimen name="dm857">2742px</dimen>
    <dimen name="dm858">2746px</dimen>
    <dimen name="dm859">2749px</dimen>
    <dimen name="dm860">2752px</dimen>
    <dimen name="dm861">2755px</dimen>
    <dimen name="dm862">2758px</dimen>
    <dimen name="dm863">2762px</dimen>
    <dimen name="dm864">2765px</dimen>
    <dimen name="dm865">2768px</dimen>
    <dimen name="dm866">2771px</dimen>
    <dimen name="dm867">2774px</dimen>
    <dimen name="dm868">2778px</dimen>
    <dimen name="dm869">2781px</dimen>
    <dimen name="dm870">2784px</dimen>
    <dimen name="dm871">2787px</dimen>
    <dimen name="dm872">2790px</dimen>
    <dimen name="dm873">2794px</dimen>
    <dimen name="dm874">2797px</dimen>
    <dimen name="dm875">2800px</dimen>
    <dimen name="dm876">2803px</dimen>
    <dimen name="dm877">2806px</dimen>
    <dimen name="dm878">2810px</dimen>
    <dimen name="dm879">2813px</dimen>
    <dimen name="dm880">2816px</dimen>
    <dimen name="dm881">2819px</dimen>
    <dimen name="dm882">2822px</dimen>
    <dimen name="dm883">2826px</dimen>
    <dimen name="dm884">2829px</dimen>
    <dimen name="dm885">2832px</dimen>
    <dimen name="dm886">2835px</dimen>
    <dimen name="dm887">2838px</dimen>
    <dimen name="dm888">2842px</dimen>
    <dimen name="dm889">2845px</dimen>
    <dimen name="dm890">2848px</dimen>
    <dimen name="dm891">2851px</dimen>
    <dimen name="dm892">2854px</dimen>
    <dimen name="dm893">2858px</dimen>
    <dimen name="dm894">2861px</dimen>
    <dimen name="dm895">2864px</dimen>
    <dimen name="dm896">2867px</dimen>
    <dimen name="dm897">2870px</dimen>
    <dimen name="dm898">2874px</dimen>
    <dimen name="dm899">2877px</dimen>
    <dimen name="dm900">2880px</dimen>
    <dimen name="dm901">2883px</dimen>
    <dimen name="dm902">2886px</dimen>
    <dimen name="dm903">2890px</dimen>
    <dimen name="dm904">2893px</dimen>
    <dimen name="dm905">2896px</dimen>
    <dimen name="dm906">2899px</dimen>
    <dimen name="dm907">2902px</dimen>
    <dimen name="dm908">2906px</dimen>
    <dimen name="dm909">2909px</dimen>
    <dimen name="dm910">2912px</dimen>
    <dimen name="dm911">2915px</dimen>
    <dimen name="dm912">2918px</dimen>
    <dimen name="dm913">2922px</dimen>
    <dimen name="dm914">2925px</dimen>
    <dimen name="dm915">2928px</dimen>
    <dimen name="dm916">2931px</dimen>
    <dimen name="dm917">2934px</dimen>
    <dimen name="dm918">2938px</dimen>
    <dimen name="dm919">2941px</dimen>
    <dimen name="dm920">2944px</dimen>
    <dimen name="dm921">2947px</dimen>
    <dimen name="dm922">2950px</dimen>
    <dimen name="dm923">2954px</dimen>
    <dimen name="dm924">2957px</dimen>
    <dimen name="dm925">2960px</dimen>
    <dimen name="dm926">2963px</dimen>
    <dimen name="dm927">2966px</dimen>
    <dimen name="dm928">2970px</dimen>
    <dimen name="dm929">2973px</dimen>
    <dimen name="dm930">2976px</dimen>
    <dimen name="dm931">2979px</dimen>
    <dimen name="dm932">2982px</dimen>
    <dimen name="dm933">2986px</dimen>
    <dimen name="dm934">2989px</dimen>
    <dimen name="dm935">2992px</dimen>
    <dimen name="dm936">2995px</dimen>
    <dimen name="dm937">2998px</dimen>
    <dimen name="dm938">3002px</dimen>
    <dimen name="dm939">3005px</dimen>
    <dimen name="dm940">3008px</dimen>
    <dimen name="dm941">3011px</dimen>
    <dimen name="dm942">3014px</dimen>
    <dimen name="dm943">3018px</dimen>
    <dimen name="dm944">3021px</dimen>
    <dimen name="dm945">3024px</dimen>
    <dimen name="dm946">3027px</dimen>
    <dimen name="dm947">3030px</dimen>
    <dimen name="dm948">3034px</dimen>
    <dimen name="dm949">3037px</dimen>
    <dimen name="dm950">3040px</dimen>
    <dimen name="dm951">3043px</dimen>
    <dimen name="dm952">3046px</dimen>
    <dimen name="dm953">3050px</dimen>
    <dimen name="dm954">3053px</dimen>
    <dimen name="dm955">3056px</dimen>
    <dimen name="dm956">3059px</dimen>
    <dimen name="dm957">3062px</dimen>
    <dimen name="dm958">3066px</dimen>
    <dimen name="dm959">3069px</dimen>
    <dimen name="dm960">3072px</dimen>
    <dimen name="dm961">3075px</dimen>
    <dimen name="dm962">3078px</dimen>
    <dimen name="dm963">3082px</dimen>
    <dimen name="dm964">3085px</dimen>
    <dimen name="dm965">3088px</dimen>
    <dimen name="dm966">3091px</dimen>
    <dimen name="dm967">3094px</dimen>
    <dimen name="dm968">3098px</dimen>
    <dimen name="dm969">3101px</dimen>
    <dimen name="dm970">3104px</dimen>
    <dimen name="dm971">3107px</dimen>
    <dimen name="dm972">3110px</dimen>
    <dimen name="dm973">3114px</dimen>
    <dimen name="dm974">3117px</dimen>
    <dimen name="dm975">3120px</dimen>
    <dimen name="dm976">3123px</dimen>
    <dimen name="dm977">3126px</dimen>
    <dimen name="dm978">3130px</dimen>
    <dimen name="dm979">3133px</dimen>
    <dimen name="dm980">3136px</dimen>
    <dimen name="dm981">3139px</dimen>
    <dimen name="dm982">3142px</dimen>
    <dimen name="dm983">3146px</dimen>
    <dimen name="dm984">3149px</dimen>
    <dimen name="dm985">3152px</dimen>
    <dimen name="dm986">3155px</dimen>
    <dimen name="dm987">3158px</dimen>
    <dimen name="dm988">3162px</dimen>
    <dimen name="dm989">3165px</dimen>
    <dimen name="dm990">3168px</dimen>
    <dimen name="dm991">3171px</dimen>
    <dimen name="dm992">3174px</dimen>
    <dimen name="dm993">3178px</dimen>
    <dimen name="dm994">3181px</dimen>
    <dimen name="dm995">3184px</dimen>
    <dimen name="dm996">3187px</dimen>
    <dimen name="dm997">3190px</dimen>
    <dimen name="dm998">3194px</dimen>
    <dimen name="dm999">3197px</dimen>

</resources>