<resources>

    <dimen name="dm_200">-199px</dimen>
    <dimen name="dm_199">-198px</dimen>
    <dimen name="dm_198">-197px</dimen>
    <dimen name="dm_197">-196px</dimen>
    <dimen name="dm_196">-195px</dimen>
    <dimen name="dm_195">-194px</dimen>
    <dimen name="dm_194">-193px</dimen>
    <dimen name="dm_193">-192px</dimen>
    <dimen name="dm_192">-191px</dimen>
    <dimen name="dm_191">-190px</dimen>
    <dimen name="dm_190">-189px</dimen>
    <dimen name="dm_189">-188px</dimen>
    <dimen name="dm_188">-187px</dimen>
    <dimen name="dm_187">-186px</dimen>
    <dimen name="dm_186">-185px</dimen>
    <dimen name="dm_185">-184px</dimen>
    <dimen name="dm_184">-183px</dimen>
    <dimen name="dm_183">-182px</dimen>
    <dimen name="dm_182">-181px</dimen>
    <dimen name="dm_181">-180px</dimen>
    <dimen name="dm_180">-179px</dimen>
    <dimen name="dm_179">-178px</dimen>
    <dimen name="dm_178">-177px</dimen>
    <dimen name="dm_177">-176px</dimen>
    <dimen name="dm_176">-175px</dimen>
    <dimen name="dm_175">-174px</dimen>
    <dimen name="dm_174">-173px</dimen>
    <dimen name="dm_173">-172px</dimen>
    <dimen name="dm_172">-171px</dimen>
    <dimen name="dm_171">-170px</dimen>
    <dimen name="dm_170">-169px</dimen>
    <dimen name="dm_169">-168px</dimen>
    <dimen name="dm_168">-167px</dimen>
    <dimen name="dm_167">-166px</dimen>
    <dimen name="dm_166">-165px</dimen>
    <dimen name="dm_165">-164px</dimen>
    <dimen name="dm_164">-163px</dimen>
    <dimen name="dm_163">-162px</dimen>
    <dimen name="dm_162">-161px</dimen>
    <dimen name="dm_161">-160px</dimen>
    <dimen name="dm_160">-159px</dimen>
    <dimen name="dm_159">-158px</dimen>
    <dimen name="dm_158">-157px</dimen>
    <dimen name="dm_157">-156px</dimen>
    <dimen name="dm_156">-155px</dimen>
    <dimen name="dm_155">-154px</dimen>
    <dimen name="dm_154">-153px</dimen>
    <dimen name="dm_153">-152px</dimen>
    <dimen name="dm_152">-151px</dimen>
    <dimen name="dm_151">-150px</dimen>
    <dimen name="dm_150">-149px</dimen>
    <dimen name="dm_149">-148px</dimen>
    <dimen name="dm_148">-147px</dimen>
    <dimen name="dm_147">-146px</dimen>
    <dimen name="dm_146">-145px</dimen>
    <dimen name="dm_145">-144px</dimen>
    <dimen name="dm_144">-143px</dimen>
    <dimen name="dm_143">-142px</dimen>
    <dimen name="dm_142">-141px</dimen>
    <dimen name="dm_141">-140px</dimen>
    <dimen name="dm_140">-139px</dimen>
    <dimen name="dm_139">-138px</dimen>
    <dimen name="dm_138">-137px</dimen>
    <dimen name="dm_137">-136px</dimen>
    <dimen name="dm_136">-135px</dimen>
    <dimen name="dm_135">-134px</dimen>
    <dimen name="dm_134">-133px</dimen>
    <dimen name="dm_133">-132px</dimen>
    <dimen name="dm_132">-131px</dimen>
    <dimen name="dm_131">-130px</dimen>
    <dimen name="dm_130">-129px</dimen>
    <dimen name="dm_129">-128px</dimen>
    <dimen name="dm_128">-127px</dimen>
    <dimen name="dm_127">-126px</dimen>
    <dimen name="dm_126">-125px</dimen>
    <dimen name="dm_125">-124px</dimen>
    <dimen name="dm_124">-123px</dimen>
    <dimen name="dm_123">-122px</dimen>
    <dimen name="dm_122">-121px</dimen>
    <dimen name="dm_121">-120px</dimen>
    <dimen name="dm_120">-119px</dimen>
    <dimen name="dm_119">-118px</dimen>
    <dimen name="dm_118">-117px</dimen>
    <dimen name="dm_117">-116px</dimen>
    <dimen name="dm_116">-115px</dimen>
    <dimen name="dm_115">-114px</dimen>
    <dimen name="dm_114">-113px</dimen>
    <dimen name="dm_113">-112px</dimen>
    <dimen name="dm_112">-111px</dimen>
    <dimen name="dm_111">-110px</dimen>
    <dimen name="dm_110">-109px</dimen>
    <dimen name="dm_109">-108px</dimen>
    <dimen name="dm_108">-107px</dimen>
    <dimen name="dm_107">-106px</dimen>
    <dimen name="dm_106">-105px</dimen>
    <dimen name="dm_105">-104px</dimen>
    <dimen name="dm_104">-103px</dimen>
    <dimen name="dm_103">-102px</dimen>
    <dimen name="dm_102">-101px</dimen>
    <dimen name="dm_101">-100px</dimen>
    <dimen name="dm_100">-99px</dimen>
    <dimen name="dm_099">-98px</dimen>
    <dimen name="dm_098">-97px</dimen>
    <dimen name="dm_097">-96px</dimen>
    <dimen name="dm_096">-95px</dimen>
    <dimen name="dm_095">-94px</dimen>
    <dimen name="dm_094">-93px</dimen>
    <dimen name="dm_093">-92px</dimen>
    <dimen name="dm_092">-91px</dimen>
    <dimen name="dm_091">-90px</dimen>
    <dimen name="dm_090">-89px</dimen>
    <dimen name="dm_089">-88px</dimen>
    <dimen name="dm_088">-87px</dimen>
    <dimen name="dm_087">-86px</dimen>
    <dimen name="dm_086">-85px</dimen>
    <dimen name="dm_085">-84px</dimen>
    <dimen name="dm_084">-83px</dimen>
    <dimen name="dm_083">-82px</dimen>
    <dimen name="dm_082">-81px</dimen>
    <dimen name="dm_081">-80px</dimen>
    <dimen name="dm_080">-79px</dimen>
    <dimen name="dm_079">-78px</dimen>
    <dimen name="dm_078">-77px</dimen>
    <dimen name="dm_077">-76px</dimen>
    <dimen name="dm_076">-75px</dimen>
    <dimen name="dm_075">-74px</dimen>
    <dimen name="dm_074">-73px</dimen>
    <dimen name="dm_073">-72px</dimen>
    <dimen name="dm_072">-71px</dimen>
    <dimen name="dm_071">-70px</dimen>
    <dimen name="dm_070">-69px</dimen>
    <dimen name="dm_069">-68px</dimen>
    <dimen name="dm_068">-67px</dimen>
    <dimen name="dm_067">-66px</dimen>
    <dimen name="dm_066">-65px</dimen>
    <dimen name="dm_065">-64px</dimen>
    <dimen name="dm_064">-63px</dimen>
    <dimen name="dm_063">-62px</dimen>
    <dimen name="dm_062">-61px</dimen>
    <dimen name="dm_061">-60px</dimen>
    <dimen name="dm_060">-59px</dimen>
    <dimen name="dm_059">-58px</dimen>
    <dimen name="dm_058">-57px</dimen>
    <dimen name="dm_057">-56px</dimen>
    <dimen name="dm_056">-55px</dimen>
    <dimen name="dm_055">-54px</dimen>
    <dimen name="dm_054">-53px</dimen>
    <dimen name="dm_053">-52px</dimen>
    <dimen name="dm_052">-51px</dimen>
    <dimen name="dm_051">-50px</dimen>
    <dimen name="dm_050">-49px</dimen>
    <dimen name="dm_049">-48px</dimen>
    <dimen name="dm_048">-47px</dimen>
    <dimen name="dm_047">-46px</dimen>
    <dimen name="dm_046">-45px</dimen>
    <dimen name="dm_045">-44px</dimen>
    <dimen name="dm_044">-43px</dimen>
    <dimen name="dm_043">-42px</dimen>
    <dimen name="dm_042">-41px</dimen>
    <dimen name="dm_041">-40px</dimen>
    <dimen name="dm_040">-39px</dimen>
    <dimen name="dm_039">-38px</dimen>
    <dimen name="dm_038">-37px</dimen>
    <dimen name="dm_037">-36px</dimen>
    <dimen name="dm_036">-35px</dimen>
    <dimen name="dm_035">-34px</dimen>
    <dimen name="dm_034">-33px</dimen>
    <dimen name="dm_033">-32px</dimen>
    <dimen name="dm_032">-31px</dimen>
    <dimen name="dm_031">-30px</dimen>
    <dimen name="dm_030">-29px</dimen>
    <dimen name="dm_029">-28px</dimen>
    <dimen name="dm_028">-27px</dimen>
    <dimen name="dm_027">-26px</dimen>
    <dimen name="dm_026">-25px</dimen>
    <dimen name="dm_025">-24px</dimen>
    <dimen name="dm_024">-23px</dimen>
    <dimen name="dm_023">-22px</dimen>
    <dimen name="dm_022">-21px</dimen>
    <dimen name="dm_021">-20px</dimen>
    <dimen name="dm_020">-19px</dimen>
    <dimen name="dm_019">-18px</dimen>
    <dimen name="dm_018">-17px</dimen>
    <dimen name="dm_017">-16px</dimen>
    <dimen name="dm_016">-15px</dimen>
    <dimen name="dm_015">-14px</dimen>
    <dimen name="dm_014">-13px</dimen>
    <dimen name="dm_013">-12px</dimen>
    <dimen name="dm_012">-11px</dimen>
    <dimen name="dm_011">-10px</dimen>
    <dimen name="dm_010">-9px</dimen>
    <dimen name="dm_009">-8px</dimen>
    <dimen name="dm_008">-7px</dimen>
    <dimen name="dm_007">-6px</dimen>
    <dimen name="dm_006">-5px</dimen>
    <dimen name="dm_005">-4px</dimen>
    <dimen name="dm_004">-3px</dimen>
    <dimen name="dm_003">-2px</dimen>
    <dimen name="dm_002">-1px</dimen>
    <dimen name="dm_001">-1px</dimen>
    <dimen name="dm000">0px</dimen>
    <dimen name="dm001">1px</dimen>
    <dimen name="dm002">2px</dimen>
    <dimen name="dm003">3px</dimen>
    <dimen name="dm004">4px</dimen>
    <dimen name="dm005">5px</dimen>
    <dimen name="dm006">6px</dimen>
    <dimen name="dm007">7px</dimen>
    <dimen name="dm008">8px</dimen>
    <dimen name="dm009">9px</dimen>
    <dimen name="dm010">10px</dimen>
    <dimen name="dm011">11px</dimen>
    <dimen name="dm012">12px</dimen>
    <dimen name="dm013">13px</dimen>
    <dimen name="dm014">14px</dimen>
    <dimen name="dm015">15px</dimen>
    <dimen name="dm016">16px</dimen>
    <dimen name="dm017">17px</dimen>
    <dimen name="dm018">18px</dimen>
    <dimen name="dm019">19px</dimen>
    <dimen name="dm020">20px</dimen>
    <dimen name="dm021">21px</dimen>
    <dimen name="dm022">22px</dimen>
    <dimen name="dm023">23px</dimen>
    <dimen name="dm024">24px</dimen>
    <dimen name="dm025">25px</dimen>
    <dimen name="dm026">26px</dimen>
    <dimen name="dm027">27px</dimen>
    <dimen name="dm028">28px</dimen>
    <dimen name="dm029">29px</dimen>
    <dimen name="dm030">30px</dimen>
    <dimen name="dm031">31px</dimen>
    <dimen name="dm032">32px</dimen>
    <dimen name="dm033">33px</dimen>
    <dimen name="dm034">34px</dimen>
    <dimen name="dm035">35px</dimen>
    <dimen name="dm036">36px</dimen>
    <dimen name="dm037">37px</dimen>
    <dimen name="dm038">38px</dimen>
    <dimen name="dm039">39px</dimen>
    <dimen name="dm040">40px</dimen>
    <dimen name="dm041">41px</dimen>
    <dimen name="dm042">42px</dimen>
    <dimen name="dm043">43px</dimen>
    <dimen name="dm044">44px</dimen>
    <dimen name="dm045">45px</dimen>
    <dimen name="dm046">46px</dimen>
    <dimen name="dm047">47px</dimen>
    <dimen name="dm048">48px</dimen>
    <dimen name="dm049">49px</dimen>
    <dimen name="dm050">50px</dimen>
    <dimen name="dm051">51px</dimen>
    <dimen name="dm052">52px</dimen>
    <dimen name="dm053">53px</dimen>
    <dimen name="dm054">54px</dimen>
    <dimen name="dm055">55px</dimen>
    <dimen name="dm056">56px</dimen>
    <dimen name="dm057">57px</dimen>
    <dimen name="dm058">58px</dimen>
    <dimen name="dm059">59px</dimen>
    <dimen name="dm060">60px</dimen>
    <dimen name="dm061">61px</dimen>
    <dimen name="dm062">62px</dimen>
    <dimen name="dm063">63px</dimen>
    <dimen name="dm064">64px</dimen>
    <dimen name="dm065">65px</dimen>
    <dimen name="dm066">66px</dimen>
    <dimen name="dm067">67px</dimen>
    <dimen name="dm068">68px</dimen>
    <dimen name="dm069">69px</dimen>
    <dimen name="dm070">70px</dimen>
    <dimen name="dm071">71px</dimen>
    <dimen name="dm072">72px</dimen>
    <dimen name="dm073">73px</dimen>
    <dimen name="dm074">74px</dimen>
    <dimen name="dm075">75px</dimen>
    <dimen name="dm076">76px</dimen>
    <dimen name="dm077">77px</dimen>
    <dimen name="dm078">78px</dimen>
    <dimen name="dm079">79px</dimen>
    <dimen name="dm080">80px</dimen>
    <dimen name="dm081">81px</dimen>
    <dimen name="dm082">82px</dimen>
    <dimen name="dm083">83px</dimen>
    <dimen name="dm084">84px</dimen>
    <dimen name="dm085">85px</dimen>
    <dimen name="dm086">86px</dimen>
    <dimen name="dm087">87px</dimen>
    <dimen name="dm088">88px</dimen>
    <dimen name="dm089">89px</dimen>
    <dimen name="dm090">90px</dimen>
    <dimen name="dm091">91px</dimen>
    <dimen name="dm092">92px</dimen>
    <dimen name="dm093">93px</dimen>
    <dimen name="dm094">94px</dimen>
    <dimen name="dm095">95px</dimen>
    <dimen name="dm096">96px</dimen>
    <dimen name="dm097">97px</dimen>
    <dimen name="dm098">98px</dimen>
    <dimen name="dm099">99px</dimen>
    <dimen name="dm100">100px</dimen>
    <dimen name="dm101">101px</dimen>
    <dimen name="dm102">102px</dimen>
    <dimen name="dm103">103px</dimen>
    <dimen name="dm104">104px</dimen>
    <dimen name="dm105">105px</dimen>
    <dimen name="dm106">106px</dimen>
    <dimen name="dm107">107px</dimen>
    <dimen name="dm108">108px</dimen>
    <dimen name="dm109">109px</dimen>
    <dimen name="dm110">110px</dimen>
    <dimen name="dm111">111px</dimen>
    <dimen name="dm112">112px</dimen>
    <dimen name="dm113">113px</dimen>
    <dimen name="dm114">114px</dimen>
    <dimen name="dm115">115px</dimen>
    <dimen name="dm116">116px</dimen>
    <dimen name="dm117">117px</dimen>
    <dimen name="dm118">118px</dimen>
    <dimen name="dm119">119px</dimen>
    <dimen name="dm120">120px</dimen>
    <dimen name="dm121">121px</dimen>
    <dimen name="dm122">122px</dimen>
    <dimen name="dm123">123px</dimen>
    <dimen name="dm124">124px</dimen>
    <dimen name="dm125">125px</dimen>
    <dimen name="dm126">126px</dimen>
    <dimen name="dm127">127px</dimen>
    <dimen name="dm128">128px</dimen>
    <dimen name="dm129">129px</dimen>
    <dimen name="dm130">130px</dimen>
    <dimen name="dm131">131px</dimen>
    <dimen name="dm132">132px</dimen>
    <dimen name="dm133">133px</dimen>
    <dimen name="dm134">134px</dimen>
    <dimen name="dm135">135px</dimen>
    <dimen name="dm136">136px</dimen>
    <dimen name="dm137">137px</dimen>
    <dimen name="dm138">138px</dimen>
    <dimen name="dm139">139px</dimen>
    <dimen name="dm140">140px</dimen>
    <dimen name="dm141">141px</dimen>
    <dimen name="dm142">142px</dimen>
    <dimen name="dm143">143px</dimen>
    <dimen name="dm144">144px</dimen>
    <dimen name="dm145">145px</dimen>
    <dimen name="dm146">146px</dimen>
    <dimen name="dm147">147px</dimen>
    <dimen name="dm148">148px</dimen>
    <dimen name="dm149">149px</dimen>
    <dimen name="dm150">150px</dimen>
    <dimen name="dm151">151px</dimen>
    <dimen name="dm152">152px</dimen>
    <dimen name="dm153">153px</dimen>
    <dimen name="dm154">154px</dimen>
    <dimen name="dm155">155px</dimen>
    <dimen name="dm156">156px</dimen>
    <dimen name="dm157">157px</dimen>
    <dimen name="dm158">158px</dimen>
    <dimen name="dm159">159px</dimen>
    <dimen name="dm160">160px</dimen>
    <dimen name="dm161">161px</dimen>
    <dimen name="dm162">162px</dimen>
    <dimen name="dm163">163px</dimen>
    <dimen name="dm164">164px</dimen>
    <dimen name="dm165">165px</dimen>
    <dimen name="dm166">166px</dimen>
    <dimen name="dm167">167px</dimen>
    <dimen name="dm168">168px</dimen>
    <dimen name="dm169">169px</dimen>
    <dimen name="dm170">170px</dimen>
    <dimen name="dm171">171px</dimen>
    <dimen name="dm172">172px</dimen>
    <dimen name="dm173">173px</dimen>
    <dimen name="dm174">174px</dimen>
    <dimen name="dm175">175px</dimen>
    <dimen name="dm176">176px</dimen>
    <dimen name="dm177">177px</dimen>
    <dimen name="dm178">178px</dimen>
    <dimen name="dm179">179px</dimen>
    <dimen name="dm180">180px</dimen>
    <dimen name="dm181">181px</dimen>
    <dimen name="dm182">182px</dimen>
    <dimen name="dm183">183px</dimen>
    <dimen name="dm184">184px</dimen>
    <dimen name="dm185">185px</dimen>
    <dimen name="dm186">186px</dimen>
    <dimen name="dm187">187px</dimen>
    <dimen name="dm188">188px</dimen>
    <dimen name="dm189">189px</dimen>
    <dimen name="dm190">190px</dimen>
    <dimen name="dm191">191px</dimen>
    <dimen name="dm192">192px</dimen>
    <dimen name="dm193">193px</dimen>
    <dimen name="dm194">194px</dimen>
    <dimen name="dm195">195px</dimen>
    <dimen name="dm196">196px</dimen>
    <dimen name="dm197">197px</dimen>
    <dimen name="dm198">198px</dimen>
    <dimen name="dm199">199px</dimen>
    <dimen name="dm200">200px</dimen>
    <dimen name="dm201">201px</dimen>
    <dimen name="dm202">202px</dimen>
    <dimen name="dm203">203px</dimen>
    <dimen name="dm204">204px</dimen>
    <dimen name="dm205">205px</dimen>
    <dimen name="dm206">206px</dimen>
    <dimen name="dm207">207px</dimen>
    <dimen name="dm208">208px</dimen>
    <dimen name="dm209">209px</dimen>
    <dimen name="dm210">210px</dimen>
    <dimen name="dm211">211px</dimen>
    <dimen name="dm212">212px</dimen>
    <dimen name="dm213">213px</dimen>
    <dimen name="dm214">214px</dimen>
    <dimen name="dm215">215px</dimen>
    <dimen name="dm216">216px</dimen>
    <dimen name="dm217">217px</dimen>
    <dimen name="dm218">218px</dimen>
    <dimen name="dm219">219px</dimen>
    <dimen name="dm220">220px</dimen>
    <dimen name="dm221">221px</dimen>
    <dimen name="dm222">222px</dimen>
    <dimen name="dm223">223px</dimen>
    <dimen name="dm224">224px</dimen>
    <dimen name="dm225">225px</dimen>
    <dimen name="dm226">226px</dimen>
    <dimen name="dm227">227px</dimen>
    <dimen name="dm228">228px</dimen>
    <dimen name="dm229">229px</dimen>
    <dimen name="dm230">230px</dimen>
    <dimen name="dm231">231px</dimen>
    <dimen name="dm232">232px</dimen>
    <dimen name="dm233">233px</dimen>
    <dimen name="dm234">234px</dimen>
    <dimen name="dm235">235px</dimen>
    <dimen name="dm236">236px</dimen>
    <dimen name="dm237">237px</dimen>
    <dimen name="dm238">238px</dimen>
    <dimen name="dm239">239px</dimen>
    <dimen name="dm240">240px</dimen>
    <dimen name="dm241">241px</dimen>
    <dimen name="dm242">242px</dimen>
    <dimen name="dm243">243px</dimen>
    <dimen name="dm244">244px</dimen>
    <dimen name="dm245">245px</dimen>
    <dimen name="dm246">246px</dimen>
    <dimen name="dm247">247px</dimen>
    <dimen name="dm248">248px</dimen>
    <dimen name="dm249">249px</dimen>
    <dimen name="dm250">250px</dimen>
    <dimen name="dm251">251px</dimen>
    <dimen name="dm252">252px</dimen>
    <dimen name="dm253">253px</dimen>
    <dimen name="dm254">254px</dimen>
    <dimen name="dm255">255px</dimen>
    <dimen name="dm256">256px</dimen>
    <dimen name="dm257">257px</dimen>
    <dimen name="dm258">258px</dimen>
    <dimen name="dm259">259px</dimen>
    <dimen name="dm260">260px</dimen>
    <dimen name="dm261">261px</dimen>
    <dimen name="dm262">262px</dimen>
    <dimen name="dm263">263px</dimen>
    <dimen name="dm264">264px</dimen>
    <dimen name="dm265">265px</dimen>
    <dimen name="dm266">266px</dimen>
    <dimen name="dm267">267px</dimen>
    <dimen name="dm268">268px</dimen>
    <dimen name="dm269">269px</dimen>
    <dimen name="dm270">270px</dimen>
    <dimen name="dm271">271px</dimen>
    <dimen name="dm272">272px</dimen>
    <dimen name="dm273">273px</dimen>
    <dimen name="dm274">274px</dimen>
    <dimen name="dm275">275px</dimen>
    <dimen name="dm276">276px</dimen>
    <dimen name="dm277">277px</dimen>
    <dimen name="dm278">278px</dimen>
    <dimen name="dm279">279px</dimen>
    <dimen name="dm280">280px</dimen>
    <dimen name="dm281">281px</dimen>
    <dimen name="dm282">282px</dimen>
    <dimen name="dm283">283px</dimen>
    <dimen name="dm284">284px</dimen>
    <dimen name="dm285">285px</dimen>
    <dimen name="dm286">286px</dimen>
    <dimen name="dm287">287px</dimen>
    <dimen name="dm288">288px</dimen>
    <dimen name="dm289">289px</dimen>
    <dimen name="dm290">290px</dimen>
    <dimen name="dm291">291px</dimen>
    <dimen name="dm292">292px</dimen>
    <dimen name="dm293">293px</dimen>
    <dimen name="dm294">294px</dimen>
    <dimen name="dm295">295px</dimen>
    <dimen name="dm296">296px</dimen>
    <dimen name="dm297">297px</dimen>
    <dimen name="dm298">298px</dimen>
    <dimen name="dm299">299px</dimen>
    <dimen name="dm300">300px</dimen>
    <dimen name="dm301">301px</dimen>
    <dimen name="dm302">302px</dimen>
    <dimen name="dm303">303px</dimen>
    <dimen name="dm304">304px</dimen>
    <dimen name="dm305">305px</dimen>
    <dimen name="dm306">306px</dimen>
    <dimen name="dm307">307px</dimen>
    <dimen name="dm308">308px</dimen>
    <dimen name="dm309">309px</dimen>
    <dimen name="dm310">310px</dimen>
    <dimen name="dm311">311px</dimen>
    <dimen name="dm312">312px</dimen>
    <dimen name="dm313">313px</dimen>
    <dimen name="dm314">314px</dimen>
    <dimen name="dm315">315px</dimen>
    <dimen name="dm316">316px</dimen>
    <dimen name="dm317">317px</dimen>
    <dimen name="dm318">318px</dimen>
    <dimen name="dm319">319px</dimen>
    <dimen name="dm320">320px</dimen>
    <dimen name="dm321">321px</dimen>
    <dimen name="dm322">322px</dimen>
    <dimen name="dm323">323px</dimen>
    <dimen name="dm324">324px</dimen>
    <dimen name="dm325">325px</dimen>
    <dimen name="dm326">326px</dimen>
    <dimen name="dm327">327px</dimen>
    <dimen name="dm328">328px</dimen>
    <dimen name="dm329">329px</dimen>
    <dimen name="dm330">330px</dimen>
    <dimen name="dm331">331px</dimen>
    <dimen name="dm332">332px</dimen>
    <dimen name="dm333">333px</dimen>
    <dimen name="dm334">334px</dimen>
    <dimen name="dm335">335px</dimen>
    <dimen name="dm336">336px</dimen>
    <dimen name="dm337">337px</dimen>
    <dimen name="dm338">338px</dimen>
    <dimen name="dm339">339px</dimen>
    <dimen name="dm340">340px</dimen>
    <dimen name="dm341">341px</dimen>
    <dimen name="dm342">342px</dimen>
    <dimen name="dm343">343px</dimen>
    <dimen name="dm344">344px</dimen>
    <dimen name="dm345">345px</dimen>
    <dimen name="dm346">346px</dimen>
    <dimen name="dm347">347px</dimen>
    <dimen name="dm348">348px</dimen>
    <dimen name="dm349">349px</dimen>
    <dimen name="dm350">350px</dimen>
    <dimen name="dm351">351px</dimen>
    <dimen name="dm352">352px</dimen>
    <dimen name="dm353">353px</dimen>
    <dimen name="dm354">354px</dimen>
    <dimen name="dm355">355px</dimen>
    <dimen name="dm356">356px</dimen>
    <dimen name="dm357">357px</dimen>
    <dimen name="dm358">358px</dimen>
    <dimen name="dm359">359px</dimen>
    <dimen name="dm360">360px</dimen>
    <dimen name="dm361">361px</dimen>
    <dimen name="dm362">362px</dimen>
    <dimen name="dm363">363px</dimen>
    <dimen name="dm364">364px</dimen>
    <dimen name="dm365">365px</dimen>
    <dimen name="dm366">366px</dimen>
    <dimen name="dm367">367px</dimen>
    <dimen name="dm368">368px</dimen>
    <dimen name="dm369">369px</dimen>
    <dimen name="dm370">370px</dimen>
    <dimen name="dm371">371px</dimen>
    <dimen name="dm372">372px</dimen>
    <dimen name="dm373">373px</dimen>
    <dimen name="dm374">374px</dimen>
    <dimen name="dm375">375px</dimen>
    <dimen name="dm376">376px</dimen>
    <dimen name="dm377">377px</dimen>
    <dimen name="dm378">378px</dimen>
    <dimen name="dm379">379px</dimen>
    <dimen name="dm380">380px</dimen>
    <dimen name="dm381">381px</dimen>
    <dimen name="dm382">382px</dimen>
    <dimen name="dm383">383px</dimen>
    <dimen name="dm384">384px</dimen>
    <dimen name="dm385">385px</dimen>
    <dimen name="dm386">386px</dimen>
    <dimen name="dm387">387px</dimen>
    <dimen name="dm388">388px</dimen>
    <dimen name="dm389">389px</dimen>
    <dimen name="dm390">390px</dimen>
    <dimen name="dm391">391px</dimen>
    <dimen name="dm392">392px</dimen>
    <dimen name="dm393">393px</dimen>
    <dimen name="dm394">394px</dimen>
    <dimen name="dm395">395px</dimen>
    <dimen name="dm396">396px</dimen>
    <dimen name="dm397">397px</dimen>
    <dimen name="dm398">398px</dimen>
    <dimen name="dm399">399px</dimen>
    <dimen name="dm400">400px</dimen>
    <dimen name="dm401">401px</dimen>
    <dimen name="dm402">402px</dimen>
    <dimen name="dm403">403px</dimen>
    <dimen name="dm404">404px</dimen>
    <dimen name="dm405">405px</dimen>
    <dimen name="dm406">406px</dimen>
    <dimen name="dm407">407px</dimen>
    <dimen name="dm408">408px</dimen>
    <dimen name="dm409">409px</dimen>
    <dimen name="dm410">410px</dimen>
    <dimen name="dm411">411px</dimen>
    <dimen name="dm412">412px</dimen>
    <dimen name="dm413">413px</dimen>
    <dimen name="dm414">414px</dimen>
    <dimen name="dm415">415px</dimen>
    <dimen name="dm416">416px</dimen>
    <dimen name="dm417">417px</dimen>
    <dimen name="dm418">418px</dimen>
    <dimen name="dm419">419px</dimen>
    <dimen name="dm420">420px</dimen>
    <dimen name="dm421">421px</dimen>
    <dimen name="dm422">422px</dimen>
    <dimen name="dm423">423px</dimen>
    <dimen name="dm424">424px</dimen>
    <dimen name="dm425">425px</dimen>
    <dimen name="dm426">426px</dimen>
    <dimen name="dm427">427px</dimen>
    <dimen name="dm428">428px</dimen>
    <dimen name="dm429">429px</dimen>
    <dimen name="dm430">430px</dimen>
    <dimen name="dm431">431px</dimen>
    <dimen name="dm432">432px</dimen>
    <dimen name="dm433">433px</dimen>
    <dimen name="dm434">434px</dimen>
    <dimen name="dm435">435px</dimen>
    <dimen name="dm436">436px</dimen>
    <dimen name="dm437">437px</dimen>
    <dimen name="dm438">438px</dimen>
    <dimen name="dm439">439px</dimen>
    <dimen name="dm440">440px</dimen>
    <dimen name="dm441">441px</dimen>
    <dimen name="dm442">442px</dimen>
    <dimen name="dm443">443px</dimen>
    <dimen name="dm444">444px</dimen>
    <dimen name="dm445">445px</dimen>
    <dimen name="dm446">446px</dimen>
    <dimen name="dm447">447px</dimen>
    <dimen name="dm448">448px</dimen>
    <dimen name="dm449">449px</dimen>
    <dimen name="dm450">450px</dimen>
    <dimen name="dm451">451px</dimen>
    <dimen name="dm452">452px</dimen>
    <dimen name="dm453">453px</dimen>
    <dimen name="dm454">454px</dimen>
    <dimen name="dm455">455px</dimen>
    <dimen name="dm456">456px</dimen>
    <dimen name="dm457">457px</dimen>
    <dimen name="dm458">458px</dimen>
    <dimen name="dm459">459px</dimen>
    <dimen name="dm460">460px</dimen>
    <dimen name="dm461">461px</dimen>
    <dimen name="dm462">462px</dimen>
    <dimen name="dm463">463px</dimen>
    <dimen name="dm464">464px</dimen>
    <dimen name="dm465">465px</dimen>
    <dimen name="dm466">466px</dimen>
    <dimen name="dm467">467px</dimen>
    <dimen name="dm468">468px</dimen>
    <dimen name="dm469">469px</dimen>
    <dimen name="dm470">470px</dimen>
    <dimen name="dm471">471px</dimen>
    <dimen name="dm472">472px</dimen>
    <dimen name="dm473">473px</dimen>
    <dimen name="dm474">474px</dimen>
    <dimen name="dm475">475px</dimen>
    <dimen name="dm476">476px</dimen>
    <dimen name="dm477">477px</dimen>
    <dimen name="dm478">478px</dimen>
    <dimen name="dm479">479px</dimen>
    <dimen name="dm480">480px</dimen>
    <dimen name="dm481">481px</dimen>
    <dimen name="dm482">482px</dimen>
    <dimen name="dm483">483px</dimen>
    <dimen name="dm484">484px</dimen>
    <dimen name="dm485">485px</dimen>
    <dimen name="dm486">486px</dimen>
    <dimen name="dm487">487px</dimen>
    <dimen name="dm488">488px</dimen>
    <dimen name="dm489">489px</dimen>
    <dimen name="dm490">490px</dimen>
    <dimen name="dm491">491px</dimen>
    <dimen name="dm492">492px</dimen>
    <dimen name="dm493">493px</dimen>
    <dimen name="dm494">494px</dimen>
    <dimen name="dm495">495px</dimen>
    <dimen name="dm496">496px</dimen>
    <dimen name="dm497">497px</dimen>
    <dimen name="dm498">498px</dimen>
    <dimen name="dm499">499px</dimen>
    <dimen name="dm500">500px</dimen>
    <dimen name="dm501">501px</dimen>
    <dimen name="dm502">502px</dimen>
    <dimen name="dm503">503px</dimen>
    <dimen name="dm504">504px</dimen>
    <dimen name="dm505">505px</dimen>
    <dimen name="dm506">506px</dimen>
    <dimen name="dm507">507px</dimen>
    <dimen name="dm508">508px</dimen>
    <dimen name="dm509">509px</dimen>
    <dimen name="dm510">510px</dimen>
    <dimen name="dm511">511px</dimen>
    <dimen name="dm512">512px</dimen>
    <dimen name="dm513">513px</dimen>
    <dimen name="dm514">514px</dimen>
    <dimen name="dm515">515px</dimen>
    <dimen name="dm516">516px</dimen>
    <dimen name="dm517">517px</dimen>
    <dimen name="dm518">518px</dimen>
    <dimen name="dm519">519px</dimen>
    <dimen name="dm520">520px</dimen>
    <dimen name="dm521">521px</dimen>
    <dimen name="dm522">522px</dimen>
    <dimen name="dm523">523px</dimen>
    <dimen name="dm524">524px</dimen>
    <dimen name="dm525">525px</dimen>
    <dimen name="dm526">526px</dimen>
    <dimen name="dm527">527px</dimen>
    <dimen name="dm528">528px</dimen>
    <dimen name="dm529">529px</dimen>
    <dimen name="dm530">530px</dimen>
    <dimen name="dm531">531px</dimen>
    <dimen name="dm532">532px</dimen>
    <dimen name="dm533">533px</dimen>
    <dimen name="dm534">534px</dimen>
    <dimen name="dm535">535px</dimen>
    <dimen name="dm536">536px</dimen>
    <dimen name="dm537">537px</dimen>
    <dimen name="dm538">538px</dimen>
    <dimen name="dm539">539px</dimen>
    <dimen name="dm540">540px</dimen>
    <dimen name="dm541">541px</dimen>
    <dimen name="dm542">542px</dimen>
    <dimen name="dm543">543px</dimen>
    <dimen name="dm544">544px</dimen>
    <dimen name="dm545">545px</dimen>
    <dimen name="dm546">546px</dimen>
    <dimen name="dm547">547px</dimen>
    <dimen name="dm548">548px</dimen>
    <dimen name="dm549">549px</dimen>
    <dimen name="dm550">550px</dimen>
    <dimen name="dm551">551px</dimen>
    <dimen name="dm552">552px</dimen>
    <dimen name="dm553">553px</dimen>
    <dimen name="dm554">554px</dimen>
    <dimen name="dm555">555px</dimen>
    <dimen name="dm556">556px</dimen>
    <dimen name="dm557">557px</dimen>
    <dimen name="dm558">558px</dimen>
    <dimen name="dm559">559px</dimen>
    <dimen name="dm560">560px</dimen>
    <dimen name="dm561">561px</dimen>
    <dimen name="dm562">562px</dimen>
    <dimen name="dm563">563px</dimen>
    <dimen name="dm564">564px</dimen>
    <dimen name="dm565">565px</dimen>
    <dimen name="dm566">566px</dimen>
    <dimen name="dm567">567px</dimen>
    <dimen name="dm568">568px</dimen>
    <dimen name="dm569">569px</dimen>
    <dimen name="dm570">570px</dimen>
    <dimen name="dm571">571px</dimen>
    <dimen name="dm572">572px</dimen>
    <dimen name="dm573">573px</dimen>
    <dimen name="dm574">574px</dimen>
    <dimen name="dm575">575px</dimen>
    <dimen name="dm576">576px</dimen>
    <dimen name="dm577">577px</dimen>
    <dimen name="dm578">578px</dimen>
    <dimen name="dm579">579px</dimen>
    <dimen name="dm580">580px</dimen>
    <dimen name="dm581">581px</dimen>
    <dimen name="dm582">582px</dimen>
    <dimen name="dm583">583px</dimen>
    <dimen name="dm584">584px</dimen>
    <dimen name="dm585">585px</dimen>
    <dimen name="dm586">586px</dimen>
    <dimen name="dm587">587px</dimen>
    <dimen name="dm588">588px</dimen>
    <dimen name="dm589">589px</dimen>
    <dimen name="dm590">590px</dimen>
    <dimen name="dm591">591px</dimen>
    <dimen name="dm592">592px</dimen>
    <dimen name="dm593">593px</dimen>
    <dimen name="dm594">594px</dimen>
    <dimen name="dm595">595px</dimen>
    <dimen name="dm596">596px</dimen>
    <dimen name="dm597">597px</dimen>
    <dimen name="dm598">598px</dimen>
    <dimen name="dm599">599px</dimen>
    <dimen name="dm600">600px</dimen>
    <dimen name="dm601">601px</dimen>
    <dimen name="dm602">602px</dimen>
    <dimen name="dm603">603px</dimen>
    <dimen name="dm604">604px</dimen>
    <dimen name="dm605">605px</dimen>
    <dimen name="dm606">606px</dimen>
    <dimen name="dm607">607px</dimen>
    <dimen name="dm608">608px</dimen>
    <dimen name="dm609">609px</dimen>
    <dimen name="dm610">610px</dimen>
    <dimen name="dm611">611px</dimen>
    <dimen name="dm612">612px</dimen>
    <dimen name="dm613">613px</dimen>
    <dimen name="dm614">614px</dimen>
    <dimen name="dm615">615px</dimen>
    <dimen name="dm616">616px</dimen>
    <dimen name="dm617">617px</dimen>
    <dimen name="dm618">618px</dimen>
    <dimen name="dm619">619px</dimen>
    <dimen name="dm620">620px</dimen>
    <dimen name="dm621">621px</dimen>
    <dimen name="dm622">622px</dimen>
    <dimen name="dm623">623px</dimen>
    <dimen name="dm624">624px</dimen>
    <dimen name="dm625">625px</dimen>
    <dimen name="dm626">626px</dimen>
    <dimen name="dm627">627px</dimen>
    <dimen name="dm628">628px</dimen>
    <dimen name="dm629">629px</dimen>
    <dimen name="dm630">630px</dimen>
    <dimen name="dm631">631px</dimen>
    <dimen name="dm632">632px</dimen>
    <dimen name="dm633">633px</dimen>
    <dimen name="dm634">634px</dimen>
    <dimen name="dm635">635px</dimen>
    <dimen name="dm636">636px</dimen>
    <dimen name="dm637">637px</dimen>
    <dimen name="dm638">638px</dimen>
    <dimen name="dm639">639px</dimen>
    <dimen name="dm640">640px</dimen>
    <dimen name="dm641">641px</dimen>
    <dimen name="dm642">642px</dimen>
    <dimen name="dm643">643px</dimen>
    <dimen name="dm644">644px</dimen>
    <dimen name="dm645">645px</dimen>
    <dimen name="dm646">646px</dimen>
    <dimen name="dm647">647px</dimen>
    <dimen name="dm648">648px</dimen>
    <dimen name="dm649">649px</dimen>
    <dimen name="dm650">650px</dimen>
    <dimen name="dm651">651px</dimen>
    <dimen name="dm652">652px</dimen>
    <dimen name="dm653">653px</dimen>
    <dimen name="dm654">654px</dimen>
    <dimen name="dm655">655px</dimen>
    <dimen name="dm656">656px</dimen>
    <dimen name="dm657">657px</dimen>
    <dimen name="dm658">658px</dimen>
    <dimen name="dm659">659px</dimen>
    <dimen name="dm660">660px</dimen>
    <dimen name="dm661">661px</dimen>
    <dimen name="dm662">662px</dimen>
    <dimen name="dm663">663px</dimen>
    <dimen name="dm664">664px</dimen>
    <dimen name="dm665">665px</dimen>
    <dimen name="dm666">666px</dimen>
    <dimen name="dm667">667px</dimen>
    <dimen name="dm668">668px</dimen>
    <dimen name="dm669">669px</dimen>
    <dimen name="dm670">670px</dimen>
    <dimen name="dm671">671px</dimen>
    <dimen name="dm672">672px</dimen>
    <dimen name="dm673">673px</dimen>
    <dimen name="dm674">674px</dimen>
    <dimen name="dm675">675px</dimen>
    <dimen name="dm676">676px</dimen>
    <dimen name="dm677">677px</dimen>
    <dimen name="dm678">678px</dimen>
    <dimen name="dm679">679px</dimen>
    <dimen name="dm680">680px</dimen>
    <dimen name="dm681">681px</dimen>
    <dimen name="dm682">682px</dimen>
    <dimen name="dm683">683px</dimen>
    <dimen name="dm684">684px</dimen>
    <dimen name="dm685">685px</dimen>
    <dimen name="dm686">686px</dimen>
    <dimen name="dm687">687px</dimen>
    <dimen name="dm688">688px</dimen>
    <dimen name="dm689">689px</dimen>
    <dimen name="dm690">690px</dimen>
    <dimen name="dm691">691px</dimen>
    <dimen name="dm692">692px</dimen>
    <dimen name="dm693">693px</dimen>
    <dimen name="dm694">694px</dimen>
    <dimen name="dm695">695px</dimen>
    <dimen name="dm696">696px</dimen>
    <dimen name="dm697">697px</dimen>
    <dimen name="dm698">698px</dimen>
    <dimen name="dm699">699px</dimen>
    <dimen name="dm700">700px</dimen>
    <dimen name="dm701">701px</dimen>
    <dimen name="dm702">702px</dimen>
    <dimen name="dm703">703px</dimen>
    <dimen name="dm704">704px</dimen>
    <dimen name="dm705">705px</dimen>
    <dimen name="dm706">706px</dimen>
    <dimen name="dm707">707px</dimen>
    <dimen name="dm708">708px</dimen>
    <dimen name="dm709">709px</dimen>
    <dimen name="dm710">710px</dimen>
    <dimen name="dm711">711px</dimen>
    <dimen name="dm712">712px</dimen>
    <dimen name="dm713">713px</dimen>
    <dimen name="dm714">714px</dimen>
    <dimen name="dm715">715px</dimen>
    <dimen name="dm716">716px</dimen>
    <dimen name="dm717">717px</dimen>
    <dimen name="dm718">718px</dimen>
    <dimen name="dm719">719px</dimen>
    <dimen name="dm720">720px</dimen>
    <dimen name="dm721">721px</dimen>
    <dimen name="dm722">722px</dimen>
    <dimen name="dm723">723px</dimen>
    <dimen name="dm724">724px</dimen>
    <dimen name="dm725">725px</dimen>
    <dimen name="dm726">726px</dimen>
    <dimen name="dm727">727px</dimen>
    <dimen name="dm728">728px</dimen>
    <dimen name="dm729">729px</dimen>
    <dimen name="dm730">730px</dimen>
    <dimen name="dm731">731px</dimen>
    <dimen name="dm732">732px</dimen>
    <dimen name="dm733">733px</dimen>
    <dimen name="dm734">734px</dimen>
    <dimen name="dm735">735px</dimen>
    <dimen name="dm736">736px</dimen>
    <dimen name="dm737">737px</dimen>
    <dimen name="dm738">738px</dimen>
    <dimen name="dm739">739px</dimen>
    <dimen name="dm740">740px</dimen>
    <dimen name="dm741">741px</dimen>
    <dimen name="dm742">742px</dimen>
    <dimen name="dm743">743px</dimen>
    <dimen name="dm744">744px</dimen>
    <dimen name="dm745">745px</dimen>
    <dimen name="dm746">746px</dimen>
    <dimen name="dm747">747px</dimen>
    <dimen name="dm748">748px</dimen>
    <dimen name="dm749">749px</dimen>
    <dimen name="dm750">750px</dimen>
    <dimen name="dm751">751px</dimen>
    <dimen name="dm752">752px</dimen>
    <dimen name="dm753">753px</dimen>
    <dimen name="dm754">754px</dimen>
    <dimen name="dm755">755px</dimen>
    <dimen name="dm756">756px</dimen>
    <dimen name="dm757">757px</dimen>
    <dimen name="dm758">758px</dimen>
    <dimen name="dm759">759px</dimen>
    <dimen name="dm760">760px</dimen>
    <dimen name="dm761">761px</dimen>
    <dimen name="dm762">762px</dimen>
    <dimen name="dm763">763px</dimen>
    <dimen name="dm764">764px</dimen>
    <dimen name="dm765">765px</dimen>
    <dimen name="dm766">766px</dimen>
    <dimen name="dm767">767px</dimen>
    <dimen name="dm768">768px</dimen>
    <dimen name="dm769">769px</dimen>
    <dimen name="dm770">770px</dimen>
    <dimen name="dm771">771px</dimen>
    <dimen name="dm772">772px</dimen>
    <dimen name="dm773">773px</dimen>
    <dimen name="dm774">774px</dimen>
    <dimen name="dm775">775px</dimen>
    <dimen name="dm776">776px</dimen>
    <dimen name="dm777">777px</dimen>
    <dimen name="dm778">778px</dimen>
    <dimen name="dm779">779px</dimen>
    <dimen name="dm780">780px</dimen>
    <dimen name="dm781">781px</dimen>
    <dimen name="dm782">782px</dimen>
    <dimen name="dm783">783px</dimen>
    <dimen name="dm784">784px</dimen>
    <dimen name="dm785">785px</dimen>
    <dimen name="dm786">786px</dimen>
    <dimen name="dm787">787px</dimen>
    <dimen name="dm788">788px</dimen>
    <dimen name="dm789">789px</dimen>
    <dimen name="dm790">790px</dimen>
    <dimen name="dm791">791px</dimen>
    <dimen name="dm792">792px</dimen>
    <dimen name="dm793">793px</dimen>
    <dimen name="dm794">794px</dimen>
    <dimen name="dm795">795px</dimen>
    <dimen name="dm796">796px</dimen>
    <dimen name="dm797">797px</dimen>
    <dimen name="dm798">798px</dimen>
    <dimen name="dm799">799px</dimen>
    <dimen name="dm800">800px</dimen>
    <dimen name="dm801">801px</dimen>
    <dimen name="dm802">802px</dimen>
    <dimen name="dm803">803px</dimen>
    <dimen name="dm804">804px</dimen>
    <dimen name="dm805">805px</dimen>
    <dimen name="dm806">806px</dimen>
    <dimen name="dm807">807px</dimen>
    <dimen name="dm808">808px</dimen>
    <dimen name="dm809">809px</dimen>
    <dimen name="dm810">810px</dimen>
    <dimen name="dm811">811px</dimen>
    <dimen name="dm812">812px</dimen>
    <dimen name="dm813">813px</dimen>
    <dimen name="dm814">814px</dimen>
    <dimen name="dm815">815px</dimen>
    <dimen name="dm816">816px</dimen>
    <dimen name="dm817">817px</dimen>
    <dimen name="dm818">818px</dimen>
    <dimen name="dm819">819px</dimen>
    <dimen name="dm820">820px</dimen>
    <dimen name="dm821">821px</dimen>
    <dimen name="dm822">822px</dimen>
    <dimen name="dm823">823px</dimen>
    <dimen name="dm824">824px</dimen>
    <dimen name="dm825">825px</dimen>
    <dimen name="dm826">826px</dimen>
    <dimen name="dm827">827px</dimen>
    <dimen name="dm828">828px</dimen>
    <dimen name="dm829">829px</dimen>
    <dimen name="dm830">830px</dimen>
    <dimen name="dm831">831px</dimen>
    <dimen name="dm832">832px</dimen>
    <dimen name="dm833">833px</dimen>
    <dimen name="dm834">834px</dimen>
    <dimen name="dm835">835px</dimen>
    <dimen name="dm836">836px</dimen>
    <dimen name="dm837">837px</dimen>
    <dimen name="dm838">838px</dimen>
    <dimen name="dm839">839px</dimen>
    <dimen name="dm840">840px</dimen>
    <dimen name="dm841">841px</dimen>
    <dimen name="dm842">842px</dimen>
    <dimen name="dm843">843px</dimen>
    <dimen name="dm844">844px</dimen>
    <dimen name="dm845">845px</dimen>
    <dimen name="dm846">846px</dimen>
    <dimen name="dm847">847px</dimen>
    <dimen name="dm848">848px</dimen>
    <dimen name="dm849">849px</dimen>
    <dimen name="dm850">850px</dimen>
    <dimen name="dm851">851px</dimen>
    <dimen name="dm852">852px</dimen>
    <dimen name="dm853">853px</dimen>
    <dimen name="dm854">854px</dimen>
    <dimen name="dm855">855px</dimen>
    <dimen name="dm856">856px</dimen>
    <dimen name="dm857">857px</dimen>
    <dimen name="dm858">858px</dimen>
    <dimen name="dm859">859px</dimen>
    <dimen name="dm860">860px</dimen>
    <dimen name="dm861">861px</dimen>
    <dimen name="dm862">862px</dimen>
    <dimen name="dm863">863px</dimen>
    <dimen name="dm864">864px</dimen>
    <dimen name="dm865">865px</dimen>
    <dimen name="dm866">866px</dimen>
    <dimen name="dm867">867px</dimen>
    <dimen name="dm868">868px</dimen>
    <dimen name="dm869">869px</dimen>
    <dimen name="dm870">870px</dimen>
    <dimen name="dm871">871px</dimen>
    <dimen name="dm872">872px</dimen>
    <dimen name="dm873">873px</dimen>
    <dimen name="dm874">874px</dimen>
    <dimen name="dm875">875px</dimen>
    <dimen name="dm876">876px</dimen>
    <dimen name="dm877">877px</dimen>
    <dimen name="dm878">878px</dimen>
    <dimen name="dm879">879px</dimen>
    <dimen name="dm880">880px</dimen>
    <dimen name="dm881">881px</dimen>
    <dimen name="dm882">882px</dimen>
    <dimen name="dm883">883px</dimen>
    <dimen name="dm884">884px</dimen>
    <dimen name="dm885">885px</dimen>
    <dimen name="dm886">886px</dimen>
    <dimen name="dm887">887px</dimen>
    <dimen name="dm888">888px</dimen>
    <dimen name="dm889">889px</dimen>
    <dimen name="dm890">890px</dimen>
    <dimen name="dm891">891px</dimen>
    <dimen name="dm892">892px</dimen>
    <dimen name="dm893">893px</dimen>
    <dimen name="dm894">894px</dimen>
    <dimen name="dm895">895px</dimen>
    <dimen name="dm896">896px</dimen>
    <dimen name="dm897">897px</dimen>
    <dimen name="dm898">898px</dimen>
    <dimen name="dm899">899px</dimen>
    <dimen name="dm900">900px</dimen>
    <dimen name="dm901">901px</dimen>
    <dimen name="dm902">902px</dimen>
    <dimen name="dm903">903px</dimen>
    <dimen name="dm904">904px</dimen>
    <dimen name="dm905">905px</dimen>
    <dimen name="dm906">906px</dimen>
    <dimen name="dm907">907px</dimen>
    <dimen name="dm908">908px</dimen>
    <dimen name="dm909">909px</dimen>
    <dimen name="dm910">910px</dimen>
    <dimen name="dm911">911px</dimen>
    <dimen name="dm912">912px</dimen>
    <dimen name="dm913">913px</dimen>
    <dimen name="dm914">914px</dimen>
    <dimen name="dm915">915px</dimen>
    <dimen name="dm916">916px</dimen>
    <dimen name="dm917">917px</dimen>
    <dimen name="dm918">918px</dimen>
    <dimen name="dm919">919px</dimen>
    <dimen name="dm920">920px</dimen>
    <dimen name="dm921">921px</dimen>
    <dimen name="dm922">922px</dimen>
    <dimen name="dm923">923px</dimen>
    <dimen name="dm924">924px</dimen>
    <dimen name="dm925">925px</dimen>
    <dimen name="dm926">926px</dimen>
    <dimen name="dm927">927px</dimen>
    <dimen name="dm928">928px</dimen>
    <dimen name="dm929">929px</dimen>
    <dimen name="dm930">930px</dimen>
    <dimen name="dm931">931px</dimen>
    <dimen name="dm932">932px</dimen>
    <dimen name="dm933">933px</dimen>
    <dimen name="dm934">934px</dimen>
    <dimen name="dm935">935px</dimen>
    <dimen name="dm936">936px</dimen>
    <dimen name="dm937">937px</dimen>
    <dimen name="dm938">938px</dimen>
    <dimen name="dm939">939px</dimen>
    <dimen name="dm940">940px</dimen>
    <dimen name="dm941">941px</dimen>
    <dimen name="dm942">942px</dimen>
    <dimen name="dm943">943px</dimen>
    <dimen name="dm944">944px</dimen>
    <dimen name="dm945">945px</dimen>
    <dimen name="dm946">946px</dimen>
    <dimen name="dm947">947px</dimen>
    <dimen name="dm948">948px</dimen>
    <dimen name="dm949">949px</dimen>
    <dimen name="dm950">950px</dimen>
    <dimen name="dm951">951px</dimen>
    <dimen name="dm952">952px</dimen>
    <dimen name="dm953">953px</dimen>
    <dimen name="dm954">954px</dimen>
    <dimen name="dm955">955px</dimen>
    <dimen name="dm956">956px</dimen>
    <dimen name="dm957">957px</dimen>
    <dimen name="dm958">958px</dimen>
    <dimen name="dm959">959px</dimen>
    <dimen name="dm960">960px</dimen>
    <dimen name="dm961">961px</dimen>
    <dimen name="dm962">962px</dimen>
    <dimen name="dm963">963px</dimen>
    <dimen name="dm964">964px</dimen>
    <dimen name="dm965">965px</dimen>
    <dimen name="dm966">966px</dimen>
    <dimen name="dm967">967px</dimen>
    <dimen name="dm968">968px</dimen>
    <dimen name="dm969">969px</dimen>
    <dimen name="dm970">970px</dimen>
    <dimen name="dm971">971px</dimen>
    <dimen name="dm972">972px</dimen>
    <dimen name="dm973">973px</dimen>
    <dimen name="dm974">974px</dimen>
    <dimen name="dm975">975px</dimen>
    <dimen name="dm976">976px</dimen>
    <dimen name="dm977">977px</dimen>
    <dimen name="dm978">978px</dimen>
    <dimen name="dm979">979px</dimen>
    <dimen name="dm980">980px</dimen>
    <dimen name="dm981">981px</dimen>
    <dimen name="dm982">982px</dimen>
    <dimen name="dm983">983px</dimen>
    <dimen name="dm984">984px</dimen>
    <dimen name="dm985">985px</dimen>
    <dimen name="dm986">986px</dimen>
    <dimen name="dm987">987px</dimen>
    <dimen name="dm988">988px</dimen>
    <dimen name="dm989">989px</dimen>
    <dimen name="dm990">990px</dimen>
    <dimen name="dm991">991px</dimen>
    <dimen name="dm992">992px</dimen>
    <dimen name="dm993">993px</dimen>
    <dimen name="dm994">994px</dimen>
    <dimen name="dm995">995px</dimen>
    <dimen name="dm996">996px</dimen>
    <dimen name="dm997">997px</dimen>
    <dimen name="dm998">998px</dimen>
    <dimen name="dm999">999px</dimen>

</resources>