<resources>

    <dimen name="dm_200">-1279px</dimen>
    <dimen name="dm_199">-1273px</dimen>
    <dimen name="dm_198">-1266px</dimen>
    <dimen name="dm_197">-1260px</dimen>
    <dimen name="dm_196">-1253px</dimen>
    <dimen name="dm_195">-1247px</dimen>
    <dimen name="dm_194">-1241px</dimen>
    <dimen name="dm_193">-1234px</dimen>
    <dimen name="dm_192">-1228px</dimen>
    <dimen name="dm_191">-1221px</dimen>
    <dimen name="dm_190">-1215px</dimen>
    <dimen name="dm_189">-1209px</dimen>
    <dimen name="dm_188">-1202px</dimen>
    <dimen name="dm_187">-1196px</dimen>
    <dimen name="dm_186">-1189px</dimen>
    <dimen name="dm_185">-1183px</dimen>
    <dimen name="dm_184">-1177px</dimen>
    <dimen name="dm_183">-1170px</dimen>
    <dimen name="dm_182">-1164px</dimen>
    <dimen name="dm_181">-1157px</dimen>
    <dimen name="dm_180">-1151px</dimen>
    <dimen name="dm_179">-1145px</dimen>
    <dimen name="dm_178">-1138px</dimen>
    <dimen name="dm_177">-1132px</dimen>
    <dimen name="dm_176">-1125px</dimen>
    <dimen name="dm_175">-1119px</dimen>
    <dimen name="dm_174">-1113px</dimen>
    <dimen name="dm_173">-1106px</dimen>
    <dimen name="dm_172">-1100px</dimen>
    <dimen name="dm_171">-1093px</dimen>
    <dimen name="dm_170">-1087px</dimen>
    <dimen name="dm_169">-1081px</dimen>
    <dimen name="dm_168">-1074px</dimen>
    <dimen name="dm_167">-1068px</dimen>
    <dimen name="dm_166">-1061px</dimen>
    <dimen name="dm_165">-1055px</dimen>
    <dimen name="dm_164">-1049px</dimen>
    <dimen name="dm_163">-1042px</dimen>
    <dimen name="dm_162">-1036px</dimen>
    <dimen name="dm_161">-1029px</dimen>
    <dimen name="dm_160">-1023px</dimen>
    <dimen name="dm_159">-1017px</dimen>
    <dimen name="dm_158">-1010px</dimen>
    <dimen name="dm_157">-1004px</dimen>
    <dimen name="dm_156">-997px</dimen>
    <dimen name="dm_155">-991px</dimen>
    <dimen name="dm_154">-985px</dimen>
    <dimen name="dm_153">-978px</dimen>
    <dimen name="dm_152">-972px</dimen>
    <dimen name="dm_151">-965px</dimen>
    <dimen name="dm_150">-959px</dimen>
    <dimen name="dm_149">-953px</dimen>
    <dimen name="dm_148">-946px</dimen>
    <dimen name="dm_147">-940px</dimen>
    <dimen name="dm_146">-933px</dimen>
    <dimen name="dm_145">-927px</dimen>
    <dimen name="dm_144">-921px</dimen>
    <dimen name="dm_143">-914px</dimen>
    <dimen name="dm_142">-908px</dimen>
    <dimen name="dm_141">-901px</dimen>
    <dimen name="dm_140">-895px</dimen>
    <dimen name="dm_139">-889px</dimen>
    <dimen name="dm_138">-882px</dimen>
    <dimen name="dm_137">-876px</dimen>
    <dimen name="dm_136">-869px</dimen>
    <dimen name="dm_135">-863px</dimen>
    <dimen name="dm_134">-857px</dimen>
    <dimen name="dm_133">-850px</dimen>
    <dimen name="dm_132">-844px</dimen>
    <dimen name="dm_131">-837px</dimen>
    <dimen name="dm_130">-831px</dimen>
    <dimen name="dm_129">-825px</dimen>
    <dimen name="dm_128">-818px</dimen>
    <dimen name="dm_127">-812px</dimen>
    <dimen name="dm_126">-805px</dimen>
    <dimen name="dm_125">-799px</dimen>
    <dimen name="dm_124">-793px</dimen>
    <dimen name="dm_123">-786px</dimen>
    <dimen name="dm_122">-780px</dimen>
    <dimen name="dm_121">-773px</dimen>
    <dimen name="dm_120">-767px</dimen>
    <dimen name="dm_119">-761px</dimen>
    <dimen name="dm_118">-754px</dimen>
    <dimen name="dm_117">-748px</dimen>
    <dimen name="dm_116">-741px</dimen>
    <dimen name="dm_115">-735px</dimen>
    <dimen name="dm_114">-729px</dimen>
    <dimen name="dm_113">-722px</dimen>
    <dimen name="dm_112">-716px</dimen>
    <dimen name="dm_111">-709px</dimen>
    <dimen name="dm_110">-703px</dimen>
    <dimen name="dm_109">-697px</dimen>
    <dimen name="dm_108">-690px</dimen>
    <dimen name="dm_107">-684px</dimen>
    <dimen name="dm_106">-677px</dimen>
    <dimen name="dm_105">-671px</dimen>
    <dimen name="dm_104">-665px</dimen>
    <dimen name="dm_103">-658px</dimen>
    <dimen name="dm_102">-652px</dimen>
    <dimen name="dm_101">-645px</dimen>
    <dimen name="dm_100">-639px</dimen>
    <dimen name="dm_099">-633px</dimen>
    <dimen name="dm_098">-626px</dimen>
    <dimen name="dm_097">-620px</dimen>
    <dimen name="dm_096">-613px</dimen>
    <dimen name="dm_095">-607px</dimen>
    <dimen name="dm_094">-601px</dimen>
    <dimen name="dm_093">-594px</dimen>
    <dimen name="dm_092">-588px</dimen>
    <dimen name="dm_091">-581px</dimen>
    <dimen name="dm_090">-575px</dimen>
    <dimen name="dm_089">-569px</dimen>
    <dimen name="dm_088">-562px</dimen>
    <dimen name="dm_087">-556px</dimen>
    <dimen name="dm_086">-549px</dimen>
    <dimen name="dm_085">-543px</dimen>
    <dimen name="dm_084">-537px</dimen>
    <dimen name="dm_083">-530px</dimen>
    <dimen name="dm_082">-524px</dimen>
    <dimen name="dm_081">-517px</dimen>
    <dimen name="dm_080">-511px</dimen>
    <dimen name="dm_079">-505px</dimen>
    <dimen name="dm_078">-498px</dimen>
    <dimen name="dm_077">-492px</dimen>
    <dimen name="dm_076">-485px</dimen>
    <dimen name="dm_075">-479px</dimen>
    <dimen name="dm_074">-473px</dimen>
    <dimen name="dm_073">-466px</dimen>
    <dimen name="dm_072">-460px</dimen>
    <dimen name="dm_071">-453px</dimen>
    <dimen name="dm_070">-447px</dimen>
    <dimen name="dm_069">-441px</dimen>
    <dimen name="dm_068">-434px</dimen>
    <dimen name="dm_067">-428px</dimen>
    <dimen name="dm_066">-421px</dimen>
    <dimen name="dm_065">-415px</dimen>
    <dimen name="dm_064">-409px</dimen>
    <dimen name="dm_063">-402px</dimen>
    <dimen name="dm_062">-396px</dimen>
    <dimen name="dm_061">-389px</dimen>
    <dimen name="dm_060">-383px</dimen>
    <dimen name="dm_059">-377px</dimen>
    <dimen name="dm_058">-370px</dimen>
    <dimen name="dm_057">-364px</dimen>
    <dimen name="dm_056">-357px</dimen>
    <dimen name="dm_055">-351px</dimen>
    <dimen name="dm_054">-345px</dimen>
    <dimen name="dm_053">-338px</dimen>
    <dimen name="dm_052">-332px</dimen>
    <dimen name="dm_051">-325px</dimen>
    <dimen name="dm_050">-319px</dimen>
    <dimen name="dm_049">-313px</dimen>
    <dimen name="dm_048">-306px</dimen>
    <dimen name="dm_047">-300px</dimen>
    <dimen name="dm_046">-293px</dimen>
    <dimen name="dm_045">-287px</dimen>
    <dimen name="dm_044">-281px</dimen>
    <dimen name="dm_043">-274px</dimen>
    <dimen name="dm_042">-268px</dimen>
    <dimen name="dm_041">-261px</dimen>
    <dimen name="dm_040">-255px</dimen>
    <dimen name="dm_039">-249px</dimen>
    <dimen name="dm_038">-242px</dimen>
    <dimen name="dm_037">-236px</dimen>
    <dimen name="dm_036">-229px</dimen>
    <dimen name="dm_035">-223px</dimen>
    <dimen name="dm_034">-217px</dimen>
    <dimen name="dm_033">-210px</dimen>
    <dimen name="dm_032">-204px</dimen>
    <dimen name="dm_031">-197px</dimen>
    <dimen name="dm_030">-191px</dimen>
    <dimen name="dm_029">-185px</dimen>
    <dimen name="dm_028">-178px</dimen>
    <dimen name="dm_027">-172px</dimen>
    <dimen name="dm_026">-165px</dimen>
    <dimen name="dm_025">-159px</dimen>
    <dimen name="dm_024">-153px</dimen>
    <dimen name="dm_023">-146px</dimen>
    <dimen name="dm_022">-140px</dimen>
    <dimen name="dm_021">-133px</dimen>
    <dimen name="dm_020">-127px</dimen>
    <dimen name="dm_019">-121px</dimen>
    <dimen name="dm_018">-114px</dimen>
    <dimen name="dm_017">-108px</dimen>
    <dimen name="dm_016">-101px</dimen>
    <dimen name="dm_015">-95px</dimen>
    <dimen name="dm_014">-89px</dimen>
    <dimen name="dm_013">-82px</dimen>
    <dimen name="dm_012">-76px</dimen>
    <dimen name="dm_011">-69px</dimen>
    <dimen name="dm_010">-63px</dimen>
    <dimen name="dm_009">-57px</dimen>
    <dimen name="dm_008">-50px</dimen>
    <dimen name="dm_007">-44px</dimen>
    <dimen name="dm_006">-37px</dimen>
    <dimen name="dm_005">-31px</dimen>
    <dimen name="dm_004">-25px</dimen>
    <dimen name="dm_003">-18px</dimen>
    <dimen name="dm_002">-12px</dimen>
    <dimen name="dm_001">-5px</dimen>
    <dimen name="dm000">0px</dimen>
    <dimen name="dm001">6px</dimen>
    <dimen name="dm002">13px</dimen>
    <dimen name="dm003">19px</dimen>
    <dimen name="dm004">26px</dimen>
    <dimen name="dm005">32px</dimen>
    <dimen name="dm006">38px</dimen>
    <dimen name="dm007">45px</dimen>
    <dimen name="dm008">51px</dimen>
    <dimen name="dm009">58px</dimen>
    <dimen name="dm010">64px</dimen>
    <dimen name="dm011">70px</dimen>
    <dimen name="dm012">77px</dimen>
    <dimen name="dm013">83px</dimen>
    <dimen name="dm014">90px</dimen>
    <dimen name="dm015">96px</dimen>
    <dimen name="dm016">102px</dimen>
    <dimen name="dm017">109px</dimen>
    <dimen name="dm018">115px</dimen>
    <dimen name="dm019">122px</dimen>
    <dimen name="dm020">128px</dimen>
    <dimen name="dm021">134px</dimen>
    <dimen name="dm022">141px</dimen>
    <dimen name="dm023">147px</dimen>
    <dimen name="dm024">154px</dimen>
    <dimen name="dm025">160px</dimen>
    <dimen name="dm026">166px</dimen>
    <dimen name="dm027">173px</dimen>
    <dimen name="dm028">179px</dimen>
    <dimen name="dm029">186px</dimen>
    <dimen name="dm030">192px</dimen>
    <dimen name="dm031">198px</dimen>
    <dimen name="dm032">205px</dimen>
    <dimen name="dm033">211px</dimen>
    <dimen name="dm034">218px</dimen>
    <dimen name="dm035">224px</dimen>
    <dimen name="dm036">230px</dimen>
    <dimen name="dm037">237px</dimen>
    <dimen name="dm038">243px</dimen>
    <dimen name="dm039">250px</dimen>
    <dimen name="dm040">256px</dimen>
    <dimen name="dm041">262px</dimen>
    <dimen name="dm042">269px</dimen>
    <dimen name="dm043">275px</dimen>
    <dimen name="dm044">282px</dimen>
    <dimen name="dm045">288px</dimen>
    <dimen name="dm046">294px</dimen>
    <dimen name="dm047">301px</dimen>
    <dimen name="dm048">307px</dimen>
    <dimen name="dm049">314px</dimen>
    <dimen name="dm050">320px</dimen>
    <dimen name="dm051">326px</dimen>
    <dimen name="dm052">333px</dimen>
    <dimen name="dm053">339px</dimen>
    <dimen name="dm054">346px</dimen>
    <dimen name="dm055">352px</dimen>
    <dimen name="dm056">358px</dimen>
    <dimen name="dm057">365px</dimen>
    <dimen name="dm058">371px</dimen>
    <dimen name="dm059">378px</dimen>
    <dimen name="dm060">384px</dimen>
    <dimen name="dm061">390px</dimen>
    <dimen name="dm062">397px</dimen>
    <dimen name="dm063">403px</dimen>
    <dimen name="dm064">410px</dimen>
    <dimen name="dm065">416px</dimen>
    <dimen name="dm066">422px</dimen>
    <dimen name="dm067">429px</dimen>
    <dimen name="dm068">435px</dimen>
    <dimen name="dm069">442px</dimen>
    <dimen name="dm070">448px</dimen>
    <dimen name="dm071">454px</dimen>
    <dimen name="dm072">461px</dimen>
    <dimen name="dm073">467px</dimen>
    <dimen name="dm074">474px</dimen>
    <dimen name="dm075">480px</dimen>
    <dimen name="dm076">486px</dimen>
    <dimen name="dm077">493px</dimen>
    <dimen name="dm078">499px</dimen>
    <dimen name="dm079">506px</dimen>
    <dimen name="dm080">512px</dimen>
    <dimen name="dm081">518px</dimen>
    <dimen name="dm082">525px</dimen>
    <dimen name="dm083">531px</dimen>
    <dimen name="dm084">538px</dimen>
    <dimen name="dm085">544px</dimen>
    <dimen name="dm086">550px</dimen>
    <dimen name="dm087">557px</dimen>
    <dimen name="dm088">563px</dimen>
    <dimen name="dm089">570px</dimen>
    <dimen name="dm090">576px</dimen>
    <dimen name="dm091">582px</dimen>
    <dimen name="dm092">589px</dimen>
    <dimen name="dm093">595px</dimen>
    <dimen name="dm094">602px</dimen>
    <dimen name="dm095">608px</dimen>
    <dimen name="dm096">614px</dimen>
    <dimen name="dm097">621px</dimen>
    <dimen name="dm098">627px</dimen>
    <dimen name="dm099">634px</dimen>
    <dimen name="dm100">640px</dimen>
    <dimen name="dm101">646px</dimen>
    <dimen name="dm102">653px</dimen>
    <dimen name="dm103">659px</dimen>
    <dimen name="dm104">666px</dimen>
    <dimen name="dm105">672px</dimen>
    <dimen name="dm106">678px</dimen>
    <dimen name="dm107">685px</dimen>
    <dimen name="dm108">691px</dimen>
    <dimen name="dm109">698px</dimen>
    <dimen name="dm110">704px</dimen>
    <dimen name="dm111">710px</dimen>
    <dimen name="dm112">717px</dimen>
    <dimen name="dm113">723px</dimen>
    <dimen name="dm114">730px</dimen>
    <dimen name="dm115">736px</dimen>
    <dimen name="dm116">742px</dimen>
    <dimen name="dm117">749px</dimen>
    <dimen name="dm118">755px</dimen>
    <dimen name="dm119">762px</dimen>
    <dimen name="dm120">768px</dimen>
    <dimen name="dm121">774px</dimen>
    <dimen name="dm122">781px</dimen>
    <dimen name="dm123">787px</dimen>
    <dimen name="dm124">794px</dimen>
    <dimen name="dm125">800px</dimen>
    <dimen name="dm126">806px</dimen>
    <dimen name="dm127">813px</dimen>
    <dimen name="dm128">819px</dimen>
    <dimen name="dm129">826px</dimen>
    <dimen name="dm130">832px</dimen>
    <dimen name="dm131">838px</dimen>
    <dimen name="dm132">845px</dimen>
    <dimen name="dm133">851px</dimen>
    <dimen name="dm134">858px</dimen>
    <dimen name="dm135">864px</dimen>
    <dimen name="dm136">870px</dimen>
    <dimen name="dm137">877px</dimen>
    <dimen name="dm138">883px</dimen>
    <dimen name="dm139">890px</dimen>
    <dimen name="dm140">896px</dimen>
    <dimen name="dm141">902px</dimen>
    <dimen name="dm142">909px</dimen>
    <dimen name="dm143">915px</dimen>
    <dimen name="dm144">922px</dimen>
    <dimen name="dm145">928px</dimen>
    <dimen name="dm146">934px</dimen>
    <dimen name="dm147">941px</dimen>
    <dimen name="dm148">947px</dimen>
    <dimen name="dm149">954px</dimen>
    <dimen name="dm150">960px</dimen>
    <dimen name="dm151">966px</dimen>
    <dimen name="dm152">973px</dimen>
    <dimen name="dm153">979px</dimen>
    <dimen name="dm154">986px</dimen>
    <dimen name="dm155">992px</dimen>
    <dimen name="dm156">998px</dimen>
    <dimen name="dm157">1005px</dimen>
    <dimen name="dm158">1011px</dimen>
    <dimen name="dm159">1018px</dimen>
    <dimen name="dm160">1024px</dimen>
    <dimen name="dm161">1030px</dimen>
    <dimen name="dm162">1037px</dimen>
    <dimen name="dm163">1043px</dimen>
    <dimen name="dm164">1050px</dimen>
    <dimen name="dm165">1056px</dimen>
    <dimen name="dm166">1062px</dimen>
    <dimen name="dm167">1069px</dimen>
    <dimen name="dm168">1075px</dimen>
    <dimen name="dm169">1082px</dimen>
    <dimen name="dm170">1088px</dimen>
    <dimen name="dm171">1094px</dimen>
    <dimen name="dm172">1101px</dimen>
    <dimen name="dm173">1107px</dimen>
    <dimen name="dm174">1114px</dimen>
    <dimen name="dm175">1120px</dimen>
    <dimen name="dm176">1126px</dimen>
    <dimen name="dm177">1133px</dimen>
    <dimen name="dm178">1139px</dimen>
    <dimen name="dm179">1146px</dimen>
    <dimen name="dm180">1152px</dimen>
    <dimen name="dm181">1158px</dimen>
    <dimen name="dm182">1165px</dimen>
    <dimen name="dm183">1171px</dimen>
    <dimen name="dm184">1178px</dimen>
    <dimen name="dm185">1184px</dimen>
    <dimen name="dm186">1190px</dimen>
    <dimen name="dm187">1197px</dimen>
    <dimen name="dm188">1203px</dimen>
    <dimen name="dm189">1210px</dimen>
    <dimen name="dm190">1216px</dimen>
    <dimen name="dm191">1222px</dimen>
    <dimen name="dm192">1229px</dimen>
    <dimen name="dm193">1235px</dimen>
    <dimen name="dm194">1242px</dimen>
    <dimen name="dm195">1248px</dimen>
    <dimen name="dm196">1254px</dimen>
    <dimen name="dm197">1261px</dimen>
    <dimen name="dm198">1267px</dimen>
    <dimen name="dm199">1274px</dimen>
    <dimen name="dm200">1280px</dimen>
    <dimen name="dm201">1286px</dimen>
    <dimen name="dm202">1293px</dimen>
    <dimen name="dm203">1299px</dimen>
    <dimen name="dm204">1306px</dimen>
    <dimen name="dm205">1312px</dimen>
    <dimen name="dm206">1318px</dimen>
    <dimen name="dm207">1325px</dimen>
    <dimen name="dm208">1331px</dimen>
    <dimen name="dm209">1338px</dimen>
    <dimen name="dm210">1344px</dimen>
    <dimen name="dm211">1350px</dimen>
    <dimen name="dm212">1357px</dimen>
    <dimen name="dm213">1363px</dimen>
    <dimen name="dm214">1370px</dimen>
    <dimen name="dm215">1376px</dimen>
    <dimen name="dm216">1382px</dimen>
    <dimen name="dm217">1389px</dimen>
    <dimen name="dm218">1395px</dimen>
    <dimen name="dm219">1402px</dimen>
    <dimen name="dm220">1408px</dimen>
    <dimen name="dm221">1414px</dimen>
    <dimen name="dm222">1421px</dimen>
    <dimen name="dm223">1427px</dimen>
    <dimen name="dm224">1434px</dimen>
    <dimen name="dm225">1440px</dimen>
    <dimen name="dm226">1446px</dimen>
    <dimen name="dm227">1453px</dimen>
    <dimen name="dm228">1459px</dimen>
    <dimen name="dm229">1466px</dimen>
    <dimen name="dm230">1472px</dimen>
    <dimen name="dm231">1478px</dimen>
    <dimen name="dm232">1485px</dimen>
    <dimen name="dm233">1491px</dimen>
    <dimen name="dm234">1498px</dimen>
    <dimen name="dm235">1504px</dimen>
    <dimen name="dm236">1510px</dimen>
    <dimen name="dm237">1517px</dimen>
    <dimen name="dm238">1523px</dimen>
    <dimen name="dm239">1530px</dimen>
    <dimen name="dm240">1536px</dimen>
    <dimen name="dm241">1542px</dimen>
    <dimen name="dm242">1549px</dimen>
    <dimen name="dm243">1555px</dimen>
    <dimen name="dm244">1562px</dimen>
    <dimen name="dm245">1568px</dimen>
    <dimen name="dm246">1574px</dimen>
    <dimen name="dm247">1581px</dimen>
    <dimen name="dm248">1587px</dimen>
    <dimen name="dm249">1594px</dimen>
    <dimen name="dm250">1600px</dimen>
    <dimen name="dm251">1606px</dimen>
    <dimen name="dm252">1613px</dimen>
    <dimen name="dm253">1619px</dimen>
    <dimen name="dm254">1626px</dimen>
    <dimen name="dm255">1632px</dimen>
    <dimen name="dm256">1638px</dimen>
    <dimen name="dm257">1645px</dimen>
    <dimen name="dm258">1651px</dimen>
    <dimen name="dm259">1658px</dimen>
    <dimen name="dm260">1664px</dimen>
    <dimen name="dm261">1670px</dimen>
    <dimen name="dm262">1677px</dimen>
    <dimen name="dm263">1683px</dimen>
    <dimen name="dm264">1690px</dimen>
    <dimen name="dm265">1696px</dimen>
    <dimen name="dm266">1702px</dimen>
    <dimen name="dm267">1709px</dimen>
    <dimen name="dm268">1715px</dimen>
    <dimen name="dm269">1722px</dimen>
    <dimen name="dm270">1728px</dimen>
    <dimen name="dm271">1734px</dimen>
    <dimen name="dm272">1741px</dimen>
    <dimen name="dm273">1747px</dimen>
    <dimen name="dm274">1754px</dimen>
    <dimen name="dm275">1760px</dimen>
    <dimen name="dm276">1766px</dimen>
    <dimen name="dm277">1773px</dimen>
    <dimen name="dm278">1779px</dimen>
    <dimen name="dm279">1786px</dimen>
    <dimen name="dm280">1792px</dimen>
    <dimen name="dm281">1798px</dimen>
    <dimen name="dm282">1805px</dimen>
    <dimen name="dm283">1811px</dimen>
    <dimen name="dm284">1818px</dimen>
    <dimen name="dm285">1824px</dimen>
    <dimen name="dm286">1830px</dimen>
    <dimen name="dm287">1837px</dimen>
    <dimen name="dm288">1843px</dimen>
    <dimen name="dm289">1850px</dimen>
    <dimen name="dm290">1856px</dimen>
    <dimen name="dm291">1862px</dimen>
    <dimen name="dm292">1869px</dimen>
    <dimen name="dm293">1875px</dimen>
    <dimen name="dm294">1882px</dimen>
    <dimen name="dm295">1888px</dimen>
    <dimen name="dm296">1894px</dimen>
    <dimen name="dm297">1901px</dimen>
    <dimen name="dm298">1907px</dimen>
    <dimen name="dm299">1914px</dimen>
    <dimen name="dm300">1920px</dimen>
    <dimen name="dm301">1926px</dimen>
    <dimen name="dm302">1933px</dimen>
    <dimen name="dm303">1939px</dimen>
    <dimen name="dm304">1946px</dimen>
    <dimen name="dm305">1952px</dimen>
    <dimen name="dm306">1958px</dimen>
    <dimen name="dm307">1965px</dimen>
    <dimen name="dm308">1971px</dimen>
    <dimen name="dm309">1978px</dimen>
    <dimen name="dm310">1984px</dimen>
    <dimen name="dm311">1990px</dimen>
    <dimen name="dm312">1997px</dimen>
    <dimen name="dm313">2003px</dimen>
    <dimen name="dm314">2010px</dimen>
    <dimen name="dm315">2016px</dimen>
    <dimen name="dm316">2022px</dimen>
    <dimen name="dm317">2029px</dimen>
    <dimen name="dm318">2035px</dimen>
    <dimen name="dm319">2042px</dimen>
    <dimen name="dm320">2048px</dimen>
    <dimen name="dm321">2054px</dimen>
    <dimen name="dm322">2061px</dimen>
    <dimen name="dm323">2067px</dimen>
    <dimen name="dm324">2074px</dimen>
    <dimen name="dm325">2080px</dimen>
    <dimen name="dm326">2086px</dimen>
    <dimen name="dm327">2093px</dimen>
    <dimen name="dm328">2099px</dimen>
    <dimen name="dm329">2106px</dimen>
    <dimen name="dm330">2112px</dimen>
    <dimen name="dm331">2118px</dimen>
    <dimen name="dm332">2125px</dimen>
    <dimen name="dm333">2131px</dimen>
    <dimen name="dm334">2138px</dimen>
    <dimen name="dm335">2144px</dimen>
    <dimen name="dm336">2150px</dimen>
    <dimen name="dm337">2157px</dimen>
    <dimen name="dm338">2163px</dimen>
    <dimen name="dm339">2170px</dimen>
    <dimen name="dm340">2176px</dimen>
    <dimen name="dm341">2182px</dimen>
    <dimen name="dm342">2189px</dimen>
    <dimen name="dm343">2195px</dimen>
    <dimen name="dm344">2202px</dimen>
    <dimen name="dm345">2208px</dimen>
    <dimen name="dm346">2214px</dimen>
    <dimen name="dm347">2221px</dimen>
    <dimen name="dm348">2227px</dimen>
    <dimen name="dm349">2234px</dimen>
    <dimen name="dm350">2240px</dimen>
    <dimen name="dm351">2246px</dimen>
    <dimen name="dm352">2253px</dimen>
    <dimen name="dm353">2259px</dimen>
    <dimen name="dm354">2266px</dimen>
    <dimen name="dm355">2272px</dimen>
    <dimen name="dm356">2278px</dimen>
    <dimen name="dm357">2285px</dimen>
    <dimen name="dm358">2291px</dimen>
    <dimen name="dm359">2298px</dimen>
    <dimen name="dm360">2304px</dimen>
    <dimen name="dm361">2310px</dimen>
    <dimen name="dm362">2317px</dimen>
    <dimen name="dm363">2323px</dimen>
    <dimen name="dm364">2330px</dimen>
    <dimen name="dm365">2336px</dimen>
    <dimen name="dm366">2342px</dimen>
    <dimen name="dm367">2349px</dimen>
    <dimen name="dm368">2355px</dimen>
    <dimen name="dm369">2362px</dimen>
    <dimen name="dm370">2368px</dimen>
    <dimen name="dm371">2374px</dimen>
    <dimen name="dm372">2381px</dimen>
    <dimen name="dm373">2387px</dimen>
    <dimen name="dm374">2394px</dimen>
    <dimen name="dm375">2400px</dimen>
    <dimen name="dm376">2406px</dimen>
    <dimen name="dm377">2413px</dimen>
    <dimen name="dm378">2419px</dimen>
    <dimen name="dm379">2426px</dimen>
    <dimen name="dm380">2432px</dimen>
    <dimen name="dm381">2438px</dimen>
    <dimen name="dm382">2445px</dimen>
    <dimen name="dm383">2451px</dimen>
    <dimen name="dm384">2458px</dimen>
    <dimen name="dm385">2464px</dimen>
    <dimen name="dm386">2470px</dimen>
    <dimen name="dm387">2477px</dimen>
    <dimen name="dm388">2483px</dimen>
    <dimen name="dm389">2490px</dimen>
    <dimen name="dm390">2496px</dimen>
    <dimen name="dm391">2502px</dimen>
    <dimen name="dm392">2509px</dimen>
    <dimen name="dm393">2515px</dimen>
    <dimen name="dm394">2522px</dimen>
    <dimen name="dm395">2528px</dimen>
    <dimen name="dm396">2534px</dimen>
    <dimen name="dm397">2541px</dimen>
    <dimen name="dm398">2547px</dimen>
    <dimen name="dm399">2554px</dimen>
    <dimen name="dm400">2560px</dimen>
    <dimen name="dm401">2566px</dimen>
    <dimen name="dm402">2573px</dimen>
    <dimen name="dm403">2579px</dimen>
    <dimen name="dm404">2586px</dimen>
    <dimen name="dm405">2592px</dimen>
    <dimen name="dm406">2598px</dimen>
    <dimen name="dm407">2605px</dimen>
    <dimen name="dm408">2611px</dimen>
    <dimen name="dm409">2618px</dimen>
    <dimen name="dm410">2624px</dimen>
    <dimen name="dm411">2630px</dimen>
    <dimen name="dm412">2637px</dimen>
    <dimen name="dm413">2643px</dimen>
    <dimen name="dm414">2650px</dimen>
    <dimen name="dm415">2656px</dimen>
    <dimen name="dm416">2662px</dimen>
    <dimen name="dm417">2669px</dimen>
    <dimen name="dm418">2675px</dimen>
    <dimen name="dm419">2682px</dimen>
    <dimen name="dm420">2688px</dimen>
    <dimen name="dm421">2694px</dimen>
    <dimen name="dm422">2701px</dimen>
    <dimen name="dm423">2707px</dimen>
    <dimen name="dm424">2714px</dimen>
    <dimen name="dm425">2720px</dimen>
    <dimen name="dm426">2726px</dimen>
    <dimen name="dm427">2733px</dimen>
    <dimen name="dm428">2739px</dimen>
    <dimen name="dm429">2746px</dimen>
    <dimen name="dm430">2752px</dimen>
    <dimen name="dm431">2758px</dimen>
    <dimen name="dm432">2765px</dimen>
    <dimen name="dm433">2771px</dimen>
    <dimen name="dm434">2778px</dimen>
    <dimen name="dm435">2784px</dimen>
    <dimen name="dm436">2790px</dimen>
    <dimen name="dm437">2797px</dimen>
    <dimen name="dm438">2803px</dimen>
    <dimen name="dm439">2810px</dimen>
    <dimen name="dm440">2816px</dimen>
    <dimen name="dm441">2822px</dimen>
    <dimen name="dm442">2829px</dimen>
    <dimen name="dm443">2835px</dimen>
    <dimen name="dm444">2842px</dimen>
    <dimen name="dm445">2848px</dimen>
    <dimen name="dm446">2854px</dimen>
    <dimen name="dm447">2861px</dimen>
    <dimen name="dm448">2867px</dimen>
    <dimen name="dm449">2874px</dimen>
    <dimen name="dm450">2880px</dimen>
    <dimen name="dm451">2886px</dimen>
    <dimen name="dm452">2893px</dimen>
    <dimen name="dm453">2899px</dimen>
    <dimen name="dm454">2906px</dimen>
    <dimen name="dm455">2912px</dimen>
    <dimen name="dm456">2918px</dimen>
    <dimen name="dm457">2925px</dimen>
    <dimen name="dm458">2931px</dimen>
    <dimen name="dm459">2938px</dimen>
    <dimen name="dm460">2944px</dimen>
    <dimen name="dm461">2950px</dimen>
    <dimen name="dm462">2957px</dimen>
    <dimen name="dm463">2963px</dimen>
    <dimen name="dm464">2970px</dimen>
    <dimen name="dm465">2976px</dimen>
    <dimen name="dm466">2982px</dimen>
    <dimen name="dm467">2989px</dimen>
    <dimen name="dm468">2995px</dimen>
    <dimen name="dm469">3002px</dimen>
    <dimen name="dm470">3008px</dimen>
    <dimen name="dm471">3014px</dimen>
    <dimen name="dm472">3021px</dimen>
    <dimen name="dm473">3027px</dimen>
    <dimen name="dm474">3034px</dimen>
    <dimen name="dm475">3040px</dimen>
    <dimen name="dm476">3046px</dimen>
    <dimen name="dm477">3053px</dimen>
    <dimen name="dm478">3059px</dimen>
    <dimen name="dm479">3066px</dimen>
    <dimen name="dm480">3072px</dimen>
    <dimen name="dm481">3078px</dimen>
    <dimen name="dm482">3085px</dimen>
    <dimen name="dm483">3091px</dimen>
    <dimen name="dm484">3098px</dimen>
    <dimen name="dm485">3104px</dimen>
    <dimen name="dm486">3110px</dimen>
    <dimen name="dm487">3117px</dimen>
    <dimen name="dm488">3123px</dimen>
    <dimen name="dm489">3130px</dimen>
    <dimen name="dm490">3136px</dimen>
    <dimen name="dm491">3142px</dimen>
    <dimen name="dm492">3149px</dimen>
    <dimen name="dm493">3155px</dimen>
    <dimen name="dm494">3162px</dimen>
    <dimen name="dm495">3168px</dimen>
    <dimen name="dm496">3174px</dimen>
    <dimen name="dm497">3181px</dimen>
    <dimen name="dm498">3187px</dimen>
    <dimen name="dm499">3194px</dimen>
    <dimen name="dm500">3200px</dimen>
    <dimen name="dm501">3206px</dimen>
    <dimen name="dm502">3213px</dimen>
    <dimen name="dm503">3219px</dimen>
    <dimen name="dm504">3226px</dimen>
    <dimen name="dm505">3232px</dimen>
    <dimen name="dm506">3238px</dimen>
    <dimen name="dm507">3245px</dimen>
    <dimen name="dm508">3251px</dimen>
    <dimen name="dm509">3258px</dimen>
    <dimen name="dm510">3264px</dimen>
    <dimen name="dm511">3270px</dimen>
    <dimen name="dm512">3277px</dimen>
    <dimen name="dm513">3283px</dimen>
    <dimen name="dm514">3290px</dimen>
    <dimen name="dm515">3296px</dimen>
    <dimen name="dm516">3302px</dimen>
    <dimen name="dm517">3309px</dimen>
    <dimen name="dm518">3315px</dimen>
    <dimen name="dm519">3322px</dimen>
    <dimen name="dm520">3328px</dimen>
    <dimen name="dm521">3334px</dimen>
    <dimen name="dm522">3341px</dimen>
    <dimen name="dm523">3347px</dimen>
    <dimen name="dm524">3354px</dimen>
    <dimen name="dm525">3360px</dimen>
    <dimen name="dm526">3366px</dimen>
    <dimen name="dm527">3373px</dimen>
    <dimen name="dm528">3379px</dimen>
    <dimen name="dm529">3386px</dimen>
    <dimen name="dm530">3392px</dimen>
    <dimen name="dm531">3398px</dimen>
    <dimen name="dm532">3405px</dimen>
    <dimen name="dm533">3411px</dimen>
    <dimen name="dm534">3418px</dimen>
    <dimen name="dm535">3424px</dimen>
    <dimen name="dm536">3430px</dimen>
    <dimen name="dm537">3437px</dimen>
    <dimen name="dm538">3443px</dimen>
    <dimen name="dm539">3450px</dimen>
    <dimen name="dm540">3456px</dimen>
    <dimen name="dm541">3462px</dimen>
    <dimen name="dm542">3469px</dimen>
    <dimen name="dm543">3475px</dimen>
    <dimen name="dm544">3482px</dimen>
    <dimen name="dm545">3488px</dimen>
    <dimen name="dm546">3494px</dimen>
    <dimen name="dm547">3501px</dimen>
    <dimen name="dm548">3507px</dimen>
    <dimen name="dm549">3514px</dimen>
    <dimen name="dm550">3520px</dimen>
    <dimen name="dm551">3526px</dimen>
    <dimen name="dm552">3533px</dimen>
    <dimen name="dm553">3539px</dimen>
    <dimen name="dm554">3546px</dimen>
    <dimen name="dm555">3552px</dimen>
    <dimen name="dm556">3558px</dimen>
    <dimen name="dm557">3565px</dimen>
    <dimen name="dm558">3571px</dimen>
    <dimen name="dm559">3578px</dimen>
    <dimen name="dm560">3584px</dimen>
    <dimen name="dm561">3590px</dimen>
    <dimen name="dm562">3597px</dimen>
    <dimen name="dm563">3603px</dimen>
    <dimen name="dm564">3610px</dimen>
    <dimen name="dm565">3616px</dimen>
    <dimen name="dm566">3622px</dimen>
    <dimen name="dm567">3629px</dimen>
    <dimen name="dm568">3635px</dimen>
    <dimen name="dm569">3642px</dimen>
    <dimen name="dm570">3648px</dimen>
    <dimen name="dm571">3654px</dimen>
    <dimen name="dm572">3661px</dimen>
    <dimen name="dm573">3667px</dimen>
    <dimen name="dm574">3674px</dimen>
    <dimen name="dm575">3680px</dimen>
    <dimen name="dm576">3686px</dimen>
    <dimen name="dm577">3693px</dimen>
    <dimen name="dm578">3699px</dimen>
    <dimen name="dm579">3706px</dimen>
    <dimen name="dm580">3712px</dimen>
    <dimen name="dm581">3718px</dimen>
    <dimen name="dm582">3725px</dimen>
    <dimen name="dm583">3731px</dimen>
    <dimen name="dm584">3738px</dimen>
    <dimen name="dm585">3744px</dimen>
    <dimen name="dm586">3750px</dimen>
    <dimen name="dm587">3757px</dimen>
    <dimen name="dm588">3763px</dimen>
    <dimen name="dm589">3770px</dimen>
    <dimen name="dm590">3776px</dimen>
    <dimen name="dm591">3782px</dimen>
    <dimen name="dm592">3789px</dimen>
    <dimen name="dm593">3795px</dimen>
    <dimen name="dm594">3802px</dimen>
    <dimen name="dm595">3808px</dimen>
    <dimen name="dm596">3814px</dimen>
    <dimen name="dm597">3821px</dimen>
    <dimen name="dm598">3827px</dimen>
    <dimen name="dm599">3834px</dimen>
    <dimen name="dm600">3840px</dimen>
    <dimen name="dm601">3846px</dimen>
    <dimen name="dm602">3853px</dimen>
    <dimen name="dm603">3859px</dimen>
    <dimen name="dm604">3866px</dimen>
    <dimen name="dm605">3872px</dimen>
    <dimen name="dm606">3878px</dimen>
    <dimen name="dm607">3885px</dimen>
    <dimen name="dm608">3891px</dimen>
    <dimen name="dm609">3898px</dimen>
    <dimen name="dm610">3904px</dimen>
    <dimen name="dm611">3910px</dimen>
    <dimen name="dm612">3917px</dimen>
    <dimen name="dm613">3923px</dimen>
    <dimen name="dm614">3930px</dimen>
    <dimen name="dm615">3936px</dimen>
    <dimen name="dm616">3942px</dimen>
    <dimen name="dm617">3949px</dimen>
    <dimen name="dm618">3955px</dimen>
    <dimen name="dm619">3962px</dimen>
    <dimen name="dm620">3968px</dimen>
    <dimen name="dm621">3974px</dimen>
    <dimen name="dm622">3981px</dimen>
    <dimen name="dm623">3987px</dimen>
    <dimen name="dm624">3994px</dimen>
    <dimen name="dm625">4000px</dimen>
    <dimen name="dm626">4006px</dimen>
    <dimen name="dm627">4013px</dimen>
    <dimen name="dm628">4019px</dimen>
    <dimen name="dm629">4026px</dimen>
    <dimen name="dm630">4032px</dimen>
    <dimen name="dm631">4038px</dimen>
    <dimen name="dm632">4045px</dimen>
    <dimen name="dm633">4051px</dimen>
    <dimen name="dm634">4058px</dimen>
    <dimen name="dm635">4064px</dimen>
    <dimen name="dm636">4070px</dimen>
    <dimen name="dm637">4077px</dimen>
    <dimen name="dm638">4083px</dimen>
    <dimen name="dm639">4090px</dimen>
    <dimen name="dm640">4096px</dimen>
    <dimen name="dm641">4102px</dimen>
    <dimen name="dm642">4109px</dimen>
    <dimen name="dm643">4115px</dimen>
    <dimen name="dm644">4122px</dimen>
    <dimen name="dm645">4128px</dimen>
    <dimen name="dm646">4134px</dimen>
    <dimen name="dm647">4141px</dimen>
    <dimen name="dm648">4147px</dimen>
    <dimen name="dm649">4154px</dimen>
    <dimen name="dm650">4160px</dimen>
    <dimen name="dm651">4166px</dimen>
    <dimen name="dm652">4173px</dimen>
    <dimen name="dm653">4179px</dimen>
    <dimen name="dm654">4186px</dimen>
    <dimen name="dm655">4192px</dimen>
    <dimen name="dm656">4198px</dimen>
    <dimen name="dm657">4205px</dimen>
    <dimen name="dm658">4211px</dimen>
    <dimen name="dm659">4218px</dimen>
    <dimen name="dm660">4224px</dimen>
    <dimen name="dm661">4230px</dimen>
    <dimen name="dm662">4237px</dimen>
    <dimen name="dm663">4243px</dimen>
    <dimen name="dm664">4250px</dimen>
    <dimen name="dm665">4256px</dimen>
    <dimen name="dm666">4262px</dimen>
    <dimen name="dm667">4269px</dimen>
    <dimen name="dm668">4275px</dimen>
    <dimen name="dm669">4282px</dimen>
    <dimen name="dm670">4288px</dimen>
    <dimen name="dm671">4294px</dimen>
    <dimen name="dm672">4301px</dimen>
    <dimen name="dm673">4307px</dimen>
    <dimen name="dm674">4314px</dimen>
    <dimen name="dm675">4320px</dimen>
    <dimen name="dm676">4326px</dimen>
    <dimen name="dm677">4333px</dimen>
    <dimen name="dm678">4339px</dimen>
    <dimen name="dm679">4346px</dimen>
    <dimen name="dm680">4352px</dimen>
    <dimen name="dm681">4358px</dimen>
    <dimen name="dm682">4365px</dimen>
    <dimen name="dm683">4371px</dimen>
    <dimen name="dm684">4378px</dimen>
    <dimen name="dm685">4384px</dimen>
    <dimen name="dm686">4390px</dimen>
    <dimen name="dm687">4397px</dimen>
    <dimen name="dm688">4403px</dimen>
    <dimen name="dm689">4410px</dimen>
    <dimen name="dm690">4416px</dimen>
    <dimen name="dm691">4422px</dimen>
    <dimen name="dm692">4429px</dimen>
    <dimen name="dm693">4435px</dimen>
    <dimen name="dm694">4442px</dimen>
    <dimen name="dm695">4448px</dimen>
    <dimen name="dm696">4454px</dimen>
    <dimen name="dm697">4461px</dimen>
    <dimen name="dm698">4467px</dimen>
    <dimen name="dm699">4474px</dimen>
    <dimen name="dm700">4480px</dimen>
    <dimen name="dm701">4486px</dimen>
    <dimen name="dm702">4493px</dimen>
    <dimen name="dm703">4499px</dimen>
    <dimen name="dm704">4506px</dimen>
    <dimen name="dm705">4512px</dimen>
    <dimen name="dm706">4518px</dimen>
    <dimen name="dm707">4525px</dimen>
    <dimen name="dm708">4531px</dimen>
    <dimen name="dm709">4538px</dimen>
    <dimen name="dm710">4544px</dimen>
    <dimen name="dm711">4550px</dimen>
    <dimen name="dm712">4557px</dimen>
    <dimen name="dm713">4563px</dimen>
    <dimen name="dm714">4570px</dimen>
    <dimen name="dm715">4576px</dimen>
    <dimen name="dm716">4582px</dimen>
    <dimen name="dm717">4589px</dimen>
    <dimen name="dm718">4595px</dimen>
    <dimen name="dm719">4602px</dimen>
    <dimen name="dm720">4608px</dimen>
    <dimen name="dm721">4614px</dimen>
    <dimen name="dm722">4621px</dimen>
    <dimen name="dm723">4627px</dimen>
    <dimen name="dm724">4634px</dimen>
    <dimen name="dm725">4640px</dimen>
    <dimen name="dm726">4646px</dimen>
    <dimen name="dm727">4653px</dimen>
    <dimen name="dm728">4659px</dimen>
    <dimen name="dm729">4666px</dimen>
    <dimen name="dm730">4672px</dimen>
    <dimen name="dm731">4678px</dimen>
    <dimen name="dm732">4685px</dimen>
    <dimen name="dm733">4691px</dimen>
    <dimen name="dm734">4698px</dimen>
    <dimen name="dm735">4704px</dimen>
    <dimen name="dm736">4710px</dimen>
    <dimen name="dm737">4717px</dimen>
    <dimen name="dm738">4723px</dimen>
    <dimen name="dm739">4730px</dimen>
    <dimen name="dm740">4736px</dimen>
    <dimen name="dm741">4742px</dimen>
    <dimen name="dm742">4749px</dimen>
    <dimen name="dm743">4755px</dimen>
    <dimen name="dm744">4762px</dimen>
    <dimen name="dm745">4768px</dimen>
    <dimen name="dm746">4774px</dimen>
    <dimen name="dm747">4781px</dimen>
    <dimen name="dm748">4787px</dimen>
    <dimen name="dm749">4794px</dimen>
    <dimen name="dm750">4800px</dimen>
    <dimen name="dm751">4806px</dimen>
    <dimen name="dm752">4813px</dimen>
    <dimen name="dm753">4819px</dimen>
    <dimen name="dm754">4826px</dimen>
    <dimen name="dm755">4832px</dimen>
    <dimen name="dm756">4838px</dimen>
    <dimen name="dm757">4845px</dimen>
    <dimen name="dm758">4851px</dimen>
    <dimen name="dm759">4858px</dimen>
    <dimen name="dm760">4864px</dimen>
    <dimen name="dm761">4870px</dimen>
    <dimen name="dm762">4877px</dimen>
    <dimen name="dm763">4883px</dimen>
    <dimen name="dm764">4890px</dimen>
    <dimen name="dm765">4896px</dimen>
    <dimen name="dm766">4902px</dimen>
    <dimen name="dm767">4909px</dimen>
    <dimen name="dm768">4915px</dimen>
    <dimen name="dm769">4922px</dimen>
    <dimen name="dm770">4928px</dimen>
    <dimen name="dm771">4934px</dimen>
    <dimen name="dm772">4941px</dimen>
    <dimen name="dm773">4947px</dimen>
    <dimen name="dm774">4954px</dimen>
    <dimen name="dm775">4960px</dimen>
    <dimen name="dm776">4966px</dimen>
    <dimen name="dm777">4973px</dimen>
    <dimen name="dm778">4979px</dimen>
    <dimen name="dm779">4986px</dimen>
    <dimen name="dm780">4992px</dimen>
    <dimen name="dm781">4998px</dimen>
    <dimen name="dm782">5005px</dimen>
    <dimen name="dm783">5011px</dimen>
    <dimen name="dm784">5018px</dimen>
    <dimen name="dm785">5024px</dimen>
    <dimen name="dm786">5030px</dimen>
    <dimen name="dm787">5037px</dimen>
    <dimen name="dm788">5043px</dimen>
    <dimen name="dm789">5050px</dimen>
    <dimen name="dm790">5056px</dimen>
    <dimen name="dm791">5062px</dimen>
    <dimen name="dm792">5069px</dimen>
    <dimen name="dm793">5075px</dimen>
    <dimen name="dm794">5082px</dimen>
    <dimen name="dm795">5088px</dimen>
    <dimen name="dm796">5094px</dimen>
    <dimen name="dm797">5101px</dimen>
    <dimen name="dm798">5107px</dimen>
    <dimen name="dm799">5114px</dimen>
    <dimen name="dm800">5120px</dimen>
    <dimen name="dm801">5126px</dimen>
    <dimen name="dm802">5133px</dimen>
    <dimen name="dm803">5139px</dimen>
    <dimen name="dm804">5146px</dimen>
    <dimen name="dm805">5152px</dimen>
    <dimen name="dm806">5158px</dimen>
    <dimen name="dm807">5165px</dimen>
    <dimen name="dm808">5171px</dimen>
    <dimen name="dm809">5178px</dimen>
    <dimen name="dm810">5184px</dimen>
    <dimen name="dm811">5190px</dimen>
    <dimen name="dm812">5197px</dimen>
    <dimen name="dm813">5203px</dimen>
    <dimen name="dm814">5210px</dimen>
    <dimen name="dm815">5216px</dimen>
    <dimen name="dm816">5222px</dimen>
    <dimen name="dm817">5229px</dimen>
    <dimen name="dm818">5235px</dimen>
    <dimen name="dm819">5242px</dimen>
    <dimen name="dm820">5248px</dimen>
    <dimen name="dm821">5254px</dimen>
    <dimen name="dm822">5261px</dimen>
    <dimen name="dm823">5267px</dimen>
    <dimen name="dm824">5274px</dimen>
    <dimen name="dm825">5280px</dimen>
    <dimen name="dm826">5286px</dimen>
    <dimen name="dm827">5293px</dimen>
    <dimen name="dm828">5299px</dimen>
    <dimen name="dm829">5306px</dimen>
    <dimen name="dm830">5312px</dimen>
    <dimen name="dm831">5318px</dimen>
    <dimen name="dm832">5325px</dimen>
    <dimen name="dm833">5331px</dimen>
    <dimen name="dm834">5338px</dimen>
    <dimen name="dm835">5344px</dimen>
    <dimen name="dm836">5350px</dimen>
    <dimen name="dm837">5357px</dimen>
    <dimen name="dm838">5363px</dimen>
    <dimen name="dm839">5370px</dimen>
    <dimen name="dm840">5376px</dimen>
    <dimen name="dm841">5382px</dimen>
    <dimen name="dm842">5389px</dimen>
    <dimen name="dm843">5395px</dimen>
    <dimen name="dm844">5402px</dimen>
    <dimen name="dm845">5408px</dimen>
    <dimen name="dm846">5414px</dimen>
    <dimen name="dm847">5421px</dimen>
    <dimen name="dm848">5427px</dimen>
    <dimen name="dm849">5434px</dimen>
    <dimen name="dm850">5440px</dimen>
    <dimen name="dm851">5446px</dimen>
    <dimen name="dm852">5453px</dimen>
    <dimen name="dm853">5459px</dimen>
    <dimen name="dm854">5466px</dimen>
    <dimen name="dm855">5472px</dimen>
    <dimen name="dm856">5478px</dimen>
    <dimen name="dm857">5485px</dimen>
    <dimen name="dm858">5491px</dimen>
    <dimen name="dm859">5498px</dimen>
    <dimen name="dm860">5504px</dimen>
    <dimen name="dm861">5510px</dimen>
    <dimen name="dm862">5517px</dimen>
    <dimen name="dm863">5523px</dimen>
    <dimen name="dm864">5530px</dimen>
    <dimen name="dm865">5536px</dimen>
    <dimen name="dm866">5542px</dimen>
    <dimen name="dm867">5549px</dimen>
    <dimen name="dm868">5555px</dimen>
    <dimen name="dm869">5562px</dimen>
    <dimen name="dm870">5568px</dimen>
    <dimen name="dm871">5574px</dimen>
    <dimen name="dm872">5581px</dimen>
    <dimen name="dm873">5587px</dimen>
    <dimen name="dm874">5594px</dimen>
    <dimen name="dm875">5600px</dimen>
    <dimen name="dm876">5606px</dimen>
    <dimen name="dm877">5613px</dimen>
    <dimen name="dm878">5619px</dimen>
    <dimen name="dm879">5626px</dimen>
    <dimen name="dm880">5632px</dimen>
    <dimen name="dm881">5638px</dimen>
    <dimen name="dm882">5645px</dimen>
    <dimen name="dm883">5651px</dimen>
    <dimen name="dm884">5658px</dimen>
    <dimen name="dm885">5664px</dimen>
    <dimen name="dm886">5670px</dimen>
    <dimen name="dm887">5677px</dimen>
    <dimen name="dm888">5683px</dimen>
    <dimen name="dm889">5690px</dimen>
    <dimen name="dm890">5696px</dimen>
    <dimen name="dm891">5702px</dimen>
    <dimen name="dm892">5709px</dimen>
    <dimen name="dm893">5715px</dimen>
    <dimen name="dm894">5722px</dimen>
    <dimen name="dm895">5728px</dimen>
    <dimen name="dm896">5734px</dimen>
    <dimen name="dm897">5741px</dimen>
    <dimen name="dm898">5747px</dimen>
    <dimen name="dm899">5754px</dimen>
    <dimen name="dm900">5760px</dimen>
    <dimen name="dm901">5766px</dimen>
    <dimen name="dm902">5773px</dimen>
    <dimen name="dm903">5779px</dimen>
    <dimen name="dm904">5786px</dimen>
    <dimen name="dm905">5792px</dimen>
    <dimen name="dm906">5798px</dimen>
    <dimen name="dm907">5805px</dimen>
    <dimen name="dm908">5811px</dimen>
    <dimen name="dm909">5818px</dimen>
    <dimen name="dm910">5824px</dimen>
    <dimen name="dm911">5830px</dimen>
    <dimen name="dm912">5837px</dimen>
    <dimen name="dm913">5843px</dimen>
    <dimen name="dm914">5850px</dimen>
    <dimen name="dm915">5856px</dimen>
    <dimen name="dm916">5862px</dimen>
    <dimen name="dm917">5869px</dimen>
    <dimen name="dm918">5875px</dimen>
    <dimen name="dm919">5882px</dimen>
    <dimen name="dm920">5888px</dimen>
    <dimen name="dm921">5894px</dimen>
    <dimen name="dm922">5901px</dimen>
    <dimen name="dm923">5907px</dimen>
    <dimen name="dm924">5914px</dimen>
    <dimen name="dm925">5920px</dimen>
    <dimen name="dm926">5926px</dimen>
    <dimen name="dm927">5933px</dimen>
    <dimen name="dm928">5939px</dimen>
    <dimen name="dm929">5946px</dimen>
    <dimen name="dm930">5952px</dimen>
    <dimen name="dm931">5958px</dimen>
    <dimen name="dm932">5965px</dimen>
    <dimen name="dm933">5971px</dimen>
    <dimen name="dm934">5978px</dimen>
    <dimen name="dm935">5984px</dimen>
    <dimen name="dm936">5990px</dimen>
    <dimen name="dm937">5997px</dimen>
    <dimen name="dm938">6003px</dimen>
    <dimen name="dm939">6010px</dimen>
    <dimen name="dm940">6016px</dimen>
    <dimen name="dm941">6022px</dimen>
    <dimen name="dm942">6029px</dimen>
    <dimen name="dm943">6035px</dimen>
    <dimen name="dm944">6042px</dimen>
    <dimen name="dm945">6048px</dimen>
    <dimen name="dm946">6054px</dimen>
    <dimen name="dm947">6061px</dimen>
    <dimen name="dm948">6067px</dimen>
    <dimen name="dm949">6074px</dimen>
    <dimen name="dm950">6080px</dimen>
    <dimen name="dm951">6086px</dimen>
    <dimen name="dm952">6093px</dimen>
    <dimen name="dm953">6099px</dimen>
    <dimen name="dm954">6106px</dimen>
    <dimen name="dm955">6112px</dimen>
    <dimen name="dm956">6118px</dimen>
    <dimen name="dm957">6125px</dimen>
    <dimen name="dm958">6131px</dimen>
    <dimen name="dm959">6138px</dimen>
    <dimen name="dm960">6144px</dimen>
    <dimen name="dm961">6150px</dimen>
    <dimen name="dm962">6157px</dimen>
    <dimen name="dm963">6163px</dimen>
    <dimen name="dm964">6170px</dimen>
    <dimen name="dm965">6176px</dimen>
    <dimen name="dm966">6182px</dimen>
    <dimen name="dm967">6189px</dimen>
    <dimen name="dm968">6195px</dimen>
    <dimen name="dm969">6202px</dimen>
    <dimen name="dm970">6208px</dimen>
    <dimen name="dm971">6214px</dimen>
    <dimen name="dm972">6221px</dimen>
    <dimen name="dm973">6227px</dimen>
    <dimen name="dm974">6234px</dimen>
    <dimen name="dm975">6240px</dimen>
    <dimen name="dm976">6246px</dimen>
    <dimen name="dm977">6253px</dimen>
    <dimen name="dm978">6259px</dimen>
    <dimen name="dm979">6266px</dimen>
    <dimen name="dm980">6272px</dimen>
    <dimen name="dm981">6278px</dimen>
    <dimen name="dm982">6285px</dimen>
    <dimen name="dm983">6291px</dimen>
    <dimen name="dm984">6298px</dimen>
    <dimen name="dm985">6304px</dimen>
    <dimen name="dm986">6310px</dimen>
    <dimen name="dm987">6317px</dimen>
    <dimen name="dm988">6323px</dimen>
    <dimen name="dm989">6330px</dimen>
    <dimen name="dm990">6336px</dimen>
    <dimen name="dm991">6342px</dimen>
    <dimen name="dm992">6349px</dimen>
    <dimen name="dm993">6355px</dimen>
    <dimen name="dm994">6362px</dimen>
    <dimen name="dm995">6368px</dimen>
    <dimen name="dm996">6374px</dimen>
    <dimen name="dm997">6381px</dimen>
    <dimen name="dm998">6387px</dimen>
    <dimen name="dm999">6394px</dimen>

</resources>