<resources>

    <dimen name="dm_200">-162px</dimen>
    <dimen name="dm_199">-161px</dimen>
    <dimen name="dm_198">-160px</dimen>
    <dimen name="dm_197">-159px</dimen>
    <dimen name="dm_196">-158px</dimen>
    <dimen name="dm_195">-157px</dimen>
    <dimen name="dm_194">-157px</dimen>
    <dimen name="dm_193">-156px</dimen>
    <dimen name="dm_192">-155px</dimen>
    <dimen name="dm_191">-154px</dimen>
    <dimen name="dm_190">-153px</dimen>
    <dimen name="dm_189">-153px</dimen>
    <dimen name="dm_188">-152px</dimen>
    <dimen name="dm_187">-151px</dimen>
    <dimen name="dm_186">-150px</dimen>
    <dimen name="dm_185">-149px</dimen>
    <dimen name="dm_184">-149px</dimen>
    <dimen name="dm_183">-148px</dimen>
    <dimen name="dm_182">-147px</dimen>
    <dimen name="dm_181">-146px</dimen>
    <dimen name="dm_180">-145px</dimen>
    <dimen name="dm_179">-144px</dimen>
    <dimen name="dm_178">-144px</dimen>
    <dimen name="dm_177">-143px</dimen>
    <dimen name="dm_176">-142px</dimen>
    <dimen name="dm_175">-141px</dimen>
    <dimen name="dm_174">-140px</dimen>
    <dimen name="dm_173">-140px</dimen>
    <dimen name="dm_172">-139px</dimen>
    <dimen name="dm_171">-138px</dimen>
    <dimen name="dm_170">-137px</dimen>
    <dimen name="dm_169">-136px</dimen>
    <dimen name="dm_168">-136px</dimen>
    <dimen name="dm_167">-135px</dimen>
    <dimen name="dm_166">-134px</dimen>
    <dimen name="dm_165">-133px</dimen>
    <dimen name="dm_164">-132px</dimen>
    <dimen name="dm_163">-131px</dimen>
    <dimen name="dm_162">-131px</dimen>
    <dimen name="dm_161">-130px</dimen>
    <dimen name="dm_160">-129px</dimen>
    <dimen name="dm_159">-128px</dimen>
    <dimen name="dm_158">-127px</dimen>
    <dimen name="dm_157">-127px</dimen>
    <dimen name="dm_156">-126px</dimen>
    <dimen name="dm_155">-125px</dimen>
    <dimen name="dm_154">-124px</dimen>
    <dimen name="dm_153">-123px</dimen>
    <dimen name="dm_152">-123px</dimen>
    <dimen name="dm_151">-122px</dimen>
    <dimen name="dm_150">-121px</dimen>
    <dimen name="dm_149">-120px</dimen>
    <dimen name="dm_148">-119px</dimen>
    <dimen name="dm_147">-118px</dimen>
    <dimen name="dm_146">-118px</dimen>
    <dimen name="dm_145">-117px</dimen>
    <dimen name="dm_144">-116px</dimen>
    <dimen name="dm_143">-115px</dimen>
    <dimen name="dm_142">-114px</dimen>
    <dimen name="dm_141">-114px</dimen>
    <dimen name="dm_140">-113px</dimen>
    <dimen name="dm_139">-112px</dimen>
    <dimen name="dm_138">-111px</dimen>
    <dimen name="dm_137">-110px</dimen>
    <dimen name="dm_136">-110px</dimen>
    <dimen name="dm_135">-109px</dimen>
    <dimen name="dm_134">-108px</dimen>
    <dimen name="dm_133">-107px</dimen>
    <dimen name="dm_132">-106px</dimen>
    <dimen name="dm_131">-105px</dimen>
    <dimen name="dm_130">-105px</dimen>
    <dimen name="dm_129">-104px</dimen>
    <dimen name="dm_128">-103px</dimen>
    <dimen name="dm_127">-102px</dimen>
    <dimen name="dm_126">-101px</dimen>
    <dimen name="dm_125">-101px</dimen>
    <dimen name="dm_124">-100px</dimen>
    <dimen name="dm_123">-99px</dimen>
    <dimen name="dm_122">-98px</dimen>
    <dimen name="dm_121">-97px</dimen>
    <dimen name="dm_120">-97px</dimen>
    <dimen name="dm_119">-96px</dimen>
    <dimen name="dm_118">-95px</dimen>
    <dimen name="dm_117">-94px</dimen>
    <dimen name="dm_116">-93px</dimen>
    <dimen name="dm_115">-92px</dimen>
    <dimen name="dm_114">-92px</dimen>
    <dimen name="dm_113">-91px</dimen>
    <dimen name="dm_112">-90px</dimen>
    <dimen name="dm_111">-89px</dimen>
    <dimen name="dm_110">-88px</dimen>
    <dimen name="dm_109">-88px</dimen>
    <dimen name="dm_108">-87px</dimen>
    <dimen name="dm_107">-86px</dimen>
    <dimen name="dm_106">-85px</dimen>
    <dimen name="dm_105">-84px</dimen>
    <dimen name="dm_104">-84px</dimen>
    <dimen name="dm_103">-83px</dimen>
    <dimen name="dm_102">-82px</dimen>
    <dimen name="dm_101">-81px</dimen>
    <dimen name="dm_100">-80px</dimen>
    <dimen name="dm_099">-79px</dimen>
    <dimen name="dm_098">-79px</dimen>
    <dimen name="dm_097">-78px</dimen>
    <dimen name="dm_096">-77px</dimen>
    <dimen name="dm_095">-76px</dimen>
    <dimen name="dm_094">-75px</dimen>
    <dimen name="dm_093">-75px</dimen>
    <dimen name="dm_092">-74px</dimen>
    <dimen name="dm_091">-73px</dimen>
    <dimen name="dm_090">-72px</dimen>
    <dimen name="dm_089">-71px</dimen>
    <dimen name="dm_088">-71px</dimen>
    <dimen name="dm_087">-70px</dimen>
    <dimen name="dm_086">-69px</dimen>
    <dimen name="dm_085">-68px</dimen>
    <dimen name="dm_084">-67px</dimen>
    <dimen name="dm_083">-66px</dimen>
    <dimen name="dm_082">-66px</dimen>
    <dimen name="dm_081">-65px</dimen>
    <dimen name="dm_080">-64px</dimen>
    <dimen name="dm_079">-63px</dimen>
    <dimen name="dm_078">-62px</dimen>
    <dimen name="dm_077">-62px</dimen>
    <dimen name="dm_076">-61px</dimen>
    <dimen name="dm_075">-60px</dimen>
    <dimen name="dm_074">-59px</dimen>
    <dimen name="dm_073">-58px</dimen>
    <dimen name="dm_072">-58px</dimen>
    <dimen name="dm_071">-57px</dimen>
    <dimen name="dm_070">-56px</dimen>
    <dimen name="dm_069">-55px</dimen>
    <dimen name="dm_068">-54px</dimen>
    <dimen name="dm_067">-53px</dimen>
    <dimen name="dm_066">-53px</dimen>
    <dimen name="dm_065">-52px</dimen>
    <dimen name="dm_064">-51px</dimen>
    <dimen name="dm_063">-50px</dimen>
    <dimen name="dm_062">-49px</dimen>
    <dimen name="dm_061">-49px</dimen>
    <dimen name="dm_060">-48px</dimen>
    <dimen name="dm_059">-47px</dimen>
    <dimen name="dm_058">-46px</dimen>
    <dimen name="dm_057">-45px</dimen>
    <dimen name="dm_056">-45px</dimen>
    <dimen name="dm_055">-44px</dimen>
    <dimen name="dm_054">-43px</dimen>
    <dimen name="dm_053">-42px</dimen>
    <dimen name="dm_052">-41px</dimen>
    <dimen name="dm_051">-40px</dimen>
    <dimen name="dm_050">-40px</dimen>
    <dimen name="dm_049">-39px</dimen>
    <dimen name="dm_048">-38px</dimen>
    <dimen name="dm_047">-37px</dimen>
    <dimen name="dm_046">-36px</dimen>
    <dimen name="dm_045">-36px</dimen>
    <dimen name="dm_044">-35px</dimen>
    <dimen name="dm_043">-34px</dimen>
    <dimen name="dm_042">-33px</dimen>
    <dimen name="dm_041">-32px</dimen>
    <dimen name="dm_040">-32px</dimen>
    <dimen name="dm_039">-31px</dimen>
    <dimen name="dm_038">-30px</dimen>
    <dimen name="dm_037">-29px</dimen>
    <dimen name="dm_036">-28px</dimen>
    <dimen name="dm_035">-27px</dimen>
    <dimen name="dm_034">-27px</dimen>
    <dimen name="dm_033">-26px</dimen>
    <dimen name="dm_032">-25px</dimen>
    <dimen name="dm_031">-24px</dimen>
    <dimen name="dm_030">-23px</dimen>
    <dimen name="dm_029">-23px</dimen>
    <dimen name="dm_028">-22px</dimen>
    <dimen name="dm_027">-21px</dimen>
    <dimen name="dm_026">-20px</dimen>
    <dimen name="dm_025">-19px</dimen>
    <dimen name="dm_024">-19px</dimen>
    <dimen name="dm_023">-18px</dimen>
    <dimen name="dm_022">-17px</dimen>
    <dimen name="dm_021">-16px</dimen>
    <dimen name="dm_020">-15px</dimen>
    <dimen name="dm_019">-14px</dimen>
    <dimen name="dm_018">-14px</dimen>
    <dimen name="dm_017">-13px</dimen>
    <dimen name="dm_016">-12px</dimen>
    <dimen name="dm_015">-11px</dimen>
    <dimen name="dm_014">-10px</dimen>
    <dimen name="dm_013">-10px</dimen>
    <dimen name="dm_012">-9px</dimen>
    <dimen name="dm_011">-8px</dimen>
    <dimen name="dm_010">-7px</dimen>
    <dimen name="dm_009">-6px</dimen>
    <dimen name="dm_008">-6px</dimen>
    <dimen name="dm_007">-5px</dimen>
    <dimen name="dm_006">-4px</dimen>
    <dimen name="dm_005">-3px</dimen>
    <dimen name="dm_004">-2px</dimen>
    <dimen name="dm_003">-1px</dimen>
    <dimen name="dm_002">-1px</dimen>
    <dimen name="dm_001">-1px</dimen>
    <dimen name="dm000">0px</dimen>
    <dimen name="dm001">1px</dimen>
    <dimen name="dm002">2px</dimen>
    <dimen name="dm003">2px</dimen>
    <dimen name="dm004">3px</dimen>
    <dimen name="dm005">4px</dimen>
    <dimen name="dm006">5px</dimen>
    <dimen name="dm007">6px</dimen>
    <dimen name="dm008">7px</dimen>
    <dimen name="dm009">7px</dimen>
    <dimen name="dm010">8px</dimen>
    <dimen name="dm011">9px</dimen>
    <dimen name="dm012">10px</dimen>
    <dimen name="dm013">11px</dimen>
    <dimen name="dm014">11px</dimen>
    <dimen name="dm015">12px</dimen>
    <dimen name="dm016">13px</dimen>
    <dimen name="dm017">14px</dimen>
    <dimen name="dm018">15px</dimen>
    <dimen name="dm019">15px</dimen>
    <dimen name="dm020">16px</dimen>
    <dimen name="dm021">17px</dimen>
    <dimen name="dm022">18px</dimen>
    <dimen name="dm023">19px</dimen>
    <dimen name="dm024">20px</dimen>
    <dimen name="dm025">20px</dimen>
    <dimen name="dm026">21px</dimen>
    <dimen name="dm027">22px</dimen>
    <dimen name="dm028">23px</dimen>
    <dimen name="dm029">24px</dimen>
    <dimen name="dm030">24px</dimen>
    <dimen name="dm031">25px</dimen>
    <dimen name="dm032">26px</dimen>
    <dimen name="dm033">27px</dimen>
    <dimen name="dm034">28px</dimen>
    <dimen name="dm035">28px</dimen>
    <dimen name="dm036">29px</dimen>
    <dimen name="dm037">30px</dimen>
    <dimen name="dm038">31px</dimen>
    <dimen name="dm039">32px</dimen>
    <dimen name="dm040">33px</dimen>
    <dimen name="dm041">33px</dimen>
    <dimen name="dm042">34px</dimen>
    <dimen name="dm043">35px</dimen>
    <dimen name="dm044">36px</dimen>
    <dimen name="dm045">37px</dimen>
    <dimen name="dm046">37px</dimen>
    <dimen name="dm047">38px</dimen>
    <dimen name="dm048">39px</dimen>
    <dimen name="dm049">40px</dimen>
    <dimen name="dm050">41px</dimen>
    <dimen name="dm051">41px</dimen>
    <dimen name="dm052">42px</dimen>
    <dimen name="dm053">43px</dimen>
    <dimen name="dm054">44px</dimen>
    <dimen name="dm055">45px</dimen>
    <dimen name="dm056">46px</dimen>
    <dimen name="dm057">46px</dimen>
    <dimen name="dm058">47px</dimen>
    <dimen name="dm059">48px</dimen>
    <dimen name="dm060">49px</dimen>
    <dimen name="dm061">50px</dimen>
    <dimen name="dm062">50px</dimen>
    <dimen name="dm063">51px</dimen>
    <dimen name="dm064">52px</dimen>
    <dimen name="dm065">53px</dimen>
    <dimen name="dm066">54px</dimen>
    <dimen name="dm067">54px</dimen>
    <dimen name="dm068">55px</dimen>
    <dimen name="dm069">56px</dimen>
    <dimen name="dm070">57px</dimen>
    <dimen name="dm071">58px</dimen>
    <dimen name="dm072">59px</dimen>
    <dimen name="dm073">59px</dimen>
    <dimen name="dm074">60px</dimen>
    <dimen name="dm075">61px</dimen>
    <dimen name="dm076">62px</dimen>
    <dimen name="dm077">63px</dimen>
    <dimen name="dm078">63px</dimen>
    <dimen name="dm079">64px</dimen>
    <dimen name="dm080">65px</dimen>
    <dimen name="dm081">66px</dimen>
    <dimen name="dm082">67px</dimen>
    <dimen name="dm083">67px</dimen>
    <dimen name="dm084">68px</dimen>
    <dimen name="dm085">69px</dimen>
    <dimen name="dm086">70px</dimen>
    <dimen name="dm087">71px</dimen>
    <dimen name="dm088">72px</dimen>
    <dimen name="dm089">72px</dimen>
    <dimen name="dm090">73px</dimen>
    <dimen name="dm091">74px</dimen>
    <dimen name="dm092">75px</dimen>
    <dimen name="dm093">76px</dimen>
    <dimen name="dm094">76px</dimen>
    <dimen name="dm095">77px</dimen>
    <dimen name="dm096">78px</dimen>
    <dimen name="dm097">79px</dimen>
    <dimen name="dm098">80px</dimen>
    <dimen name="dm099">80px</dimen>
    <dimen name="dm100">81px</dimen>
    <dimen name="dm101">82px</dimen>
    <dimen name="dm102">83px</dimen>
    <dimen name="dm103">84px</dimen>
    <dimen name="dm104">85px</dimen>
    <dimen name="dm105">85px</dimen>
    <dimen name="dm106">86px</dimen>
    <dimen name="dm107">87px</dimen>
    <dimen name="dm108">88px</dimen>
    <dimen name="dm109">89px</dimen>
    <dimen name="dm110">89px</dimen>
    <dimen name="dm111">90px</dimen>
    <dimen name="dm112">91px</dimen>
    <dimen name="dm113">92px</dimen>
    <dimen name="dm114">93px</dimen>
    <dimen name="dm115">93px</dimen>
    <dimen name="dm116">94px</dimen>
    <dimen name="dm117">95px</dimen>
    <dimen name="dm118">96px</dimen>
    <dimen name="dm119">97px</dimen>
    <dimen name="dm120">98px</dimen>
    <dimen name="dm121">98px</dimen>
    <dimen name="dm122">99px</dimen>
    <dimen name="dm123">100px</dimen>
    <dimen name="dm124">101px</dimen>
    <dimen name="dm125">102px</dimen>
    <dimen name="dm126">102px</dimen>
    <dimen name="dm127">103px</dimen>
    <dimen name="dm128">104px</dimen>
    <dimen name="dm129">105px</dimen>
    <dimen name="dm130">106px</dimen>
    <dimen name="dm131">106px</dimen>
    <dimen name="dm132">107px</dimen>
    <dimen name="dm133">108px</dimen>
    <dimen name="dm134">109px</dimen>
    <dimen name="dm135">110px</dimen>
    <dimen name="dm136">111px</dimen>
    <dimen name="dm137">111px</dimen>
    <dimen name="dm138">112px</dimen>
    <dimen name="dm139">113px</dimen>
    <dimen name="dm140">114px</dimen>
    <dimen name="dm141">115px</dimen>
    <dimen name="dm142">115px</dimen>
    <dimen name="dm143">116px</dimen>
    <dimen name="dm144">117px</dimen>
    <dimen name="dm145">118px</dimen>
    <dimen name="dm146">119px</dimen>
    <dimen name="dm147">119px</dimen>
    <dimen name="dm148">120px</dimen>
    <dimen name="dm149">121px</dimen>
    <dimen name="dm150">122px</dimen>
    <dimen name="dm151">123px</dimen>
    <dimen name="dm152">124px</dimen>
    <dimen name="dm153">124px</dimen>
    <dimen name="dm154">125px</dimen>
    <dimen name="dm155">126px</dimen>
    <dimen name="dm156">127px</dimen>
    <dimen name="dm157">128px</dimen>
    <dimen name="dm158">128px</dimen>
    <dimen name="dm159">129px</dimen>
    <dimen name="dm160">130px</dimen>
    <dimen name="dm161">131px</dimen>
    <dimen name="dm162">132px</dimen>
    <dimen name="dm163">132px</dimen>
    <dimen name="dm164">133px</dimen>
    <dimen name="dm165">134px</dimen>
    <dimen name="dm166">135px</dimen>
    <dimen name="dm167">136px</dimen>
    <dimen name="dm168">137px</dimen>
    <dimen name="dm169">137px</dimen>
    <dimen name="dm170">138px</dimen>
    <dimen name="dm171">139px</dimen>
    <dimen name="dm172">140px</dimen>
    <dimen name="dm173">141px</dimen>
    <dimen name="dm174">141px</dimen>
    <dimen name="dm175">142px</dimen>
    <dimen name="dm176">143px</dimen>
    <dimen name="dm177">144px</dimen>
    <dimen name="dm178">145px</dimen>
    <dimen name="dm179">145px</dimen>
    <dimen name="dm180">146px</dimen>
    <dimen name="dm181">147px</dimen>
    <dimen name="dm182">148px</dimen>
    <dimen name="dm183">149px</dimen>
    <dimen name="dm184">150px</dimen>
    <dimen name="dm185">150px</dimen>
    <dimen name="dm186">151px</dimen>
    <dimen name="dm187">152px</dimen>
    <dimen name="dm188">153px</dimen>
    <dimen name="dm189">154px</dimen>
    <dimen name="dm190">154px</dimen>
    <dimen name="dm191">155px</dimen>
    <dimen name="dm192">156px</dimen>
    <dimen name="dm193">157px</dimen>
    <dimen name="dm194">158px</dimen>
    <dimen name="dm195">158px</dimen>
    <dimen name="dm196">159px</dimen>
    <dimen name="dm197">160px</dimen>
    <dimen name="dm198">161px</dimen>
    <dimen name="dm199">162px</dimen>
    <dimen name="dm200">163px</dimen>
    <dimen name="dm201">163px</dimen>
    <dimen name="dm202">164px</dimen>
    <dimen name="dm203">165px</dimen>
    <dimen name="dm204">166px</dimen>
    <dimen name="dm205">167px</dimen>
    <dimen name="dm206">167px</dimen>
    <dimen name="dm207">168px</dimen>
    <dimen name="dm208">169px</dimen>
    <dimen name="dm209">170px</dimen>
    <dimen name="dm210">171px</dimen>
    <dimen name="dm211">171px</dimen>
    <dimen name="dm212">172px</dimen>
    <dimen name="dm213">173px</dimen>
    <dimen name="dm214">174px</dimen>
    <dimen name="dm215">175px</dimen>
    <dimen name="dm216">176px</dimen>
    <dimen name="dm217">176px</dimen>
    <dimen name="dm218">177px</dimen>
    <dimen name="dm219">178px</dimen>
    <dimen name="dm220">179px</dimen>
    <dimen name="dm221">180px</dimen>
    <dimen name="dm222">180px</dimen>
    <dimen name="dm223">181px</dimen>
    <dimen name="dm224">182px</dimen>
    <dimen name="dm225">183px</dimen>
    <dimen name="dm226">184px</dimen>
    <dimen name="dm227">184px</dimen>
    <dimen name="dm228">185px</dimen>
    <dimen name="dm229">186px</dimen>
    <dimen name="dm230">187px</dimen>
    <dimen name="dm231">188px</dimen>
    <dimen name="dm232">189px</dimen>
    <dimen name="dm233">189px</dimen>
    <dimen name="dm234">190px</dimen>
    <dimen name="dm235">191px</dimen>
    <dimen name="dm236">192px</dimen>
    <dimen name="dm237">193px</dimen>
    <dimen name="dm238">193px</dimen>
    <dimen name="dm239">194px</dimen>
    <dimen name="dm240">195px</dimen>
    <dimen name="dm241">196px</dimen>
    <dimen name="dm242">197px</dimen>
    <dimen name="dm243">197px</dimen>
    <dimen name="dm244">198px</dimen>
    <dimen name="dm245">199px</dimen>
    <dimen name="dm246">200px</dimen>
    <dimen name="dm247">201px</dimen>
    <dimen name="dm248">202px</dimen>
    <dimen name="dm249">202px</dimen>
    <dimen name="dm250">203px</dimen>
    <dimen name="dm251">204px</dimen>
    <dimen name="dm252">205px</dimen>
    <dimen name="dm253">206px</dimen>
    <dimen name="dm254">206px</dimen>
    <dimen name="dm255">207px</dimen>
    <dimen name="dm256">208px</dimen>
    <dimen name="dm257">209px</dimen>
    <dimen name="dm258">210px</dimen>
    <dimen name="dm259">210px</dimen>
    <dimen name="dm260">211px</dimen>
    <dimen name="dm261">212px</dimen>
    <dimen name="dm262">213px</dimen>
    <dimen name="dm263">214px</dimen>
    <dimen name="dm264">215px</dimen>
    <dimen name="dm265">215px</dimen>
    <dimen name="dm266">216px</dimen>
    <dimen name="dm267">217px</dimen>
    <dimen name="dm268">218px</dimen>
    <dimen name="dm269">219px</dimen>
    <dimen name="dm270">219px</dimen>
    <dimen name="dm271">220px</dimen>
    <dimen name="dm272">221px</dimen>
    <dimen name="dm273">222px</dimen>
    <dimen name="dm274">223px</dimen>
    <dimen name="dm275">223px</dimen>
    <dimen name="dm276">224px</dimen>
    <dimen name="dm277">225px</dimen>
    <dimen name="dm278">226px</dimen>
    <dimen name="dm279">227px</dimen>
    <dimen name="dm280">228px</dimen>
    <dimen name="dm281">228px</dimen>
    <dimen name="dm282">229px</dimen>
    <dimen name="dm283">230px</dimen>
    <dimen name="dm284">231px</dimen>
    <dimen name="dm285">232px</dimen>
    <dimen name="dm286">232px</dimen>
    <dimen name="dm287">233px</dimen>
    <dimen name="dm288">234px</dimen>
    <dimen name="dm289">235px</dimen>
    <dimen name="dm290">236px</dimen>
    <dimen name="dm291">236px</dimen>
    <dimen name="dm292">237px</dimen>
    <dimen name="dm293">238px</dimen>
    <dimen name="dm294">239px</dimen>
    <dimen name="dm295">240px</dimen>
    <dimen name="dm296">241px</dimen>
    <dimen name="dm297">241px</dimen>
    <dimen name="dm298">242px</dimen>
    <dimen name="dm299">243px</dimen>
    <dimen name="dm300">244px</dimen>
    <dimen name="dm301">245px</dimen>
    <dimen name="dm302">245px</dimen>
    <dimen name="dm303">246px</dimen>
    <dimen name="dm304">247px</dimen>
    <dimen name="dm305">248px</dimen>
    <dimen name="dm306">249px</dimen>
    <dimen name="dm307">249px</dimen>
    <dimen name="dm308">250px</dimen>
    <dimen name="dm309">251px</dimen>
    <dimen name="dm310">252px</dimen>
    <dimen name="dm311">253px</dimen>
    <dimen name="dm312">254px</dimen>
    <dimen name="dm313">254px</dimen>
    <dimen name="dm314">255px</dimen>
    <dimen name="dm315">256px</dimen>
    <dimen name="dm316">257px</dimen>
    <dimen name="dm317">258px</dimen>
    <dimen name="dm318">258px</dimen>
    <dimen name="dm319">259px</dimen>
    <dimen name="dm320">260px</dimen>
    <dimen name="dm321">261px</dimen>
    <dimen name="dm322">262px</dimen>
    <dimen name="dm323">262px</dimen>
    <dimen name="dm324">263px</dimen>
    <dimen name="dm325">264px</dimen>
    <dimen name="dm326">265px</dimen>
    <dimen name="dm327">266px</dimen>
    <dimen name="dm328">267px</dimen>
    <dimen name="dm329">267px</dimen>
    <dimen name="dm330">268px</dimen>
    <dimen name="dm331">269px</dimen>
    <dimen name="dm332">270px</dimen>
    <dimen name="dm333">271px</dimen>
    <dimen name="dm334">271px</dimen>
    <dimen name="dm335">272px</dimen>
    <dimen name="dm336">273px</dimen>
    <dimen name="dm337">274px</dimen>
    <dimen name="dm338">275px</dimen>
    <dimen name="dm339">275px</dimen>
    <dimen name="dm340">276px</dimen>
    <dimen name="dm341">277px</dimen>
    <dimen name="dm342">278px</dimen>
    <dimen name="dm343">279px</dimen>
    <dimen name="dm344">280px</dimen>
    <dimen name="dm345">280px</dimen>
    <dimen name="dm346">281px</dimen>
    <dimen name="dm347">282px</dimen>
    <dimen name="dm348">283px</dimen>
    <dimen name="dm349">284px</dimen>
    <dimen name="dm350">284px</dimen>
    <dimen name="dm351">285px</dimen>
    <dimen name="dm352">286px</dimen>
    <dimen name="dm353">287px</dimen>
    <dimen name="dm354">288px</dimen>
    <dimen name="dm355">288px</dimen>
    <dimen name="dm356">289px</dimen>
    <dimen name="dm357">290px</dimen>
    <dimen name="dm358">291px</dimen>
    <dimen name="dm359">292px</dimen>
    <dimen name="dm360">293px</dimen>
    <dimen name="dm361">293px</dimen>
    <dimen name="dm362">294px</dimen>
    <dimen name="dm363">295px</dimen>
    <dimen name="dm364">296px</dimen>
    <dimen name="dm365">297px</dimen>
    <dimen name="dm366">297px</dimen>
    <dimen name="dm367">298px</dimen>
    <dimen name="dm368">299px</dimen>
    <dimen name="dm369">300px</dimen>
    <dimen name="dm370">301px</dimen>
    <dimen name="dm371">301px</dimen>
    <dimen name="dm372">302px</dimen>
    <dimen name="dm373">303px</dimen>
    <dimen name="dm374">304px</dimen>
    <dimen name="dm375">305px</dimen>
    <dimen name="dm376">306px</dimen>
    <dimen name="dm377">306px</dimen>
    <dimen name="dm378">307px</dimen>
    <dimen name="dm379">308px</dimen>
    <dimen name="dm380">309px</dimen>
    <dimen name="dm381">310px</dimen>
    <dimen name="dm382">310px</dimen>
    <dimen name="dm383">311px</dimen>
    <dimen name="dm384">312px</dimen>
    <dimen name="dm385">313px</dimen>
    <dimen name="dm386">314px</dimen>
    <dimen name="dm387">314px</dimen>
    <dimen name="dm388">315px</dimen>
    <dimen name="dm389">316px</dimen>
    <dimen name="dm390">317px</dimen>
    <dimen name="dm391">318px</dimen>
    <dimen name="dm392">319px</dimen>
    <dimen name="dm393">319px</dimen>
    <dimen name="dm394">320px</dimen>
    <dimen name="dm395">321px</dimen>
    <dimen name="dm396">322px</dimen>
    <dimen name="dm397">323px</dimen>
    <dimen name="dm398">323px</dimen>
    <dimen name="dm399">324px</dimen>
    <dimen name="dm400">325px</dimen>
    <dimen name="dm401">326px</dimen>
    <dimen name="dm402">327px</dimen>
    <dimen name="dm403">327px</dimen>
    <dimen name="dm404">328px</dimen>
    <dimen name="dm405">329px</dimen>
    <dimen name="dm406">330px</dimen>
    <dimen name="dm407">331px</dimen>
    <dimen name="dm408">332px</dimen>
    <dimen name="dm409">332px</dimen>
    <dimen name="dm410">333px</dimen>
    <dimen name="dm411">334px</dimen>
    <dimen name="dm412">335px</dimen>
    <dimen name="dm413">336px</dimen>
    <dimen name="dm414">336px</dimen>
    <dimen name="dm415">337px</dimen>
    <dimen name="dm416">338px</dimen>
    <dimen name="dm417">339px</dimen>
    <dimen name="dm418">340px</dimen>
    <dimen name="dm419">340px</dimen>
    <dimen name="dm420">341px</dimen>
    <dimen name="dm421">342px</dimen>
    <dimen name="dm422">343px</dimen>
    <dimen name="dm423">344px</dimen>
    <dimen name="dm424">345px</dimen>
    <dimen name="dm425">345px</dimen>
    <dimen name="dm426">346px</dimen>
    <dimen name="dm427">347px</dimen>
    <dimen name="dm428">348px</dimen>
    <dimen name="dm429">349px</dimen>
    <dimen name="dm430">349px</dimen>
    <dimen name="dm431">350px</dimen>
    <dimen name="dm432">351px</dimen>
    <dimen name="dm433">352px</dimen>
    <dimen name="dm434">353px</dimen>
    <dimen name="dm435">353px</dimen>
    <dimen name="dm436">354px</dimen>
    <dimen name="dm437">355px</dimen>
    <dimen name="dm438">356px</dimen>
    <dimen name="dm439">357px</dimen>
    <dimen name="dm440">358px</dimen>
    <dimen name="dm441">358px</dimen>
    <dimen name="dm442">359px</dimen>
    <dimen name="dm443">360px</dimen>
    <dimen name="dm444">361px</dimen>
    <dimen name="dm445">362px</dimen>
    <dimen name="dm446">362px</dimen>
    <dimen name="dm447">363px</dimen>
    <dimen name="dm448">364px</dimen>
    <dimen name="dm449">365px</dimen>
    <dimen name="dm450">366px</dimen>
    <dimen name="dm451">366px</dimen>
    <dimen name="dm452">367px</dimen>
    <dimen name="dm453">368px</dimen>
    <dimen name="dm454">369px</dimen>
    <dimen name="dm455">370px</dimen>
    <dimen name="dm456">371px</dimen>
    <dimen name="dm457">371px</dimen>
    <dimen name="dm458">372px</dimen>
    <dimen name="dm459">373px</dimen>
    <dimen name="dm460">374px</dimen>
    <dimen name="dm461">375px</dimen>
    <dimen name="dm462">375px</dimen>
    <dimen name="dm463">376px</dimen>
    <dimen name="dm464">377px</dimen>
    <dimen name="dm465">378px</dimen>
    <dimen name="dm466">379px</dimen>
    <dimen name="dm467">379px</dimen>
    <dimen name="dm468">380px</dimen>
    <dimen name="dm469">381px</dimen>
    <dimen name="dm470">382px</dimen>
    <dimen name="dm471">383px</dimen>
    <dimen name="dm472">384px</dimen>
    <dimen name="dm473">384px</dimen>
    <dimen name="dm474">385px</dimen>
    <dimen name="dm475">386px</dimen>
    <dimen name="dm476">387px</dimen>
    <dimen name="dm477">388px</dimen>
    <dimen name="dm478">388px</dimen>
    <dimen name="dm479">389px</dimen>
    <dimen name="dm480">390px</dimen>
    <dimen name="dm481">391px</dimen>
    <dimen name="dm482">392px</dimen>
    <dimen name="dm483">392px</dimen>
    <dimen name="dm484">393px</dimen>
    <dimen name="dm485">394px</dimen>
    <dimen name="dm486">395px</dimen>
    <dimen name="dm487">396px</dimen>
    <dimen name="dm488">397px</dimen>
    <dimen name="dm489">397px</dimen>
    <dimen name="dm490">398px</dimen>
    <dimen name="dm491">399px</dimen>
    <dimen name="dm492">400px</dimen>
    <dimen name="dm493">401px</dimen>
    <dimen name="dm494">401px</dimen>
    <dimen name="dm495">402px</dimen>
    <dimen name="dm496">403px</dimen>
    <dimen name="dm497">404px</dimen>
    <dimen name="dm498">405px</dimen>
    <dimen name="dm499">405px</dimen>
    <dimen name="dm500">406px</dimen>
    <dimen name="dm501">407px</dimen>
    <dimen name="dm502">408px</dimen>
    <dimen name="dm503">409px</dimen>
    <dimen name="dm504">410px</dimen>
    <dimen name="dm505">410px</dimen>
    <dimen name="dm506">411px</dimen>
    <dimen name="dm507">412px</dimen>
    <dimen name="dm508">413px</dimen>
    <dimen name="dm509">414px</dimen>
    <dimen name="dm510">414px</dimen>
    <dimen name="dm511">415px</dimen>
    <dimen name="dm512">416px</dimen>
    <dimen name="dm513">417px</dimen>
    <dimen name="dm514">418px</dimen>
    <dimen name="dm515">418px</dimen>
    <dimen name="dm516">419px</dimen>
    <dimen name="dm517">420px</dimen>
    <dimen name="dm518">421px</dimen>
    <dimen name="dm519">422px</dimen>
    <dimen name="dm520">423px</dimen>
    <dimen name="dm521">423px</dimen>
    <dimen name="dm522">424px</dimen>
    <dimen name="dm523">425px</dimen>
    <dimen name="dm524">426px</dimen>
    <dimen name="dm525">427px</dimen>
    <dimen name="dm526">427px</dimen>
    <dimen name="dm527">428px</dimen>
    <dimen name="dm528">429px</dimen>
    <dimen name="dm529">430px</dimen>
    <dimen name="dm530">431px</dimen>
    <dimen name="dm531">431px</dimen>
    <dimen name="dm532">432px</dimen>
    <dimen name="dm533">433px</dimen>
    <dimen name="dm534">434px</dimen>
    <dimen name="dm535">435px</dimen>
    <dimen name="dm536">436px</dimen>
    <dimen name="dm537">436px</dimen>
    <dimen name="dm538">437px</dimen>
    <dimen name="dm539">438px</dimen>
    <dimen name="dm540">439px</dimen>
    <dimen name="dm541">440px</dimen>
    <dimen name="dm542">440px</dimen>
    <dimen name="dm543">441px</dimen>
    <dimen name="dm544">442px</dimen>
    <dimen name="dm545">443px</dimen>
    <dimen name="dm546">444px</dimen>
    <dimen name="dm547">444px</dimen>
    <dimen name="dm548">445px</dimen>
    <dimen name="dm549">446px</dimen>
    <dimen name="dm550">447px</dimen>
    <dimen name="dm551">448px</dimen>
    <dimen name="dm552">449px</dimen>
    <dimen name="dm553">449px</dimen>
    <dimen name="dm554">450px</dimen>
    <dimen name="dm555">451px</dimen>
    <dimen name="dm556">452px</dimen>
    <dimen name="dm557">453px</dimen>
    <dimen name="dm558">453px</dimen>
    <dimen name="dm559">454px</dimen>
    <dimen name="dm560">455px</dimen>
    <dimen name="dm561">456px</dimen>
    <dimen name="dm562">457px</dimen>
    <dimen name="dm563">457px</dimen>
    <dimen name="dm564">458px</dimen>
    <dimen name="dm565">459px</dimen>
    <dimen name="dm566">460px</dimen>
    <dimen name="dm567">461px</dimen>
    <dimen name="dm568">462px</dimen>
    <dimen name="dm569">462px</dimen>
    <dimen name="dm570">463px</dimen>
    <dimen name="dm571">464px</dimen>
    <dimen name="dm572">465px</dimen>
    <dimen name="dm573">466px</dimen>
    <dimen name="dm574">466px</dimen>
    <dimen name="dm575">467px</dimen>
    <dimen name="dm576">468px</dimen>
    <dimen name="dm577">469px</dimen>
    <dimen name="dm578">470px</dimen>
    <dimen name="dm579">470px</dimen>
    <dimen name="dm580">471px</dimen>
    <dimen name="dm581">472px</dimen>
    <dimen name="dm582">473px</dimen>
    <dimen name="dm583">474px</dimen>
    <dimen name="dm584">475px</dimen>
    <dimen name="dm585">475px</dimen>
    <dimen name="dm586">476px</dimen>
    <dimen name="dm587">477px</dimen>
    <dimen name="dm588">478px</dimen>
    <dimen name="dm589">479px</dimen>
    <dimen name="dm590">479px</dimen>
    <dimen name="dm591">480px</dimen>
    <dimen name="dm592">481px</dimen>
    <dimen name="dm593">482px</dimen>
    <dimen name="dm594">483px</dimen>
    <dimen name="dm595">483px</dimen>
    <dimen name="dm596">484px</dimen>
    <dimen name="dm597">485px</dimen>
    <dimen name="dm598">486px</dimen>
    <dimen name="dm599">487px</dimen>
    <dimen name="dm600">488px</dimen>
    <dimen name="dm601">488px</dimen>
    <dimen name="dm602">489px</dimen>
    <dimen name="dm603">490px</dimen>
    <dimen name="dm604">491px</dimen>
    <dimen name="dm605">492px</dimen>
    <dimen name="dm606">492px</dimen>
    <dimen name="dm607">493px</dimen>
    <dimen name="dm608">494px</dimen>
    <dimen name="dm609">495px</dimen>
    <dimen name="dm610">496px</dimen>
    <dimen name="dm611">496px</dimen>
    <dimen name="dm612">497px</dimen>
    <dimen name="dm613">498px</dimen>
    <dimen name="dm614">499px</dimen>
    <dimen name="dm615">500px</dimen>
    <dimen name="dm616">501px</dimen>
    <dimen name="dm617">501px</dimen>
    <dimen name="dm618">502px</dimen>
    <dimen name="dm619">503px</dimen>
    <dimen name="dm620">504px</dimen>
    <dimen name="dm621">505px</dimen>
    <dimen name="dm622">505px</dimen>
    <dimen name="dm623">506px</dimen>
    <dimen name="dm624">507px</dimen>
    <dimen name="dm625">508px</dimen>
    <dimen name="dm626">509px</dimen>
    <dimen name="dm627">509px</dimen>
    <dimen name="dm628">510px</dimen>
    <dimen name="dm629">511px</dimen>
    <dimen name="dm630">512px</dimen>
    <dimen name="dm631">513px</dimen>
    <dimen name="dm632">514px</dimen>
    <dimen name="dm633">514px</dimen>
    <dimen name="dm634">515px</dimen>
    <dimen name="dm635">516px</dimen>
    <dimen name="dm636">517px</dimen>
    <dimen name="dm637">518px</dimen>
    <dimen name="dm638">518px</dimen>
    <dimen name="dm639">519px</dimen>
    <dimen name="dm640">520px</dimen>
    <dimen name="dm641">521px</dimen>
    <dimen name="dm642">522px</dimen>
    <dimen name="dm643">522px</dimen>
    <dimen name="dm644">523px</dimen>
    <dimen name="dm645">524px</dimen>
    <dimen name="dm646">525px</dimen>
    <dimen name="dm647">526px</dimen>
    <dimen name="dm648">527px</dimen>
    <dimen name="dm649">527px</dimen>
    <dimen name="dm650">528px</dimen>
    <dimen name="dm651">529px</dimen>
    <dimen name="dm652">530px</dimen>
    <dimen name="dm653">531px</dimen>
    <dimen name="dm654">531px</dimen>
    <dimen name="dm655">532px</dimen>
    <dimen name="dm656">533px</dimen>
    <dimen name="dm657">534px</dimen>
    <dimen name="dm658">535px</dimen>
    <dimen name="dm659">535px</dimen>
    <dimen name="dm660">536px</dimen>
    <dimen name="dm661">537px</dimen>
    <dimen name="dm662">538px</dimen>
    <dimen name="dm663">539px</dimen>
    <dimen name="dm664">540px</dimen>
    <dimen name="dm665">540px</dimen>
    <dimen name="dm666">541px</dimen>
    <dimen name="dm667">542px</dimen>
    <dimen name="dm668">543px</dimen>
    <dimen name="dm669">544px</dimen>
    <dimen name="dm670">544px</dimen>
    <dimen name="dm671">545px</dimen>
    <dimen name="dm672">546px</dimen>
    <dimen name="dm673">547px</dimen>
    <dimen name="dm674">548px</dimen>
    <dimen name="dm675">548px</dimen>
    <dimen name="dm676">549px</dimen>
    <dimen name="dm677">550px</dimen>
    <dimen name="dm678">551px</dimen>
    <dimen name="dm679">552px</dimen>
    <dimen name="dm680">553px</dimen>
    <dimen name="dm681">553px</dimen>
    <dimen name="dm682">554px</dimen>
    <dimen name="dm683">555px</dimen>
    <dimen name="dm684">556px</dimen>
    <dimen name="dm685">557px</dimen>
    <dimen name="dm686">557px</dimen>
    <dimen name="dm687">558px</dimen>
    <dimen name="dm688">559px</dimen>
    <dimen name="dm689">560px</dimen>
    <dimen name="dm690">561px</dimen>
    <dimen name="dm691">561px</dimen>
    <dimen name="dm692">562px</dimen>
    <dimen name="dm693">563px</dimen>
    <dimen name="dm694">564px</dimen>
    <dimen name="dm695">565px</dimen>
    <dimen name="dm696">566px</dimen>
    <dimen name="dm697">566px</dimen>
    <dimen name="dm698">567px</dimen>
    <dimen name="dm699">568px</dimen>
    <dimen name="dm700">569px</dimen>
    <dimen name="dm701">570px</dimen>
    <dimen name="dm702">570px</dimen>
    <dimen name="dm703">571px</dimen>
    <dimen name="dm704">572px</dimen>
    <dimen name="dm705">573px</dimen>
    <dimen name="dm706">574px</dimen>
    <dimen name="dm707">574px</dimen>
    <dimen name="dm708">575px</dimen>
    <dimen name="dm709">576px</dimen>
    <dimen name="dm710">577px</dimen>
    <dimen name="dm711">578px</dimen>
    <dimen name="dm712">579px</dimen>
    <dimen name="dm713">579px</dimen>
    <dimen name="dm714">580px</dimen>
    <dimen name="dm715">581px</dimen>
    <dimen name="dm716">582px</dimen>
    <dimen name="dm717">583px</dimen>
    <dimen name="dm718">583px</dimen>
    <dimen name="dm719">584px</dimen>
    <dimen name="dm720">585px</dimen>
    <dimen name="dm721">586px</dimen>
    <dimen name="dm722">587px</dimen>
    <dimen name="dm723">587px</dimen>
    <dimen name="dm724">588px</dimen>
    <dimen name="dm725">589px</dimen>
    <dimen name="dm726">590px</dimen>
    <dimen name="dm727">591px</dimen>
    <dimen name="dm728">592px</dimen>
    <dimen name="dm729">592px</dimen>
    <dimen name="dm730">593px</dimen>
    <dimen name="dm731">594px</dimen>
    <dimen name="dm732">595px</dimen>
    <dimen name="dm733">596px</dimen>
    <dimen name="dm734">596px</dimen>
    <dimen name="dm735">597px</dimen>
    <dimen name="dm736">598px</dimen>
    <dimen name="dm737">599px</dimen>
    <dimen name="dm738">600px</dimen>
    <dimen name="dm739">600px</dimen>
    <dimen name="dm740">601px</dimen>
    <dimen name="dm741">602px</dimen>
    <dimen name="dm742">603px</dimen>
    <dimen name="dm743">604px</dimen>
    <dimen name="dm744">605px</dimen>
    <dimen name="dm745">605px</dimen>
    <dimen name="dm746">606px</dimen>
    <dimen name="dm747">607px</dimen>
    <dimen name="dm748">608px</dimen>
    <dimen name="dm749">609px</dimen>
    <dimen name="dm750">609px</dimen>
    <dimen name="dm751">610px</dimen>
    <dimen name="dm752">611px</dimen>
    <dimen name="dm753">612px</dimen>
    <dimen name="dm754">613px</dimen>
    <dimen name="dm755">613px</dimen>
    <dimen name="dm756">614px</dimen>
    <dimen name="dm757">615px</dimen>
    <dimen name="dm758">616px</dimen>
    <dimen name="dm759">617px</dimen>
    <dimen name="dm760">618px</dimen>
    <dimen name="dm761">618px</dimen>
    <dimen name="dm762">619px</dimen>
    <dimen name="dm763">620px</dimen>
    <dimen name="dm764">621px</dimen>
    <dimen name="dm765">622px</dimen>
    <dimen name="dm766">622px</dimen>
    <dimen name="dm767">623px</dimen>
    <dimen name="dm768">624px</dimen>
    <dimen name="dm769">625px</dimen>
    <dimen name="dm770">626px</dimen>
    <dimen name="dm771">626px</dimen>
    <dimen name="dm772">627px</dimen>
    <dimen name="dm773">628px</dimen>
    <dimen name="dm774">629px</dimen>
    <dimen name="dm775">630px</dimen>
    <dimen name="dm776">631px</dimen>
    <dimen name="dm777">631px</dimen>
    <dimen name="dm778">632px</dimen>
    <dimen name="dm779">633px</dimen>
    <dimen name="dm780">634px</dimen>
    <dimen name="dm781">635px</dimen>
    <dimen name="dm782">635px</dimen>
    <dimen name="dm783">636px</dimen>
    <dimen name="dm784">637px</dimen>
    <dimen name="dm785">638px</dimen>
    <dimen name="dm786">639px</dimen>
    <dimen name="dm787">639px</dimen>
    <dimen name="dm788">640px</dimen>
    <dimen name="dm789">641px</dimen>
    <dimen name="dm790">642px</dimen>
    <dimen name="dm791">643px</dimen>
    <dimen name="dm792">644px</dimen>
    <dimen name="dm793">644px</dimen>
    <dimen name="dm794">645px</dimen>
    <dimen name="dm795">646px</dimen>
    <dimen name="dm796">647px</dimen>
    <dimen name="dm797">648px</dimen>
    <dimen name="dm798">648px</dimen>
    <dimen name="dm799">649px</dimen>
    <dimen name="dm800">650px</dimen>
    <dimen name="dm801">651px</dimen>
    <dimen name="dm802">652px</dimen>
    <dimen name="dm803">652px</dimen>
    <dimen name="dm804">653px</dimen>
    <dimen name="dm805">654px</dimen>
    <dimen name="dm806">655px</dimen>
    <dimen name="dm807">656px</dimen>
    <dimen name="dm808">657px</dimen>
    <dimen name="dm809">657px</dimen>
    <dimen name="dm810">658px</dimen>
    <dimen name="dm811">659px</dimen>
    <dimen name="dm812">660px</dimen>
    <dimen name="dm813">661px</dimen>
    <dimen name="dm814">661px</dimen>
    <dimen name="dm815">662px</dimen>
    <dimen name="dm816">663px</dimen>
    <dimen name="dm817">664px</dimen>
    <dimen name="dm818">665px</dimen>
    <dimen name="dm819">665px</dimen>
    <dimen name="dm820">666px</dimen>
    <dimen name="dm821">667px</dimen>
    <dimen name="dm822">668px</dimen>
    <dimen name="dm823">669px</dimen>
    <dimen name="dm824">670px</dimen>
    <dimen name="dm825">670px</dimen>
    <dimen name="dm826">671px</dimen>
    <dimen name="dm827">672px</dimen>
    <dimen name="dm828">673px</dimen>
    <dimen name="dm829">674px</dimen>
    <dimen name="dm830">674px</dimen>
    <dimen name="dm831">675px</dimen>
    <dimen name="dm832">676px</dimen>
    <dimen name="dm833">677px</dimen>
    <dimen name="dm834">678px</dimen>
    <dimen name="dm835">678px</dimen>
    <dimen name="dm836">679px</dimen>
    <dimen name="dm837">680px</dimen>
    <dimen name="dm838">681px</dimen>
    <dimen name="dm839">682px</dimen>
    <dimen name="dm840">683px</dimen>
    <dimen name="dm841">683px</dimen>
    <dimen name="dm842">684px</dimen>
    <dimen name="dm843">685px</dimen>
    <dimen name="dm844">686px</dimen>
    <dimen name="dm845">687px</dimen>
    <dimen name="dm846">687px</dimen>
    <dimen name="dm847">688px</dimen>
    <dimen name="dm848">689px</dimen>
    <dimen name="dm849">690px</dimen>
    <dimen name="dm850">691px</dimen>
    <dimen name="dm851">691px</dimen>
    <dimen name="dm852">692px</dimen>
    <dimen name="dm853">693px</dimen>
    <dimen name="dm854">694px</dimen>
    <dimen name="dm855">695px</dimen>
    <dimen name="dm856">696px</dimen>
    <dimen name="dm857">696px</dimen>
    <dimen name="dm858">697px</dimen>
    <dimen name="dm859">698px</dimen>
    <dimen name="dm860">699px</dimen>
    <dimen name="dm861">700px</dimen>
    <dimen name="dm862">700px</dimen>
    <dimen name="dm863">701px</dimen>
    <dimen name="dm864">702px</dimen>
    <dimen name="dm865">703px</dimen>
    <dimen name="dm866">704px</dimen>
    <dimen name="dm867">704px</dimen>
    <dimen name="dm868">705px</dimen>
    <dimen name="dm869">706px</dimen>
    <dimen name="dm870">707px</dimen>
    <dimen name="dm871">708px</dimen>
    <dimen name="dm872">709px</dimen>
    <dimen name="dm873">709px</dimen>
    <dimen name="dm874">710px</dimen>
    <dimen name="dm875">711px</dimen>
    <dimen name="dm876">712px</dimen>
    <dimen name="dm877">713px</dimen>
    <dimen name="dm878">713px</dimen>
    <dimen name="dm879">714px</dimen>
    <dimen name="dm880">715px</dimen>
    <dimen name="dm881">716px</dimen>
    <dimen name="dm882">717px</dimen>
    <dimen name="dm883">717px</dimen>
    <dimen name="dm884">718px</dimen>
    <dimen name="dm885">719px</dimen>
    <dimen name="dm886">720px</dimen>
    <dimen name="dm887">721px</dimen>
    <dimen name="dm888">722px</dimen>
    <dimen name="dm889">722px</dimen>
    <dimen name="dm890">723px</dimen>
    <dimen name="dm891">724px</dimen>
    <dimen name="dm892">725px</dimen>
    <dimen name="dm893">726px</dimen>
    <dimen name="dm894">726px</dimen>
    <dimen name="dm895">727px</dimen>
    <dimen name="dm896">728px</dimen>
    <dimen name="dm897">729px</dimen>
    <dimen name="dm898">730px</dimen>
    <dimen name="dm899">730px</dimen>
    <dimen name="dm900">731px</dimen>
    <dimen name="dm901">732px</dimen>
    <dimen name="dm902">733px</dimen>
    <dimen name="dm903">734px</dimen>
    <dimen name="dm904">735px</dimen>
    <dimen name="dm905">735px</dimen>
    <dimen name="dm906">736px</dimen>
    <dimen name="dm907">737px</dimen>
    <dimen name="dm908">738px</dimen>
    <dimen name="dm909">739px</dimen>
    <dimen name="dm910">739px</dimen>
    <dimen name="dm911">740px</dimen>
    <dimen name="dm912">741px</dimen>
    <dimen name="dm913">742px</dimen>
    <dimen name="dm914">743px</dimen>
    <dimen name="dm915">743px</dimen>
    <dimen name="dm916">744px</dimen>
    <dimen name="dm917">745px</dimen>
    <dimen name="dm918">746px</dimen>
    <dimen name="dm919">747px</dimen>
    <dimen name="dm920">748px</dimen>
    <dimen name="dm921">748px</dimen>
    <dimen name="dm922">749px</dimen>
    <dimen name="dm923">750px</dimen>
    <dimen name="dm924">751px</dimen>
    <dimen name="dm925">752px</dimen>
    <dimen name="dm926">752px</dimen>
    <dimen name="dm927">753px</dimen>
    <dimen name="dm928">754px</dimen>
    <dimen name="dm929">755px</dimen>
    <dimen name="dm930">756px</dimen>
    <dimen name="dm931">756px</dimen>
    <dimen name="dm932">757px</dimen>
    <dimen name="dm933">758px</dimen>
    <dimen name="dm934">759px</dimen>
    <dimen name="dm935">760px</dimen>
    <dimen name="dm936">761px</dimen>
    <dimen name="dm937">761px</dimen>
    <dimen name="dm938">762px</dimen>
    <dimen name="dm939">763px</dimen>
    <dimen name="dm940">764px</dimen>
    <dimen name="dm941">765px</dimen>
    <dimen name="dm942">765px</dimen>
    <dimen name="dm943">766px</dimen>
    <dimen name="dm944">767px</dimen>
    <dimen name="dm945">768px</dimen>
    <dimen name="dm946">769px</dimen>
    <dimen name="dm947">769px</dimen>
    <dimen name="dm948">770px</dimen>
    <dimen name="dm949">771px</dimen>
    <dimen name="dm950">772px</dimen>
    <dimen name="dm951">773px</dimen>
    <dimen name="dm952">774px</dimen>
    <dimen name="dm953">774px</dimen>
    <dimen name="dm954">775px</dimen>
    <dimen name="dm955">776px</dimen>
    <dimen name="dm956">777px</dimen>
    <dimen name="dm957">778px</dimen>
    <dimen name="dm958">778px</dimen>
    <dimen name="dm959">779px</dimen>
    <dimen name="dm960">780px</dimen>
    <dimen name="dm961">781px</dimen>
    <dimen name="dm962">782px</dimen>
    <dimen name="dm963">782px</dimen>
    <dimen name="dm964">783px</dimen>
    <dimen name="dm965">784px</dimen>
    <dimen name="dm966">785px</dimen>
    <dimen name="dm967">786px</dimen>
    <dimen name="dm968">787px</dimen>
    <dimen name="dm969">787px</dimen>
    <dimen name="dm970">788px</dimen>
    <dimen name="dm971">789px</dimen>
    <dimen name="dm972">790px</dimen>
    <dimen name="dm973">791px</dimen>
    <dimen name="dm974">791px</dimen>
    <dimen name="dm975">792px</dimen>
    <dimen name="dm976">793px</dimen>
    <dimen name="dm977">794px</dimen>
    <dimen name="dm978">795px</dimen>
    <dimen name="dm979">795px</dimen>
    <dimen name="dm980">796px</dimen>
    <dimen name="dm981">797px</dimen>
    <dimen name="dm982">798px</dimen>
    <dimen name="dm983">799px</dimen>
    <dimen name="dm984">800px</dimen>
    <dimen name="dm985">800px</dimen>
    <dimen name="dm986">801px</dimen>
    <dimen name="dm987">802px</dimen>
    <dimen name="dm988">803px</dimen>
    <dimen name="dm989">804px</dimen>
    <dimen name="dm990">804px</dimen>
    <dimen name="dm991">805px</dimen>
    <dimen name="dm992">806px</dimen>
    <dimen name="dm993">807px</dimen>
    <dimen name="dm994">808px</dimen>
    <dimen name="dm995">808px</dimen>
    <dimen name="dm996">809px</dimen>
    <dimen name="dm997">810px</dimen>
    <dimen name="dm998">811px</dimen>
    <dimen name="dm999">812px</dimen>

</resources>