<resources>

    <dimen name="dm_200">-499px</dimen>
    <dimen name="dm_199">-497px</dimen>
    <dimen name="dm_198">-494px</dimen>
    <dimen name="dm_197">-492px</dimen>
    <dimen name="dm_196">-489px</dimen>
    <dimen name="dm_195">-487px</dimen>
    <dimen name="dm_194">-484px</dimen>
    <dimen name="dm_193">-482px</dimen>
    <dimen name="dm_192">-479px</dimen>
    <dimen name="dm_191">-477px</dimen>
    <dimen name="dm_190">-474px</dimen>
    <dimen name="dm_189">-472px</dimen>
    <dimen name="dm_188">-469px</dimen>
    <dimen name="dm_187">-467px</dimen>
    <dimen name="dm_186">-464px</dimen>
    <dimen name="dm_185">-462px</dimen>
    <dimen name="dm_184">-459px</dimen>
    <dimen name="dm_183">-457px</dimen>
    <dimen name="dm_182">-454px</dimen>
    <dimen name="dm_181">-452px</dimen>
    <dimen name="dm_180">-449px</dimen>
    <dimen name="dm_179">-447px</dimen>
    <dimen name="dm_178">-444px</dimen>
    <dimen name="dm_177">-442px</dimen>
    <dimen name="dm_176">-439px</dimen>
    <dimen name="dm_175">-437px</dimen>
    <dimen name="dm_174">-434px</dimen>
    <dimen name="dm_173">-432px</dimen>
    <dimen name="dm_172">-429px</dimen>
    <dimen name="dm_171">-427px</dimen>
    <dimen name="dm_170">-424px</dimen>
    <dimen name="dm_169">-422px</dimen>
    <dimen name="dm_168">-419px</dimen>
    <dimen name="dm_167">-417px</dimen>
    <dimen name="dm_166">-414px</dimen>
    <dimen name="dm_165">-412px</dimen>
    <dimen name="dm_164">-409px</dimen>
    <dimen name="dm_163">-407px</dimen>
    <dimen name="dm_162">-404px</dimen>
    <dimen name="dm_161">-402px</dimen>
    <dimen name="dm_160">-399px</dimen>
    <dimen name="dm_159">-397px</dimen>
    <dimen name="dm_158">-394px</dimen>
    <dimen name="dm_157">-392px</dimen>
    <dimen name="dm_156">-389px</dimen>
    <dimen name="dm_155">-387px</dimen>
    <dimen name="dm_154">-384px</dimen>
    <dimen name="dm_153">-382px</dimen>
    <dimen name="dm_152">-379px</dimen>
    <dimen name="dm_151">-377px</dimen>
    <dimen name="dm_150">-374px</dimen>
    <dimen name="dm_149">-372px</dimen>
    <dimen name="dm_148">-369px</dimen>
    <dimen name="dm_147">-367px</dimen>
    <dimen name="dm_146">-364px</dimen>
    <dimen name="dm_145">-362px</dimen>
    <dimen name="dm_144">-359px</dimen>
    <dimen name="dm_143">-357px</dimen>
    <dimen name="dm_142">-354px</dimen>
    <dimen name="dm_141">-352px</dimen>
    <dimen name="dm_140">-349px</dimen>
    <dimen name="dm_139">-347px</dimen>
    <dimen name="dm_138">-344px</dimen>
    <dimen name="dm_137">-342px</dimen>
    <dimen name="dm_136">-339px</dimen>
    <dimen name="dm_135">-337px</dimen>
    <dimen name="dm_134">-334px</dimen>
    <dimen name="dm_133">-332px</dimen>
    <dimen name="dm_132">-329px</dimen>
    <dimen name="dm_131">-327px</dimen>
    <dimen name="dm_130">-324px</dimen>
    <dimen name="dm_129">-322px</dimen>
    <dimen name="dm_128">-319px</dimen>
    <dimen name="dm_127">-317px</dimen>
    <dimen name="dm_126">-314px</dimen>
    <dimen name="dm_125">-312px</dimen>
    <dimen name="dm_124">-309px</dimen>
    <dimen name="dm_123">-307px</dimen>
    <dimen name="dm_122">-304px</dimen>
    <dimen name="dm_121">-302px</dimen>
    <dimen name="dm_120">-299px</dimen>
    <dimen name="dm_119">-297px</dimen>
    <dimen name="dm_118">-294px</dimen>
    <dimen name="dm_117">-292px</dimen>
    <dimen name="dm_116">-289px</dimen>
    <dimen name="dm_115">-287px</dimen>
    <dimen name="dm_114">-284px</dimen>
    <dimen name="dm_113">-282px</dimen>
    <dimen name="dm_112">-279px</dimen>
    <dimen name="dm_111">-277px</dimen>
    <dimen name="dm_110">-274px</dimen>
    <dimen name="dm_109">-272px</dimen>
    <dimen name="dm_108">-269px</dimen>
    <dimen name="dm_107">-267px</dimen>
    <dimen name="dm_106">-264px</dimen>
    <dimen name="dm_105">-262px</dimen>
    <dimen name="dm_104">-259px</dimen>
    <dimen name="dm_103">-257px</dimen>
    <dimen name="dm_102">-254px</dimen>
    <dimen name="dm_101">-252px</dimen>
    <dimen name="dm_100">-249px</dimen>
    <dimen name="dm_099">-247px</dimen>
    <dimen name="dm_098">-244px</dimen>
    <dimen name="dm_097">-242px</dimen>
    <dimen name="dm_096">-239px</dimen>
    <dimen name="dm_095">-237px</dimen>
    <dimen name="dm_094">-234px</dimen>
    <dimen name="dm_093">-232px</dimen>
    <dimen name="dm_092">-229px</dimen>
    <dimen name="dm_091">-227px</dimen>
    <dimen name="dm_090">-224px</dimen>
    <dimen name="dm_089">-222px</dimen>
    <dimen name="dm_088">-219px</dimen>
    <dimen name="dm_087">-217px</dimen>
    <dimen name="dm_086">-214px</dimen>
    <dimen name="dm_085">-212px</dimen>
    <dimen name="dm_084">-209px</dimen>
    <dimen name="dm_083">-207px</dimen>
    <dimen name="dm_082">-204px</dimen>
    <dimen name="dm_081">-202px</dimen>
    <dimen name="dm_080">-199px</dimen>
    <dimen name="dm_079">-197px</dimen>
    <dimen name="dm_078">-194px</dimen>
    <dimen name="dm_077">-192px</dimen>
    <dimen name="dm_076">-189px</dimen>
    <dimen name="dm_075">-187px</dimen>
    <dimen name="dm_074">-184px</dimen>
    <dimen name="dm_073">-182px</dimen>
    <dimen name="dm_072">-179px</dimen>
    <dimen name="dm_071">-177px</dimen>
    <dimen name="dm_070">-174px</dimen>
    <dimen name="dm_069">-172px</dimen>
    <dimen name="dm_068">-169px</dimen>
    <dimen name="dm_067">-167px</dimen>
    <dimen name="dm_066">-164px</dimen>
    <dimen name="dm_065">-162px</dimen>
    <dimen name="dm_064">-159px</dimen>
    <dimen name="dm_063">-157px</dimen>
    <dimen name="dm_062">-154px</dimen>
    <dimen name="dm_061">-152px</dimen>
    <dimen name="dm_060">-149px</dimen>
    <dimen name="dm_059">-147px</dimen>
    <dimen name="dm_058">-144px</dimen>
    <dimen name="dm_057">-142px</dimen>
    <dimen name="dm_056">-139px</dimen>
    <dimen name="dm_055">-137px</dimen>
    <dimen name="dm_054">-134px</dimen>
    <dimen name="dm_053">-132px</dimen>
    <dimen name="dm_052">-129px</dimen>
    <dimen name="dm_051">-127px</dimen>
    <dimen name="dm_050">-124px</dimen>
    <dimen name="dm_049">-122px</dimen>
    <dimen name="dm_048">-119px</dimen>
    <dimen name="dm_047">-117px</dimen>
    <dimen name="dm_046">-114px</dimen>
    <dimen name="dm_045">-112px</dimen>
    <dimen name="dm_044">-109px</dimen>
    <dimen name="dm_043">-107px</dimen>
    <dimen name="dm_042">-104px</dimen>
    <dimen name="dm_041">-102px</dimen>
    <dimen name="dm_040">-99px</dimen>
    <dimen name="dm_039">-97px</dimen>
    <dimen name="dm_038">-94px</dimen>
    <dimen name="dm_037">-92px</dimen>
    <dimen name="dm_036">-89px</dimen>
    <dimen name="dm_035">-87px</dimen>
    <dimen name="dm_034">-84px</dimen>
    <dimen name="dm_033">-82px</dimen>
    <dimen name="dm_032">-79px</dimen>
    <dimen name="dm_031">-77px</dimen>
    <dimen name="dm_030">-74px</dimen>
    <dimen name="dm_029">-72px</dimen>
    <dimen name="dm_028">-69px</dimen>
    <dimen name="dm_027">-67px</dimen>
    <dimen name="dm_026">-64px</dimen>
    <dimen name="dm_025">-62px</dimen>
    <dimen name="dm_024">-59px</dimen>
    <dimen name="dm_023">-57px</dimen>
    <dimen name="dm_022">-54px</dimen>
    <dimen name="dm_021">-52px</dimen>
    <dimen name="dm_020">-49px</dimen>
    <dimen name="dm_019">-47px</dimen>
    <dimen name="dm_018">-44px</dimen>
    <dimen name="dm_017">-42px</dimen>
    <dimen name="dm_016">-39px</dimen>
    <dimen name="dm_015">-37px</dimen>
    <dimen name="dm_014">-34px</dimen>
    <dimen name="dm_013">-32px</dimen>
    <dimen name="dm_012">-29px</dimen>
    <dimen name="dm_011">-27px</dimen>
    <dimen name="dm_010">-24px</dimen>
    <dimen name="dm_009">-22px</dimen>
    <dimen name="dm_008">-19px</dimen>
    <dimen name="dm_007">-17px</dimen>
    <dimen name="dm_006">-14px</dimen>
    <dimen name="dm_005">-12px</dimen>
    <dimen name="dm_004">-9px</dimen>
    <dimen name="dm_003">-7px</dimen>
    <dimen name="dm_002">-4px</dimen>
    <dimen name="dm_001">-2px</dimen>
    <dimen name="dm000">0px</dimen>
    <dimen name="dm001">3px</dimen>
    <dimen name="dm002">5px</dimen>
    <dimen name="dm003">8px</dimen>
    <dimen name="dm004">10px</dimen>
    <dimen name="dm005">13px</dimen>
    <dimen name="dm006">15px</dimen>
    <dimen name="dm007">18px</dimen>
    <dimen name="dm008">20px</dimen>
    <dimen name="dm009">23px</dimen>
    <dimen name="dm010">25px</dimen>
    <dimen name="dm011">28px</dimen>
    <dimen name="dm012">30px</dimen>
    <dimen name="dm013">33px</dimen>
    <dimen name="dm014">35px</dimen>
    <dimen name="dm015">38px</dimen>
    <dimen name="dm016">40px</dimen>
    <dimen name="dm017">43px</dimen>
    <dimen name="dm018">45px</dimen>
    <dimen name="dm019">48px</dimen>
    <dimen name="dm020">50px</dimen>
    <dimen name="dm021">53px</dimen>
    <dimen name="dm022">55px</dimen>
    <dimen name="dm023">58px</dimen>
    <dimen name="dm024">60px</dimen>
    <dimen name="dm025">63px</dimen>
    <dimen name="dm026">65px</dimen>
    <dimen name="dm027">68px</dimen>
    <dimen name="dm028">70px</dimen>
    <dimen name="dm029">73px</dimen>
    <dimen name="dm030">75px</dimen>
    <dimen name="dm031">78px</dimen>
    <dimen name="dm032">80px</dimen>
    <dimen name="dm033">83px</dimen>
    <dimen name="dm034">85px</dimen>
    <dimen name="dm035">88px</dimen>
    <dimen name="dm036">90px</dimen>
    <dimen name="dm037">93px</dimen>
    <dimen name="dm038">95px</dimen>
    <dimen name="dm039">98px</dimen>
    <dimen name="dm040">100px</dimen>
    <dimen name="dm041">103px</dimen>
    <dimen name="dm042">105px</dimen>
    <dimen name="dm043">108px</dimen>
    <dimen name="dm044">110px</dimen>
    <dimen name="dm045">113px</dimen>
    <dimen name="dm046">115px</dimen>
    <dimen name="dm047">118px</dimen>
    <dimen name="dm048">120px</dimen>
    <dimen name="dm049">123px</dimen>
    <dimen name="dm050">125px</dimen>
    <dimen name="dm051">128px</dimen>
    <dimen name="dm052">130px</dimen>
    <dimen name="dm053">133px</dimen>
    <dimen name="dm054">135px</dimen>
    <dimen name="dm055">138px</dimen>
    <dimen name="dm056">140px</dimen>
    <dimen name="dm057">143px</dimen>
    <dimen name="dm058">145px</dimen>
    <dimen name="dm059">148px</dimen>
    <dimen name="dm060">150px</dimen>
    <dimen name="dm061">153px</dimen>
    <dimen name="dm062">155px</dimen>
    <dimen name="dm063">158px</dimen>
    <dimen name="dm064">160px</dimen>
    <dimen name="dm065">163px</dimen>
    <dimen name="dm066">165px</dimen>
    <dimen name="dm067">168px</dimen>
    <dimen name="dm068">170px</dimen>
    <dimen name="dm069">173px</dimen>
    <dimen name="dm070">175px</dimen>
    <dimen name="dm071">178px</dimen>
    <dimen name="dm072">180px</dimen>
    <dimen name="dm073">183px</dimen>
    <dimen name="dm074">185px</dimen>
    <dimen name="dm075">188px</dimen>
    <dimen name="dm076">190px</dimen>
    <dimen name="dm077">193px</dimen>
    <dimen name="dm078">195px</dimen>
    <dimen name="dm079">198px</dimen>
    <dimen name="dm080">200px</dimen>
    <dimen name="dm081">203px</dimen>
    <dimen name="dm082">205px</dimen>
    <dimen name="dm083">208px</dimen>
    <dimen name="dm084">210px</dimen>
    <dimen name="dm085">213px</dimen>
    <dimen name="dm086">215px</dimen>
    <dimen name="dm087">218px</dimen>
    <dimen name="dm088">220px</dimen>
    <dimen name="dm089">223px</dimen>
    <dimen name="dm090">225px</dimen>
    <dimen name="dm091">228px</dimen>
    <dimen name="dm092">230px</dimen>
    <dimen name="dm093">233px</dimen>
    <dimen name="dm094">235px</dimen>
    <dimen name="dm095">238px</dimen>
    <dimen name="dm096">240px</dimen>
    <dimen name="dm097">243px</dimen>
    <dimen name="dm098">245px</dimen>
    <dimen name="dm099">248px</dimen>
    <dimen name="dm100">250px</dimen>
    <dimen name="dm101">253px</dimen>
    <dimen name="dm102">255px</dimen>
    <dimen name="dm103">258px</dimen>
    <dimen name="dm104">260px</dimen>
    <dimen name="dm105">263px</dimen>
    <dimen name="dm106">265px</dimen>
    <dimen name="dm107">268px</dimen>
    <dimen name="dm108">270px</dimen>
    <dimen name="dm109">273px</dimen>
    <dimen name="dm110">275px</dimen>
    <dimen name="dm111">278px</dimen>
    <dimen name="dm112">280px</dimen>
    <dimen name="dm113">283px</dimen>
    <dimen name="dm114">285px</dimen>
    <dimen name="dm115">288px</dimen>
    <dimen name="dm116">290px</dimen>
    <dimen name="dm117">293px</dimen>
    <dimen name="dm118">295px</dimen>
    <dimen name="dm119">298px</dimen>
    <dimen name="dm120">300px</dimen>
    <dimen name="dm121">303px</dimen>
    <dimen name="dm122">305px</dimen>
    <dimen name="dm123">308px</dimen>
    <dimen name="dm124">310px</dimen>
    <dimen name="dm125">313px</dimen>
    <dimen name="dm126">315px</dimen>
    <dimen name="dm127">318px</dimen>
    <dimen name="dm128">320px</dimen>
    <dimen name="dm129">323px</dimen>
    <dimen name="dm130">325px</dimen>
    <dimen name="dm131">328px</dimen>
    <dimen name="dm132">330px</dimen>
    <dimen name="dm133">333px</dimen>
    <dimen name="dm134">335px</dimen>
    <dimen name="dm135">338px</dimen>
    <dimen name="dm136">340px</dimen>
    <dimen name="dm137">343px</dimen>
    <dimen name="dm138">345px</dimen>
    <dimen name="dm139">348px</dimen>
    <dimen name="dm140">350px</dimen>
    <dimen name="dm141">353px</dimen>
    <dimen name="dm142">355px</dimen>
    <dimen name="dm143">358px</dimen>
    <dimen name="dm144">360px</dimen>
    <dimen name="dm145">363px</dimen>
    <dimen name="dm146">365px</dimen>
    <dimen name="dm147">368px</dimen>
    <dimen name="dm148">370px</dimen>
    <dimen name="dm149">373px</dimen>
    <dimen name="dm150">375px</dimen>
    <dimen name="dm151">378px</dimen>
    <dimen name="dm152">380px</dimen>
    <dimen name="dm153">383px</dimen>
    <dimen name="dm154">385px</dimen>
    <dimen name="dm155">388px</dimen>
    <dimen name="dm156">390px</dimen>
    <dimen name="dm157">393px</dimen>
    <dimen name="dm158">395px</dimen>
    <dimen name="dm159">398px</dimen>
    <dimen name="dm160">400px</dimen>
    <dimen name="dm161">403px</dimen>
    <dimen name="dm162">405px</dimen>
    <dimen name="dm163">408px</dimen>
    <dimen name="dm164">410px</dimen>
    <dimen name="dm165">413px</dimen>
    <dimen name="dm166">415px</dimen>
    <dimen name="dm167">418px</dimen>
    <dimen name="dm168">420px</dimen>
    <dimen name="dm169">423px</dimen>
    <dimen name="dm170">425px</dimen>
    <dimen name="dm171">428px</dimen>
    <dimen name="dm172">430px</dimen>
    <dimen name="dm173">433px</dimen>
    <dimen name="dm174">435px</dimen>
    <dimen name="dm175">438px</dimen>
    <dimen name="dm176">440px</dimen>
    <dimen name="dm177">443px</dimen>
    <dimen name="dm178">445px</dimen>
    <dimen name="dm179">448px</dimen>
    <dimen name="dm180">450px</dimen>
    <dimen name="dm181">453px</dimen>
    <dimen name="dm182">455px</dimen>
    <dimen name="dm183">458px</dimen>
    <dimen name="dm184">460px</dimen>
    <dimen name="dm185">463px</dimen>
    <dimen name="dm186">465px</dimen>
    <dimen name="dm187">468px</dimen>
    <dimen name="dm188">470px</dimen>
    <dimen name="dm189">473px</dimen>
    <dimen name="dm190">475px</dimen>
    <dimen name="dm191">478px</dimen>
    <dimen name="dm192">480px</dimen>
    <dimen name="dm193">483px</dimen>
    <dimen name="dm194">485px</dimen>
    <dimen name="dm195">488px</dimen>
    <dimen name="dm196">490px</dimen>
    <dimen name="dm197">493px</dimen>
    <dimen name="dm198">495px</dimen>
    <dimen name="dm199">498px</dimen>
    <dimen name="dm200">500px</dimen>
    <dimen name="dm201">503px</dimen>
    <dimen name="dm202">505px</dimen>
    <dimen name="dm203">508px</dimen>
    <dimen name="dm204">510px</dimen>
    <dimen name="dm205">513px</dimen>
    <dimen name="dm206">515px</dimen>
    <dimen name="dm207">518px</dimen>
    <dimen name="dm208">520px</dimen>
    <dimen name="dm209">523px</dimen>
    <dimen name="dm210">525px</dimen>
    <dimen name="dm211">528px</dimen>
    <dimen name="dm212">530px</dimen>
    <dimen name="dm213">533px</dimen>
    <dimen name="dm214">535px</dimen>
    <dimen name="dm215">538px</dimen>
    <dimen name="dm216">540px</dimen>
    <dimen name="dm217">543px</dimen>
    <dimen name="dm218">545px</dimen>
    <dimen name="dm219">548px</dimen>
    <dimen name="dm220">550px</dimen>
    <dimen name="dm221">553px</dimen>
    <dimen name="dm222">555px</dimen>
    <dimen name="dm223">558px</dimen>
    <dimen name="dm224">560px</dimen>
    <dimen name="dm225">563px</dimen>
    <dimen name="dm226">565px</dimen>
    <dimen name="dm227">568px</dimen>
    <dimen name="dm228">570px</dimen>
    <dimen name="dm229">573px</dimen>
    <dimen name="dm230">575px</dimen>
    <dimen name="dm231">578px</dimen>
    <dimen name="dm232">580px</dimen>
    <dimen name="dm233">583px</dimen>
    <dimen name="dm234">585px</dimen>
    <dimen name="dm235">588px</dimen>
    <dimen name="dm236">590px</dimen>
    <dimen name="dm237">593px</dimen>
    <dimen name="dm238">595px</dimen>
    <dimen name="dm239">598px</dimen>
    <dimen name="dm240">600px</dimen>
    <dimen name="dm241">603px</dimen>
    <dimen name="dm242">605px</dimen>
    <dimen name="dm243">608px</dimen>
    <dimen name="dm244">610px</dimen>
    <dimen name="dm245">613px</dimen>
    <dimen name="dm246">615px</dimen>
    <dimen name="dm247">618px</dimen>
    <dimen name="dm248">620px</dimen>
    <dimen name="dm249">623px</dimen>
    <dimen name="dm250">625px</dimen>
    <dimen name="dm251">628px</dimen>
    <dimen name="dm252">630px</dimen>
    <dimen name="dm253">633px</dimen>
    <dimen name="dm254">635px</dimen>
    <dimen name="dm255">638px</dimen>
    <dimen name="dm256">640px</dimen>
    <dimen name="dm257">643px</dimen>
    <dimen name="dm258">645px</dimen>
    <dimen name="dm259">648px</dimen>
    <dimen name="dm260">650px</dimen>
    <dimen name="dm261">653px</dimen>
    <dimen name="dm262">655px</dimen>
    <dimen name="dm263">658px</dimen>
    <dimen name="dm264">660px</dimen>
    <dimen name="dm265">663px</dimen>
    <dimen name="dm266">665px</dimen>
    <dimen name="dm267">668px</dimen>
    <dimen name="dm268">670px</dimen>
    <dimen name="dm269">673px</dimen>
    <dimen name="dm270">675px</dimen>
    <dimen name="dm271">678px</dimen>
    <dimen name="dm272">680px</dimen>
    <dimen name="dm273">683px</dimen>
    <dimen name="dm274">685px</dimen>
    <dimen name="dm275">688px</dimen>
    <dimen name="dm276">690px</dimen>
    <dimen name="dm277">693px</dimen>
    <dimen name="dm278">695px</dimen>
    <dimen name="dm279">698px</dimen>
    <dimen name="dm280">700px</dimen>
    <dimen name="dm281">703px</dimen>
    <dimen name="dm282">705px</dimen>
    <dimen name="dm283">708px</dimen>
    <dimen name="dm284">710px</dimen>
    <dimen name="dm285">713px</dimen>
    <dimen name="dm286">715px</dimen>
    <dimen name="dm287">718px</dimen>
    <dimen name="dm288">720px</dimen>
    <dimen name="dm289">723px</dimen>
    <dimen name="dm290">725px</dimen>
    <dimen name="dm291">728px</dimen>
    <dimen name="dm292">730px</dimen>
    <dimen name="dm293">733px</dimen>
    <dimen name="dm294">735px</dimen>
    <dimen name="dm295">738px</dimen>
    <dimen name="dm296">740px</dimen>
    <dimen name="dm297">743px</dimen>
    <dimen name="dm298">745px</dimen>
    <dimen name="dm299">748px</dimen>
    <dimen name="dm300">750px</dimen>
    <dimen name="dm301">753px</dimen>
    <dimen name="dm302">755px</dimen>
    <dimen name="dm303">758px</dimen>
    <dimen name="dm304">760px</dimen>
    <dimen name="dm305">763px</dimen>
    <dimen name="dm306">765px</dimen>
    <dimen name="dm307">768px</dimen>
    <dimen name="dm308">770px</dimen>
    <dimen name="dm309">773px</dimen>
    <dimen name="dm310">775px</dimen>
    <dimen name="dm311">778px</dimen>
    <dimen name="dm312">780px</dimen>
    <dimen name="dm313">783px</dimen>
    <dimen name="dm314">785px</dimen>
    <dimen name="dm315">788px</dimen>
    <dimen name="dm316">790px</dimen>
    <dimen name="dm317">793px</dimen>
    <dimen name="dm318">795px</dimen>
    <dimen name="dm319">798px</dimen>
    <dimen name="dm320">800px</dimen>
    <dimen name="dm321">803px</dimen>
    <dimen name="dm322">805px</dimen>
    <dimen name="dm323">808px</dimen>
    <dimen name="dm324">810px</dimen>
    <dimen name="dm325">813px</dimen>
    <dimen name="dm326">815px</dimen>
    <dimen name="dm327">818px</dimen>
    <dimen name="dm328">820px</dimen>
    <dimen name="dm329">823px</dimen>
    <dimen name="dm330">825px</dimen>
    <dimen name="dm331">828px</dimen>
    <dimen name="dm332">830px</dimen>
    <dimen name="dm333">833px</dimen>
    <dimen name="dm334">835px</dimen>
    <dimen name="dm335">838px</dimen>
    <dimen name="dm336">840px</dimen>
    <dimen name="dm337">843px</dimen>
    <dimen name="dm338">845px</dimen>
    <dimen name="dm339">848px</dimen>
    <dimen name="dm340">850px</dimen>
    <dimen name="dm341">853px</dimen>
    <dimen name="dm342">855px</dimen>
    <dimen name="dm343">858px</dimen>
    <dimen name="dm344">860px</dimen>
    <dimen name="dm345">863px</dimen>
    <dimen name="dm346">865px</dimen>
    <dimen name="dm347">868px</dimen>
    <dimen name="dm348">870px</dimen>
    <dimen name="dm349">873px</dimen>
    <dimen name="dm350">875px</dimen>
    <dimen name="dm351">878px</dimen>
    <dimen name="dm352">880px</dimen>
    <dimen name="dm353">883px</dimen>
    <dimen name="dm354">885px</dimen>
    <dimen name="dm355">888px</dimen>
    <dimen name="dm356">890px</dimen>
    <dimen name="dm357">893px</dimen>
    <dimen name="dm358">895px</dimen>
    <dimen name="dm359">898px</dimen>
    <dimen name="dm360">900px</dimen>
    <dimen name="dm361">903px</dimen>
    <dimen name="dm362">905px</dimen>
    <dimen name="dm363">908px</dimen>
    <dimen name="dm364">910px</dimen>
    <dimen name="dm365">913px</dimen>
    <dimen name="dm366">915px</dimen>
    <dimen name="dm367">918px</dimen>
    <dimen name="dm368">920px</dimen>
    <dimen name="dm369">923px</dimen>
    <dimen name="dm370">925px</dimen>
    <dimen name="dm371">928px</dimen>
    <dimen name="dm372">930px</dimen>
    <dimen name="dm373">933px</dimen>
    <dimen name="dm374">935px</dimen>
    <dimen name="dm375">938px</dimen>
    <dimen name="dm376">940px</dimen>
    <dimen name="dm377">943px</dimen>
    <dimen name="dm378">945px</dimen>
    <dimen name="dm379">948px</dimen>
    <dimen name="dm380">950px</dimen>
    <dimen name="dm381">953px</dimen>
    <dimen name="dm382">955px</dimen>
    <dimen name="dm383">958px</dimen>
    <dimen name="dm384">960px</dimen>
    <dimen name="dm385">963px</dimen>
    <dimen name="dm386">965px</dimen>
    <dimen name="dm387">968px</dimen>
    <dimen name="dm388">970px</dimen>
    <dimen name="dm389">973px</dimen>
    <dimen name="dm390">975px</dimen>
    <dimen name="dm391">978px</dimen>
    <dimen name="dm392">980px</dimen>
    <dimen name="dm393">983px</dimen>
    <dimen name="dm394">985px</dimen>
    <dimen name="dm395">988px</dimen>
    <dimen name="dm396">990px</dimen>
    <dimen name="dm397">993px</dimen>
    <dimen name="dm398">995px</dimen>
    <dimen name="dm399">998px</dimen>
    <dimen name="dm400">1000px</dimen>
    <dimen name="dm401">1003px</dimen>
    <dimen name="dm402">1005px</dimen>
    <dimen name="dm403">1008px</dimen>
    <dimen name="dm404">1010px</dimen>
    <dimen name="dm405">1013px</dimen>
    <dimen name="dm406">1015px</dimen>
    <dimen name="dm407">1018px</dimen>
    <dimen name="dm408">1020px</dimen>
    <dimen name="dm409">1023px</dimen>
    <dimen name="dm410">1025px</dimen>
    <dimen name="dm411">1028px</dimen>
    <dimen name="dm412">1030px</dimen>
    <dimen name="dm413">1033px</dimen>
    <dimen name="dm414">1035px</dimen>
    <dimen name="dm415">1038px</dimen>
    <dimen name="dm416">1040px</dimen>
    <dimen name="dm417">1043px</dimen>
    <dimen name="dm418">1045px</dimen>
    <dimen name="dm419">1048px</dimen>
    <dimen name="dm420">1050px</dimen>
    <dimen name="dm421">1053px</dimen>
    <dimen name="dm422">1055px</dimen>
    <dimen name="dm423">1058px</dimen>
    <dimen name="dm424">1060px</dimen>
    <dimen name="dm425">1063px</dimen>
    <dimen name="dm426">1065px</dimen>
    <dimen name="dm427">1068px</dimen>
    <dimen name="dm428">1070px</dimen>
    <dimen name="dm429">1073px</dimen>
    <dimen name="dm430">1075px</dimen>
    <dimen name="dm431">1078px</dimen>
    <dimen name="dm432">1080px</dimen>
    <dimen name="dm433">1083px</dimen>
    <dimen name="dm434">1085px</dimen>
    <dimen name="dm435">1088px</dimen>
    <dimen name="dm436">1090px</dimen>
    <dimen name="dm437">1093px</dimen>
    <dimen name="dm438">1095px</dimen>
    <dimen name="dm439">1098px</dimen>
    <dimen name="dm440">1100px</dimen>
    <dimen name="dm441">1103px</dimen>
    <dimen name="dm442">1105px</dimen>
    <dimen name="dm443">1108px</dimen>
    <dimen name="dm444">1110px</dimen>
    <dimen name="dm445">1113px</dimen>
    <dimen name="dm446">1115px</dimen>
    <dimen name="dm447">1118px</dimen>
    <dimen name="dm448">1120px</dimen>
    <dimen name="dm449">1123px</dimen>
    <dimen name="dm450">1125px</dimen>
    <dimen name="dm451">1128px</dimen>
    <dimen name="dm452">1130px</dimen>
    <dimen name="dm453">1133px</dimen>
    <dimen name="dm454">1135px</dimen>
    <dimen name="dm455">1138px</dimen>
    <dimen name="dm456">1140px</dimen>
    <dimen name="dm457">1143px</dimen>
    <dimen name="dm458">1145px</dimen>
    <dimen name="dm459">1148px</dimen>
    <dimen name="dm460">1150px</dimen>
    <dimen name="dm461">1153px</dimen>
    <dimen name="dm462">1155px</dimen>
    <dimen name="dm463">1158px</dimen>
    <dimen name="dm464">1160px</dimen>
    <dimen name="dm465">1163px</dimen>
    <dimen name="dm466">1165px</dimen>
    <dimen name="dm467">1168px</dimen>
    <dimen name="dm468">1170px</dimen>
    <dimen name="dm469">1173px</dimen>
    <dimen name="dm470">1175px</dimen>
    <dimen name="dm471">1178px</dimen>
    <dimen name="dm472">1180px</dimen>
    <dimen name="dm473">1183px</dimen>
    <dimen name="dm474">1185px</dimen>
    <dimen name="dm475">1188px</dimen>
    <dimen name="dm476">1190px</dimen>
    <dimen name="dm477">1193px</dimen>
    <dimen name="dm478">1195px</dimen>
    <dimen name="dm479">1198px</dimen>
    <dimen name="dm480">1200px</dimen>
    <dimen name="dm481">1203px</dimen>
    <dimen name="dm482">1205px</dimen>
    <dimen name="dm483">1208px</dimen>
    <dimen name="dm484">1210px</dimen>
    <dimen name="dm485">1213px</dimen>
    <dimen name="dm486">1215px</dimen>
    <dimen name="dm487">1218px</dimen>
    <dimen name="dm488">1220px</dimen>
    <dimen name="dm489">1223px</dimen>
    <dimen name="dm490">1225px</dimen>
    <dimen name="dm491">1228px</dimen>
    <dimen name="dm492">1230px</dimen>
    <dimen name="dm493">1233px</dimen>
    <dimen name="dm494">1235px</dimen>
    <dimen name="dm495">1238px</dimen>
    <dimen name="dm496">1240px</dimen>
    <dimen name="dm497">1243px</dimen>
    <dimen name="dm498">1245px</dimen>
    <dimen name="dm499">1248px</dimen>
    <dimen name="dm500">1250px</dimen>
    <dimen name="dm501">1253px</dimen>
    <dimen name="dm502">1255px</dimen>
    <dimen name="dm503">1258px</dimen>
    <dimen name="dm504">1260px</dimen>
    <dimen name="dm505">1263px</dimen>
    <dimen name="dm506">1265px</dimen>
    <dimen name="dm507">1268px</dimen>
    <dimen name="dm508">1270px</dimen>
    <dimen name="dm509">1273px</dimen>
    <dimen name="dm510">1275px</dimen>
    <dimen name="dm511">1278px</dimen>
    <dimen name="dm512">1280px</dimen>
    <dimen name="dm513">1283px</dimen>
    <dimen name="dm514">1285px</dimen>
    <dimen name="dm515">1288px</dimen>
    <dimen name="dm516">1290px</dimen>
    <dimen name="dm517">1293px</dimen>
    <dimen name="dm518">1295px</dimen>
    <dimen name="dm519">1298px</dimen>
    <dimen name="dm520">1300px</dimen>
    <dimen name="dm521">1303px</dimen>
    <dimen name="dm522">1305px</dimen>
    <dimen name="dm523">1308px</dimen>
    <dimen name="dm524">1310px</dimen>
    <dimen name="dm525">1313px</dimen>
    <dimen name="dm526">1315px</dimen>
    <dimen name="dm527">1318px</dimen>
    <dimen name="dm528">1320px</dimen>
    <dimen name="dm529">1323px</dimen>
    <dimen name="dm530">1325px</dimen>
    <dimen name="dm531">1328px</dimen>
    <dimen name="dm532">1330px</dimen>
    <dimen name="dm533">1333px</dimen>
    <dimen name="dm534">1335px</dimen>
    <dimen name="dm535">1338px</dimen>
    <dimen name="dm536">1340px</dimen>
    <dimen name="dm537">1343px</dimen>
    <dimen name="dm538">1345px</dimen>
    <dimen name="dm539">1348px</dimen>
    <dimen name="dm540">1350px</dimen>
    <dimen name="dm541">1353px</dimen>
    <dimen name="dm542">1355px</dimen>
    <dimen name="dm543">1358px</dimen>
    <dimen name="dm544">1360px</dimen>
    <dimen name="dm545">1363px</dimen>
    <dimen name="dm546">1365px</dimen>
    <dimen name="dm547">1368px</dimen>
    <dimen name="dm548">1370px</dimen>
    <dimen name="dm549">1373px</dimen>
    <dimen name="dm550">1375px</dimen>
    <dimen name="dm551">1378px</dimen>
    <dimen name="dm552">1380px</dimen>
    <dimen name="dm553">1383px</dimen>
    <dimen name="dm554">1385px</dimen>
    <dimen name="dm555">1388px</dimen>
    <dimen name="dm556">1390px</dimen>
    <dimen name="dm557">1393px</dimen>
    <dimen name="dm558">1395px</dimen>
    <dimen name="dm559">1398px</dimen>
    <dimen name="dm560">1400px</dimen>
    <dimen name="dm561">1403px</dimen>
    <dimen name="dm562">1405px</dimen>
    <dimen name="dm563">1408px</dimen>
    <dimen name="dm564">1410px</dimen>
    <dimen name="dm565">1413px</dimen>
    <dimen name="dm566">1415px</dimen>
    <dimen name="dm567">1418px</dimen>
    <dimen name="dm568">1420px</dimen>
    <dimen name="dm569">1423px</dimen>
    <dimen name="dm570">1425px</dimen>
    <dimen name="dm571">1428px</dimen>
    <dimen name="dm572">1430px</dimen>
    <dimen name="dm573">1433px</dimen>
    <dimen name="dm574">1435px</dimen>
    <dimen name="dm575">1438px</dimen>
    <dimen name="dm576">1440px</dimen>
    <dimen name="dm577">1443px</dimen>
    <dimen name="dm578">1445px</dimen>
    <dimen name="dm579">1448px</dimen>
    <dimen name="dm580">1450px</dimen>
    <dimen name="dm581">1453px</dimen>
    <dimen name="dm582">1455px</dimen>
    <dimen name="dm583">1458px</dimen>
    <dimen name="dm584">1460px</dimen>
    <dimen name="dm585">1463px</dimen>
    <dimen name="dm586">1465px</dimen>
    <dimen name="dm587">1468px</dimen>
    <dimen name="dm588">1470px</dimen>
    <dimen name="dm589">1473px</dimen>
    <dimen name="dm590">1475px</dimen>
    <dimen name="dm591">1478px</dimen>
    <dimen name="dm592">1480px</dimen>
    <dimen name="dm593">1483px</dimen>
    <dimen name="dm594">1485px</dimen>
    <dimen name="dm595">1488px</dimen>
    <dimen name="dm596">1490px</dimen>
    <dimen name="dm597">1493px</dimen>
    <dimen name="dm598">1495px</dimen>
    <dimen name="dm599">1498px</dimen>
    <dimen name="dm600">1500px</dimen>
    <dimen name="dm601">1503px</dimen>
    <dimen name="dm602">1505px</dimen>
    <dimen name="dm603">1508px</dimen>
    <dimen name="dm604">1510px</dimen>
    <dimen name="dm605">1513px</dimen>
    <dimen name="dm606">1515px</dimen>
    <dimen name="dm607">1518px</dimen>
    <dimen name="dm608">1520px</dimen>
    <dimen name="dm609">1523px</dimen>
    <dimen name="dm610">1525px</dimen>
    <dimen name="dm611">1528px</dimen>
    <dimen name="dm612">1530px</dimen>
    <dimen name="dm613">1533px</dimen>
    <dimen name="dm614">1535px</dimen>
    <dimen name="dm615">1538px</dimen>
    <dimen name="dm616">1540px</dimen>
    <dimen name="dm617">1543px</dimen>
    <dimen name="dm618">1545px</dimen>
    <dimen name="dm619">1548px</dimen>
    <dimen name="dm620">1550px</dimen>
    <dimen name="dm621">1553px</dimen>
    <dimen name="dm622">1555px</dimen>
    <dimen name="dm623">1558px</dimen>
    <dimen name="dm624">1560px</dimen>
    <dimen name="dm625">1563px</dimen>
    <dimen name="dm626">1565px</dimen>
    <dimen name="dm627">1568px</dimen>
    <dimen name="dm628">1570px</dimen>
    <dimen name="dm629">1573px</dimen>
    <dimen name="dm630">1575px</dimen>
    <dimen name="dm631">1578px</dimen>
    <dimen name="dm632">1580px</dimen>
    <dimen name="dm633">1583px</dimen>
    <dimen name="dm634">1585px</dimen>
    <dimen name="dm635">1588px</dimen>
    <dimen name="dm636">1590px</dimen>
    <dimen name="dm637">1593px</dimen>
    <dimen name="dm638">1595px</dimen>
    <dimen name="dm639">1598px</dimen>
    <dimen name="dm640">1600px</dimen>
    <dimen name="dm641">1603px</dimen>
    <dimen name="dm642">1605px</dimen>
    <dimen name="dm643">1608px</dimen>
    <dimen name="dm644">1610px</dimen>
    <dimen name="dm645">1613px</dimen>
    <dimen name="dm646">1615px</dimen>
    <dimen name="dm647">1618px</dimen>
    <dimen name="dm648">1620px</dimen>
    <dimen name="dm649">1623px</dimen>
    <dimen name="dm650">1625px</dimen>
    <dimen name="dm651">1628px</dimen>
    <dimen name="dm652">1630px</dimen>
    <dimen name="dm653">1633px</dimen>
    <dimen name="dm654">1635px</dimen>
    <dimen name="dm655">1638px</dimen>
    <dimen name="dm656">1640px</dimen>
    <dimen name="dm657">1643px</dimen>
    <dimen name="dm658">1645px</dimen>
    <dimen name="dm659">1648px</dimen>
    <dimen name="dm660">1650px</dimen>
    <dimen name="dm661">1653px</dimen>
    <dimen name="dm662">1655px</dimen>
    <dimen name="dm663">1658px</dimen>
    <dimen name="dm664">1660px</dimen>
    <dimen name="dm665">1663px</dimen>
    <dimen name="dm666">1665px</dimen>
    <dimen name="dm667">1668px</dimen>
    <dimen name="dm668">1670px</dimen>
    <dimen name="dm669">1673px</dimen>
    <dimen name="dm670">1675px</dimen>
    <dimen name="dm671">1678px</dimen>
    <dimen name="dm672">1680px</dimen>
    <dimen name="dm673">1683px</dimen>
    <dimen name="dm674">1685px</dimen>
    <dimen name="dm675">1688px</dimen>
    <dimen name="dm676">1690px</dimen>
    <dimen name="dm677">1693px</dimen>
    <dimen name="dm678">1695px</dimen>
    <dimen name="dm679">1698px</dimen>
    <dimen name="dm680">1700px</dimen>
    <dimen name="dm681">1703px</dimen>
    <dimen name="dm682">1705px</dimen>
    <dimen name="dm683">1708px</dimen>
    <dimen name="dm684">1710px</dimen>
    <dimen name="dm685">1713px</dimen>
    <dimen name="dm686">1715px</dimen>
    <dimen name="dm687">1718px</dimen>
    <dimen name="dm688">1720px</dimen>
    <dimen name="dm689">1723px</dimen>
    <dimen name="dm690">1725px</dimen>
    <dimen name="dm691">1728px</dimen>
    <dimen name="dm692">1730px</dimen>
    <dimen name="dm693">1733px</dimen>
    <dimen name="dm694">1735px</dimen>
    <dimen name="dm695">1738px</dimen>
    <dimen name="dm696">1740px</dimen>
    <dimen name="dm697">1743px</dimen>
    <dimen name="dm698">1745px</dimen>
    <dimen name="dm699">1748px</dimen>
    <dimen name="dm700">1750px</dimen>
    <dimen name="dm701">1753px</dimen>
    <dimen name="dm702">1755px</dimen>
    <dimen name="dm703">1758px</dimen>
    <dimen name="dm704">1760px</dimen>
    <dimen name="dm705">1763px</dimen>
    <dimen name="dm706">1765px</dimen>
    <dimen name="dm707">1768px</dimen>
    <dimen name="dm708">1770px</dimen>
    <dimen name="dm709">1773px</dimen>
    <dimen name="dm710">1775px</dimen>
    <dimen name="dm711">1778px</dimen>
    <dimen name="dm712">1780px</dimen>
    <dimen name="dm713">1783px</dimen>
    <dimen name="dm714">1785px</dimen>
    <dimen name="dm715">1788px</dimen>
    <dimen name="dm716">1790px</dimen>
    <dimen name="dm717">1793px</dimen>
    <dimen name="dm718">1795px</dimen>
    <dimen name="dm719">1798px</dimen>
    <dimen name="dm720">1800px</dimen>
    <dimen name="dm721">1803px</dimen>
    <dimen name="dm722">1805px</dimen>
    <dimen name="dm723">1808px</dimen>
    <dimen name="dm724">1810px</dimen>
    <dimen name="dm725">1813px</dimen>
    <dimen name="dm726">1815px</dimen>
    <dimen name="dm727">1818px</dimen>
    <dimen name="dm728">1820px</dimen>
    <dimen name="dm729">1823px</dimen>
    <dimen name="dm730">1825px</dimen>
    <dimen name="dm731">1828px</dimen>
    <dimen name="dm732">1830px</dimen>
    <dimen name="dm733">1833px</dimen>
    <dimen name="dm734">1835px</dimen>
    <dimen name="dm735">1838px</dimen>
    <dimen name="dm736">1840px</dimen>
    <dimen name="dm737">1843px</dimen>
    <dimen name="dm738">1845px</dimen>
    <dimen name="dm739">1848px</dimen>
    <dimen name="dm740">1850px</dimen>
    <dimen name="dm741">1853px</dimen>
    <dimen name="dm742">1855px</dimen>
    <dimen name="dm743">1858px</dimen>
    <dimen name="dm744">1860px</dimen>
    <dimen name="dm745">1863px</dimen>
    <dimen name="dm746">1865px</dimen>
    <dimen name="dm747">1868px</dimen>
    <dimen name="dm748">1870px</dimen>
    <dimen name="dm749">1873px</dimen>
    <dimen name="dm750">1875px</dimen>
    <dimen name="dm751">1878px</dimen>
    <dimen name="dm752">1880px</dimen>
    <dimen name="dm753">1883px</dimen>
    <dimen name="dm754">1885px</dimen>
    <dimen name="dm755">1888px</dimen>
    <dimen name="dm756">1890px</dimen>
    <dimen name="dm757">1893px</dimen>
    <dimen name="dm758">1895px</dimen>
    <dimen name="dm759">1898px</dimen>
    <dimen name="dm760">1900px</dimen>
    <dimen name="dm761">1903px</dimen>
    <dimen name="dm762">1905px</dimen>
    <dimen name="dm763">1908px</dimen>
    <dimen name="dm764">1910px</dimen>
    <dimen name="dm765">1913px</dimen>
    <dimen name="dm766">1915px</dimen>
    <dimen name="dm767">1918px</dimen>
    <dimen name="dm768">1920px</dimen>
    <dimen name="dm769">1923px</dimen>
    <dimen name="dm770">1925px</dimen>
    <dimen name="dm771">1928px</dimen>
    <dimen name="dm772">1930px</dimen>
    <dimen name="dm773">1933px</dimen>
    <dimen name="dm774">1935px</dimen>
    <dimen name="dm775">1938px</dimen>
    <dimen name="dm776">1940px</dimen>
    <dimen name="dm777">1943px</dimen>
    <dimen name="dm778">1945px</dimen>
    <dimen name="dm779">1948px</dimen>
    <dimen name="dm780">1950px</dimen>
    <dimen name="dm781">1953px</dimen>
    <dimen name="dm782">1955px</dimen>
    <dimen name="dm783">1958px</dimen>
    <dimen name="dm784">1960px</dimen>
    <dimen name="dm785">1963px</dimen>
    <dimen name="dm786">1965px</dimen>
    <dimen name="dm787">1968px</dimen>
    <dimen name="dm788">1970px</dimen>
    <dimen name="dm789">1973px</dimen>
    <dimen name="dm790">1975px</dimen>
    <dimen name="dm791">1978px</dimen>
    <dimen name="dm792">1980px</dimen>
    <dimen name="dm793">1983px</dimen>
    <dimen name="dm794">1985px</dimen>
    <dimen name="dm795">1988px</dimen>
    <dimen name="dm796">1990px</dimen>
    <dimen name="dm797">1993px</dimen>
    <dimen name="dm798">1995px</dimen>
    <dimen name="dm799">1998px</dimen>
    <dimen name="dm800">2000px</dimen>
    <dimen name="dm801">2003px</dimen>
    <dimen name="dm802">2005px</dimen>
    <dimen name="dm803">2008px</dimen>
    <dimen name="dm804">2010px</dimen>
    <dimen name="dm805">2013px</dimen>
    <dimen name="dm806">2015px</dimen>
    <dimen name="dm807">2018px</dimen>
    <dimen name="dm808">2020px</dimen>
    <dimen name="dm809">2023px</dimen>
    <dimen name="dm810">2025px</dimen>
    <dimen name="dm811">2028px</dimen>
    <dimen name="dm812">2030px</dimen>
    <dimen name="dm813">2033px</dimen>
    <dimen name="dm814">2035px</dimen>
    <dimen name="dm815">2038px</dimen>
    <dimen name="dm816">2040px</dimen>
    <dimen name="dm817">2043px</dimen>
    <dimen name="dm818">2045px</dimen>
    <dimen name="dm819">2048px</dimen>
    <dimen name="dm820">2050px</dimen>
    <dimen name="dm821">2053px</dimen>
    <dimen name="dm822">2055px</dimen>
    <dimen name="dm823">2058px</dimen>
    <dimen name="dm824">2060px</dimen>
    <dimen name="dm825">2063px</dimen>
    <dimen name="dm826">2065px</dimen>
    <dimen name="dm827">2068px</dimen>
    <dimen name="dm828">2070px</dimen>
    <dimen name="dm829">2073px</dimen>
    <dimen name="dm830">2075px</dimen>
    <dimen name="dm831">2078px</dimen>
    <dimen name="dm832">2080px</dimen>
    <dimen name="dm833">2083px</dimen>
    <dimen name="dm834">2085px</dimen>
    <dimen name="dm835">2088px</dimen>
    <dimen name="dm836">2090px</dimen>
    <dimen name="dm837">2093px</dimen>
    <dimen name="dm838">2095px</dimen>
    <dimen name="dm839">2098px</dimen>
    <dimen name="dm840">2100px</dimen>
    <dimen name="dm841">2103px</dimen>
    <dimen name="dm842">2105px</dimen>
    <dimen name="dm843">2108px</dimen>
    <dimen name="dm844">2110px</dimen>
    <dimen name="dm845">2113px</dimen>
    <dimen name="dm846">2115px</dimen>
    <dimen name="dm847">2118px</dimen>
    <dimen name="dm848">2120px</dimen>
    <dimen name="dm849">2123px</dimen>
    <dimen name="dm850">2125px</dimen>
    <dimen name="dm851">2128px</dimen>
    <dimen name="dm852">2130px</dimen>
    <dimen name="dm853">2133px</dimen>
    <dimen name="dm854">2135px</dimen>
    <dimen name="dm855">2138px</dimen>
    <dimen name="dm856">2140px</dimen>
    <dimen name="dm857">2143px</dimen>
    <dimen name="dm858">2145px</dimen>
    <dimen name="dm859">2148px</dimen>
    <dimen name="dm860">2150px</dimen>
    <dimen name="dm861">2153px</dimen>
    <dimen name="dm862">2155px</dimen>
    <dimen name="dm863">2158px</dimen>
    <dimen name="dm864">2160px</dimen>
    <dimen name="dm865">2163px</dimen>
    <dimen name="dm866">2165px</dimen>
    <dimen name="dm867">2168px</dimen>
    <dimen name="dm868">2170px</dimen>
    <dimen name="dm869">2173px</dimen>
    <dimen name="dm870">2175px</dimen>
    <dimen name="dm871">2178px</dimen>
    <dimen name="dm872">2180px</dimen>
    <dimen name="dm873">2183px</dimen>
    <dimen name="dm874">2185px</dimen>
    <dimen name="dm875">2188px</dimen>
    <dimen name="dm876">2190px</dimen>
    <dimen name="dm877">2193px</dimen>
    <dimen name="dm878">2195px</dimen>
    <dimen name="dm879">2198px</dimen>
    <dimen name="dm880">2200px</dimen>
    <dimen name="dm881">2203px</dimen>
    <dimen name="dm882">2205px</dimen>
    <dimen name="dm883">2208px</dimen>
    <dimen name="dm884">2210px</dimen>
    <dimen name="dm885">2213px</dimen>
    <dimen name="dm886">2215px</dimen>
    <dimen name="dm887">2218px</dimen>
    <dimen name="dm888">2220px</dimen>
    <dimen name="dm889">2223px</dimen>
    <dimen name="dm890">2225px</dimen>
    <dimen name="dm891">2228px</dimen>
    <dimen name="dm892">2230px</dimen>
    <dimen name="dm893">2233px</dimen>
    <dimen name="dm894">2235px</dimen>
    <dimen name="dm895">2238px</dimen>
    <dimen name="dm896">2240px</dimen>
    <dimen name="dm897">2243px</dimen>
    <dimen name="dm898">2245px</dimen>
    <dimen name="dm899">2248px</dimen>
    <dimen name="dm900">2250px</dimen>
    <dimen name="dm901">2253px</dimen>
    <dimen name="dm902">2255px</dimen>
    <dimen name="dm903">2258px</dimen>
    <dimen name="dm904">2260px</dimen>
    <dimen name="dm905">2263px</dimen>
    <dimen name="dm906">2265px</dimen>
    <dimen name="dm907">2268px</dimen>
    <dimen name="dm908">2270px</dimen>
    <dimen name="dm909">2273px</dimen>
    <dimen name="dm910">2275px</dimen>
    <dimen name="dm911">2278px</dimen>
    <dimen name="dm912">2280px</dimen>
    <dimen name="dm913">2283px</dimen>
    <dimen name="dm914">2285px</dimen>
    <dimen name="dm915">2288px</dimen>
    <dimen name="dm916">2290px</dimen>
    <dimen name="dm917">2293px</dimen>
    <dimen name="dm918">2295px</dimen>
    <dimen name="dm919">2298px</dimen>
    <dimen name="dm920">2300px</dimen>
    <dimen name="dm921">2303px</dimen>
    <dimen name="dm922">2305px</dimen>
    <dimen name="dm923">2308px</dimen>
    <dimen name="dm924">2310px</dimen>
    <dimen name="dm925">2313px</dimen>
    <dimen name="dm926">2315px</dimen>
    <dimen name="dm927">2318px</dimen>
    <dimen name="dm928">2320px</dimen>
    <dimen name="dm929">2323px</dimen>
    <dimen name="dm930">2325px</dimen>
    <dimen name="dm931">2328px</dimen>
    <dimen name="dm932">2330px</dimen>
    <dimen name="dm933">2333px</dimen>
    <dimen name="dm934">2335px</dimen>
    <dimen name="dm935">2338px</dimen>
    <dimen name="dm936">2340px</dimen>
    <dimen name="dm937">2343px</dimen>
    <dimen name="dm938">2345px</dimen>
    <dimen name="dm939">2348px</dimen>
    <dimen name="dm940">2350px</dimen>
    <dimen name="dm941">2353px</dimen>
    <dimen name="dm942">2355px</dimen>
    <dimen name="dm943">2358px</dimen>
    <dimen name="dm944">2360px</dimen>
    <dimen name="dm945">2363px</dimen>
    <dimen name="dm946">2365px</dimen>
    <dimen name="dm947">2368px</dimen>
    <dimen name="dm948">2370px</dimen>
    <dimen name="dm949">2373px</dimen>
    <dimen name="dm950">2375px</dimen>
    <dimen name="dm951">2378px</dimen>
    <dimen name="dm952">2380px</dimen>
    <dimen name="dm953">2383px</dimen>
    <dimen name="dm954">2385px</dimen>
    <dimen name="dm955">2388px</dimen>
    <dimen name="dm956">2390px</dimen>
    <dimen name="dm957">2393px</dimen>
    <dimen name="dm958">2395px</dimen>
    <dimen name="dm959">2398px</dimen>
    <dimen name="dm960">2400px</dimen>
    <dimen name="dm961">2403px</dimen>
    <dimen name="dm962">2405px</dimen>
    <dimen name="dm963">2408px</dimen>
    <dimen name="dm964">2410px</dimen>
    <dimen name="dm965">2413px</dimen>
    <dimen name="dm966">2415px</dimen>
    <dimen name="dm967">2418px</dimen>
    <dimen name="dm968">2420px</dimen>
    <dimen name="dm969">2423px</dimen>
    <dimen name="dm970">2425px</dimen>
    <dimen name="dm971">2428px</dimen>
    <dimen name="dm972">2430px</dimen>
    <dimen name="dm973">2433px</dimen>
    <dimen name="dm974">2435px</dimen>
    <dimen name="dm975">2438px</dimen>
    <dimen name="dm976">2440px</dimen>
    <dimen name="dm977">2443px</dimen>
    <dimen name="dm978">2445px</dimen>
    <dimen name="dm979">2448px</dimen>
    <dimen name="dm980">2450px</dimen>
    <dimen name="dm981">2453px</dimen>
    <dimen name="dm982">2455px</dimen>
    <dimen name="dm983">2458px</dimen>
    <dimen name="dm984">2460px</dimen>
    <dimen name="dm985">2463px</dimen>
    <dimen name="dm986">2465px</dimen>
    <dimen name="dm987">2468px</dimen>
    <dimen name="dm988">2470px</dimen>
    <dimen name="dm989">2473px</dimen>
    <dimen name="dm990">2475px</dimen>
    <dimen name="dm991">2478px</dimen>
    <dimen name="dm992">2480px</dimen>
    <dimen name="dm993">2483px</dimen>
    <dimen name="dm994">2485px</dimen>
    <dimen name="dm995">2488px</dimen>
    <dimen name="dm996">2490px</dimen>
    <dimen name="dm997">2493px</dimen>
    <dimen name="dm998">2495px</dimen>
    <dimen name="dm999">2498px</dimen>

</resources>