<resources>

    <dimen name="dm_200">-719px</dimen>
    <dimen name="dm_199">-715px</dimen>
    <dimen name="dm_198">-712px</dimen>
    <dimen name="dm_197">-708px</dimen>
    <dimen name="dm_196">-705px</dimen>
    <dimen name="dm_195">-701px</dimen>
    <dimen name="dm_194">-697px</dimen>
    <dimen name="dm_193">-694px</dimen>
    <dimen name="dm_192">-690px</dimen>
    <dimen name="dm_191">-687px</dimen>
    <dimen name="dm_190">-683px</dimen>
    <dimen name="dm_189">-679px</dimen>
    <dimen name="dm_188">-676px</dimen>
    <dimen name="dm_187">-672px</dimen>
    <dimen name="dm_186">-669px</dimen>
    <dimen name="dm_185">-665px</dimen>
    <dimen name="dm_184">-661px</dimen>
    <dimen name="dm_183">-658px</dimen>
    <dimen name="dm_182">-654px</dimen>
    <dimen name="dm_181">-651px</dimen>
    <dimen name="dm_180">-647px</dimen>
    <dimen name="dm_179">-643px</dimen>
    <dimen name="dm_178">-640px</dimen>
    <dimen name="dm_177">-636px</dimen>
    <dimen name="dm_176">-633px</dimen>
    <dimen name="dm_175">-629px</dimen>
    <dimen name="dm_174">-625px</dimen>
    <dimen name="dm_173">-622px</dimen>
    <dimen name="dm_172">-618px</dimen>
    <dimen name="dm_171">-615px</dimen>
    <dimen name="dm_170">-611px</dimen>
    <dimen name="dm_169">-607px</dimen>
    <dimen name="dm_168">-604px</dimen>
    <dimen name="dm_167">-600px</dimen>
    <dimen name="dm_166">-597px</dimen>
    <dimen name="dm_165">-593px</dimen>
    <dimen name="dm_164">-589px</dimen>
    <dimen name="dm_163">-586px</dimen>
    <dimen name="dm_162">-582px</dimen>
    <dimen name="dm_161">-579px</dimen>
    <dimen name="dm_160">-575px</dimen>
    <dimen name="dm_159">-571px</dimen>
    <dimen name="dm_158">-568px</dimen>
    <dimen name="dm_157">-564px</dimen>
    <dimen name="dm_156">-561px</dimen>
    <dimen name="dm_155">-557px</dimen>
    <dimen name="dm_154">-553px</dimen>
    <dimen name="dm_153">-550px</dimen>
    <dimen name="dm_152">-546px</dimen>
    <dimen name="dm_151">-543px</dimen>
    <dimen name="dm_150">-539px</dimen>
    <dimen name="dm_149">-535px</dimen>
    <dimen name="dm_148">-532px</dimen>
    <dimen name="dm_147">-528px</dimen>
    <dimen name="dm_146">-525px</dimen>
    <dimen name="dm_145">-521px</dimen>
    <dimen name="dm_144">-517px</dimen>
    <dimen name="dm_143">-514px</dimen>
    <dimen name="dm_142">-510px</dimen>
    <dimen name="dm_141">-507px</dimen>
    <dimen name="dm_140">-503px</dimen>
    <dimen name="dm_139">-499px</dimen>
    <dimen name="dm_138">-496px</dimen>
    <dimen name="dm_137">-492px</dimen>
    <dimen name="dm_136">-489px</dimen>
    <dimen name="dm_135">-485px</dimen>
    <dimen name="dm_134">-481px</dimen>
    <dimen name="dm_133">-478px</dimen>
    <dimen name="dm_132">-474px</dimen>
    <dimen name="dm_131">-471px</dimen>
    <dimen name="dm_130">-467px</dimen>
    <dimen name="dm_129">-463px</dimen>
    <dimen name="dm_128">-460px</dimen>
    <dimen name="dm_127">-456px</dimen>
    <dimen name="dm_126">-453px</dimen>
    <dimen name="dm_125">-449px</dimen>
    <dimen name="dm_124">-445px</dimen>
    <dimen name="dm_123">-442px</dimen>
    <dimen name="dm_122">-438px</dimen>
    <dimen name="dm_121">-435px</dimen>
    <dimen name="dm_120">-431px</dimen>
    <dimen name="dm_119">-427px</dimen>
    <dimen name="dm_118">-424px</dimen>
    <dimen name="dm_117">-420px</dimen>
    <dimen name="dm_116">-417px</dimen>
    <dimen name="dm_115">-413px</dimen>
    <dimen name="dm_114">-409px</dimen>
    <dimen name="dm_113">-406px</dimen>
    <dimen name="dm_112">-402px</dimen>
    <dimen name="dm_111">-399px</dimen>
    <dimen name="dm_110">-395px</dimen>
    <dimen name="dm_109">-391px</dimen>
    <dimen name="dm_108">-388px</dimen>
    <dimen name="dm_107">-384px</dimen>
    <dimen name="dm_106">-381px</dimen>
    <dimen name="dm_105">-377px</dimen>
    <dimen name="dm_104">-373px</dimen>
    <dimen name="dm_103">-370px</dimen>
    <dimen name="dm_102">-366px</dimen>
    <dimen name="dm_101">-363px</dimen>
    <dimen name="dm_100">-359px</dimen>
    <dimen name="dm_099">-355px</dimen>
    <dimen name="dm_098">-352px</dimen>
    <dimen name="dm_097">-348px</dimen>
    <dimen name="dm_096">-345px</dimen>
    <dimen name="dm_095">-341px</dimen>
    <dimen name="dm_094">-337px</dimen>
    <dimen name="dm_093">-334px</dimen>
    <dimen name="dm_092">-330px</dimen>
    <dimen name="dm_091">-327px</dimen>
    <dimen name="dm_090">-323px</dimen>
    <dimen name="dm_089">-319px</dimen>
    <dimen name="dm_088">-316px</dimen>
    <dimen name="dm_087">-312px</dimen>
    <dimen name="dm_086">-309px</dimen>
    <dimen name="dm_085">-305px</dimen>
    <dimen name="dm_084">-301px</dimen>
    <dimen name="dm_083">-298px</dimen>
    <dimen name="dm_082">-294px</dimen>
    <dimen name="dm_081">-291px</dimen>
    <dimen name="dm_080">-287px</dimen>
    <dimen name="dm_079">-283px</dimen>
    <dimen name="dm_078">-280px</dimen>
    <dimen name="dm_077">-276px</dimen>
    <dimen name="dm_076">-273px</dimen>
    <dimen name="dm_075">-269px</dimen>
    <dimen name="dm_074">-265px</dimen>
    <dimen name="dm_073">-262px</dimen>
    <dimen name="dm_072">-258px</dimen>
    <dimen name="dm_071">-255px</dimen>
    <dimen name="dm_070">-251px</dimen>
    <dimen name="dm_069">-247px</dimen>
    <dimen name="dm_068">-244px</dimen>
    <dimen name="dm_067">-240px</dimen>
    <dimen name="dm_066">-237px</dimen>
    <dimen name="dm_065">-233px</dimen>
    <dimen name="dm_064">-229px</dimen>
    <dimen name="dm_063">-226px</dimen>
    <dimen name="dm_062">-222px</dimen>
    <dimen name="dm_061">-219px</dimen>
    <dimen name="dm_060">-215px</dimen>
    <dimen name="dm_059">-211px</dimen>
    <dimen name="dm_058">-208px</dimen>
    <dimen name="dm_057">-204px</dimen>
    <dimen name="dm_056">-201px</dimen>
    <dimen name="dm_055">-197px</dimen>
    <dimen name="dm_054">-193px</dimen>
    <dimen name="dm_053">-190px</dimen>
    <dimen name="dm_052">-186px</dimen>
    <dimen name="dm_051">-183px</dimen>
    <dimen name="dm_050">-179px</dimen>
    <dimen name="dm_049">-175px</dimen>
    <dimen name="dm_048">-172px</dimen>
    <dimen name="dm_047">-168px</dimen>
    <dimen name="dm_046">-165px</dimen>
    <dimen name="dm_045">-161px</dimen>
    <dimen name="dm_044">-157px</dimen>
    <dimen name="dm_043">-154px</dimen>
    <dimen name="dm_042">-150px</dimen>
    <dimen name="dm_041">-147px</dimen>
    <dimen name="dm_040">-143px</dimen>
    <dimen name="dm_039">-139px</dimen>
    <dimen name="dm_038">-136px</dimen>
    <dimen name="dm_037">-132px</dimen>
    <dimen name="dm_036">-129px</dimen>
    <dimen name="dm_035">-125px</dimen>
    <dimen name="dm_034">-121px</dimen>
    <dimen name="dm_033">-118px</dimen>
    <dimen name="dm_032">-114px</dimen>
    <dimen name="dm_031">-111px</dimen>
    <dimen name="dm_030">-107px</dimen>
    <dimen name="dm_029">-103px</dimen>
    <dimen name="dm_028">-100px</dimen>
    <dimen name="dm_027">-96px</dimen>
    <dimen name="dm_026">-93px</dimen>
    <dimen name="dm_025">-89px</dimen>
    <dimen name="dm_024">-85px</dimen>
    <dimen name="dm_023">-82px</dimen>
    <dimen name="dm_022">-78px</dimen>
    <dimen name="dm_021">-75px</dimen>
    <dimen name="dm_020">-71px</dimen>
    <dimen name="dm_019">-67px</dimen>
    <dimen name="dm_018">-64px</dimen>
    <dimen name="dm_017">-60px</dimen>
    <dimen name="dm_016">-57px</dimen>
    <dimen name="dm_015">-53px</dimen>
    <dimen name="dm_014">-49px</dimen>
    <dimen name="dm_013">-46px</dimen>
    <dimen name="dm_012">-42px</dimen>
    <dimen name="dm_011">-39px</dimen>
    <dimen name="dm_010">-35px</dimen>
    <dimen name="dm_009">-31px</dimen>
    <dimen name="dm_008">-28px</dimen>
    <dimen name="dm_007">-24px</dimen>
    <dimen name="dm_006">-21px</dimen>
    <dimen name="dm_005">-17px</dimen>
    <dimen name="dm_004">-13px</dimen>
    <dimen name="dm_003">-10px</dimen>
    <dimen name="dm_002">-6px</dimen>
    <dimen name="dm_001">-3px</dimen>
    <dimen name="dm000">0px</dimen>
    <dimen name="dm001">4px</dimen>
    <dimen name="dm002">7px</dimen>
    <dimen name="dm003">11px</dimen>
    <dimen name="dm004">14px</dimen>
    <dimen name="dm005">18px</dimen>
    <dimen name="dm006">22px</dimen>
    <dimen name="dm007">25px</dimen>
    <dimen name="dm008">29px</dimen>
    <dimen name="dm009">32px</dimen>
    <dimen name="dm010">36px</dimen>
    <dimen name="dm011">40px</dimen>
    <dimen name="dm012">43px</dimen>
    <dimen name="dm013">47px</dimen>
    <dimen name="dm014">50px</dimen>
    <dimen name="dm015">54px</dimen>
    <dimen name="dm016">58px</dimen>
    <dimen name="dm017">61px</dimen>
    <dimen name="dm018">65px</dimen>
    <dimen name="dm019">68px</dimen>
    <dimen name="dm020">72px</dimen>
    <dimen name="dm021">76px</dimen>
    <dimen name="dm022">79px</dimen>
    <dimen name="dm023">83px</dimen>
    <dimen name="dm024">86px</dimen>
    <dimen name="dm025">90px</dimen>
    <dimen name="dm026">94px</dimen>
    <dimen name="dm027">97px</dimen>
    <dimen name="dm028">101px</dimen>
    <dimen name="dm029">104px</dimen>
    <dimen name="dm030">108px</dimen>
    <dimen name="dm031">112px</dimen>
    <dimen name="dm032">115px</dimen>
    <dimen name="dm033">119px</dimen>
    <dimen name="dm034">122px</dimen>
    <dimen name="dm035">126px</dimen>
    <dimen name="dm036">130px</dimen>
    <dimen name="dm037">133px</dimen>
    <dimen name="dm038">137px</dimen>
    <dimen name="dm039">140px</dimen>
    <dimen name="dm040">144px</dimen>
    <dimen name="dm041">148px</dimen>
    <dimen name="dm042">151px</dimen>
    <dimen name="dm043">155px</dimen>
    <dimen name="dm044">158px</dimen>
    <dimen name="dm045">162px</dimen>
    <dimen name="dm046">166px</dimen>
    <dimen name="dm047">169px</dimen>
    <dimen name="dm048">173px</dimen>
    <dimen name="dm049">176px</dimen>
    <dimen name="dm050">180px</dimen>
    <dimen name="dm051">184px</dimen>
    <dimen name="dm052">187px</dimen>
    <dimen name="dm053">191px</dimen>
    <dimen name="dm054">194px</dimen>
    <dimen name="dm055">198px</dimen>
    <dimen name="dm056">202px</dimen>
    <dimen name="dm057">205px</dimen>
    <dimen name="dm058">209px</dimen>
    <dimen name="dm059">212px</dimen>
    <dimen name="dm060">216px</dimen>
    <dimen name="dm061">220px</dimen>
    <dimen name="dm062">223px</dimen>
    <dimen name="dm063">227px</dimen>
    <dimen name="dm064">230px</dimen>
    <dimen name="dm065">234px</dimen>
    <dimen name="dm066">238px</dimen>
    <dimen name="dm067">241px</dimen>
    <dimen name="dm068">245px</dimen>
    <dimen name="dm069">248px</dimen>
    <dimen name="dm070">252px</dimen>
    <dimen name="dm071">256px</dimen>
    <dimen name="dm072">259px</dimen>
    <dimen name="dm073">263px</dimen>
    <dimen name="dm074">266px</dimen>
    <dimen name="dm075">270px</dimen>
    <dimen name="dm076">274px</dimen>
    <dimen name="dm077">277px</dimen>
    <dimen name="dm078">281px</dimen>
    <dimen name="dm079">284px</dimen>
    <dimen name="dm080">288px</dimen>
    <dimen name="dm081">292px</dimen>
    <dimen name="dm082">295px</dimen>
    <dimen name="dm083">299px</dimen>
    <dimen name="dm084">302px</dimen>
    <dimen name="dm085">306px</dimen>
    <dimen name="dm086">310px</dimen>
    <dimen name="dm087">313px</dimen>
    <dimen name="dm088">317px</dimen>
    <dimen name="dm089">320px</dimen>
    <dimen name="dm090">324px</dimen>
    <dimen name="dm091">328px</dimen>
    <dimen name="dm092">331px</dimen>
    <dimen name="dm093">335px</dimen>
    <dimen name="dm094">338px</dimen>
    <dimen name="dm095">342px</dimen>
    <dimen name="dm096">346px</dimen>
    <dimen name="dm097">349px</dimen>
    <dimen name="dm098">353px</dimen>
    <dimen name="dm099">356px</dimen>
    <dimen name="dm100">360px</dimen>
    <dimen name="dm101">364px</dimen>
    <dimen name="dm102">367px</dimen>
    <dimen name="dm103">371px</dimen>
    <dimen name="dm104">374px</dimen>
    <dimen name="dm105">378px</dimen>
    <dimen name="dm106">382px</dimen>
    <dimen name="dm107">385px</dimen>
    <dimen name="dm108">389px</dimen>
    <dimen name="dm109">392px</dimen>
    <dimen name="dm110">396px</dimen>
    <dimen name="dm111">400px</dimen>
    <dimen name="dm112">403px</dimen>
    <dimen name="dm113">407px</dimen>
    <dimen name="dm114">410px</dimen>
    <dimen name="dm115">414px</dimen>
    <dimen name="dm116">418px</dimen>
    <dimen name="dm117">421px</dimen>
    <dimen name="dm118">425px</dimen>
    <dimen name="dm119">428px</dimen>
    <dimen name="dm120">432px</dimen>
    <dimen name="dm121">436px</dimen>
    <dimen name="dm122">439px</dimen>
    <dimen name="dm123">443px</dimen>
    <dimen name="dm124">446px</dimen>
    <dimen name="dm125">450px</dimen>
    <dimen name="dm126">454px</dimen>
    <dimen name="dm127">457px</dimen>
    <dimen name="dm128">461px</dimen>
    <dimen name="dm129">464px</dimen>
    <dimen name="dm130">468px</dimen>
    <dimen name="dm131">472px</dimen>
    <dimen name="dm132">475px</dimen>
    <dimen name="dm133">479px</dimen>
    <dimen name="dm134">482px</dimen>
    <dimen name="dm135">486px</dimen>
    <dimen name="dm136">490px</dimen>
    <dimen name="dm137">493px</dimen>
    <dimen name="dm138">497px</dimen>
    <dimen name="dm139">500px</dimen>
    <dimen name="dm140">504px</dimen>
    <dimen name="dm141">508px</dimen>
    <dimen name="dm142">511px</dimen>
    <dimen name="dm143">515px</dimen>
    <dimen name="dm144">518px</dimen>
    <dimen name="dm145">522px</dimen>
    <dimen name="dm146">526px</dimen>
    <dimen name="dm147">529px</dimen>
    <dimen name="dm148">533px</dimen>
    <dimen name="dm149">536px</dimen>
    <dimen name="dm150">540px</dimen>
    <dimen name="dm151">544px</dimen>
    <dimen name="dm152">547px</dimen>
    <dimen name="dm153">551px</dimen>
    <dimen name="dm154">554px</dimen>
    <dimen name="dm155">558px</dimen>
    <dimen name="dm156">562px</dimen>
    <dimen name="dm157">565px</dimen>
    <dimen name="dm158">569px</dimen>
    <dimen name="dm159">572px</dimen>
    <dimen name="dm160">576px</dimen>
    <dimen name="dm161">580px</dimen>
    <dimen name="dm162">583px</dimen>
    <dimen name="dm163">587px</dimen>
    <dimen name="dm164">590px</dimen>
    <dimen name="dm165">594px</dimen>
    <dimen name="dm166">598px</dimen>
    <dimen name="dm167">601px</dimen>
    <dimen name="dm168">605px</dimen>
    <dimen name="dm169">608px</dimen>
    <dimen name="dm170">612px</dimen>
    <dimen name="dm171">616px</dimen>
    <dimen name="dm172">619px</dimen>
    <dimen name="dm173">623px</dimen>
    <dimen name="dm174">626px</dimen>
    <dimen name="dm175">630px</dimen>
    <dimen name="dm176">634px</dimen>
    <dimen name="dm177">637px</dimen>
    <dimen name="dm178">641px</dimen>
    <dimen name="dm179">644px</dimen>
    <dimen name="dm180">648px</dimen>
    <dimen name="dm181">652px</dimen>
    <dimen name="dm182">655px</dimen>
    <dimen name="dm183">659px</dimen>
    <dimen name="dm184">662px</dimen>
    <dimen name="dm185">666px</dimen>
    <dimen name="dm186">670px</dimen>
    <dimen name="dm187">673px</dimen>
    <dimen name="dm188">677px</dimen>
    <dimen name="dm189">680px</dimen>
    <dimen name="dm190">684px</dimen>
    <dimen name="dm191">688px</dimen>
    <dimen name="dm192">691px</dimen>
    <dimen name="dm193">695px</dimen>
    <dimen name="dm194">698px</dimen>
    <dimen name="dm195">702px</dimen>
    <dimen name="dm196">706px</dimen>
    <dimen name="dm197">709px</dimen>
    <dimen name="dm198">713px</dimen>
    <dimen name="dm199">716px</dimen>
    <dimen name="dm200">720px</dimen>
    <dimen name="dm201">724px</dimen>
    <dimen name="dm202">727px</dimen>
    <dimen name="dm203">731px</dimen>
    <dimen name="dm204">734px</dimen>
    <dimen name="dm205">738px</dimen>
    <dimen name="dm206">742px</dimen>
    <dimen name="dm207">745px</dimen>
    <dimen name="dm208">749px</dimen>
    <dimen name="dm209">752px</dimen>
    <dimen name="dm210">756px</dimen>
    <dimen name="dm211">760px</dimen>
    <dimen name="dm212">763px</dimen>
    <dimen name="dm213">767px</dimen>
    <dimen name="dm214">770px</dimen>
    <dimen name="dm215">774px</dimen>
    <dimen name="dm216">778px</dimen>
    <dimen name="dm217">781px</dimen>
    <dimen name="dm218">785px</dimen>
    <dimen name="dm219">788px</dimen>
    <dimen name="dm220">792px</dimen>
    <dimen name="dm221">796px</dimen>
    <dimen name="dm222">799px</dimen>
    <dimen name="dm223">803px</dimen>
    <dimen name="dm224">806px</dimen>
    <dimen name="dm225">810px</dimen>
    <dimen name="dm226">814px</dimen>
    <dimen name="dm227">817px</dimen>
    <dimen name="dm228">821px</dimen>
    <dimen name="dm229">824px</dimen>
    <dimen name="dm230">828px</dimen>
    <dimen name="dm231">832px</dimen>
    <dimen name="dm232">835px</dimen>
    <dimen name="dm233">839px</dimen>
    <dimen name="dm234">842px</dimen>
    <dimen name="dm235">846px</dimen>
    <dimen name="dm236">850px</dimen>
    <dimen name="dm237">853px</dimen>
    <dimen name="dm238">857px</dimen>
    <dimen name="dm239">860px</dimen>
    <dimen name="dm240">864px</dimen>
    <dimen name="dm241">868px</dimen>
    <dimen name="dm242">871px</dimen>
    <dimen name="dm243">875px</dimen>
    <dimen name="dm244">878px</dimen>
    <dimen name="dm245">882px</dimen>
    <dimen name="dm246">886px</dimen>
    <dimen name="dm247">889px</dimen>
    <dimen name="dm248">893px</dimen>
    <dimen name="dm249">896px</dimen>
    <dimen name="dm250">900px</dimen>
    <dimen name="dm251">904px</dimen>
    <dimen name="dm252">907px</dimen>
    <dimen name="dm253">911px</dimen>
    <dimen name="dm254">914px</dimen>
    <dimen name="dm255">918px</dimen>
    <dimen name="dm256">922px</dimen>
    <dimen name="dm257">925px</dimen>
    <dimen name="dm258">929px</dimen>
    <dimen name="dm259">932px</dimen>
    <dimen name="dm260">936px</dimen>
    <dimen name="dm261">940px</dimen>
    <dimen name="dm262">943px</dimen>
    <dimen name="dm263">947px</dimen>
    <dimen name="dm264">950px</dimen>
    <dimen name="dm265">954px</dimen>
    <dimen name="dm266">958px</dimen>
    <dimen name="dm267">961px</dimen>
    <dimen name="dm268">965px</dimen>
    <dimen name="dm269">968px</dimen>
    <dimen name="dm270">972px</dimen>
    <dimen name="dm271">976px</dimen>
    <dimen name="dm272">979px</dimen>
    <dimen name="dm273">983px</dimen>
    <dimen name="dm274">986px</dimen>
    <dimen name="dm275">990px</dimen>
    <dimen name="dm276">994px</dimen>
    <dimen name="dm277">997px</dimen>
    <dimen name="dm278">1001px</dimen>
    <dimen name="dm279">1004px</dimen>
    <dimen name="dm280">1008px</dimen>
    <dimen name="dm281">1012px</dimen>
    <dimen name="dm282">1015px</dimen>
    <dimen name="dm283">1019px</dimen>
    <dimen name="dm284">1022px</dimen>
    <dimen name="dm285">1026px</dimen>
    <dimen name="dm286">1030px</dimen>
    <dimen name="dm287">1033px</dimen>
    <dimen name="dm288">1037px</dimen>
    <dimen name="dm289">1040px</dimen>
    <dimen name="dm290">1044px</dimen>
    <dimen name="dm291">1048px</dimen>
    <dimen name="dm292">1051px</dimen>
    <dimen name="dm293">1055px</dimen>
    <dimen name="dm294">1058px</dimen>
    <dimen name="dm295">1062px</dimen>
    <dimen name="dm296">1066px</dimen>
    <dimen name="dm297">1069px</dimen>
    <dimen name="dm298">1073px</dimen>
    <dimen name="dm299">1076px</dimen>
    <dimen name="dm300">1080px</dimen>
    <dimen name="dm301">1084px</dimen>
    <dimen name="dm302">1087px</dimen>
    <dimen name="dm303">1091px</dimen>
    <dimen name="dm304">1094px</dimen>
    <dimen name="dm305">1098px</dimen>
    <dimen name="dm306">1102px</dimen>
    <dimen name="dm307">1105px</dimen>
    <dimen name="dm308">1109px</dimen>
    <dimen name="dm309">1112px</dimen>
    <dimen name="dm310">1116px</dimen>
    <dimen name="dm311">1120px</dimen>
    <dimen name="dm312">1123px</dimen>
    <dimen name="dm313">1127px</dimen>
    <dimen name="dm314">1130px</dimen>
    <dimen name="dm315">1134px</dimen>
    <dimen name="dm316">1138px</dimen>
    <dimen name="dm317">1141px</dimen>
    <dimen name="dm318">1145px</dimen>
    <dimen name="dm319">1148px</dimen>
    <dimen name="dm320">1152px</dimen>
    <dimen name="dm321">1156px</dimen>
    <dimen name="dm322">1159px</dimen>
    <dimen name="dm323">1163px</dimen>
    <dimen name="dm324">1166px</dimen>
    <dimen name="dm325">1170px</dimen>
    <dimen name="dm326">1174px</dimen>
    <dimen name="dm327">1177px</dimen>
    <dimen name="dm328">1181px</dimen>
    <dimen name="dm329">1184px</dimen>
    <dimen name="dm330">1188px</dimen>
    <dimen name="dm331">1192px</dimen>
    <dimen name="dm332">1195px</dimen>
    <dimen name="dm333">1199px</dimen>
    <dimen name="dm334">1202px</dimen>
    <dimen name="dm335">1206px</dimen>
    <dimen name="dm336">1210px</dimen>
    <dimen name="dm337">1213px</dimen>
    <dimen name="dm338">1217px</dimen>
    <dimen name="dm339">1220px</dimen>
    <dimen name="dm340">1224px</dimen>
    <dimen name="dm341">1228px</dimen>
    <dimen name="dm342">1231px</dimen>
    <dimen name="dm343">1235px</dimen>
    <dimen name="dm344">1238px</dimen>
    <dimen name="dm345">1242px</dimen>
    <dimen name="dm346">1246px</dimen>
    <dimen name="dm347">1249px</dimen>
    <dimen name="dm348">1253px</dimen>
    <dimen name="dm349">1256px</dimen>
    <dimen name="dm350">1260px</dimen>
    <dimen name="dm351">1264px</dimen>
    <dimen name="dm352">1267px</dimen>
    <dimen name="dm353">1271px</dimen>
    <dimen name="dm354">1274px</dimen>
    <dimen name="dm355">1278px</dimen>
    <dimen name="dm356">1282px</dimen>
    <dimen name="dm357">1285px</dimen>
    <dimen name="dm358">1289px</dimen>
    <dimen name="dm359">1292px</dimen>
    <dimen name="dm360">1296px</dimen>
    <dimen name="dm361">1300px</dimen>
    <dimen name="dm362">1303px</dimen>
    <dimen name="dm363">1307px</dimen>
    <dimen name="dm364">1310px</dimen>
    <dimen name="dm365">1314px</dimen>
    <dimen name="dm366">1318px</dimen>
    <dimen name="dm367">1321px</dimen>
    <dimen name="dm368">1325px</dimen>
    <dimen name="dm369">1328px</dimen>
    <dimen name="dm370">1332px</dimen>
    <dimen name="dm371">1336px</dimen>
    <dimen name="dm372">1339px</dimen>
    <dimen name="dm373">1343px</dimen>
    <dimen name="dm374">1346px</dimen>
    <dimen name="dm375">1350px</dimen>
    <dimen name="dm376">1354px</dimen>
    <dimen name="dm377">1357px</dimen>
    <dimen name="dm378">1361px</dimen>
    <dimen name="dm379">1364px</dimen>
    <dimen name="dm380">1368px</dimen>
    <dimen name="dm381">1372px</dimen>
    <dimen name="dm382">1375px</dimen>
    <dimen name="dm383">1379px</dimen>
    <dimen name="dm384">1382px</dimen>
    <dimen name="dm385">1386px</dimen>
    <dimen name="dm386">1390px</dimen>
    <dimen name="dm387">1393px</dimen>
    <dimen name="dm388">1397px</dimen>
    <dimen name="dm389">1400px</dimen>
    <dimen name="dm390">1404px</dimen>
    <dimen name="dm391">1408px</dimen>
    <dimen name="dm392">1411px</dimen>
    <dimen name="dm393">1415px</dimen>
    <dimen name="dm394">1418px</dimen>
    <dimen name="dm395">1422px</dimen>
    <dimen name="dm396">1426px</dimen>
    <dimen name="dm397">1429px</dimen>
    <dimen name="dm398">1433px</dimen>
    <dimen name="dm399">1436px</dimen>
    <dimen name="dm400">1440px</dimen>
    <dimen name="dm401">1444px</dimen>
    <dimen name="dm402">1447px</dimen>
    <dimen name="dm403">1451px</dimen>
    <dimen name="dm404">1454px</dimen>
    <dimen name="dm405">1458px</dimen>
    <dimen name="dm406">1462px</dimen>
    <dimen name="dm407">1465px</dimen>
    <dimen name="dm408">1469px</dimen>
    <dimen name="dm409">1472px</dimen>
    <dimen name="dm410">1476px</dimen>
    <dimen name="dm411">1480px</dimen>
    <dimen name="dm412">1483px</dimen>
    <dimen name="dm413">1487px</dimen>
    <dimen name="dm414">1490px</dimen>
    <dimen name="dm415">1494px</dimen>
    <dimen name="dm416">1498px</dimen>
    <dimen name="dm417">1501px</dimen>
    <dimen name="dm418">1505px</dimen>
    <dimen name="dm419">1508px</dimen>
    <dimen name="dm420">1512px</dimen>
    <dimen name="dm421">1516px</dimen>
    <dimen name="dm422">1519px</dimen>
    <dimen name="dm423">1523px</dimen>
    <dimen name="dm424">1526px</dimen>
    <dimen name="dm425">1530px</dimen>
    <dimen name="dm426">1534px</dimen>
    <dimen name="dm427">1537px</dimen>
    <dimen name="dm428">1541px</dimen>
    <dimen name="dm429">1544px</dimen>
    <dimen name="dm430">1548px</dimen>
    <dimen name="dm431">1552px</dimen>
    <dimen name="dm432">1555px</dimen>
    <dimen name="dm433">1559px</dimen>
    <dimen name="dm434">1562px</dimen>
    <dimen name="dm435">1566px</dimen>
    <dimen name="dm436">1570px</dimen>
    <dimen name="dm437">1573px</dimen>
    <dimen name="dm438">1577px</dimen>
    <dimen name="dm439">1580px</dimen>
    <dimen name="dm440">1584px</dimen>
    <dimen name="dm441">1588px</dimen>
    <dimen name="dm442">1591px</dimen>
    <dimen name="dm443">1595px</dimen>
    <dimen name="dm444">1598px</dimen>
    <dimen name="dm445">1602px</dimen>
    <dimen name="dm446">1606px</dimen>
    <dimen name="dm447">1609px</dimen>
    <dimen name="dm448">1613px</dimen>
    <dimen name="dm449">1616px</dimen>
    <dimen name="dm450">1620px</dimen>
    <dimen name="dm451">1624px</dimen>
    <dimen name="dm452">1627px</dimen>
    <dimen name="dm453">1631px</dimen>
    <dimen name="dm454">1634px</dimen>
    <dimen name="dm455">1638px</dimen>
    <dimen name="dm456">1642px</dimen>
    <dimen name="dm457">1645px</dimen>
    <dimen name="dm458">1649px</dimen>
    <dimen name="dm459">1652px</dimen>
    <dimen name="dm460">1656px</dimen>
    <dimen name="dm461">1660px</dimen>
    <dimen name="dm462">1663px</dimen>
    <dimen name="dm463">1667px</dimen>
    <dimen name="dm464">1670px</dimen>
    <dimen name="dm465">1674px</dimen>
    <dimen name="dm466">1678px</dimen>
    <dimen name="dm467">1681px</dimen>
    <dimen name="dm468">1685px</dimen>
    <dimen name="dm469">1688px</dimen>
    <dimen name="dm470">1692px</dimen>
    <dimen name="dm471">1696px</dimen>
    <dimen name="dm472">1699px</dimen>
    <dimen name="dm473">1703px</dimen>
    <dimen name="dm474">1706px</dimen>
    <dimen name="dm475">1710px</dimen>
    <dimen name="dm476">1714px</dimen>
    <dimen name="dm477">1717px</dimen>
    <dimen name="dm478">1721px</dimen>
    <dimen name="dm479">1724px</dimen>
    <dimen name="dm480">1728px</dimen>
    <dimen name="dm481">1732px</dimen>
    <dimen name="dm482">1735px</dimen>
    <dimen name="dm483">1739px</dimen>
    <dimen name="dm484">1742px</dimen>
    <dimen name="dm485">1746px</dimen>
    <dimen name="dm486">1750px</dimen>
    <dimen name="dm487">1753px</dimen>
    <dimen name="dm488">1757px</dimen>
    <dimen name="dm489">1760px</dimen>
    <dimen name="dm490">1764px</dimen>
    <dimen name="dm491">1768px</dimen>
    <dimen name="dm492">1771px</dimen>
    <dimen name="dm493">1775px</dimen>
    <dimen name="dm494">1778px</dimen>
    <dimen name="dm495">1782px</dimen>
    <dimen name="dm496">1786px</dimen>
    <dimen name="dm497">1789px</dimen>
    <dimen name="dm498">1793px</dimen>
    <dimen name="dm499">1796px</dimen>
    <dimen name="dm500">1800px</dimen>
    <dimen name="dm501">1804px</dimen>
    <dimen name="dm502">1807px</dimen>
    <dimen name="dm503">1811px</dimen>
    <dimen name="dm504">1814px</dimen>
    <dimen name="dm505">1818px</dimen>
    <dimen name="dm506">1822px</dimen>
    <dimen name="dm507">1825px</dimen>
    <dimen name="dm508">1829px</dimen>
    <dimen name="dm509">1832px</dimen>
    <dimen name="dm510">1836px</dimen>
    <dimen name="dm511">1840px</dimen>
    <dimen name="dm512">1843px</dimen>
    <dimen name="dm513">1847px</dimen>
    <dimen name="dm514">1850px</dimen>
    <dimen name="dm515">1854px</dimen>
    <dimen name="dm516">1858px</dimen>
    <dimen name="dm517">1861px</dimen>
    <dimen name="dm518">1865px</dimen>
    <dimen name="dm519">1868px</dimen>
    <dimen name="dm520">1872px</dimen>
    <dimen name="dm521">1876px</dimen>
    <dimen name="dm522">1879px</dimen>
    <dimen name="dm523">1883px</dimen>
    <dimen name="dm524">1886px</dimen>
    <dimen name="dm525">1890px</dimen>
    <dimen name="dm526">1894px</dimen>
    <dimen name="dm527">1897px</dimen>
    <dimen name="dm528">1901px</dimen>
    <dimen name="dm529">1904px</dimen>
    <dimen name="dm530">1908px</dimen>
    <dimen name="dm531">1912px</dimen>
    <dimen name="dm532">1915px</dimen>
    <dimen name="dm533">1919px</dimen>
    <dimen name="dm534">1922px</dimen>
    <dimen name="dm535">1926px</dimen>
    <dimen name="dm536">1930px</dimen>
    <dimen name="dm537">1933px</dimen>
    <dimen name="dm538">1937px</dimen>
    <dimen name="dm539">1940px</dimen>
    <dimen name="dm540">1944px</dimen>
    <dimen name="dm541">1948px</dimen>
    <dimen name="dm542">1951px</dimen>
    <dimen name="dm543">1955px</dimen>
    <dimen name="dm544">1958px</dimen>
    <dimen name="dm545">1962px</dimen>
    <dimen name="dm546">1966px</dimen>
    <dimen name="dm547">1969px</dimen>
    <dimen name="dm548">1973px</dimen>
    <dimen name="dm549">1976px</dimen>
    <dimen name="dm550">1980px</dimen>
    <dimen name="dm551">1984px</dimen>
    <dimen name="dm552">1987px</dimen>
    <dimen name="dm553">1991px</dimen>
    <dimen name="dm554">1994px</dimen>
    <dimen name="dm555">1998px</dimen>
    <dimen name="dm556">2002px</dimen>
    <dimen name="dm557">2005px</dimen>
    <dimen name="dm558">2009px</dimen>
    <dimen name="dm559">2012px</dimen>
    <dimen name="dm560">2016px</dimen>
    <dimen name="dm561">2020px</dimen>
    <dimen name="dm562">2023px</dimen>
    <dimen name="dm563">2027px</dimen>
    <dimen name="dm564">2030px</dimen>
    <dimen name="dm565">2034px</dimen>
    <dimen name="dm566">2038px</dimen>
    <dimen name="dm567">2041px</dimen>
    <dimen name="dm568">2045px</dimen>
    <dimen name="dm569">2048px</dimen>
    <dimen name="dm570">2052px</dimen>
    <dimen name="dm571">2056px</dimen>
    <dimen name="dm572">2059px</dimen>
    <dimen name="dm573">2063px</dimen>
    <dimen name="dm574">2066px</dimen>
    <dimen name="dm575">2070px</dimen>
    <dimen name="dm576">2074px</dimen>
    <dimen name="dm577">2077px</dimen>
    <dimen name="dm578">2081px</dimen>
    <dimen name="dm579">2084px</dimen>
    <dimen name="dm580">2088px</dimen>
    <dimen name="dm581">2092px</dimen>
    <dimen name="dm582">2095px</dimen>
    <dimen name="dm583">2099px</dimen>
    <dimen name="dm584">2102px</dimen>
    <dimen name="dm585">2106px</dimen>
    <dimen name="dm586">2110px</dimen>
    <dimen name="dm587">2113px</dimen>
    <dimen name="dm588">2117px</dimen>
    <dimen name="dm589">2120px</dimen>
    <dimen name="dm590">2124px</dimen>
    <dimen name="dm591">2128px</dimen>
    <dimen name="dm592">2131px</dimen>
    <dimen name="dm593">2135px</dimen>
    <dimen name="dm594">2138px</dimen>
    <dimen name="dm595">2142px</dimen>
    <dimen name="dm596">2146px</dimen>
    <dimen name="dm597">2149px</dimen>
    <dimen name="dm598">2153px</dimen>
    <dimen name="dm599">2156px</dimen>
    <dimen name="dm600">2160px</dimen>
    <dimen name="dm601">2164px</dimen>
    <dimen name="dm602">2167px</dimen>
    <dimen name="dm603">2171px</dimen>
    <dimen name="dm604">2174px</dimen>
    <dimen name="dm605">2178px</dimen>
    <dimen name="dm606">2182px</dimen>
    <dimen name="dm607">2185px</dimen>
    <dimen name="dm608">2189px</dimen>
    <dimen name="dm609">2192px</dimen>
    <dimen name="dm610">2196px</dimen>
    <dimen name="dm611">2200px</dimen>
    <dimen name="dm612">2203px</dimen>
    <dimen name="dm613">2207px</dimen>
    <dimen name="dm614">2210px</dimen>
    <dimen name="dm615">2214px</dimen>
    <dimen name="dm616">2218px</dimen>
    <dimen name="dm617">2221px</dimen>
    <dimen name="dm618">2225px</dimen>
    <dimen name="dm619">2228px</dimen>
    <dimen name="dm620">2232px</dimen>
    <dimen name="dm621">2236px</dimen>
    <dimen name="dm622">2239px</dimen>
    <dimen name="dm623">2243px</dimen>
    <dimen name="dm624">2246px</dimen>
    <dimen name="dm625">2250px</dimen>
    <dimen name="dm626">2254px</dimen>
    <dimen name="dm627">2257px</dimen>
    <dimen name="dm628">2261px</dimen>
    <dimen name="dm629">2264px</dimen>
    <dimen name="dm630">2268px</dimen>
    <dimen name="dm631">2272px</dimen>
    <dimen name="dm632">2275px</dimen>
    <dimen name="dm633">2279px</dimen>
    <dimen name="dm634">2282px</dimen>
    <dimen name="dm635">2286px</dimen>
    <dimen name="dm636">2290px</dimen>
    <dimen name="dm637">2293px</dimen>
    <dimen name="dm638">2297px</dimen>
    <dimen name="dm639">2300px</dimen>
    <dimen name="dm640">2304px</dimen>
    <dimen name="dm641">2308px</dimen>
    <dimen name="dm642">2311px</dimen>
    <dimen name="dm643">2315px</dimen>
    <dimen name="dm644">2318px</dimen>
    <dimen name="dm645">2322px</dimen>
    <dimen name="dm646">2326px</dimen>
    <dimen name="dm647">2329px</dimen>
    <dimen name="dm648">2333px</dimen>
    <dimen name="dm649">2336px</dimen>
    <dimen name="dm650">2340px</dimen>
    <dimen name="dm651">2344px</dimen>
    <dimen name="dm652">2347px</dimen>
    <dimen name="dm653">2351px</dimen>
    <dimen name="dm654">2354px</dimen>
    <dimen name="dm655">2358px</dimen>
    <dimen name="dm656">2362px</dimen>
    <dimen name="dm657">2365px</dimen>
    <dimen name="dm658">2369px</dimen>
    <dimen name="dm659">2372px</dimen>
    <dimen name="dm660">2376px</dimen>
    <dimen name="dm661">2380px</dimen>
    <dimen name="dm662">2383px</dimen>
    <dimen name="dm663">2387px</dimen>
    <dimen name="dm664">2390px</dimen>
    <dimen name="dm665">2394px</dimen>
    <dimen name="dm666">2398px</dimen>
    <dimen name="dm667">2401px</dimen>
    <dimen name="dm668">2405px</dimen>
    <dimen name="dm669">2408px</dimen>
    <dimen name="dm670">2412px</dimen>
    <dimen name="dm671">2416px</dimen>
    <dimen name="dm672">2419px</dimen>
    <dimen name="dm673">2423px</dimen>
    <dimen name="dm674">2426px</dimen>
    <dimen name="dm675">2430px</dimen>
    <dimen name="dm676">2434px</dimen>
    <dimen name="dm677">2437px</dimen>
    <dimen name="dm678">2441px</dimen>
    <dimen name="dm679">2444px</dimen>
    <dimen name="dm680">2448px</dimen>
    <dimen name="dm681">2452px</dimen>
    <dimen name="dm682">2455px</dimen>
    <dimen name="dm683">2459px</dimen>
    <dimen name="dm684">2462px</dimen>
    <dimen name="dm685">2466px</dimen>
    <dimen name="dm686">2470px</dimen>
    <dimen name="dm687">2473px</dimen>
    <dimen name="dm688">2477px</dimen>
    <dimen name="dm689">2480px</dimen>
    <dimen name="dm690">2484px</dimen>
    <dimen name="dm691">2488px</dimen>
    <dimen name="dm692">2491px</dimen>
    <dimen name="dm693">2495px</dimen>
    <dimen name="dm694">2498px</dimen>
    <dimen name="dm695">2502px</dimen>
    <dimen name="dm696">2506px</dimen>
    <dimen name="dm697">2509px</dimen>
    <dimen name="dm698">2513px</dimen>
    <dimen name="dm699">2516px</dimen>
    <dimen name="dm700">2520px</dimen>
    <dimen name="dm701">2524px</dimen>
    <dimen name="dm702">2527px</dimen>
    <dimen name="dm703">2531px</dimen>
    <dimen name="dm704">2534px</dimen>
    <dimen name="dm705">2538px</dimen>
    <dimen name="dm706">2542px</dimen>
    <dimen name="dm707">2545px</dimen>
    <dimen name="dm708">2549px</dimen>
    <dimen name="dm709">2552px</dimen>
    <dimen name="dm710">2556px</dimen>
    <dimen name="dm711">2560px</dimen>
    <dimen name="dm712">2563px</dimen>
    <dimen name="dm713">2567px</dimen>
    <dimen name="dm714">2570px</dimen>
    <dimen name="dm715">2574px</dimen>
    <dimen name="dm716">2578px</dimen>
    <dimen name="dm717">2581px</dimen>
    <dimen name="dm718">2585px</dimen>
    <dimen name="dm719">2588px</dimen>
    <dimen name="dm720">2592px</dimen>
    <dimen name="dm721">2596px</dimen>
    <dimen name="dm722">2599px</dimen>
    <dimen name="dm723">2603px</dimen>
    <dimen name="dm724">2606px</dimen>
    <dimen name="dm725">2610px</dimen>
    <dimen name="dm726">2614px</dimen>
    <dimen name="dm727">2617px</dimen>
    <dimen name="dm728">2621px</dimen>
    <dimen name="dm729">2624px</dimen>
    <dimen name="dm730">2628px</dimen>
    <dimen name="dm731">2632px</dimen>
    <dimen name="dm732">2635px</dimen>
    <dimen name="dm733">2639px</dimen>
    <dimen name="dm734">2642px</dimen>
    <dimen name="dm735">2646px</dimen>
    <dimen name="dm736">2650px</dimen>
    <dimen name="dm737">2653px</dimen>
    <dimen name="dm738">2657px</dimen>
    <dimen name="dm739">2660px</dimen>
    <dimen name="dm740">2664px</dimen>
    <dimen name="dm741">2668px</dimen>
    <dimen name="dm742">2671px</dimen>
    <dimen name="dm743">2675px</dimen>
    <dimen name="dm744">2678px</dimen>
    <dimen name="dm745">2682px</dimen>
    <dimen name="dm746">2686px</dimen>
    <dimen name="dm747">2689px</dimen>
    <dimen name="dm748">2693px</dimen>
    <dimen name="dm749">2696px</dimen>
    <dimen name="dm750">2700px</dimen>
    <dimen name="dm751">2704px</dimen>
    <dimen name="dm752">2707px</dimen>
    <dimen name="dm753">2711px</dimen>
    <dimen name="dm754">2714px</dimen>
    <dimen name="dm755">2718px</dimen>
    <dimen name="dm756">2722px</dimen>
    <dimen name="dm757">2725px</dimen>
    <dimen name="dm758">2729px</dimen>
    <dimen name="dm759">2732px</dimen>
    <dimen name="dm760">2736px</dimen>
    <dimen name="dm761">2740px</dimen>
    <dimen name="dm762">2743px</dimen>
    <dimen name="dm763">2747px</dimen>
    <dimen name="dm764">2750px</dimen>
    <dimen name="dm765">2754px</dimen>
    <dimen name="dm766">2758px</dimen>
    <dimen name="dm767">2761px</dimen>
    <dimen name="dm768">2765px</dimen>
    <dimen name="dm769">2768px</dimen>
    <dimen name="dm770">2772px</dimen>
    <dimen name="dm771">2776px</dimen>
    <dimen name="dm772">2779px</dimen>
    <dimen name="dm773">2783px</dimen>
    <dimen name="dm774">2786px</dimen>
    <dimen name="dm775">2790px</dimen>
    <dimen name="dm776">2794px</dimen>
    <dimen name="dm777">2797px</dimen>
    <dimen name="dm778">2801px</dimen>
    <dimen name="dm779">2804px</dimen>
    <dimen name="dm780">2808px</dimen>
    <dimen name="dm781">2812px</dimen>
    <dimen name="dm782">2815px</dimen>
    <dimen name="dm783">2819px</dimen>
    <dimen name="dm784">2822px</dimen>
    <dimen name="dm785">2826px</dimen>
    <dimen name="dm786">2830px</dimen>
    <dimen name="dm787">2833px</dimen>
    <dimen name="dm788">2837px</dimen>
    <dimen name="dm789">2840px</dimen>
    <dimen name="dm790">2844px</dimen>
    <dimen name="dm791">2848px</dimen>
    <dimen name="dm792">2851px</dimen>
    <dimen name="dm793">2855px</dimen>
    <dimen name="dm794">2858px</dimen>
    <dimen name="dm795">2862px</dimen>
    <dimen name="dm796">2866px</dimen>
    <dimen name="dm797">2869px</dimen>
    <dimen name="dm798">2873px</dimen>
    <dimen name="dm799">2876px</dimen>
    <dimen name="dm800">2880px</dimen>
    <dimen name="dm801">2884px</dimen>
    <dimen name="dm802">2887px</dimen>
    <dimen name="dm803">2891px</dimen>
    <dimen name="dm804">2894px</dimen>
    <dimen name="dm805">2898px</dimen>
    <dimen name="dm806">2902px</dimen>
    <dimen name="dm807">2905px</dimen>
    <dimen name="dm808">2909px</dimen>
    <dimen name="dm809">2912px</dimen>
    <dimen name="dm810">2916px</dimen>
    <dimen name="dm811">2920px</dimen>
    <dimen name="dm812">2923px</dimen>
    <dimen name="dm813">2927px</dimen>
    <dimen name="dm814">2930px</dimen>
    <dimen name="dm815">2934px</dimen>
    <dimen name="dm816">2938px</dimen>
    <dimen name="dm817">2941px</dimen>
    <dimen name="dm818">2945px</dimen>
    <dimen name="dm819">2948px</dimen>
    <dimen name="dm820">2952px</dimen>
    <dimen name="dm821">2956px</dimen>
    <dimen name="dm822">2959px</dimen>
    <dimen name="dm823">2963px</dimen>
    <dimen name="dm824">2966px</dimen>
    <dimen name="dm825">2970px</dimen>
    <dimen name="dm826">2974px</dimen>
    <dimen name="dm827">2977px</dimen>
    <dimen name="dm828">2981px</dimen>
    <dimen name="dm829">2984px</dimen>
    <dimen name="dm830">2988px</dimen>
    <dimen name="dm831">2992px</dimen>
    <dimen name="dm832">2995px</dimen>
    <dimen name="dm833">2999px</dimen>
    <dimen name="dm834">3002px</dimen>
    <dimen name="dm835">3006px</dimen>
    <dimen name="dm836">3010px</dimen>
    <dimen name="dm837">3013px</dimen>
    <dimen name="dm838">3017px</dimen>
    <dimen name="dm839">3020px</dimen>
    <dimen name="dm840">3024px</dimen>
    <dimen name="dm841">3028px</dimen>
    <dimen name="dm842">3031px</dimen>
    <dimen name="dm843">3035px</dimen>
    <dimen name="dm844">3038px</dimen>
    <dimen name="dm845">3042px</dimen>
    <dimen name="dm846">3046px</dimen>
    <dimen name="dm847">3049px</dimen>
    <dimen name="dm848">3053px</dimen>
    <dimen name="dm849">3056px</dimen>
    <dimen name="dm850">3060px</dimen>
    <dimen name="dm851">3064px</dimen>
    <dimen name="dm852">3067px</dimen>
    <dimen name="dm853">3071px</dimen>
    <dimen name="dm854">3074px</dimen>
    <dimen name="dm855">3078px</dimen>
    <dimen name="dm856">3082px</dimen>
    <dimen name="dm857">3085px</dimen>
    <dimen name="dm858">3089px</dimen>
    <dimen name="dm859">3092px</dimen>
    <dimen name="dm860">3096px</dimen>
    <dimen name="dm861">3100px</dimen>
    <dimen name="dm862">3103px</dimen>
    <dimen name="dm863">3107px</dimen>
    <dimen name="dm864">3110px</dimen>
    <dimen name="dm865">3114px</dimen>
    <dimen name="dm866">3118px</dimen>
    <dimen name="dm867">3121px</dimen>
    <dimen name="dm868">3125px</dimen>
    <dimen name="dm869">3128px</dimen>
    <dimen name="dm870">3132px</dimen>
    <dimen name="dm871">3136px</dimen>
    <dimen name="dm872">3139px</dimen>
    <dimen name="dm873">3143px</dimen>
    <dimen name="dm874">3146px</dimen>
    <dimen name="dm875">3150px</dimen>
    <dimen name="dm876">3154px</dimen>
    <dimen name="dm877">3157px</dimen>
    <dimen name="dm878">3161px</dimen>
    <dimen name="dm879">3164px</dimen>
    <dimen name="dm880">3168px</dimen>
    <dimen name="dm881">3172px</dimen>
    <dimen name="dm882">3175px</dimen>
    <dimen name="dm883">3179px</dimen>
    <dimen name="dm884">3182px</dimen>
    <dimen name="dm885">3186px</dimen>
    <dimen name="dm886">3190px</dimen>
    <dimen name="dm887">3193px</dimen>
    <dimen name="dm888">3197px</dimen>
    <dimen name="dm889">3200px</dimen>
    <dimen name="dm890">3204px</dimen>
    <dimen name="dm891">3208px</dimen>
    <dimen name="dm892">3211px</dimen>
    <dimen name="dm893">3215px</dimen>
    <dimen name="dm894">3218px</dimen>
    <dimen name="dm895">3222px</dimen>
    <dimen name="dm896">3226px</dimen>
    <dimen name="dm897">3229px</dimen>
    <dimen name="dm898">3233px</dimen>
    <dimen name="dm899">3236px</dimen>
    <dimen name="dm900">3240px</dimen>
    <dimen name="dm901">3244px</dimen>
    <dimen name="dm902">3247px</dimen>
    <dimen name="dm903">3251px</dimen>
    <dimen name="dm904">3254px</dimen>
    <dimen name="dm905">3258px</dimen>
    <dimen name="dm906">3262px</dimen>
    <dimen name="dm907">3265px</dimen>
    <dimen name="dm908">3269px</dimen>
    <dimen name="dm909">3272px</dimen>
    <dimen name="dm910">3276px</dimen>
    <dimen name="dm911">3280px</dimen>
    <dimen name="dm912">3283px</dimen>
    <dimen name="dm913">3287px</dimen>
    <dimen name="dm914">3290px</dimen>
    <dimen name="dm915">3294px</dimen>
    <dimen name="dm916">3298px</dimen>
    <dimen name="dm917">3301px</dimen>
    <dimen name="dm918">3305px</dimen>
    <dimen name="dm919">3308px</dimen>
    <dimen name="dm920">3312px</dimen>
    <dimen name="dm921">3316px</dimen>
    <dimen name="dm922">3319px</dimen>
    <dimen name="dm923">3323px</dimen>
    <dimen name="dm924">3326px</dimen>
    <dimen name="dm925">3330px</dimen>
    <dimen name="dm926">3334px</dimen>
    <dimen name="dm927">3337px</dimen>
    <dimen name="dm928">3341px</dimen>
    <dimen name="dm929">3344px</dimen>
    <dimen name="dm930">3348px</dimen>
    <dimen name="dm931">3352px</dimen>
    <dimen name="dm932">3355px</dimen>
    <dimen name="dm933">3359px</dimen>
    <dimen name="dm934">3362px</dimen>
    <dimen name="dm935">3366px</dimen>
    <dimen name="dm936">3370px</dimen>
    <dimen name="dm937">3373px</dimen>
    <dimen name="dm938">3377px</dimen>
    <dimen name="dm939">3380px</dimen>
    <dimen name="dm940">3384px</dimen>
    <dimen name="dm941">3388px</dimen>
    <dimen name="dm942">3391px</dimen>
    <dimen name="dm943">3395px</dimen>
    <dimen name="dm944">3398px</dimen>
    <dimen name="dm945">3402px</dimen>
    <dimen name="dm946">3406px</dimen>
    <dimen name="dm947">3409px</dimen>
    <dimen name="dm948">3413px</dimen>
    <dimen name="dm949">3416px</dimen>
    <dimen name="dm950">3420px</dimen>
    <dimen name="dm951">3424px</dimen>
    <dimen name="dm952">3427px</dimen>
    <dimen name="dm953">3431px</dimen>
    <dimen name="dm954">3434px</dimen>
    <dimen name="dm955">3438px</dimen>
    <dimen name="dm956">3442px</dimen>
    <dimen name="dm957">3445px</dimen>
    <dimen name="dm958">3449px</dimen>
    <dimen name="dm959">3452px</dimen>
    <dimen name="dm960">3456px</dimen>
    <dimen name="dm961">3460px</dimen>
    <dimen name="dm962">3463px</dimen>
    <dimen name="dm963">3467px</dimen>
    <dimen name="dm964">3470px</dimen>
    <dimen name="dm965">3474px</dimen>
    <dimen name="dm966">3478px</dimen>
    <dimen name="dm967">3481px</dimen>
    <dimen name="dm968">3485px</dimen>
    <dimen name="dm969">3488px</dimen>
    <dimen name="dm970">3492px</dimen>
    <dimen name="dm971">3496px</dimen>
    <dimen name="dm972">3499px</dimen>
    <dimen name="dm973">3503px</dimen>
    <dimen name="dm974">3506px</dimen>
    <dimen name="dm975">3510px</dimen>
    <dimen name="dm976">3514px</dimen>
    <dimen name="dm977">3517px</dimen>
    <dimen name="dm978">3521px</dimen>
    <dimen name="dm979">3524px</dimen>
    <dimen name="dm980">3528px</dimen>
    <dimen name="dm981">3532px</dimen>
    <dimen name="dm982">3535px</dimen>
    <dimen name="dm983">3539px</dimen>
    <dimen name="dm984">3542px</dimen>
    <dimen name="dm985">3546px</dimen>
    <dimen name="dm986">3550px</dimen>
    <dimen name="dm987">3553px</dimen>
    <dimen name="dm988">3557px</dimen>
    <dimen name="dm989">3560px</dimen>
    <dimen name="dm990">3564px</dimen>
    <dimen name="dm991">3568px</dimen>
    <dimen name="dm992">3571px</dimen>
    <dimen name="dm993">3575px</dimen>
    <dimen name="dm994">3578px</dimen>
    <dimen name="dm995">3582px</dimen>
    <dimen name="dm996">3586px</dimen>
    <dimen name="dm997">3589px</dimen>
    <dimen name="dm998">3593px</dimen>
    <dimen name="dm999">3596px</dimen>

</resources>