<resources>

    <dimen name="dm_200">-327px</dimen>
    <dimen name="dm_199">-325px</dimen>
    <dimen name="dm_198">-324px</dimen>
    <dimen name="dm_197">-322px</dimen>
    <dimen name="dm_196">-321px</dimen>
    <dimen name="dm_195">-319px</dimen>
    <dimen name="dm_194">-317px</dimen>
    <dimen name="dm_193">-316px</dimen>
    <dimen name="dm_192">-314px</dimen>
    <dimen name="dm_191">-312px</dimen>
    <dimen name="dm_190">-311px</dimen>
    <dimen name="dm_189">-309px</dimen>
    <dimen name="dm_188">-307px</dimen>
    <dimen name="dm_187">-306px</dimen>
    <dimen name="dm_186">-304px</dimen>
    <dimen name="dm_185">-303px</dimen>
    <dimen name="dm_184">-301px</dimen>
    <dimen name="dm_183">-299px</dimen>
    <dimen name="dm_182">-298px</dimen>
    <dimen name="dm_181">-296px</dimen>
    <dimen name="dm_180">-294px</dimen>
    <dimen name="dm_179">-293px</dimen>
    <dimen name="dm_178">-291px</dimen>
    <dimen name="dm_177">-289px</dimen>
    <dimen name="dm_176">-288px</dimen>
    <dimen name="dm_175">-286px</dimen>
    <dimen name="dm_174">-284px</dimen>
    <dimen name="dm_173">-283px</dimen>
    <dimen name="dm_172">-281px</dimen>
    <dimen name="dm_171">-280px</dimen>
    <dimen name="dm_170">-278px</dimen>
    <dimen name="dm_169">-276px</dimen>
    <dimen name="dm_168">-275px</dimen>
    <dimen name="dm_167">-273px</dimen>
    <dimen name="dm_166">-271px</dimen>
    <dimen name="dm_165">-270px</dimen>
    <dimen name="dm_164">-268px</dimen>
    <dimen name="dm_163">-266px</dimen>
    <dimen name="dm_162">-265px</dimen>
    <dimen name="dm_161">-263px</dimen>
    <dimen name="dm_160">-262px</dimen>
    <dimen name="dm_159">-260px</dimen>
    <dimen name="dm_158">-258px</dimen>
    <dimen name="dm_157">-257px</dimen>
    <dimen name="dm_156">-255px</dimen>
    <dimen name="dm_155">-253px</dimen>
    <dimen name="dm_154">-252px</dimen>
    <dimen name="dm_153">-250px</dimen>
    <dimen name="dm_152">-248px</dimen>
    <dimen name="dm_151">-247px</dimen>
    <dimen name="dm_150">-245px</dimen>
    <dimen name="dm_149">-243px</dimen>
    <dimen name="dm_148">-242px</dimen>
    <dimen name="dm_147">-240px</dimen>
    <dimen name="dm_146">-239px</dimen>
    <dimen name="dm_145">-237px</dimen>
    <dimen name="dm_144">-235px</dimen>
    <dimen name="dm_143">-234px</dimen>
    <dimen name="dm_142">-232px</dimen>
    <dimen name="dm_141">-230px</dimen>
    <dimen name="dm_140">-229px</dimen>
    <dimen name="dm_139">-227px</dimen>
    <dimen name="dm_138">-225px</dimen>
    <dimen name="dm_137">-224px</dimen>
    <dimen name="dm_136">-222px</dimen>
    <dimen name="dm_135">-220px</dimen>
    <dimen name="dm_134">-219px</dimen>
    <dimen name="dm_133">-217px</dimen>
    <dimen name="dm_132">-216px</dimen>
    <dimen name="dm_131">-214px</dimen>
    <dimen name="dm_130">-212px</dimen>
    <dimen name="dm_129">-211px</dimen>
    <dimen name="dm_128">-209px</dimen>
    <dimen name="dm_127">-207px</dimen>
    <dimen name="dm_126">-206px</dimen>
    <dimen name="dm_125">-204px</dimen>
    <dimen name="dm_124">-202px</dimen>
    <dimen name="dm_123">-201px</dimen>
    <dimen name="dm_122">-199px</dimen>
    <dimen name="dm_121">-198px</dimen>
    <dimen name="dm_120">-196px</dimen>
    <dimen name="dm_119">-194px</dimen>
    <dimen name="dm_118">-193px</dimen>
    <dimen name="dm_117">-191px</dimen>
    <dimen name="dm_116">-189px</dimen>
    <dimen name="dm_115">-188px</dimen>
    <dimen name="dm_114">-186px</dimen>
    <dimen name="dm_113">-184px</dimen>
    <dimen name="dm_112">-183px</dimen>
    <dimen name="dm_111">-181px</dimen>
    <dimen name="dm_110">-179px</dimen>
    <dimen name="dm_109">-178px</dimen>
    <dimen name="dm_108">-176px</dimen>
    <dimen name="dm_107">-175px</dimen>
    <dimen name="dm_106">-173px</dimen>
    <dimen name="dm_105">-171px</dimen>
    <dimen name="dm_104">-170px</dimen>
    <dimen name="dm_103">-168px</dimen>
    <dimen name="dm_102">-166px</dimen>
    <dimen name="dm_101">-165px</dimen>
    <dimen name="dm_100">-163px</dimen>
    <dimen name="dm_099">-161px</dimen>
    <dimen name="dm_098">-160px</dimen>
    <dimen name="dm_097">-158px</dimen>
    <dimen name="dm_096">-157px</dimen>
    <dimen name="dm_095">-155px</dimen>
    <dimen name="dm_094">-153px</dimen>
    <dimen name="dm_093">-152px</dimen>
    <dimen name="dm_092">-150px</dimen>
    <dimen name="dm_091">-148px</dimen>
    <dimen name="dm_090">-147px</dimen>
    <dimen name="dm_089">-145px</dimen>
    <dimen name="dm_088">-143px</dimen>
    <dimen name="dm_087">-142px</dimen>
    <dimen name="dm_086">-140px</dimen>
    <dimen name="dm_085">-138px</dimen>
    <dimen name="dm_084">-137px</dimen>
    <dimen name="dm_083">-135px</dimen>
    <dimen name="dm_082">-134px</dimen>
    <dimen name="dm_081">-132px</dimen>
    <dimen name="dm_080">-130px</dimen>
    <dimen name="dm_079">-129px</dimen>
    <dimen name="dm_078">-127px</dimen>
    <dimen name="dm_077">-125px</dimen>
    <dimen name="dm_076">-124px</dimen>
    <dimen name="dm_075">-122px</dimen>
    <dimen name="dm_074">-120px</dimen>
    <dimen name="dm_073">-119px</dimen>
    <dimen name="dm_072">-117px</dimen>
    <dimen name="dm_071">-115px</dimen>
    <dimen name="dm_070">-114px</dimen>
    <dimen name="dm_069">-112px</dimen>
    <dimen name="dm_068">-111px</dimen>
    <dimen name="dm_067">-109px</dimen>
    <dimen name="dm_066">-107px</dimen>
    <dimen name="dm_065">-106px</dimen>
    <dimen name="dm_064">-104px</dimen>
    <dimen name="dm_063">-102px</dimen>
    <dimen name="dm_062">-101px</dimen>
    <dimen name="dm_061">-99px</dimen>
    <dimen name="dm_060">-97px</dimen>
    <dimen name="dm_059">-96px</dimen>
    <dimen name="dm_058">-94px</dimen>
    <dimen name="dm_057">-93px</dimen>
    <dimen name="dm_056">-91px</dimen>
    <dimen name="dm_055">-89px</dimen>
    <dimen name="dm_054">-88px</dimen>
    <dimen name="dm_053">-86px</dimen>
    <dimen name="dm_052">-84px</dimen>
    <dimen name="dm_051">-83px</dimen>
    <dimen name="dm_050">-81px</dimen>
    <dimen name="dm_049">-79px</dimen>
    <dimen name="dm_048">-78px</dimen>
    <dimen name="dm_047">-76px</dimen>
    <dimen name="dm_046">-74px</dimen>
    <dimen name="dm_045">-73px</dimen>
    <dimen name="dm_044">-71px</dimen>
    <dimen name="dm_043">-70px</dimen>
    <dimen name="dm_042">-68px</dimen>
    <dimen name="dm_041">-66px</dimen>
    <dimen name="dm_040">-65px</dimen>
    <dimen name="dm_039">-63px</dimen>
    <dimen name="dm_038">-61px</dimen>
    <dimen name="dm_037">-60px</dimen>
    <dimen name="dm_036">-58px</dimen>
    <dimen name="dm_035">-56px</dimen>
    <dimen name="dm_034">-55px</dimen>
    <dimen name="dm_033">-53px</dimen>
    <dimen name="dm_032">-52px</dimen>
    <dimen name="dm_031">-50px</dimen>
    <dimen name="dm_030">-48px</dimen>
    <dimen name="dm_029">-47px</dimen>
    <dimen name="dm_028">-45px</dimen>
    <dimen name="dm_027">-43px</dimen>
    <dimen name="dm_026">-42px</dimen>
    <dimen name="dm_025">-40px</dimen>
    <dimen name="dm_024">-38px</dimen>
    <dimen name="dm_023">-37px</dimen>
    <dimen name="dm_022">-35px</dimen>
    <dimen name="dm_021">-33px</dimen>
    <dimen name="dm_020">-32px</dimen>
    <dimen name="dm_019">-30px</dimen>
    <dimen name="dm_018">-29px</dimen>
    <dimen name="dm_017">-27px</dimen>
    <dimen name="dm_016">-25px</dimen>
    <dimen name="dm_015">-24px</dimen>
    <dimen name="dm_014">-22px</dimen>
    <dimen name="dm_013">-20px</dimen>
    <dimen name="dm_012">-19px</dimen>
    <dimen name="dm_011">-17px</dimen>
    <dimen name="dm_010">-15px</dimen>
    <dimen name="dm_009">-14px</dimen>
    <dimen name="dm_008">-12px</dimen>
    <dimen name="dm_007">-10px</dimen>
    <dimen name="dm_006">-9px</dimen>
    <dimen name="dm_005">-7px</dimen>
    <dimen name="dm_004">-6px</dimen>
    <dimen name="dm_003">-4px</dimen>
    <dimen name="dm_002">-2px</dimen>
    <dimen name="dm_001">-1px</dimen>
    <dimen name="dm000">0px</dimen>
    <dimen name="dm001">2px</dimen>
    <dimen name="dm002">3px</dimen>
    <dimen name="dm003">5px</dimen>
    <dimen name="dm004">7px</dimen>
    <dimen name="dm005">8px</dimen>
    <dimen name="dm006">10px</dimen>
    <dimen name="dm007">11px</dimen>
    <dimen name="dm008">13px</dimen>
    <dimen name="dm009">15px</dimen>
    <dimen name="dm010">16px</dimen>
    <dimen name="dm011">18px</dimen>
    <dimen name="dm012">20px</dimen>
    <dimen name="dm013">21px</dimen>
    <dimen name="dm014">23px</dimen>
    <dimen name="dm015">25px</dimen>
    <dimen name="dm016">26px</dimen>
    <dimen name="dm017">28px</dimen>
    <dimen name="dm018">30px</dimen>
    <dimen name="dm019">31px</dimen>
    <dimen name="dm020">33px</dimen>
    <dimen name="dm021">34px</dimen>
    <dimen name="dm022">36px</dimen>
    <dimen name="dm023">38px</dimen>
    <dimen name="dm024">39px</dimen>
    <dimen name="dm025">41px</dimen>
    <dimen name="dm026">43px</dimen>
    <dimen name="dm027">44px</dimen>
    <dimen name="dm028">46px</dimen>
    <dimen name="dm029">48px</dimen>
    <dimen name="dm030">49px</dimen>
    <dimen name="dm031">51px</dimen>
    <dimen name="dm032">53px</dimen>
    <dimen name="dm033">54px</dimen>
    <dimen name="dm034">56px</dimen>
    <dimen name="dm035">57px</dimen>
    <dimen name="dm036">59px</dimen>
    <dimen name="dm037">61px</dimen>
    <dimen name="dm038">62px</dimen>
    <dimen name="dm039">64px</dimen>
    <dimen name="dm040">66px</dimen>
    <dimen name="dm041">67px</dimen>
    <dimen name="dm042">69px</dimen>
    <dimen name="dm043">71px</dimen>
    <dimen name="dm044">72px</dimen>
    <dimen name="dm045">74px</dimen>
    <dimen name="dm046">75px</dimen>
    <dimen name="dm047">77px</dimen>
    <dimen name="dm048">79px</dimen>
    <dimen name="dm049">80px</dimen>
    <dimen name="dm050">82px</dimen>
    <dimen name="dm051">84px</dimen>
    <dimen name="dm052">85px</dimen>
    <dimen name="dm053">87px</dimen>
    <dimen name="dm054">89px</dimen>
    <dimen name="dm055">90px</dimen>
    <dimen name="dm056">92px</dimen>
    <dimen name="dm057">94px</dimen>
    <dimen name="dm058">95px</dimen>
    <dimen name="dm059">97px</dimen>
    <dimen name="dm060">98px</dimen>
    <dimen name="dm061">100px</dimen>
    <dimen name="dm062">102px</dimen>
    <dimen name="dm063">103px</dimen>
    <dimen name="dm064">105px</dimen>
    <dimen name="dm065">107px</dimen>
    <dimen name="dm066">108px</dimen>
    <dimen name="dm067">110px</dimen>
    <dimen name="dm068">112px</dimen>
    <dimen name="dm069">113px</dimen>
    <dimen name="dm070">115px</dimen>
    <dimen name="dm071">116px</dimen>
    <dimen name="dm072">118px</dimen>
    <dimen name="dm073">120px</dimen>
    <dimen name="dm074">121px</dimen>
    <dimen name="dm075">123px</dimen>
    <dimen name="dm076">125px</dimen>
    <dimen name="dm077">126px</dimen>
    <dimen name="dm078">128px</dimen>
    <dimen name="dm079">130px</dimen>
    <dimen name="dm080">131px</dimen>
    <dimen name="dm081">133px</dimen>
    <dimen name="dm082">135px</dimen>
    <dimen name="dm083">136px</dimen>
    <dimen name="dm084">138px</dimen>
    <dimen name="dm085">139px</dimen>
    <dimen name="dm086">141px</dimen>
    <dimen name="dm087">143px</dimen>
    <dimen name="dm088">144px</dimen>
    <dimen name="dm089">146px</dimen>
    <dimen name="dm090">148px</dimen>
    <dimen name="dm091">149px</dimen>
    <dimen name="dm092">151px</dimen>
    <dimen name="dm093">153px</dimen>
    <dimen name="dm094">154px</dimen>
    <dimen name="dm095">156px</dimen>
    <dimen name="dm096">158px</dimen>
    <dimen name="dm097">159px</dimen>
    <dimen name="dm098">161px</dimen>
    <dimen name="dm099">162px</dimen>
    <dimen name="dm100">164px</dimen>
    <dimen name="dm101">166px</dimen>
    <dimen name="dm102">167px</dimen>
    <dimen name="dm103">169px</dimen>
    <dimen name="dm104">171px</dimen>
    <dimen name="dm105">172px</dimen>
    <dimen name="dm106">174px</dimen>
    <dimen name="dm107">176px</dimen>
    <dimen name="dm108">177px</dimen>
    <dimen name="dm109">179px</dimen>
    <dimen name="dm110">180px</dimen>
    <dimen name="dm111">182px</dimen>
    <dimen name="dm112">184px</dimen>
    <dimen name="dm113">185px</dimen>
    <dimen name="dm114">187px</dimen>
    <dimen name="dm115">189px</dimen>
    <dimen name="dm116">190px</dimen>
    <dimen name="dm117">192px</dimen>
    <dimen name="dm118">194px</dimen>
    <dimen name="dm119">195px</dimen>
    <dimen name="dm120">197px</dimen>
    <dimen name="dm121">199px</dimen>
    <dimen name="dm122">200px</dimen>
    <dimen name="dm123">202px</dimen>
    <dimen name="dm124">203px</dimen>
    <dimen name="dm125">205px</dimen>
    <dimen name="dm126">207px</dimen>
    <dimen name="dm127">208px</dimen>
    <dimen name="dm128">210px</dimen>
    <dimen name="dm129">212px</dimen>
    <dimen name="dm130">213px</dimen>
    <dimen name="dm131">215px</dimen>
    <dimen name="dm132">217px</dimen>
    <dimen name="dm133">218px</dimen>
    <dimen name="dm134">220px</dimen>
    <dimen name="dm135">221px</dimen>
    <dimen name="dm136">223px</dimen>
    <dimen name="dm137">225px</dimen>
    <dimen name="dm138">226px</dimen>
    <dimen name="dm139">228px</dimen>
    <dimen name="dm140">230px</dimen>
    <dimen name="dm141">231px</dimen>
    <dimen name="dm142">233px</dimen>
    <dimen name="dm143">235px</dimen>
    <dimen name="dm144">236px</dimen>
    <dimen name="dm145">238px</dimen>
    <dimen name="dm146">240px</dimen>
    <dimen name="dm147">241px</dimen>
    <dimen name="dm148">243px</dimen>
    <dimen name="dm149">244px</dimen>
    <dimen name="dm150">246px</dimen>
    <dimen name="dm151">248px</dimen>
    <dimen name="dm152">249px</dimen>
    <dimen name="dm153">251px</dimen>
    <dimen name="dm154">253px</dimen>
    <dimen name="dm155">254px</dimen>
    <dimen name="dm156">256px</dimen>
    <dimen name="dm157">258px</dimen>
    <dimen name="dm158">259px</dimen>
    <dimen name="dm159">261px</dimen>
    <dimen name="dm160">263px</dimen>
    <dimen name="dm161">264px</dimen>
    <dimen name="dm162">266px</dimen>
    <dimen name="dm163">267px</dimen>
    <dimen name="dm164">269px</dimen>
    <dimen name="dm165">271px</dimen>
    <dimen name="dm166">272px</dimen>
    <dimen name="dm167">274px</dimen>
    <dimen name="dm168">276px</dimen>
    <dimen name="dm169">277px</dimen>
    <dimen name="dm170">279px</dimen>
    <dimen name="dm171">281px</dimen>
    <dimen name="dm172">282px</dimen>
    <dimen name="dm173">284px</dimen>
    <dimen name="dm174">285px</dimen>
    <dimen name="dm175">287px</dimen>
    <dimen name="dm176">289px</dimen>
    <dimen name="dm177">290px</dimen>
    <dimen name="dm178">292px</dimen>
    <dimen name="dm179">294px</dimen>
    <dimen name="dm180">295px</dimen>
    <dimen name="dm181">297px</dimen>
    <dimen name="dm182">299px</dimen>
    <dimen name="dm183">300px</dimen>
    <dimen name="dm184">302px</dimen>
    <dimen name="dm185">304px</dimen>
    <dimen name="dm186">305px</dimen>
    <dimen name="dm187">307px</dimen>
    <dimen name="dm188">308px</dimen>
    <dimen name="dm189">310px</dimen>
    <dimen name="dm190">312px</dimen>
    <dimen name="dm191">313px</dimen>
    <dimen name="dm192">315px</dimen>
    <dimen name="dm193">317px</dimen>
    <dimen name="dm194">318px</dimen>
    <dimen name="dm195">320px</dimen>
    <dimen name="dm196">322px</dimen>
    <dimen name="dm197">323px</dimen>
    <dimen name="dm198">325px</dimen>
    <dimen name="dm199">326px</dimen>
    <dimen name="dm200">328px</dimen>
    <dimen name="dm201">330px</dimen>
    <dimen name="dm202">331px</dimen>
    <dimen name="dm203">333px</dimen>
    <dimen name="dm204">335px</dimen>
    <dimen name="dm205">336px</dimen>
    <dimen name="dm206">338px</dimen>
    <dimen name="dm207">340px</dimen>
    <dimen name="dm208">341px</dimen>
    <dimen name="dm209">343px</dimen>
    <dimen name="dm210">345px</dimen>
    <dimen name="dm211">346px</dimen>
    <dimen name="dm212">348px</dimen>
    <dimen name="dm213">349px</dimen>
    <dimen name="dm214">351px</dimen>
    <dimen name="dm215">353px</dimen>
    <dimen name="dm216">354px</dimen>
    <dimen name="dm217">356px</dimen>
    <dimen name="dm218">358px</dimen>
    <dimen name="dm219">359px</dimen>
    <dimen name="dm220">361px</dimen>
    <dimen name="dm221">363px</dimen>
    <dimen name="dm222">364px</dimen>
    <dimen name="dm223">366px</dimen>
    <dimen name="dm224">368px</dimen>
    <dimen name="dm225">369px</dimen>
    <dimen name="dm226">371px</dimen>
    <dimen name="dm227">372px</dimen>
    <dimen name="dm228">374px</dimen>
    <dimen name="dm229">376px</dimen>
    <dimen name="dm230">377px</dimen>
    <dimen name="dm231">379px</dimen>
    <dimen name="dm232">381px</dimen>
    <dimen name="dm233">382px</dimen>
    <dimen name="dm234">384px</dimen>
    <dimen name="dm235">386px</dimen>
    <dimen name="dm236">387px</dimen>
    <dimen name="dm237">389px</dimen>
    <dimen name="dm238">390px</dimen>
    <dimen name="dm239">392px</dimen>
    <dimen name="dm240">394px</dimen>
    <dimen name="dm241">395px</dimen>
    <dimen name="dm242">397px</dimen>
    <dimen name="dm243">399px</dimen>
    <dimen name="dm244">400px</dimen>
    <dimen name="dm245">402px</dimen>
    <dimen name="dm246">404px</dimen>
    <dimen name="dm247">405px</dimen>
    <dimen name="dm248">407px</dimen>
    <dimen name="dm249">409px</dimen>
    <dimen name="dm250">410px</dimen>
    <dimen name="dm251">412px</dimen>
    <dimen name="dm252">413px</dimen>
    <dimen name="dm253">415px</dimen>
    <dimen name="dm254">417px</dimen>
    <dimen name="dm255">418px</dimen>
    <dimen name="dm256">420px</dimen>
    <dimen name="dm257">422px</dimen>
    <dimen name="dm258">423px</dimen>
    <dimen name="dm259">425px</dimen>
    <dimen name="dm260">427px</dimen>
    <dimen name="dm261">428px</dimen>
    <dimen name="dm262">430px</dimen>
    <dimen name="dm263">431px</dimen>
    <dimen name="dm264">433px</dimen>
    <dimen name="dm265">435px</dimen>
    <dimen name="dm266">436px</dimen>
    <dimen name="dm267">438px</dimen>
    <dimen name="dm268">440px</dimen>
    <dimen name="dm269">441px</dimen>
    <dimen name="dm270">443px</dimen>
    <dimen name="dm271">445px</dimen>
    <dimen name="dm272">446px</dimen>
    <dimen name="dm273">448px</dimen>
    <dimen name="dm274">450px</dimen>
    <dimen name="dm275">451px</dimen>
    <dimen name="dm276">453px</dimen>
    <dimen name="dm277">454px</dimen>
    <dimen name="dm278">456px</dimen>
    <dimen name="dm279">458px</dimen>
    <dimen name="dm280">459px</dimen>
    <dimen name="dm281">461px</dimen>
    <dimen name="dm282">463px</dimen>
    <dimen name="dm283">464px</dimen>
    <dimen name="dm284">466px</dimen>
    <dimen name="dm285">468px</dimen>
    <dimen name="dm286">469px</dimen>
    <dimen name="dm287">471px</dimen>
    <dimen name="dm288">473px</dimen>
    <dimen name="dm289">474px</dimen>
    <dimen name="dm290">476px</dimen>
    <dimen name="dm291">477px</dimen>
    <dimen name="dm292">479px</dimen>
    <dimen name="dm293">481px</dimen>
    <dimen name="dm294">482px</dimen>
    <dimen name="dm295">484px</dimen>
    <dimen name="dm296">486px</dimen>
    <dimen name="dm297">487px</dimen>
    <dimen name="dm298">489px</dimen>
    <dimen name="dm299">491px</dimen>
    <dimen name="dm300">492px</dimen>
    <dimen name="dm301">494px</dimen>
    <dimen name="dm302">495px</dimen>
    <dimen name="dm303">497px</dimen>
    <dimen name="dm304">499px</dimen>
    <dimen name="dm305">500px</dimen>
    <dimen name="dm306">502px</dimen>
    <dimen name="dm307">504px</dimen>
    <dimen name="dm308">505px</dimen>
    <dimen name="dm309">507px</dimen>
    <dimen name="dm310">509px</dimen>
    <dimen name="dm311">510px</dimen>
    <dimen name="dm312">512px</dimen>
    <dimen name="dm313">514px</dimen>
    <dimen name="dm314">515px</dimen>
    <dimen name="dm315">517px</dimen>
    <dimen name="dm316">518px</dimen>
    <dimen name="dm317">520px</dimen>
    <dimen name="dm318">522px</dimen>
    <dimen name="dm319">523px</dimen>
    <dimen name="dm320">525px</dimen>
    <dimen name="dm321">527px</dimen>
    <dimen name="dm322">528px</dimen>
    <dimen name="dm323">530px</dimen>
    <dimen name="dm324">532px</dimen>
    <dimen name="dm325">533px</dimen>
    <dimen name="dm326">535px</dimen>
    <dimen name="dm327">536px</dimen>
    <dimen name="dm328">538px</dimen>
    <dimen name="dm329">540px</dimen>
    <dimen name="dm330">541px</dimen>
    <dimen name="dm331">543px</dimen>
    <dimen name="dm332">545px</dimen>
    <dimen name="dm333">546px</dimen>
    <dimen name="dm334">548px</dimen>
    <dimen name="dm335">550px</dimen>
    <dimen name="dm336">551px</dimen>
    <dimen name="dm337">553px</dimen>
    <dimen name="dm338">555px</dimen>
    <dimen name="dm339">556px</dimen>
    <dimen name="dm340">558px</dimen>
    <dimen name="dm341">559px</dimen>
    <dimen name="dm342">561px</dimen>
    <dimen name="dm343">563px</dimen>
    <dimen name="dm344">564px</dimen>
    <dimen name="dm345">566px</dimen>
    <dimen name="dm346">568px</dimen>
    <dimen name="dm347">569px</dimen>
    <dimen name="dm348">571px</dimen>
    <dimen name="dm349">573px</dimen>
    <dimen name="dm350">574px</dimen>
    <dimen name="dm351">576px</dimen>
    <dimen name="dm352">578px</dimen>
    <dimen name="dm353">579px</dimen>
    <dimen name="dm354">581px</dimen>
    <dimen name="dm355">582px</dimen>
    <dimen name="dm356">584px</dimen>
    <dimen name="dm357">586px</dimen>
    <dimen name="dm358">587px</dimen>
    <dimen name="dm359">589px</dimen>
    <dimen name="dm360">591px</dimen>
    <dimen name="dm361">592px</dimen>
    <dimen name="dm362">594px</dimen>
    <dimen name="dm363">596px</dimen>
    <dimen name="dm364">597px</dimen>
    <dimen name="dm365">599px</dimen>
    <dimen name="dm366">600px</dimen>
    <dimen name="dm367">602px</dimen>
    <dimen name="dm368">604px</dimen>
    <dimen name="dm369">605px</dimen>
    <dimen name="dm370">607px</dimen>
    <dimen name="dm371">609px</dimen>
    <dimen name="dm372">610px</dimen>
    <dimen name="dm373">612px</dimen>
    <dimen name="dm374">614px</dimen>
    <dimen name="dm375">615px</dimen>
    <dimen name="dm376">617px</dimen>
    <dimen name="dm377">619px</dimen>
    <dimen name="dm378">620px</dimen>
    <dimen name="dm379">622px</dimen>
    <dimen name="dm380">623px</dimen>
    <dimen name="dm381">625px</dimen>
    <dimen name="dm382">627px</dimen>
    <dimen name="dm383">628px</dimen>
    <dimen name="dm384">630px</dimen>
    <dimen name="dm385">632px</dimen>
    <dimen name="dm386">633px</dimen>
    <dimen name="dm387">635px</dimen>
    <dimen name="dm388">637px</dimen>
    <dimen name="dm389">638px</dimen>
    <dimen name="dm390">640px</dimen>
    <dimen name="dm391">641px</dimen>
    <dimen name="dm392">643px</dimen>
    <dimen name="dm393">645px</dimen>
    <dimen name="dm394">646px</dimen>
    <dimen name="dm395">648px</dimen>
    <dimen name="dm396">650px</dimen>
    <dimen name="dm397">651px</dimen>
    <dimen name="dm398">653px</dimen>
    <dimen name="dm399">655px</dimen>
    <dimen name="dm400">656px</dimen>
    <dimen name="dm401">658px</dimen>
    <dimen name="dm402">660px</dimen>
    <dimen name="dm403">661px</dimen>
    <dimen name="dm404">663px</dimen>
    <dimen name="dm405">664px</dimen>
    <dimen name="dm406">666px</dimen>
    <dimen name="dm407">668px</dimen>
    <dimen name="dm408">669px</dimen>
    <dimen name="dm409">671px</dimen>
    <dimen name="dm410">673px</dimen>
    <dimen name="dm411">674px</dimen>
    <dimen name="dm412">676px</dimen>
    <dimen name="dm413">678px</dimen>
    <dimen name="dm414">679px</dimen>
    <dimen name="dm415">681px</dimen>
    <dimen name="dm416">683px</dimen>
    <dimen name="dm417">684px</dimen>
    <dimen name="dm418">686px</dimen>
    <dimen name="dm419">687px</dimen>
    <dimen name="dm420">689px</dimen>
    <dimen name="dm421">691px</dimen>
    <dimen name="dm422">692px</dimen>
    <dimen name="dm423">694px</dimen>
    <dimen name="dm424">696px</dimen>
    <dimen name="dm425">697px</dimen>
    <dimen name="dm426">699px</dimen>
    <dimen name="dm427">701px</dimen>
    <dimen name="dm428">702px</dimen>
    <dimen name="dm429">704px</dimen>
    <dimen name="dm430">705px</dimen>
    <dimen name="dm431">707px</dimen>
    <dimen name="dm432">709px</dimen>
    <dimen name="dm433">710px</dimen>
    <dimen name="dm434">712px</dimen>
    <dimen name="dm435">714px</dimen>
    <dimen name="dm436">715px</dimen>
    <dimen name="dm437">717px</dimen>
    <dimen name="dm438">719px</dimen>
    <dimen name="dm439">720px</dimen>
    <dimen name="dm440">722px</dimen>
    <dimen name="dm441">724px</dimen>
    <dimen name="dm442">725px</dimen>
    <dimen name="dm443">727px</dimen>
    <dimen name="dm444">728px</dimen>
    <dimen name="dm445">730px</dimen>
    <dimen name="dm446">732px</dimen>
    <dimen name="dm447">733px</dimen>
    <dimen name="dm448">735px</dimen>
    <dimen name="dm449">737px</dimen>
    <dimen name="dm450">738px</dimen>
    <dimen name="dm451">740px</dimen>
    <dimen name="dm452">742px</dimen>
    <dimen name="dm453">743px</dimen>
    <dimen name="dm454">745px</dimen>
    <dimen name="dm455">746px</dimen>
    <dimen name="dm456">748px</dimen>
    <dimen name="dm457">750px</dimen>
    <dimen name="dm458">751px</dimen>
    <dimen name="dm459">753px</dimen>
    <dimen name="dm460">755px</dimen>
    <dimen name="dm461">756px</dimen>
    <dimen name="dm462">758px</dimen>
    <dimen name="dm463">760px</dimen>
    <dimen name="dm464">761px</dimen>
    <dimen name="dm465">763px</dimen>
    <dimen name="dm466">765px</dimen>
    <dimen name="dm467">766px</dimen>
    <dimen name="dm468">768px</dimen>
    <dimen name="dm469">769px</dimen>
    <dimen name="dm470">771px</dimen>
    <dimen name="dm471">773px</dimen>
    <dimen name="dm472">774px</dimen>
    <dimen name="dm473">776px</dimen>
    <dimen name="dm474">778px</dimen>
    <dimen name="dm475">779px</dimen>
    <dimen name="dm476">781px</dimen>
    <dimen name="dm477">783px</dimen>
    <dimen name="dm478">784px</dimen>
    <dimen name="dm479">786px</dimen>
    <dimen name="dm480">788px</dimen>
    <dimen name="dm481">789px</dimen>
    <dimen name="dm482">791px</dimen>
    <dimen name="dm483">792px</dimen>
    <dimen name="dm484">794px</dimen>
    <dimen name="dm485">796px</dimen>
    <dimen name="dm486">797px</dimen>
    <dimen name="dm487">799px</dimen>
    <dimen name="dm488">801px</dimen>
    <dimen name="dm489">802px</dimen>
    <dimen name="dm490">804px</dimen>
    <dimen name="dm491">806px</dimen>
    <dimen name="dm492">807px</dimen>
    <dimen name="dm493">809px</dimen>
    <dimen name="dm494">810px</dimen>
    <dimen name="dm495">812px</dimen>
    <dimen name="dm496">814px</dimen>
    <dimen name="dm497">815px</dimen>
    <dimen name="dm498">817px</dimen>
    <dimen name="dm499">819px</dimen>
    <dimen name="dm500">820px</dimen>
    <dimen name="dm501">822px</dimen>
    <dimen name="dm502">824px</dimen>
    <dimen name="dm503">825px</dimen>
    <dimen name="dm504">827px</dimen>
    <dimen name="dm505">829px</dimen>
    <dimen name="dm506">830px</dimen>
    <dimen name="dm507">832px</dimen>
    <dimen name="dm508">833px</dimen>
    <dimen name="dm509">835px</dimen>
    <dimen name="dm510">837px</dimen>
    <dimen name="dm511">838px</dimen>
    <dimen name="dm512">840px</dimen>
    <dimen name="dm513">842px</dimen>
    <dimen name="dm514">843px</dimen>
    <dimen name="dm515">845px</dimen>
    <dimen name="dm516">847px</dimen>
    <dimen name="dm517">848px</dimen>
    <dimen name="dm518">850px</dimen>
    <dimen name="dm519">851px</dimen>
    <dimen name="dm520">853px</dimen>
    <dimen name="dm521">855px</dimen>
    <dimen name="dm522">856px</dimen>
    <dimen name="dm523">858px</dimen>
    <dimen name="dm524">860px</dimen>
    <dimen name="dm525">861px</dimen>
    <dimen name="dm526">863px</dimen>
    <dimen name="dm527">865px</dimen>
    <dimen name="dm528">866px</dimen>
    <dimen name="dm529">868px</dimen>
    <dimen name="dm530">870px</dimen>
    <dimen name="dm531">871px</dimen>
    <dimen name="dm532">873px</dimen>
    <dimen name="dm533">874px</dimen>
    <dimen name="dm534">876px</dimen>
    <dimen name="dm535">878px</dimen>
    <dimen name="dm536">879px</dimen>
    <dimen name="dm537">881px</dimen>
    <dimen name="dm538">883px</dimen>
    <dimen name="dm539">884px</dimen>
    <dimen name="dm540">886px</dimen>
    <dimen name="dm541">888px</dimen>
    <dimen name="dm542">889px</dimen>
    <dimen name="dm543">891px</dimen>
    <dimen name="dm544">893px</dimen>
    <dimen name="dm545">894px</dimen>
    <dimen name="dm546">896px</dimen>
    <dimen name="dm547">897px</dimen>
    <dimen name="dm548">899px</dimen>
    <dimen name="dm549">901px</dimen>
    <dimen name="dm550">902px</dimen>
    <dimen name="dm551">904px</dimen>
    <dimen name="dm552">906px</dimen>
    <dimen name="dm553">907px</dimen>
    <dimen name="dm554">909px</dimen>
    <dimen name="dm555">911px</dimen>
    <dimen name="dm556">912px</dimen>
    <dimen name="dm557">914px</dimen>
    <dimen name="dm558">915px</dimen>
    <dimen name="dm559">917px</dimen>
    <dimen name="dm560">919px</dimen>
    <dimen name="dm561">920px</dimen>
    <dimen name="dm562">922px</dimen>
    <dimen name="dm563">924px</dimen>
    <dimen name="dm564">925px</dimen>
    <dimen name="dm565">927px</dimen>
    <dimen name="dm566">929px</dimen>
    <dimen name="dm567">930px</dimen>
    <dimen name="dm568">932px</dimen>
    <dimen name="dm569">934px</dimen>
    <dimen name="dm570">935px</dimen>
    <dimen name="dm571">937px</dimen>
    <dimen name="dm572">938px</dimen>
    <dimen name="dm573">940px</dimen>
    <dimen name="dm574">942px</dimen>
    <dimen name="dm575">943px</dimen>
    <dimen name="dm576">945px</dimen>
    <dimen name="dm577">947px</dimen>
    <dimen name="dm578">948px</dimen>
    <dimen name="dm579">950px</dimen>
    <dimen name="dm580">952px</dimen>
    <dimen name="dm581">953px</dimen>
    <dimen name="dm582">955px</dimen>
    <dimen name="dm583">956px</dimen>
    <dimen name="dm584">958px</dimen>
    <dimen name="dm585">960px</dimen>
    <dimen name="dm586">961px</dimen>
    <dimen name="dm587">963px</dimen>
    <dimen name="dm588">965px</dimen>
    <dimen name="dm589">966px</dimen>
    <dimen name="dm590">968px</dimen>
    <dimen name="dm591">970px</dimen>
    <dimen name="dm592">971px</dimen>
    <dimen name="dm593">973px</dimen>
    <dimen name="dm594">975px</dimen>
    <dimen name="dm595">976px</dimen>
    <dimen name="dm596">978px</dimen>
    <dimen name="dm597">979px</dimen>
    <dimen name="dm598">981px</dimen>
    <dimen name="dm599">983px</dimen>
    <dimen name="dm600">984px</dimen>
    <dimen name="dm601">986px</dimen>
    <dimen name="dm602">988px</dimen>
    <dimen name="dm603">989px</dimen>
    <dimen name="dm604">991px</dimen>
    <dimen name="dm605">993px</dimen>
    <dimen name="dm606">994px</dimen>
    <dimen name="dm607">996px</dimen>
    <dimen name="dm608">998px</dimen>
    <dimen name="dm609">999px</dimen>
    <dimen name="dm610">1001px</dimen>
    <dimen name="dm611">1002px</dimen>
    <dimen name="dm612">1004px</dimen>
    <dimen name="dm613">1006px</dimen>
    <dimen name="dm614">1007px</dimen>
    <dimen name="dm615">1009px</dimen>
    <dimen name="dm616">1011px</dimen>
    <dimen name="dm617">1012px</dimen>
    <dimen name="dm618">1014px</dimen>
    <dimen name="dm619">1016px</dimen>
    <dimen name="dm620">1017px</dimen>
    <dimen name="dm621">1019px</dimen>
    <dimen name="dm622">1020px</dimen>
    <dimen name="dm623">1022px</dimen>
    <dimen name="dm624">1024px</dimen>
    <dimen name="dm625">1025px</dimen>
    <dimen name="dm626">1027px</dimen>
    <dimen name="dm627">1029px</dimen>
    <dimen name="dm628">1030px</dimen>
    <dimen name="dm629">1032px</dimen>
    <dimen name="dm630">1034px</dimen>
    <dimen name="dm631">1035px</dimen>
    <dimen name="dm632">1037px</dimen>
    <dimen name="dm633">1039px</dimen>
    <dimen name="dm634">1040px</dimen>
    <dimen name="dm635">1042px</dimen>
    <dimen name="dm636">1043px</dimen>
    <dimen name="dm637">1045px</dimen>
    <dimen name="dm638">1047px</dimen>
    <dimen name="dm639">1048px</dimen>
    <dimen name="dm640">1050px</dimen>
    <dimen name="dm641">1052px</dimen>
    <dimen name="dm642">1053px</dimen>
    <dimen name="dm643">1055px</dimen>
    <dimen name="dm644">1057px</dimen>
    <dimen name="dm645">1058px</dimen>
    <dimen name="dm646">1060px</dimen>
    <dimen name="dm647">1061px</dimen>
    <dimen name="dm648">1063px</dimen>
    <dimen name="dm649">1065px</dimen>
    <dimen name="dm650">1066px</dimen>
    <dimen name="dm651">1068px</dimen>
    <dimen name="dm652">1070px</dimen>
    <dimen name="dm653">1071px</dimen>
    <dimen name="dm654">1073px</dimen>
    <dimen name="dm655">1075px</dimen>
    <dimen name="dm656">1076px</dimen>
    <dimen name="dm657">1078px</dimen>
    <dimen name="dm658">1080px</dimen>
    <dimen name="dm659">1081px</dimen>
    <dimen name="dm660">1083px</dimen>
    <dimen name="dm661">1084px</dimen>
    <dimen name="dm662">1086px</dimen>
    <dimen name="dm663">1088px</dimen>
    <dimen name="dm664">1089px</dimen>
    <dimen name="dm665">1091px</dimen>
    <dimen name="dm666">1093px</dimen>
    <dimen name="dm667">1094px</dimen>
    <dimen name="dm668">1096px</dimen>
    <dimen name="dm669">1098px</dimen>
    <dimen name="dm670">1099px</dimen>
    <dimen name="dm671">1101px</dimen>
    <dimen name="dm672">1103px</dimen>
    <dimen name="dm673">1104px</dimen>
    <dimen name="dm674">1106px</dimen>
    <dimen name="dm675">1107px</dimen>
    <dimen name="dm676">1109px</dimen>
    <dimen name="dm677">1111px</dimen>
    <dimen name="dm678">1112px</dimen>
    <dimen name="dm679">1114px</dimen>
    <dimen name="dm680">1116px</dimen>
    <dimen name="dm681">1117px</dimen>
    <dimen name="dm682">1119px</dimen>
    <dimen name="dm683">1121px</dimen>
    <dimen name="dm684">1122px</dimen>
    <dimen name="dm685">1124px</dimen>
    <dimen name="dm686">1125px</dimen>
    <dimen name="dm687">1127px</dimen>
    <dimen name="dm688">1129px</dimen>
    <dimen name="dm689">1130px</dimen>
    <dimen name="dm690">1132px</dimen>
    <dimen name="dm691">1134px</dimen>
    <dimen name="dm692">1135px</dimen>
    <dimen name="dm693">1137px</dimen>
    <dimen name="dm694">1139px</dimen>
    <dimen name="dm695">1140px</dimen>
    <dimen name="dm696">1142px</dimen>
    <dimen name="dm697">1144px</dimen>
    <dimen name="dm698">1145px</dimen>
    <dimen name="dm699">1147px</dimen>
    <dimen name="dm700">1148px</dimen>
    <dimen name="dm701">1150px</dimen>
    <dimen name="dm702">1152px</dimen>
    <dimen name="dm703">1153px</dimen>
    <dimen name="dm704">1155px</dimen>
    <dimen name="dm705">1157px</dimen>
    <dimen name="dm706">1158px</dimen>
    <dimen name="dm707">1160px</dimen>
    <dimen name="dm708">1162px</dimen>
    <dimen name="dm709">1163px</dimen>
    <dimen name="dm710">1165px</dimen>
    <dimen name="dm711">1166px</dimen>
    <dimen name="dm712">1168px</dimen>
    <dimen name="dm713">1170px</dimen>
    <dimen name="dm714">1171px</dimen>
    <dimen name="dm715">1173px</dimen>
    <dimen name="dm716">1175px</dimen>
    <dimen name="dm717">1176px</dimen>
    <dimen name="dm718">1178px</dimen>
    <dimen name="dm719">1180px</dimen>
    <dimen name="dm720">1181px</dimen>
    <dimen name="dm721">1183px</dimen>
    <dimen name="dm722">1185px</dimen>
    <dimen name="dm723">1186px</dimen>
    <dimen name="dm724">1188px</dimen>
    <dimen name="dm725">1189px</dimen>
    <dimen name="dm726">1191px</dimen>
    <dimen name="dm727">1193px</dimen>
    <dimen name="dm728">1194px</dimen>
    <dimen name="dm729">1196px</dimen>
    <dimen name="dm730">1198px</dimen>
    <dimen name="dm731">1199px</dimen>
    <dimen name="dm732">1201px</dimen>
    <dimen name="dm733">1203px</dimen>
    <dimen name="dm734">1204px</dimen>
    <dimen name="dm735">1206px</dimen>
    <dimen name="dm736">1208px</dimen>
    <dimen name="dm737">1209px</dimen>
    <dimen name="dm738">1211px</dimen>
    <dimen name="dm739">1212px</dimen>
    <dimen name="dm740">1214px</dimen>
    <dimen name="dm741">1216px</dimen>
    <dimen name="dm742">1217px</dimen>
    <dimen name="dm743">1219px</dimen>
    <dimen name="dm744">1221px</dimen>
    <dimen name="dm745">1222px</dimen>
    <dimen name="dm746">1224px</dimen>
    <dimen name="dm747">1226px</dimen>
    <dimen name="dm748">1227px</dimen>
    <dimen name="dm749">1229px</dimen>
    <dimen name="dm750">1230px</dimen>
    <dimen name="dm751">1232px</dimen>
    <dimen name="dm752">1234px</dimen>
    <dimen name="dm753">1235px</dimen>
    <dimen name="dm754">1237px</dimen>
    <dimen name="dm755">1239px</dimen>
    <dimen name="dm756">1240px</dimen>
    <dimen name="dm757">1242px</dimen>
    <dimen name="dm758">1244px</dimen>
    <dimen name="dm759">1245px</dimen>
    <dimen name="dm760">1247px</dimen>
    <dimen name="dm761">1249px</dimen>
    <dimen name="dm762">1250px</dimen>
    <dimen name="dm763">1252px</dimen>
    <dimen name="dm764">1253px</dimen>
    <dimen name="dm765">1255px</dimen>
    <dimen name="dm766">1257px</dimen>
    <dimen name="dm767">1258px</dimen>
    <dimen name="dm768">1260px</dimen>
    <dimen name="dm769">1262px</dimen>
    <dimen name="dm770">1263px</dimen>
    <dimen name="dm771">1265px</dimen>
    <dimen name="dm772">1267px</dimen>
    <dimen name="dm773">1268px</dimen>
    <dimen name="dm774">1270px</dimen>
    <dimen name="dm775">1271px</dimen>
    <dimen name="dm776">1273px</dimen>
    <dimen name="dm777">1275px</dimen>
    <dimen name="dm778">1276px</dimen>
    <dimen name="dm779">1278px</dimen>
    <dimen name="dm780">1280px</dimen>
    <dimen name="dm781">1281px</dimen>
    <dimen name="dm782">1283px</dimen>
    <dimen name="dm783">1285px</dimen>
    <dimen name="dm784">1286px</dimen>
    <dimen name="dm785">1288px</dimen>
    <dimen name="dm786">1290px</dimen>
    <dimen name="dm787">1291px</dimen>
    <dimen name="dm788">1293px</dimen>
    <dimen name="dm789">1294px</dimen>
    <dimen name="dm790">1296px</dimen>
    <dimen name="dm791">1298px</dimen>
    <dimen name="dm792">1299px</dimen>
    <dimen name="dm793">1301px</dimen>
    <dimen name="dm794">1303px</dimen>
    <dimen name="dm795">1304px</dimen>
    <dimen name="dm796">1306px</dimen>
    <dimen name="dm797">1308px</dimen>
    <dimen name="dm798">1309px</dimen>
    <dimen name="dm799">1311px</dimen>
    <dimen name="dm800">1313px</dimen>
    <dimen name="dm801">1314px</dimen>
    <dimen name="dm802">1316px</dimen>
    <dimen name="dm803">1317px</dimen>
    <dimen name="dm804">1319px</dimen>
    <dimen name="dm805">1321px</dimen>
    <dimen name="dm806">1322px</dimen>
    <dimen name="dm807">1324px</dimen>
    <dimen name="dm808">1326px</dimen>
    <dimen name="dm809">1327px</dimen>
    <dimen name="dm810">1329px</dimen>
    <dimen name="dm811">1331px</dimen>
    <dimen name="dm812">1332px</dimen>
    <dimen name="dm813">1334px</dimen>
    <dimen name="dm814">1335px</dimen>
    <dimen name="dm815">1337px</dimen>
    <dimen name="dm816">1339px</dimen>
    <dimen name="dm817">1340px</dimen>
    <dimen name="dm818">1342px</dimen>
    <dimen name="dm819">1344px</dimen>
    <dimen name="dm820">1345px</dimen>
    <dimen name="dm821">1347px</dimen>
    <dimen name="dm822">1349px</dimen>
    <dimen name="dm823">1350px</dimen>
    <dimen name="dm824">1352px</dimen>
    <dimen name="dm825">1354px</dimen>
    <dimen name="dm826">1355px</dimen>
    <dimen name="dm827">1357px</dimen>
    <dimen name="dm828">1358px</dimen>
    <dimen name="dm829">1360px</dimen>
    <dimen name="dm830">1362px</dimen>
    <dimen name="dm831">1363px</dimen>
    <dimen name="dm832">1365px</dimen>
    <dimen name="dm833">1367px</dimen>
    <dimen name="dm834">1368px</dimen>
    <dimen name="dm835">1370px</dimen>
    <dimen name="dm836">1372px</dimen>
    <dimen name="dm837">1373px</dimen>
    <dimen name="dm838">1375px</dimen>
    <dimen name="dm839">1376px</dimen>
    <dimen name="dm840">1378px</dimen>
    <dimen name="dm841">1380px</dimen>
    <dimen name="dm842">1381px</dimen>
    <dimen name="dm843">1383px</dimen>
    <dimen name="dm844">1385px</dimen>
    <dimen name="dm845">1386px</dimen>
    <dimen name="dm846">1388px</dimen>
    <dimen name="dm847">1390px</dimen>
    <dimen name="dm848">1391px</dimen>
    <dimen name="dm849">1393px</dimen>
    <dimen name="dm850">1395px</dimen>
    <dimen name="dm851">1396px</dimen>
    <dimen name="dm852">1398px</dimen>
    <dimen name="dm853">1399px</dimen>
    <dimen name="dm854">1401px</dimen>
    <dimen name="dm855">1403px</dimen>
    <dimen name="dm856">1404px</dimen>
    <dimen name="dm857">1406px</dimen>
    <dimen name="dm858">1408px</dimen>
    <dimen name="dm859">1409px</dimen>
    <dimen name="dm860">1411px</dimen>
    <dimen name="dm861">1413px</dimen>
    <dimen name="dm862">1414px</dimen>
    <dimen name="dm863">1416px</dimen>
    <dimen name="dm864">1418px</dimen>
    <dimen name="dm865">1419px</dimen>
    <dimen name="dm866">1421px</dimen>
    <dimen name="dm867">1422px</dimen>
    <dimen name="dm868">1424px</dimen>
    <dimen name="dm869">1426px</dimen>
    <dimen name="dm870">1427px</dimen>
    <dimen name="dm871">1429px</dimen>
    <dimen name="dm872">1431px</dimen>
    <dimen name="dm873">1432px</dimen>
    <dimen name="dm874">1434px</dimen>
    <dimen name="dm875">1436px</dimen>
    <dimen name="dm876">1437px</dimen>
    <dimen name="dm877">1439px</dimen>
    <dimen name="dm878">1440px</dimen>
    <dimen name="dm879">1442px</dimen>
    <dimen name="dm880">1444px</dimen>
    <dimen name="dm881">1445px</dimen>
    <dimen name="dm882">1447px</dimen>
    <dimen name="dm883">1449px</dimen>
    <dimen name="dm884">1450px</dimen>
    <dimen name="dm885">1452px</dimen>
    <dimen name="dm886">1454px</dimen>
    <dimen name="dm887">1455px</dimen>
    <dimen name="dm888">1457px</dimen>
    <dimen name="dm889">1459px</dimen>
    <dimen name="dm890">1460px</dimen>
    <dimen name="dm891">1462px</dimen>
    <dimen name="dm892">1463px</dimen>
    <dimen name="dm893">1465px</dimen>
    <dimen name="dm894">1467px</dimen>
    <dimen name="dm895">1468px</dimen>
    <dimen name="dm896">1470px</dimen>
    <dimen name="dm897">1472px</dimen>
    <dimen name="dm898">1473px</dimen>
    <dimen name="dm899">1475px</dimen>
    <dimen name="dm900">1477px</dimen>
    <dimen name="dm901">1478px</dimen>
    <dimen name="dm902">1480px</dimen>
    <dimen name="dm903">1481px</dimen>
    <dimen name="dm904">1483px</dimen>
    <dimen name="dm905">1485px</dimen>
    <dimen name="dm906">1486px</dimen>
    <dimen name="dm907">1488px</dimen>
    <dimen name="dm908">1490px</dimen>
    <dimen name="dm909">1491px</dimen>
    <dimen name="dm910">1493px</dimen>
    <dimen name="dm911">1495px</dimen>
    <dimen name="dm912">1496px</dimen>
    <dimen name="dm913">1498px</dimen>
    <dimen name="dm914">1500px</dimen>
    <dimen name="dm915">1501px</dimen>
    <dimen name="dm916">1503px</dimen>
    <dimen name="dm917">1504px</dimen>
    <dimen name="dm918">1506px</dimen>
    <dimen name="dm919">1508px</dimen>
    <dimen name="dm920">1509px</dimen>
    <dimen name="dm921">1511px</dimen>
    <dimen name="dm922">1513px</dimen>
    <dimen name="dm923">1514px</dimen>
    <dimen name="dm924">1516px</dimen>
    <dimen name="dm925">1518px</dimen>
    <dimen name="dm926">1519px</dimen>
    <dimen name="dm927">1521px</dimen>
    <dimen name="dm928">1523px</dimen>
    <dimen name="dm929">1524px</dimen>
    <dimen name="dm930">1526px</dimen>
    <dimen name="dm931">1527px</dimen>
    <dimen name="dm932">1529px</dimen>
    <dimen name="dm933">1531px</dimen>
    <dimen name="dm934">1532px</dimen>
    <dimen name="dm935">1534px</dimen>
    <dimen name="dm936">1536px</dimen>
    <dimen name="dm937">1537px</dimen>
    <dimen name="dm938">1539px</dimen>
    <dimen name="dm939">1541px</dimen>
    <dimen name="dm940">1542px</dimen>
    <dimen name="dm941">1544px</dimen>
    <dimen name="dm942">1545px</dimen>
    <dimen name="dm943">1547px</dimen>
    <dimen name="dm944">1549px</dimen>
    <dimen name="dm945">1550px</dimen>
    <dimen name="dm946">1552px</dimen>
    <dimen name="dm947">1554px</dimen>
    <dimen name="dm948">1555px</dimen>
    <dimen name="dm949">1557px</dimen>
    <dimen name="dm950">1559px</dimen>
    <dimen name="dm951">1560px</dimen>
    <dimen name="dm952">1562px</dimen>
    <dimen name="dm953">1564px</dimen>
    <dimen name="dm954">1565px</dimen>
    <dimen name="dm955">1567px</dimen>
    <dimen name="dm956">1568px</dimen>
    <dimen name="dm957">1570px</dimen>
    <dimen name="dm958">1572px</dimen>
    <dimen name="dm959">1573px</dimen>
    <dimen name="dm960">1575px</dimen>
    <dimen name="dm961">1577px</dimen>
    <dimen name="dm962">1578px</dimen>
    <dimen name="dm963">1580px</dimen>
    <dimen name="dm964">1582px</dimen>
    <dimen name="dm965">1583px</dimen>
    <dimen name="dm966">1585px</dimen>
    <dimen name="dm967">1586px</dimen>
    <dimen name="dm968">1588px</dimen>
    <dimen name="dm969">1590px</dimen>
    <dimen name="dm970">1591px</dimen>
    <dimen name="dm971">1593px</dimen>
    <dimen name="dm972">1595px</dimen>
    <dimen name="dm973">1596px</dimen>
    <dimen name="dm974">1598px</dimen>
    <dimen name="dm975">1600px</dimen>
    <dimen name="dm976">1601px</dimen>
    <dimen name="dm977">1603px</dimen>
    <dimen name="dm978">1605px</dimen>
    <dimen name="dm979">1606px</dimen>
    <dimen name="dm980">1608px</dimen>
    <dimen name="dm981">1609px</dimen>
    <dimen name="dm982">1611px</dimen>
    <dimen name="dm983">1613px</dimen>
    <dimen name="dm984">1614px</dimen>
    <dimen name="dm985">1616px</dimen>
    <dimen name="dm986">1618px</dimen>
    <dimen name="dm987">1619px</dimen>
    <dimen name="dm988">1621px</dimen>
    <dimen name="dm989">1623px</dimen>
    <dimen name="dm990">1624px</dimen>
    <dimen name="dm991">1626px</dimen>
    <dimen name="dm992">1628px</dimen>
    <dimen name="dm993">1629px</dimen>
    <dimen name="dm994">1631px</dimen>
    <dimen name="dm995">1632px</dimen>
    <dimen name="dm996">1634px</dimen>
    <dimen name="dm997">1636px</dimen>
    <dimen name="dm998">1637px</dimen>
    <dimen name="dm999">1639px</dimen>

</resources>