<resources>

    <dimen name="dm_200">-266px</dimen>
    <dimen name="dm_199">-265px</dimen>
    <dimen name="dm_198">-263px</dimen>
    <dimen name="dm_197">-262px</dimen>
    <dimen name="dm_196">-261px</dimen>
    <dimen name="dm_195">-259px</dimen>
    <dimen name="dm_194">-258px</dimen>
    <dimen name="dm_193">-257px</dimen>
    <dimen name="dm_192">-255px</dimen>
    <dimen name="dm_191">-254px</dimen>
    <dimen name="dm_190">-253px</dimen>
    <dimen name="dm_189">-251px</dimen>
    <dimen name="dm_188">-250px</dimen>
    <dimen name="dm_187">-249px</dimen>
    <dimen name="dm_186">-247px</dimen>
    <dimen name="dm_185">-246px</dimen>
    <dimen name="dm_184">-245px</dimen>
    <dimen name="dm_183">-243px</dimen>
    <dimen name="dm_182">-242px</dimen>
    <dimen name="dm_181">-241px</dimen>
    <dimen name="dm_180">-239px</dimen>
    <dimen name="dm_179">-238px</dimen>
    <dimen name="dm_178">-237px</dimen>
    <dimen name="dm_177">-235px</dimen>
    <dimen name="dm_176">-234px</dimen>
    <dimen name="dm_175">-233px</dimen>
    <dimen name="dm_174">-231px</dimen>
    <dimen name="dm_173">-230px</dimen>
    <dimen name="dm_172">-229px</dimen>
    <dimen name="dm_171">-227px</dimen>
    <dimen name="dm_170">-226px</dimen>
    <dimen name="dm_169">-225px</dimen>
    <dimen name="dm_168">-223px</dimen>
    <dimen name="dm_167">-222px</dimen>
    <dimen name="dm_166">-221px</dimen>
    <dimen name="dm_165">-219px</dimen>
    <dimen name="dm_164">-218px</dimen>
    <dimen name="dm_163">-217px</dimen>
    <dimen name="dm_162">-215px</dimen>
    <dimen name="dm_161">-214px</dimen>
    <dimen name="dm_160">-213px</dimen>
    <dimen name="dm_159">-211px</dimen>
    <dimen name="dm_158">-210px</dimen>
    <dimen name="dm_157">-208px</dimen>
    <dimen name="dm_156">-207px</dimen>
    <dimen name="dm_155">-206px</dimen>
    <dimen name="dm_154">-204px</dimen>
    <dimen name="dm_153">-203px</dimen>
    <dimen name="dm_152">-202px</dimen>
    <dimen name="dm_151">-200px</dimen>
    <dimen name="dm_150">-199px</dimen>
    <dimen name="dm_149">-198px</dimen>
    <dimen name="dm_148">-196px</dimen>
    <dimen name="dm_147">-195px</dimen>
    <dimen name="dm_146">-194px</dimen>
    <dimen name="dm_145">-192px</dimen>
    <dimen name="dm_144">-191px</dimen>
    <dimen name="dm_143">-190px</dimen>
    <dimen name="dm_142">-188px</dimen>
    <dimen name="dm_141">-187px</dimen>
    <dimen name="dm_140">-186px</dimen>
    <dimen name="dm_139">-184px</dimen>
    <dimen name="dm_138">-183px</dimen>
    <dimen name="dm_137">-182px</dimen>
    <dimen name="dm_136">-180px</dimen>
    <dimen name="dm_135">-179px</dimen>
    <dimen name="dm_134">-178px</dimen>
    <dimen name="dm_133">-176px</dimen>
    <dimen name="dm_132">-175px</dimen>
    <dimen name="dm_131">-174px</dimen>
    <dimen name="dm_130">-172px</dimen>
    <dimen name="dm_129">-171px</dimen>
    <dimen name="dm_128">-170px</dimen>
    <dimen name="dm_127">-168px</dimen>
    <dimen name="dm_126">-167px</dimen>
    <dimen name="dm_125">-166px</dimen>
    <dimen name="dm_124">-164px</dimen>
    <dimen name="dm_123">-163px</dimen>
    <dimen name="dm_122">-162px</dimen>
    <dimen name="dm_121">-160px</dimen>
    <dimen name="dm_120">-159px</dimen>
    <dimen name="dm_119">-158px</dimen>
    <dimen name="dm_118">-156px</dimen>
    <dimen name="dm_117">-155px</dimen>
    <dimen name="dm_116">-154px</dimen>
    <dimen name="dm_115">-152px</dimen>
    <dimen name="dm_114">-151px</dimen>
    <dimen name="dm_113">-150px</dimen>
    <dimen name="dm_112">-148px</dimen>
    <dimen name="dm_111">-147px</dimen>
    <dimen name="dm_110">-146px</dimen>
    <dimen name="dm_109">-144px</dimen>
    <dimen name="dm_108">-143px</dimen>
    <dimen name="dm_107">-142px</dimen>
    <dimen name="dm_106">-140px</dimen>
    <dimen name="dm_105">-139px</dimen>
    <dimen name="dm_104">-138px</dimen>
    <dimen name="dm_103">-136px</dimen>
    <dimen name="dm_102">-135px</dimen>
    <dimen name="dm_101">-134px</dimen>
    <dimen name="dm_100">-132px</dimen>
    <dimen name="dm_099">-131px</dimen>
    <dimen name="dm_098">-130px</dimen>
    <dimen name="dm_097">-128px</dimen>
    <dimen name="dm_096">-127px</dimen>
    <dimen name="dm_095">-126px</dimen>
    <dimen name="dm_094">-124px</dimen>
    <dimen name="dm_093">-123px</dimen>
    <dimen name="dm_092">-122px</dimen>
    <dimen name="dm_091">-120px</dimen>
    <dimen name="dm_090">-119px</dimen>
    <dimen name="dm_089">-118px</dimen>
    <dimen name="dm_088">-116px</dimen>
    <dimen name="dm_087">-115px</dimen>
    <dimen name="dm_086">-114px</dimen>
    <dimen name="dm_085">-112px</dimen>
    <dimen name="dm_084">-111px</dimen>
    <dimen name="dm_083">-110px</dimen>
    <dimen name="dm_082">-108px</dimen>
    <dimen name="dm_081">-107px</dimen>
    <dimen name="dm_080">-106px</dimen>
    <dimen name="dm_079">-104px</dimen>
    <dimen name="dm_078">-103px</dimen>
    <dimen name="dm_077">-102px</dimen>
    <dimen name="dm_076">-100px</dimen>
    <dimen name="dm_075">-99px</dimen>
    <dimen name="dm_074">-98px</dimen>
    <dimen name="dm_073">-96px</dimen>
    <dimen name="dm_072">-95px</dimen>
    <dimen name="dm_071">-94px</dimen>
    <dimen name="dm_070">-92px</dimen>
    <dimen name="dm_069">-91px</dimen>
    <dimen name="dm_068">-90px</dimen>
    <dimen name="dm_067">-88px</dimen>
    <dimen name="dm_066">-87px</dimen>
    <dimen name="dm_065">-86px</dimen>
    <dimen name="dm_064">-84px</dimen>
    <dimen name="dm_063">-83px</dimen>
    <dimen name="dm_062">-82px</dimen>
    <dimen name="dm_061">-80px</dimen>
    <dimen name="dm_060">-79px</dimen>
    <dimen name="dm_059">-78px</dimen>
    <dimen name="dm_058">-76px</dimen>
    <dimen name="dm_057">-75px</dimen>
    <dimen name="dm_056">-74px</dimen>
    <dimen name="dm_055">-72px</dimen>
    <dimen name="dm_054">-71px</dimen>
    <dimen name="dm_053">-70px</dimen>
    <dimen name="dm_052">-68px</dimen>
    <dimen name="dm_051">-67px</dimen>
    <dimen name="dm_050">-66px</dimen>
    <dimen name="dm_049">-64px</dimen>
    <dimen name="dm_048">-63px</dimen>
    <dimen name="dm_047">-62px</dimen>
    <dimen name="dm_046">-60px</dimen>
    <dimen name="dm_045">-59px</dimen>
    <dimen name="dm_044">-58px</dimen>
    <dimen name="dm_043">-56px</dimen>
    <dimen name="dm_042">-55px</dimen>
    <dimen name="dm_041">-54px</dimen>
    <dimen name="dm_040">-52px</dimen>
    <dimen name="dm_039">-51px</dimen>
    <dimen name="dm_038">-50px</dimen>
    <dimen name="dm_037">-48px</dimen>
    <dimen name="dm_036">-47px</dimen>
    <dimen name="dm_035">-46px</dimen>
    <dimen name="dm_034">-44px</dimen>
    <dimen name="dm_033">-43px</dimen>
    <dimen name="dm_032">-42px</dimen>
    <dimen name="dm_031">-40px</dimen>
    <dimen name="dm_030">-39px</dimen>
    <dimen name="dm_029">-38px</dimen>
    <dimen name="dm_028">-36px</dimen>
    <dimen name="dm_027">-35px</dimen>
    <dimen name="dm_026">-34px</dimen>
    <dimen name="dm_025">-32px</dimen>
    <dimen name="dm_024">-31px</dimen>
    <dimen name="dm_023">-30px</dimen>
    <dimen name="dm_022">-28px</dimen>
    <dimen name="dm_021">-27px</dimen>
    <dimen name="dm_020">-26px</dimen>
    <dimen name="dm_019">-24px</dimen>
    <dimen name="dm_018">-23px</dimen>
    <dimen name="dm_017">-22px</dimen>
    <dimen name="dm_016">-20px</dimen>
    <dimen name="dm_015">-19px</dimen>
    <dimen name="dm_014">-18px</dimen>
    <dimen name="dm_013">-16px</dimen>
    <dimen name="dm_012">-15px</dimen>
    <dimen name="dm_011">-14px</dimen>
    <dimen name="dm_010">-12px</dimen>
    <dimen name="dm_009">-11px</dimen>
    <dimen name="dm_008">-10px</dimen>
    <dimen name="dm_007">-8px</dimen>
    <dimen name="dm_006">-7px</dimen>
    <dimen name="dm_005">-6px</dimen>
    <dimen name="dm_004">-4px</dimen>
    <dimen name="dm_003">-3px</dimen>
    <dimen name="dm_002">-2px</dimen>
    <dimen name="dm_001">-1px</dimen>
    <dimen name="dm000">0px</dimen>
    <dimen name="dm001">1px</dimen>
    <dimen name="dm002">3px</dimen>
    <dimen name="dm003">4px</dimen>
    <dimen name="dm004">5px</dimen>
    <dimen name="dm005">7px</dimen>
    <dimen name="dm006">8px</dimen>
    <dimen name="dm007">9px</dimen>
    <dimen name="dm008">11px</dimen>
    <dimen name="dm009">12px</dimen>
    <dimen name="dm010">13px</dimen>
    <dimen name="dm011">15px</dimen>
    <dimen name="dm012">16px</dimen>
    <dimen name="dm013">17px</dimen>
    <dimen name="dm014">19px</dimen>
    <dimen name="dm015">20px</dimen>
    <dimen name="dm016">21px</dimen>
    <dimen name="dm017">23px</dimen>
    <dimen name="dm018">24px</dimen>
    <dimen name="dm019">25px</dimen>
    <dimen name="dm020">27px</dimen>
    <dimen name="dm021">28px</dimen>
    <dimen name="dm022">29px</dimen>
    <dimen name="dm023">31px</dimen>
    <dimen name="dm024">32px</dimen>
    <dimen name="dm025">33px</dimen>
    <dimen name="dm026">35px</dimen>
    <dimen name="dm027">36px</dimen>
    <dimen name="dm028">37px</dimen>
    <dimen name="dm029">39px</dimen>
    <dimen name="dm030">40px</dimen>
    <dimen name="dm031">41px</dimen>
    <dimen name="dm032">43px</dimen>
    <dimen name="dm033">44px</dimen>
    <dimen name="dm034">45px</dimen>
    <dimen name="dm035">47px</dimen>
    <dimen name="dm036">48px</dimen>
    <dimen name="dm037">49px</dimen>
    <dimen name="dm038">51px</dimen>
    <dimen name="dm039">52px</dimen>
    <dimen name="dm040">53px</dimen>
    <dimen name="dm041">55px</dimen>
    <dimen name="dm042">56px</dimen>
    <dimen name="dm043">57px</dimen>
    <dimen name="dm044">59px</dimen>
    <dimen name="dm045">60px</dimen>
    <dimen name="dm046">61px</dimen>
    <dimen name="dm047">63px</dimen>
    <dimen name="dm048">64px</dimen>
    <dimen name="dm049">65px</dimen>
    <dimen name="dm050">67px</dimen>
    <dimen name="dm051">68px</dimen>
    <dimen name="dm052">69px</dimen>
    <dimen name="dm053">71px</dimen>
    <dimen name="dm054">72px</dimen>
    <dimen name="dm055">73px</dimen>
    <dimen name="dm056">75px</dimen>
    <dimen name="dm057">76px</dimen>
    <dimen name="dm058">77px</dimen>
    <dimen name="dm059">79px</dimen>
    <dimen name="dm060">80px</dimen>
    <dimen name="dm061">81px</dimen>
    <dimen name="dm062">83px</dimen>
    <dimen name="dm063">84px</dimen>
    <dimen name="dm064">85px</dimen>
    <dimen name="dm065">87px</dimen>
    <dimen name="dm066">88px</dimen>
    <dimen name="dm067">89px</dimen>
    <dimen name="dm068">91px</dimen>
    <dimen name="dm069">92px</dimen>
    <dimen name="dm070">93px</dimen>
    <dimen name="dm071">95px</dimen>
    <dimen name="dm072">96px</dimen>
    <dimen name="dm073">97px</dimen>
    <dimen name="dm074">99px</dimen>
    <dimen name="dm075">100px</dimen>
    <dimen name="dm076">101px</dimen>
    <dimen name="dm077">103px</dimen>
    <dimen name="dm078">104px</dimen>
    <dimen name="dm079">105px</dimen>
    <dimen name="dm080">107px</dimen>
    <dimen name="dm081">108px</dimen>
    <dimen name="dm082">109px</dimen>
    <dimen name="dm083">111px</dimen>
    <dimen name="dm084">112px</dimen>
    <dimen name="dm085">113px</dimen>
    <dimen name="dm086">115px</dimen>
    <dimen name="dm087">116px</dimen>
    <dimen name="dm088">117px</dimen>
    <dimen name="dm089">119px</dimen>
    <dimen name="dm090">120px</dimen>
    <dimen name="dm091">121px</dimen>
    <dimen name="dm092">123px</dimen>
    <dimen name="dm093">124px</dimen>
    <dimen name="dm094">125px</dimen>
    <dimen name="dm095">127px</dimen>
    <dimen name="dm096">128px</dimen>
    <dimen name="dm097">129px</dimen>
    <dimen name="dm098">131px</dimen>
    <dimen name="dm099">132px</dimen>
    <dimen name="dm100">133px</dimen>
    <dimen name="dm101">135px</dimen>
    <dimen name="dm102">136px</dimen>
    <dimen name="dm103">137px</dimen>
    <dimen name="dm104">139px</dimen>
    <dimen name="dm105">140px</dimen>
    <dimen name="dm106">141px</dimen>
    <dimen name="dm107">143px</dimen>
    <dimen name="dm108">144px</dimen>
    <dimen name="dm109">145px</dimen>
    <dimen name="dm110">147px</dimen>
    <dimen name="dm111">148px</dimen>
    <dimen name="dm112">149px</dimen>
    <dimen name="dm113">151px</dimen>
    <dimen name="dm114">152px</dimen>
    <dimen name="dm115">153px</dimen>
    <dimen name="dm116">155px</dimen>
    <dimen name="dm117">156px</dimen>
    <dimen name="dm118">157px</dimen>
    <dimen name="dm119">159px</dimen>
    <dimen name="dm120">160px</dimen>
    <dimen name="dm121">161px</dimen>
    <dimen name="dm122">163px</dimen>
    <dimen name="dm123">164px</dimen>
    <dimen name="dm124">165px</dimen>
    <dimen name="dm125">167px</dimen>
    <dimen name="dm126">168px</dimen>
    <dimen name="dm127">169px</dimen>
    <dimen name="dm128">171px</dimen>
    <dimen name="dm129">172px</dimen>
    <dimen name="dm130">173px</dimen>
    <dimen name="dm131">175px</dimen>
    <dimen name="dm132">176px</dimen>
    <dimen name="dm133">177px</dimen>
    <dimen name="dm134">179px</dimen>
    <dimen name="dm135">180px</dimen>
    <dimen name="dm136">181px</dimen>
    <dimen name="dm137">183px</dimen>
    <dimen name="dm138">184px</dimen>
    <dimen name="dm139">185px</dimen>
    <dimen name="dm140">187px</dimen>
    <dimen name="dm141">188px</dimen>
    <dimen name="dm142">189px</dimen>
    <dimen name="dm143">191px</dimen>
    <dimen name="dm144">192px</dimen>
    <dimen name="dm145">193px</dimen>
    <dimen name="dm146">195px</dimen>
    <dimen name="dm147">196px</dimen>
    <dimen name="dm148">197px</dimen>
    <dimen name="dm149">199px</dimen>
    <dimen name="dm150">200px</dimen>
    <dimen name="dm151">201px</dimen>
    <dimen name="dm152">203px</dimen>
    <dimen name="dm153">204px</dimen>
    <dimen name="dm154">205px</dimen>
    <dimen name="dm155">207px</dimen>
    <dimen name="dm156">208px</dimen>
    <dimen name="dm157">209px</dimen>
    <dimen name="dm158">211px</dimen>
    <dimen name="dm159">212px</dimen>
    <dimen name="dm160">214px</dimen>
    <dimen name="dm161">215px</dimen>
    <dimen name="dm162">216px</dimen>
    <dimen name="dm163">218px</dimen>
    <dimen name="dm164">219px</dimen>
    <dimen name="dm165">220px</dimen>
    <dimen name="dm166">222px</dimen>
    <dimen name="dm167">223px</dimen>
    <dimen name="dm168">224px</dimen>
    <dimen name="dm169">226px</dimen>
    <dimen name="dm170">227px</dimen>
    <dimen name="dm171">228px</dimen>
    <dimen name="dm172">230px</dimen>
    <dimen name="dm173">231px</dimen>
    <dimen name="dm174">232px</dimen>
    <dimen name="dm175">234px</dimen>
    <dimen name="dm176">235px</dimen>
    <dimen name="dm177">236px</dimen>
    <dimen name="dm178">238px</dimen>
    <dimen name="dm179">239px</dimen>
    <dimen name="dm180">240px</dimen>
    <dimen name="dm181">242px</dimen>
    <dimen name="dm182">243px</dimen>
    <dimen name="dm183">244px</dimen>
    <dimen name="dm184">246px</dimen>
    <dimen name="dm185">247px</dimen>
    <dimen name="dm186">248px</dimen>
    <dimen name="dm187">250px</dimen>
    <dimen name="dm188">251px</dimen>
    <dimen name="dm189">252px</dimen>
    <dimen name="dm190">254px</dimen>
    <dimen name="dm191">255px</dimen>
    <dimen name="dm192">256px</dimen>
    <dimen name="dm193">258px</dimen>
    <dimen name="dm194">259px</dimen>
    <dimen name="dm195">260px</dimen>
    <dimen name="dm196">262px</dimen>
    <dimen name="dm197">263px</dimen>
    <dimen name="dm198">264px</dimen>
    <dimen name="dm199">266px</dimen>
    <dimen name="dm200">267px</dimen>
    <dimen name="dm201">268px</dimen>
    <dimen name="dm202">270px</dimen>
    <dimen name="dm203">271px</dimen>
    <dimen name="dm204">272px</dimen>
    <dimen name="dm205">274px</dimen>
    <dimen name="dm206">275px</dimen>
    <dimen name="dm207">276px</dimen>
    <dimen name="dm208">278px</dimen>
    <dimen name="dm209">279px</dimen>
    <dimen name="dm210">280px</dimen>
    <dimen name="dm211">282px</dimen>
    <dimen name="dm212">283px</dimen>
    <dimen name="dm213">284px</dimen>
    <dimen name="dm214">286px</dimen>
    <dimen name="dm215">287px</dimen>
    <dimen name="dm216">288px</dimen>
    <dimen name="dm217">290px</dimen>
    <dimen name="dm218">291px</dimen>
    <dimen name="dm219">292px</dimen>
    <dimen name="dm220">294px</dimen>
    <dimen name="dm221">295px</dimen>
    <dimen name="dm222">296px</dimen>
    <dimen name="dm223">298px</dimen>
    <dimen name="dm224">299px</dimen>
    <dimen name="dm225">300px</dimen>
    <dimen name="dm226">302px</dimen>
    <dimen name="dm227">303px</dimen>
    <dimen name="dm228">304px</dimen>
    <dimen name="dm229">306px</dimen>
    <dimen name="dm230">307px</dimen>
    <dimen name="dm231">308px</dimen>
    <dimen name="dm232">310px</dimen>
    <dimen name="dm233">311px</dimen>
    <dimen name="dm234">312px</dimen>
    <dimen name="dm235">314px</dimen>
    <dimen name="dm236">315px</dimen>
    <dimen name="dm237">316px</dimen>
    <dimen name="dm238">318px</dimen>
    <dimen name="dm239">319px</dimen>
    <dimen name="dm240">320px</dimen>
    <dimen name="dm241">322px</dimen>
    <dimen name="dm242">323px</dimen>
    <dimen name="dm243">324px</dimen>
    <dimen name="dm244">326px</dimen>
    <dimen name="dm245">327px</dimen>
    <dimen name="dm246">328px</dimen>
    <dimen name="dm247">330px</dimen>
    <dimen name="dm248">331px</dimen>
    <dimen name="dm249">332px</dimen>
    <dimen name="dm250">334px</dimen>
    <dimen name="dm251">335px</dimen>
    <dimen name="dm252">336px</dimen>
    <dimen name="dm253">338px</dimen>
    <dimen name="dm254">339px</dimen>
    <dimen name="dm255">340px</dimen>
    <dimen name="dm256">342px</dimen>
    <dimen name="dm257">343px</dimen>
    <dimen name="dm258">344px</dimen>
    <dimen name="dm259">346px</dimen>
    <dimen name="dm260">347px</dimen>
    <dimen name="dm261">348px</dimen>
    <dimen name="dm262">350px</dimen>
    <dimen name="dm263">351px</dimen>
    <dimen name="dm264">352px</dimen>
    <dimen name="dm265">354px</dimen>
    <dimen name="dm266">355px</dimen>
    <dimen name="dm267">356px</dimen>
    <dimen name="dm268">358px</dimen>
    <dimen name="dm269">359px</dimen>
    <dimen name="dm270">360px</dimen>
    <dimen name="dm271">362px</dimen>
    <dimen name="dm272">363px</dimen>
    <dimen name="dm273">364px</dimen>
    <dimen name="dm274">366px</dimen>
    <dimen name="dm275">367px</dimen>
    <dimen name="dm276">368px</dimen>
    <dimen name="dm277">370px</dimen>
    <dimen name="dm278">371px</dimen>
    <dimen name="dm279">372px</dimen>
    <dimen name="dm280">374px</dimen>
    <dimen name="dm281">375px</dimen>
    <dimen name="dm282">376px</dimen>
    <dimen name="dm283">378px</dimen>
    <dimen name="dm284">379px</dimen>
    <dimen name="dm285">380px</dimen>
    <dimen name="dm286">382px</dimen>
    <dimen name="dm287">383px</dimen>
    <dimen name="dm288">384px</dimen>
    <dimen name="dm289">386px</dimen>
    <dimen name="dm290">387px</dimen>
    <dimen name="dm291">388px</dimen>
    <dimen name="dm292">390px</dimen>
    <dimen name="dm293">391px</dimen>
    <dimen name="dm294">392px</dimen>
    <dimen name="dm295">394px</dimen>
    <dimen name="dm296">395px</dimen>
    <dimen name="dm297">396px</dimen>
    <dimen name="dm298">398px</dimen>
    <dimen name="dm299">399px</dimen>
    <dimen name="dm300">400px</dimen>
    <dimen name="dm301">402px</dimen>
    <dimen name="dm302">403px</dimen>
    <dimen name="dm303">404px</dimen>
    <dimen name="dm304">406px</dimen>
    <dimen name="dm305">407px</dimen>
    <dimen name="dm306">408px</dimen>
    <dimen name="dm307">410px</dimen>
    <dimen name="dm308">411px</dimen>
    <dimen name="dm309">412px</dimen>
    <dimen name="dm310">414px</dimen>
    <dimen name="dm311">415px</dimen>
    <dimen name="dm312">416px</dimen>
    <dimen name="dm313">418px</dimen>
    <dimen name="dm314">419px</dimen>
    <dimen name="dm315">420px</dimen>
    <dimen name="dm316">422px</dimen>
    <dimen name="dm317">423px</dimen>
    <dimen name="dm318">424px</dimen>
    <dimen name="dm319">426px</dimen>
    <dimen name="dm320">427px</dimen>
    <dimen name="dm321">428px</dimen>
    <dimen name="dm322">430px</dimen>
    <dimen name="dm323">431px</dimen>
    <dimen name="dm324">432px</dimen>
    <dimen name="dm325">434px</dimen>
    <dimen name="dm326">435px</dimen>
    <dimen name="dm327">436px</dimen>
    <dimen name="dm328">438px</dimen>
    <dimen name="dm329">439px</dimen>
    <dimen name="dm330">440px</dimen>
    <dimen name="dm331">442px</dimen>
    <dimen name="dm332">443px</dimen>
    <dimen name="dm333">444px</dimen>
    <dimen name="dm334">446px</dimen>
    <dimen name="dm335">447px</dimen>
    <dimen name="dm336">448px</dimen>
    <dimen name="dm337">450px</dimen>
    <dimen name="dm338">451px</dimen>
    <dimen name="dm339">452px</dimen>
    <dimen name="dm340">454px</dimen>
    <dimen name="dm341">455px</dimen>
    <dimen name="dm342">456px</dimen>
    <dimen name="dm343">458px</dimen>
    <dimen name="dm344">459px</dimen>
    <dimen name="dm345">460px</dimen>
    <dimen name="dm346">462px</dimen>
    <dimen name="dm347">463px</dimen>
    <dimen name="dm348">464px</dimen>
    <dimen name="dm349">466px</dimen>
    <dimen name="dm350">467px</dimen>
    <dimen name="dm351">468px</dimen>
    <dimen name="dm352">470px</dimen>
    <dimen name="dm353">471px</dimen>
    <dimen name="dm354">472px</dimen>
    <dimen name="dm355">474px</dimen>
    <dimen name="dm356">475px</dimen>
    <dimen name="dm357">476px</dimen>
    <dimen name="dm358">478px</dimen>
    <dimen name="dm359">479px</dimen>
    <dimen name="dm360">480px</dimen>
    <dimen name="dm361">482px</dimen>
    <dimen name="dm362">483px</dimen>
    <dimen name="dm363">484px</dimen>
    <dimen name="dm364">486px</dimen>
    <dimen name="dm365">487px</dimen>
    <dimen name="dm366">488px</dimen>
    <dimen name="dm367">490px</dimen>
    <dimen name="dm368">491px</dimen>
    <dimen name="dm369">492px</dimen>
    <dimen name="dm370">494px</dimen>
    <dimen name="dm371">495px</dimen>
    <dimen name="dm372">496px</dimen>
    <dimen name="dm373">498px</dimen>
    <dimen name="dm374">499px</dimen>
    <dimen name="dm375">500px</dimen>
    <dimen name="dm376">502px</dimen>
    <dimen name="dm377">503px</dimen>
    <dimen name="dm378">504px</dimen>
    <dimen name="dm379">506px</dimen>
    <dimen name="dm380">507px</dimen>
    <dimen name="dm381">508px</dimen>
    <dimen name="dm382">510px</dimen>
    <dimen name="dm383">511px</dimen>
    <dimen name="dm384">512px</dimen>
    <dimen name="dm385">514px</dimen>
    <dimen name="dm386">515px</dimen>
    <dimen name="dm387">516px</dimen>
    <dimen name="dm388">518px</dimen>
    <dimen name="dm389">519px</dimen>
    <dimen name="dm390">520px</dimen>
    <dimen name="dm391">522px</dimen>
    <dimen name="dm392">523px</dimen>
    <dimen name="dm393">524px</dimen>
    <dimen name="dm394">526px</dimen>
    <dimen name="dm395">527px</dimen>
    <dimen name="dm396">528px</dimen>
    <dimen name="dm397">530px</dimen>
    <dimen name="dm398">531px</dimen>
    <dimen name="dm399">532px</dimen>
    <dimen name="dm400">534px</dimen>
    <dimen name="dm401">535px</dimen>
    <dimen name="dm402">536px</dimen>
    <dimen name="dm403">538px</dimen>
    <dimen name="dm404">539px</dimen>
    <dimen name="dm405">540px</dimen>
    <dimen name="dm406">542px</dimen>
    <dimen name="dm407">543px</dimen>
    <dimen name="dm408">544px</dimen>
    <dimen name="dm409">546px</dimen>
    <dimen name="dm410">547px</dimen>
    <dimen name="dm411">548px</dimen>
    <dimen name="dm412">550px</dimen>
    <dimen name="dm413">551px</dimen>
    <dimen name="dm414">552px</dimen>
    <dimen name="dm415">554px</dimen>
    <dimen name="dm416">555px</dimen>
    <dimen name="dm417">556px</dimen>
    <dimen name="dm418">558px</dimen>
    <dimen name="dm419">559px</dimen>
    <dimen name="dm420">560px</dimen>
    <dimen name="dm421">562px</dimen>
    <dimen name="dm422">563px</dimen>
    <dimen name="dm423">564px</dimen>
    <dimen name="dm424">566px</dimen>
    <dimen name="dm425">567px</dimen>
    <dimen name="dm426">568px</dimen>
    <dimen name="dm427">570px</dimen>
    <dimen name="dm428">571px</dimen>
    <dimen name="dm429">572px</dimen>
    <dimen name="dm430">574px</dimen>
    <dimen name="dm431">575px</dimen>
    <dimen name="dm432">576px</dimen>
    <dimen name="dm433">578px</dimen>
    <dimen name="dm434">579px</dimen>
    <dimen name="dm435">580px</dimen>
    <dimen name="dm436">582px</dimen>
    <dimen name="dm437">583px</dimen>
    <dimen name="dm438">584px</dimen>
    <dimen name="dm439">586px</dimen>
    <dimen name="dm440">587px</dimen>
    <dimen name="dm441">588px</dimen>
    <dimen name="dm442">590px</dimen>
    <dimen name="dm443">591px</dimen>
    <dimen name="dm444">592px</dimen>
    <dimen name="dm445">594px</dimen>
    <dimen name="dm446">595px</dimen>
    <dimen name="dm447">596px</dimen>
    <dimen name="dm448">598px</dimen>
    <dimen name="dm449">599px</dimen>
    <dimen name="dm450">600px</dimen>
    <dimen name="dm451">602px</dimen>
    <dimen name="dm452">603px</dimen>
    <dimen name="dm453">604px</dimen>
    <dimen name="dm454">606px</dimen>
    <dimen name="dm455">607px</dimen>
    <dimen name="dm456">608px</dimen>
    <dimen name="dm457">610px</dimen>
    <dimen name="dm458">611px</dimen>
    <dimen name="dm459">612px</dimen>
    <dimen name="dm460">614px</dimen>
    <dimen name="dm461">615px</dimen>
    <dimen name="dm462">616px</dimen>
    <dimen name="dm463">618px</dimen>
    <dimen name="dm464">619px</dimen>
    <dimen name="dm465">620px</dimen>
    <dimen name="dm466">622px</dimen>
    <dimen name="dm467">623px</dimen>
    <dimen name="dm468">624px</dimen>
    <dimen name="dm469">626px</dimen>
    <dimen name="dm470">627px</dimen>
    <dimen name="dm471">628px</dimen>
    <dimen name="dm472">630px</dimen>
    <dimen name="dm473">631px</dimen>
    <dimen name="dm474">632px</dimen>
    <dimen name="dm475">634px</dimen>
    <dimen name="dm476">635px</dimen>
    <dimen name="dm477">636px</dimen>
    <dimen name="dm478">638px</dimen>
    <dimen name="dm479">639px</dimen>
    <dimen name="dm480">641px</dimen>
    <dimen name="dm481">642px</dimen>
    <dimen name="dm482">643px</dimen>
    <dimen name="dm483">645px</dimen>
    <dimen name="dm484">646px</dimen>
    <dimen name="dm485">647px</dimen>
    <dimen name="dm486">649px</dimen>
    <dimen name="dm487">650px</dimen>
    <dimen name="dm488">651px</dimen>
    <dimen name="dm489">653px</dimen>
    <dimen name="dm490">654px</dimen>
    <dimen name="dm491">655px</dimen>
    <dimen name="dm492">657px</dimen>
    <dimen name="dm493">658px</dimen>
    <dimen name="dm494">659px</dimen>
    <dimen name="dm495">661px</dimen>
    <dimen name="dm496">662px</dimen>
    <dimen name="dm497">663px</dimen>
    <dimen name="dm498">665px</dimen>
    <dimen name="dm499">666px</dimen>
    <dimen name="dm500">667px</dimen>
    <dimen name="dm501">669px</dimen>
    <dimen name="dm502">670px</dimen>
    <dimen name="dm503">671px</dimen>
    <dimen name="dm504">673px</dimen>
    <dimen name="dm505">674px</dimen>
    <dimen name="dm506">675px</dimen>
    <dimen name="dm507">677px</dimen>
    <dimen name="dm508">678px</dimen>
    <dimen name="dm509">679px</dimen>
    <dimen name="dm510">681px</dimen>
    <dimen name="dm511">682px</dimen>
    <dimen name="dm512">683px</dimen>
    <dimen name="dm513">685px</dimen>
    <dimen name="dm514">686px</dimen>
    <dimen name="dm515">687px</dimen>
    <dimen name="dm516">689px</dimen>
    <dimen name="dm517">690px</dimen>
    <dimen name="dm518">691px</dimen>
    <dimen name="dm519">693px</dimen>
    <dimen name="dm520">694px</dimen>
    <dimen name="dm521">695px</dimen>
    <dimen name="dm522">697px</dimen>
    <dimen name="dm523">698px</dimen>
    <dimen name="dm524">699px</dimen>
    <dimen name="dm525">701px</dimen>
    <dimen name="dm526">702px</dimen>
    <dimen name="dm527">703px</dimen>
    <dimen name="dm528">705px</dimen>
    <dimen name="dm529">706px</dimen>
    <dimen name="dm530">707px</dimen>
    <dimen name="dm531">709px</dimen>
    <dimen name="dm532">710px</dimen>
    <dimen name="dm533">711px</dimen>
    <dimen name="dm534">713px</dimen>
    <dimen name="dm535">714px</dimen>
    <dimen name="dm536">715px</dimen>
    <dimen name="dm537">717px</dimen>
    <dimen name="dm538">718px</dimen>
    <dimen name="dm539">719px</dimen>
    <dimen name="dm540">721px</dimen>
    <dimen name="dm541">722px</dimen>
    <dimen name="dm542">723px</dimen>
    <dimen name="dm543">725px</dimen>
    <dimen name="dm544">726px</dimen>
    <dimen name="dm545">727px</dimen>
    <dimen name="dm546">729px</dimen>
    <dimen name="dm547">730px</dimen>
    <dimen name="dm548">731px</dimen>
    <dimen name="dm549">733px</dimen>
    <dimen name="dm550">734px</dimen>
    <dimen name="dm551">735px</dimen>
    <dimen name="dm552">737px</dimen>
    <dimen name="dm553">738px</dimen>
    <dimen name="dm554">739px</dimen>
    <dimen name="dm555">741px</dimen>
    <dimen name="dm556">742px</dimen>
    <dimen name="dm557">743px</dimen>
    <dimen name="dm558">745px</dimen>
    <dimen name="dm559">746px</dimen>
    <dimen name="dm560">747px</dimen>
    <dimen name="dm561">749px</dimen>
    <dimen name="dm562">750px</dimen>
    <dimen name="dm563">751px</dimen>
    <dimen name="dm564">753px</dimen>
    <dimen name="dm565">754px</dimen>
    <dimen name="dm566">755px</dimen>
    <dimen name="dm567">757px</dimen>
    <dimen name="dm568">758px</dimen>
    <dimen name="dm569">759px</dimen>
    <dimen name="dm570">761px</dimen>
    <dimen name="dm571">762px</dimen>
    <dimen name="dm572">763px</dimen>
    <dimen name="dm573">765px</dimen>
    <dimen name="dm574">766px</dimen>
    <dimen name="dm575">767px</dimen>
    <dimen name="dm576">769px</dimen>
    <dimen name="dm577">770px</dimen>
    <dimen name="dm578">771px</dimen>
    <dimen name="dm579">773px</dimen>
    <dimen name="dm580">774px</dimen>
    <dimen name="dm581">775px</dimen>
    <dimen name="dm582">777px</dimen>
    <dimen name="dm583">778px</dimen>
    <dimen name="dm584">779px</dimen>
    <dimen name="dm585">781px</dimen>
    <dimen name="dm586">782px</dimen>
    <dimen name="dm587">783px</dimen>
    <dimen name="dm588">785px</dimen>
    <dimen name="dm589">786px</dimen>
    <dimen name="dm590">787px</dimen>
    <dimen name="dm591">789px</dimen>
    <dimen name="dm592">790px</dimen>
    <dimen name="dm593">791px</dimen>
    <dimen name="dm594">793px</dimen>
    <dimen name="dm595">794px</dimen>
    <dimen name="dm596">795px</dimen>
    <dimen name="dm597">797px</dimen>
    <dimen name="dm598">798px</dimen>
    <dimen name="dm599">799px</dimen>
    <dimen name="dm600">801px</dimen>
    <dimen name="dm601">802px</dimen>
    <dimen name="dm602">803px</dimen>
    <dimen name="dm603">805px</dimen>
    <dimen name="dm604">806px</dimen>
    <dimen name="dm605">807px</dimen>
    <dimen name="dm606">809px</dimen>
    <dimen name="dm607">810px</dimen>
    <dimen name="dm608">811px</dimen>
    <dimen name="dm609">813px</dimen>
    <dimen name="dm610">814px</dimen>
    <dimen name="dm611">815px</dimen>
    <dimen name="dm612">817px</dimen>
    <dimen name="dm613">818px</dimen>
    <dimen name="dm614">819px</dimen>
    <dimen name="dm615">821px</dimen>
    <dimen name="dm616">822px</dimen>
    <dimen name="dm617">823px</dimen>
    <dimen name="dm618">825px</dimen>
    <dimen name="dm619">826px</dimen>
    <dimen name="dm620">827px</dimen>
    <dimen name="dm621">829px</dimen>
    <dimen name="dm622">830px</dimen>
    <dimen name="dm623">831px</dimen>
    <dimen name="dm624">833px</dimen>
    <dimen name="dm625">834px</dimen>
    <dimen name="dm626">835px</dimen>
    <dimen name="dm627">837px</dimen>
    <dimen name="dm628">838px</dimen>
    <dimen name="dm629">839px</dimen>
    <dimen name="dm630">841px</dimen>
    <dimen name="dm631">842px</dimen>
    <dimen name="dm632">843px</dimen>
    <dimen name="dm633">845px</dimen>
    <dimen name="dm634">846px</dimen>
    <dimen name="dm635">847px</dimen>
    <dimen name="dm636">849px</dimen>
    <dimen name="dm637">850px</dimen>
    <dimen name="dm638">851px</dimen>
    <dimen name="dm639">853px</dimen>
    <dimen name="dm640">854px</dimen>
    <dimen name="dm641">855px</dimen>
    <dimen name="dm642">857px</dimen>
    <dimen name="dm643">858px</dimen>
    <dimen name="dm644">859px</dimen>
    <dimen name="dm645">861px</dimen>
    <dimen name="dm646">862px</dimen>
    <dimen name="dm647">863px</dimen>
    <dimen name="dm648">865px</dimen>
    <dimen name="dm649">866px</dimen>
    <dimen name="dm650">867px</dimen>
    <dimen name="dm651">869px</dimen>
    <dimen name="dm652">870px</dimen>
    <dimen name="dm653">871px</dimen>
    <dimen name="dm654">873px</dimen>
    <dimen name="dm655">874px</dimen>
    <dimen name="dm656">875px</dimen>
    <dimen name="dm657">877px</dimen>
    <dimen name="dm658">878px</dimen>
    <dimen name="dm659">879px</dimen>
    <dimen name="dm660">881px</dimen>
    <dimen name="dm661">882px</dimen>
    <dimen name="dm662">883px</dimen>
    <dimen name="dm663">885px</dimen>
    <dimen name="dm664">886px</dimen>
    <dimen name="dm665">887px</dimen>
    <dimen name="dm666">889px</dimen>
    <dimen name="dm667">890px</dimen>
    <dimen name="dm668">891px</dimen>
    <dimen name="dm669">893px</dimen>
    <dimen name="dm670">894px</dimen>
    <dimen name="dm671">895px</dimen>
    <dimen name="dm672">897px</dimen>
    <dimen name="dm673">898px</dimen>
    <dimen name="dm674">899px</dimen>
    <dimen name="dm675">901px</dimen>
    <dimen name="dm676">902px</dimen>
    <dimen name="dm677">903px</dimen>
    <dimen name="dm678">905px</dimen>
    <dimen name="dm679">906px</dimen>
    <dimen name="dm680">907px</dimen>
    <dimen name="dm681">909px</dimen>
    <dimen name="dm682">910px</dimen>
    <dimen name="dm683">911px</dimen>
    <dimen name="dm684">913px</dimen>
    <dimen name="dm685">914px</dimen>
    <dimen name="dm686">915px</dimen>
    <dimen name="dm687">917px</dimen>
    <dimen name="dm688">918px</dimen>
    <dimen name="dm689">919px</dimen>
    <dimen name="dm690">921px</dimen>
    <dimen name="dm691">922px</dimen>
    <dimen name="dm692">923px</dimen>
    <dimen name="dm693">925px</dimen>
    <dimen name="dm694">926px</dimen>
    <dimen name="dm695">927px</dimen>
    <dimen name="dm696">929px</dimen>
    <dimen name="dm697">930px</dimen>
    <dimen name="dm698">931px</dimen>
    <dimen name="dm699">933px</dimen>
    <dimen name="dm700">934px</dimen>
    <dimen name="dm701">935px</dimen>
    <dimen name="dm702">937px</dimen>
    <dimen name="dm703">938px</dimen>
    <dimen name="dm704">939px</dimen>
    <dimen name="dm705">941px</dimen>
    <dimen name="dm706">942px</dimen>
    <dimen name="dm707">943px</dimen>
    <dimen name="dm708">945px</dimen>
    <dimen name="dm709">946px</dimen>
    <dimen name="dm710">947px</dimen>
    <dimen name="dm711">949px</dimen>
    <dimen name="dm712">950px</dimen>
    <dimen name="dm713">951px</dimen>
    <dimen name="dm714">953px</dimen>
    <dimen name="dm715">954px</dimen>
    <dimen name="dm716">955px</dimen>
    <dimen name="dm717">957px</dimen>
    <dimen name="dm718">958px</dimen>
    <dimen name="dm719">959px</dimen>
    <dimen name="dm720">961px</dimen>
    <dimen name="dm721">962px</dimen>
    <dimen name="dm722">963px</dimen>
    <dimen name="dm723">965px</dimen>
    <dimen name="dm724">966px</dimen>
    <dimen name="dm725">967px</dimen>
    <dimen name="dm726">969px</dimen>
    <dimen name="dm727">970px</dimen>
    <dimen name="dm728">971px</dimen>
    <dimen name="dm729">973px</dimen>
    <dimen name="dm730">974px</dimen>
    <dimen name="dm731">975px</dimen>
    <dimen name="dm732">977px</dimen>
    <dimen name="dm733">978px</dimen>
    <dimen name="dm734">979px</dimen>
    <dimen name="dm735">981px</dimen>
    <dimen name="dm736">982px</dimen>
    <dimen name="dm737">983px</dimen>
    <dimen name="dm738">985px</dimen>
    <dimen name="dm739">986px</dimen>
    <dimen name="dm740">987px</dimen>
    <dimen name="dm741">989px</dimen>
    <dimen name="dm742">990px</dimen>
    <dimen name="dm743">991px</dimen>
    <dimen name="dm744">993px</dimen>
    <dimen name="dm745">994px</dimen>
    <dimen name="dm746">995px</dimen>
    <dimen name="dm747">997px</dimen>
    <dimen name="dm748">998px</dimen>
    <dimen name="dm749">999px</dimen>
    <dimen name="dm750">1001px</dimen>
    <dimen name="dm751">1002px</dimen>
    <dimen name="dm752">1003px</dimen>
    <dimen name="dm753">1005px</dimen>
    <dimen name="dm754">1006px</dimen>
    <dimen name="dm755">1007px</dimen>
    <dimen name="dm756">1009px</dimen>
    <dimen name="dm757">1010px</dimen>
    <dimen name="dm758">1011px</dimen>
    <dimen name="dm759">1013px</dimen>
    <dimen name="dm760">1014px</dimen>
    <dimen name="dm761">1015px</dimen>
    <dimen name="dm762">1017px</dimen>
    <dimen name="dm763">1018px</dimen>
    <dimen name="dm764">1019px</dimen>
    <dimen name="dm765">1021px</dimen>
    <dimen name="dm766">1022px</dimen>
    <dimen name="dm767">1023px</dimen>
    <dimen name="dm768">1025px</dimen>
    <dimen name="dm769">1026px</dimen>
    <dimen name="dm770">1027px</dimen>
    <dimen name="dm771">1029px</dimen>
    <dimen name="dm772">1030px</dimen>
    <dimen name="dm773">1031px</dimen>
    <dimen name="dm774">1033px</dimen>
    <dimen name="dm775">1034px</dimen>
    <dimen name="dm776">1035px</dimen>
    <dimen name="dm777">1037px</dimen>
    <dimen name="dm778">1038px</dimen>
    <dimen name="dm779">1039px</dimen>
    <dimen name="dm780">1041px</dimen>
    <dimen name="dm781">1042px</dimen>
    <dimen name="dm782">1043px</dimen>
    <dimen name="dm783">1045px</dimen>
    <dimen name="dm784">1046px</dimen>
    <dimen name="dm785">1047px</dimen>
    <dimen name="dm786">1049px</dimen>
    <dimen name="dm787">1050px</dimen>
    <dimen name="dm788">1051px</dimen>
    <dimen name="dm789">1053px</dimen>
    <dimen name="dm790">1054px</dimen>
    <dimen name="dm791">1055px</dimen>
    <dimen name="dm792">1057px</dimen>
    <dimen name="dm793">1058px</dimen>
    <dimen name="dm794">1059px</dimen>
    <dimen name="dm795">1061px</dimen>
    <dimen name="dm796">1062px</dimen>
    <dimen name="dm797">1063px</dimen>
    <dimen name="dm798">1065px</dimen>
    <dimen name="dm799">1066px</dimen>
    <dimen name="dm800">1068px</dimen>
    <dimen name="dm801">1069px</dimen>
    <dimen name="dm802">1070px</dimen>
    <dimen name="dm803">1072px</dimen>
    <dimen name="dm804">1073px</dimen>
    <dimen name="dm805">1074px</dimen>
    <dimen name="dm806">1076px</dimen>
    <dimen name="dm807">1077px</dimen>
    <dimen name="dm808">1078px</dimen>
    <dimen name="dm809">1080px</dimen>
    <dimen name="dm810">1081px</dimen>
    <dimen name="dm811">1082px</dimen>
    <dimen name="dm812">1084px</dimen>
    <dimen name="dm813">1085px</dimen>
    <dimen name="dm814">1086px</dimen>
    <dimen name="dm815">1088px</dimen>
    <dimen name="dm816">1089px</dimen>
    <dimen name="dm817">1090px</dimen>
    <dimen name="dm818">1092px</dimen>
    <dimen name="dm819">1093px</dimen>
    <dimen name="dm820">1094px</dimen>
    <dimen name="dm821">1096px</dimen>
    <dimen name="dm822">1097px</dimen>
    <dimen name="dm823">1098px</dimen>
    <dimen name="dm824">1100px</dimen>
    <dimen name="dm825">1101px</dimen>
    <dimen name="dm826">1102px</dimen>
    <dimen name="dm827">1104px</dimen>
    <dimen name="dm828">1105px</dimen>
    <dimen name="dm829">1106px</dimen>
    <dimen name="dm830">1108px</dimen>
    <dimen name="dm831">1109px</dimen>
    <dimen name="dm832">1110px</dimen>
    <dimen name="dm833">1112px</dimen>
    <dimen name="dm834">1113px</dimen>
    <dimen name="dm835">1114px</dimen>
    <dimen name="dm836">1116px</dimen>
    <dimen name="dm837">1117px</dimen>
    <dimen name="dm838">1118px</dimen>
    <dimen name="dm839">1120px</dimen>
    <dimen name="dm840">1121px</dimen>
    <dimen name="dm841">1122px</dimen>
    <dimen name="dm842">1124px</dimen>
    <dimen name="dm843">1125px</dimen>
    <dimen name="dm844">1126px</dimen>
    <dimen name="dm845">1128px</dimen>
    <dimen name="dm846">1129px</dimen>
    <dimen name="dm847">1130px</dimen>
    <dimen name="dm848">1132px</dimen>
    <dimen name="dm849">1133px</dimen>
    <dimen name="dm850">1134px</dimen>
    <dimen name="dm851">1136px</dimen>
    <dimen name="dm852">1137px</dimen>
    <dimen name="dm853">1138px</dimen>
    <dimen name="dm854">1140px</dimen>
    <dimen name="dm855">1141px</dimen>
    <dimen name="dm856">1142px</dimen>
    <dimen name="dm857">1144px</dimen>
    <dimen name="dm858">1145px</dimen>
    <dimen name="dm859">1146px</dimen>
    <dimen name="dm860">1148px</dimen>
    <dimen name="dm861">1149px</dimen>
    <dimen name="dm862">1150px</dimen>
    <dimen name="dm863">1152px</dimen>
    <dimen name="dm864">1153px</dimen>
    <dimen name="dm865">1154px</dimen>
    <dimen name="dm866">1156px</dimen>
    <dimen name="dm867">1157px</dimen>
    <dimen name="dm868">1158px</dimen>
    <dimen name="dm869">1160px</dimen>
    <dimen name="dm870">1161px</dimen>
    <dimen name="dm871">1162px</dimen>
    <dimen name="dm872">1164px</dimen>
    <dimen name="dm873">1165px</dimen>
    <dimen name="dm874">1166px</dimen>
    <dimen name="dm875">1168px</dimen>
    <dimen name="dm876">1169px</dimen>
    <dimen name="dm877">1170px</dimen>
    <dimen name="dm878">1172px</dimen>
    <dimen name="dm879">1173px</dimen>
    <dimen name="dm880">1174px</dimen>
    <dimen name="dm881">1176px</dimen>
    <dimen name="dm882">1177px</dimen>
    <dimen name="dm883">1178px</dimen>
    <dimen name="dm884">1180px</dimen>
    <dimen name="dm885">1181px</dimen>
    <dimen name="dm886">1182px</dimen>
    <dimen name="dm887">1184px</dimen>
    <dimen name="dm888">1185px</dimen>
    <dimen name="dm889">1186px</dimen>
    <dimen name="dm890">1188px</dimen>
    <dimen name="dm891">1189px</dimen>
    <dimen name="dm892">1190px</dimen>
    <dimen name="dm893">1192px</dimen>
    <dimen name="dm894">1193px</dimen>
    <dimen name="dm895">1194px</dimen>
    <dimen name="dm896">1196px</dimen>
    <dimen name="dm897">1197px</dimen>
    <dimen name="dm898">1198px</dimen>
    <dimen name="dm899">1200px</dimen>
    <dimen name="dm900">1201px</dimen>
    <dimen name="dm901">1202px</dimen>
    <dimen name="dm902">1204px</dimen>
    <dimen name="dm903">1205px</dimen>
    <dimen name="dm904">1206px</dimen>
    <dimen name="dm905">1208px</dimen>
    <dimen name="dm906">1209px</dimen>
    <dimen name="dm907">1210px</dimen>
    <dimen name="dm908">1212px</dimen>
    <dimen name="dm909">1213px</dimen>
    <dimen name="dm910">1214px</dimen>
    <dimen name="dm911">1216px</dimen>
    <dimen name="dm912">1217px</dimen>
    <dimen name="dm913">1218px</dimen>
    <dimen name="dm914">1220px</dimen>
    <dimen name="dm915">1221px</dimen>
    <dimen name="dm916">1222px</dimen>
    <dimen name="dm917">1224px</dimen>
    <dimen name="dm918">1225px</dimen>
    <dimen name="dm919">1226px</dimen>
    <dimen name="dm920">1228px</dimen>
    <dimen name="dm921">1229px</dimen>
    <dimen name="dm922">1230px</dimen>
    <dimen name="dm923">1232px</dimen>
    <dimen name="dm924">1233px</dimen>
    <dimen name="dm925">1234px</dimen>
    <dimen name="dm926">1236px</dimen>
    <dimen name="dm927">1237px</dimen>
    <dimen name="dm928">1238px</dimen>
    <dimen name="dm929">1240px</dimen>
    <dimen name="dm930">1241px</dimen>
    <dimen name="dm931">1242px</dimen>
    <dimen name="dm932">1244px</dimen>
    <dimen name="dm933">1245px</dimen>
    <dimen name="dm934">1246px</dimen>
    <dimen name="dm935">1248px</dimen>
    <dimen name="dm936">1249px</dimen>
    <dimen name="dm937">1250px</dimen>
    <dimen name="dm938">1252px</dimen>
    <dimen name="dm939">1253px</dimen>
    <dimen name="dm940">1254px</dimen>
    <dimen name="dm941">1256px</dimen>
    <dimen name="dm942">1257px</dimen>
    <dimen name="dm943">1258px</dimen>
    <dimen name="dm944">1260px</dimen>
    <dimen name="dm945">1261px</dimen>
    <dimen name="dm946">1262px</dimen>
    <dimen name="dm947">1264px</dimen>
    <dimen name="dm948">1265px</dimen>
    <dimen name="dm949">1266px</dimen>
    <dimen name="dm950">1268px</dimen>
    <dimen name="dm951">1269px</dimen>
    <dimen name="dm952">1270px</dimen>
    <dimen name="dm953">1272px</dimen>
    <dimen name="dm954">1273px</dimen>
    <dimen name="dm955">1274px</dimen>
    <dimen name="dm956">1276px</dimen>
    <dimen name="dm957">1277px</dimen>
    <dimen name="dm958">1278px</dimen>
    <dimen name="dm959">1280px</dimen>
    <dimen name="dm960">1281px</dimen>
    <dimen name="dm961">1282px</dimen>
    <dimen name="dm962">1284px</dimen>
    <dimen name="dm963">1285px</dimen>
    <dimen name="dm964">1286px</dimen>
    <dimen name="dm965">1288px</dimen>
    <dimen name="dm966">1289px</dimen>
    <dimen name="dm967">1290px</dimen>
    <dimen name="dm968">1292px</dimen>
    <dimen name="dm969">1293px</dimen>
    <dimen name="dm970">1294px</dimen>
    <dimen name="dm971">1296px</dimen>
    <dimen name="dm972">1297px</dimen>
    <dimen name="dm973">1298px</dimen>
    <dimen name="dm974">1300px</dimen>
    <dimen name="dm975">1301px</dimen>
    <dimen name="dm976">1302px</dimen>
    <dimen name="dm977">1304px</dimen>
    <dimen name="dm978">1305px</dimen>
    <dimen name="dm979">1306px</dimen>
    <dimen name="dm980">1308px</dimen>
    <dimen name="dm981">1309px</dimen>
    <dimen name="dm982">1310px</dimen>
    <dimen name="dm983">1312px</dimen>
    <dimen name="dm984">1313px</dimen>
    <dimen name="dm985">1314px</dimen>
    <dimen name="dm986">1316px</dimen>
    <dimen name="dm987">1317px</dimen>
    <dimen name="dm988">1318px</dimen>
    <dimen name="dm989">1320px</dimen>
    <dimen name="dm990">1321px</dimen>
    <dimen name="dm991">1322px</dimen>
    <dimen name="dm992">1324px</dimen>
    <dimen name="dm993">1325px</dimen>
    <dimen name="dm994">1326px</dimen>
    <dimen name="dm995">1328px</dimen>
    <dimen name="dm996">1329px</dimen>
    <dimen name="dm997">1330px</dimen>
    <dimen name="dm998">1332px</dimen>
    <dimen name="dm999">1333px</dimen>

</resources>