<resources>

    <dimen name="dm_200">-999px</dimen>
    <dimen name="dm_199">-994px</dimen>
    <dimen name="dm_198">-989px</dimen>
    <dimen name="dm_197">-984px</dimen>
    <dimen name="dm_196">-979px</dimen>
    <dimen name="dm_195">-974px</dimen>
    <dimen name="dm_194">-969px</dimen>
    <dimen name="dm_193">-964px</dimen>
    <dimen name="dm_192">-959px</dimen>
    <dimen name="dm_191">-954px</dimen>
    <dimen name="dm_190">-949px</dimen>
    <dimen name="dm_189">-944px</dimen>
    <dimen name="dm_188">-939px</dimen>
    <dimen name="dm_187">-934px</dimen>
    <dimen name="dm_186">-929px</dimen>
    <dimen name="dm_185">-924px</dimen>
    <dimen name="dm_184">-919px</dimen>
    <dimen name="dm_183">-914px</dimen>
    <dimen name="dm_182">-909px</dimen>
    <dimen name="dm_181">-904px</dimen>
    <dimen name="dm_180">-899px</dimen>
    <dimen name="dm_179">-894px</dimen>
    <dimen name="dm_178">-889px</dimen>
    <dimen name="dm_177">-884px</dimen>
    <dimen name="dm_176">-879px</dimen>
    <dimen name="dm_175">-874px</dimen>
    <dimen name="dm_174">-869px</dimen>
    <dimen name="dm_173">-864px</dimen>
    <dimen name="dm_172">-859px</dimen>
    <dimen name="dm_171">-854px</dimen>
    <dimen name="dm_170">-849px</dimen>
    <dimen name="dm_169">-844px</dimen>
    <dimen name="dm_168">-839px</dimen>
    <dimen name="dm_167">-834px</dimen>
    <dimen name="dm_166">-829px</dimen>
    <dimen name="dm_165">-824px</dimen>
    <dimen name="dm_164">-819px</dimen>
    <dimen name="dm_163">-814px</dimen>
    <dimen name="dm_162">-809px</dimen>
    <dimen name="dm_161">-804px</dimen>
    <dimen name="dm_160">-799px</dimen>
    <dimen name="dm_159">-794px</dimen>
    <dimen name="dm_158">-789px</dimen>
    <dimen name="dm_157">-784px</dimen>
    <dimen name="dm_156">-779px</dimen>
    <dimen name="dm_155">-774px</dimen>
    <dimen name="dm_154">-769px</dimen>
    <dimen name="dm_153">-764px</dimen>
    <dimen name="dm_152">-759px</dimen>
    <dimen name="dm_151">-754px</dimen>
    <dimen name="dm_150">-749px</dimen>
    <dimen name="dm_149">-744px</dimen>
    <dimen name="dm_148">-739px</dimen>
    <dimen name="dm_147">-734px</dimen>
    <dimen name="dm_146">-729px</dimen>
    <dimen name="dm_145">-724px</dimen>
    <dimen name="dm_144">-719px</dimen>
    <dimen name="dm_143">-714px</dimen>
    <dimen name="dm_142">-709px</dimen>
    <dimen name="dm_141">-704px</dimen>
    <dimen name="dm_140">-699px</dimen>
    <dimen name="dm_139">-694px</dimen>
    <dimen name="dm_138">-689px</dimen>
    <dimen name="dm_137">-684px</dimen>
    <dimen name="dm_136">-679px</dimen>
    <dimen name="dm_135">-674px</dimen>
    <dimen name="dm_134">-669px</dimen>
    <dimen name="dm_133">-664px</dimen>
    <dimen name="dm_132">-659px</dimen>
    <dimen name="dm_131">-654px</dimen>
    <dimen name="dm_130">-649px</dimen>
    <dimen name="dm_129">-644px</dimen>
    <dimen name="dm_128">-639px</dimen>
    <dimen name="dm_127">-634px</dimen>
    <dimen name="dm_126">-629px</dimen>
    <dimen name="dm_125">-624px</dimen>
    <dimen name="dm_124">-619px</dimen>
    <dimen name="dm_123">-614px</dimen>
    <dimen name="dm_122">-609px</dimen>
    <dimen name="dm_121">-604px</dimen>
    <dimen name="dm_120">-599px</dimen>
    <dimen name="dm_119">-594px</dimen>
    <dimen name="dm_118">-589px</dimen>
    <dimen name="dm_117">-584px</dimen>
    <dimen name="dm_116">-579px</dimen>
    <dimen name="dm_115">-574px</dimen>
    <dimen name="dm_114">-569px</dimen>
    <dimen name="dm_113">-564px</dimen>
    <dimen name="dm_112">-559px</dimen>
    <dimen name="dm_111">-554px</dimen>
    <dimen name="dm_110">-549px</dimen>
    <dimen name="dm_109">-544px</dimen>
    <dimen name="dm_108">-539px</dimen>
    <dimen name="dm_107">-534px</dimen>
    <dimen name="dm_106">-529px</dimen>
    <dimen name="dm_105">-524px</dimen>
    <dimen name="dm_104">-519px</dimen>
    <dimen name="dm_103">-514px</dimen>
    <dimen name="dm_102">-509px</dimen>
    <dimen name="dm_101">-504px</dimen>
    <dimen name="dm_100">-499px</dimen>
    <dimen name="dm_099">-494px</dimen>
    <dimen name="dm_098">-489px</dimen>
    <dimen name="dm_097">-484px</dimen>
    <dimen name="dm_096">-479px</dimen>
    <dimen name="dm_095">-474px</dimen>
    <dimen name="dm_094">-469px</dimen>
    <dimen name="dm_093">-464px</dimen>
    <dimen name="dm_092">-459px</dimen>
    <dimen name="dm_091">-454px</dimen>
    <dimen name="dm_090">-449px</dimen>
    <dimen name="dm_089">-444px</dimen>
    <dimen name="dm_088">-439px</dimen>
    <dimen name="dm_087">-434px</dimen>
    <dimen name="dm_086">-429px</dimen>
    <dimen name="dm_085">-424px</dimen>
    <dimen name="dm_084">-419px</dimen>
    <dimen name="dm_083">-414px</dimen>
    <dimen name="dm_082">-409px</dimen>
    <dimen name="dm_081">-404px</dimen>
    <dimen name="dm_080">-399px</dimen>
    <dimen name="dm_079">-394px</dimen>
    <dimen name="dm_078">-389px</dimen>
    <dimen name="dm_077">-384px</dimen>
    <dimen name="dm_076">-379px</dimen>
    <dimen name="dm_075">-374px</dimen>
    <dimen name="dm_074">-369px</dimen>
    <dimen name="dm_073">-364px</dimen>
    <dimen name="dm_072">-359px</dimen>
    <dimen name="dm_071">-354px</dimen>
    <dimen name="dm_070">-349px</dimen>
    <dimen name="dm_069">-344px</dimen>
    <dimen name="dm_068">-339px</dimen>
    <dimen name="dm_067">-334px</dimen>
    <dimen name="dm_066">-329px</dimen>
    <dimen name="dm_065">-324px</dimen>
    <dimen name="dm_064">-319px</dimen>
    <dimen name="dm_063">-314px</dimen>
    <dimen name="dm_062">-309px</dimen>
    <dimen name="dm_061">-304px</dimen>
    <dimen name="dm_060">-299px</dimen>
    <dimen name="dm_059">-294px</dimen>
    <dimen name="dm_058">-289px</dimen>
    <dimen name="dm_057">-284px</dimen>
    <dimen name="dm_056">-279px</dimen>
    <dimen name="dm_055">-274px</dimen>
    <dimen name="dm_054">-269px</dimen>
    <dimen name="dm_053">-264px</dimen>
    <dimen name="dm_052">-259px</dimen>
    <dimen name="dm_051">-254px</dimen>
    <dimen name="dm_050">-249px</dimen>
    <dimen name="dm_049">-244px</dimen>
    <dimen name="dm_048">-239px</dimen>
    <dimen name="dm_047">-234px</dimen>
    <dimen name="dm_046">-229px</dimen>
    <dimen name="dm_045">-224px</dimen>
    <dimen name="dm_044">-219px</dimen>
    <dimen name="dm_043">-214px</dimen>
    <dimen name="dm_042">-209px</dimen>
    <dimen name="dm_041">-204px</dimen>
    <dimen name="dm_040">-199px</dimen>
    <dimen name="dm_039">-194px</dimen>
    <dimen name="dm_038">-189px</dimen>
    <dimen name="dm_037">-184px</dimen>
    <dimen name="dm_036">-179px</dimen>
    <dimen name="dm_035">-174px</dimen>
    <dimen name="dm_034">-169px</dimen>
    <dimen name="dm_033">-164px</dimen>
    <dimen name="dm_032">-159px</dimen>
    <dimen name="dm_031">-154px</dimen>
    <dimen name="dm_030">-149px</dimen>
    <dimen name="dm_029">-144px</dimen>
    <dimen name="dm_028">-139px</dimen>
    <dimen name="dm_027">-134px</dimen>
    <dimen name="dm_026">-129px</dimen>
    <dimen name="dm_025">-124px</dimen>
    <dimen name="dm_024">-119px</dimen>
    <dimen name="dm_023">-114px</dimen>
    <dimen name="dm_022">-109px</dimen>
    <dimen name="dm_021">-104px</dimen>
    <dimen name="dm_020">-99px</dimen>
    <dimen name="dm_019">-94px</dimen>
    <dimen name="dm_018">-89px</dimen>
    <dimen name="dm_017">-84px</dimen>
    <dimen name="dm_016">-79px</dimen>
    <dimen name="dm_015">-74px</dimen>
    <dimen name="dm_014">-69px</dimen>
    <dimen name="dm_013">-64px</dimen>
    <dimen name="dm_012">-59px</dimen>
    <dimen name="dm_011">-54px</dimen>
    <dimen name="dm_010">-49px</dimen>
    <dimen name="dm_009">-44px</dimen>
    <dimen name="dm_008">-39px</dimen>
    <dimen name="dm_007">-34px</dimen>
    <dimen name="dm_006">-29px</dimen>
    <dimen name="dm_005">-24px</dimen>
    <dimen name="dm_004">-19px</dimen>
    <dimen name="dm_003">-14px</dimen>
    <dimen name="dm_002">-9px</dimen>
    <dimen name="dm_001">-4px</dimen>
    <dimen name="dm000">0px</dimen>
    <dimen name="dm001">5px</dimen>
    <dimen name="dm002">10px</dimen>
    <dimen name="dm003">15px</dimen>
    <dimen name="dm004">20px</dimen>
    <dimen name="dm005">25px</dimen>
    <dimen name="dm006">30px</dimen>
    <dimen name="dm007">35px</dimen>
    <dimen name="dm008">40px</dimen>
    <dimen name="dm009">45px</dimen>
    <dimen name="dm010">50px</dimen>
    <dimen name="dm011">55px</dimen>
    <dimen name="dm012">60px</dimen>
    <dimen name="dm013">65px</dimen>
    <dimen name="dm014">70px</dimen>
    <dimen name="dm015">75px</dimen>
    <dimen name="dm016">80px</dimen>
    <dimen name="dm017">85px</dimen>
    <dimen name="dm018">90px</dimen>
    <dimen name="dm019">95px</dimen>
    <dimen name="dm020">100px</dimen>
    <dimen name="dm021">105px</dimen>
    <dimen name="dm022">110px</dimen>
    <dimen name="dm023">115px</dimen>
    <dimen name="dm024">120px</dimen>
    <dimen name="dm025">125px</dimen>
    <dimen name="dm026">130px</dimen>
    <dimen name="dm027">135px</dimen>
    <dimen name="dm028">140px</dimen>
    <dimen name="dm029">145px</dimen>
    <dimen name="dm030">150px</dimen>
    <dimen name="dm031">155px</dimen>
    <dimen name="dm032">160px</dimen>
    <dimen name="dm033">165px</dimen>
    <dimen name="dm034">170px</dimen>
    <dimen name="dm035">175px</dimen>
    <dimen name="dm036">180px</dimen>
    <dimen name="dm037">185px</dimen>
    <dimen name="dm038">190px</dimen>
    <dimen name="dm039">195px</dimen>
    <dimen name="dm040">200px</dimen>
    <dimen name="dm041">205px</dimen>
    <dimen name="dm042">210px</dimen>
    <dimen name="dm043">215px</dimen>
    <dimen name="dm044">220px</dimen>
    <dimen name="dm045">225px</dimen>
    <dimen name="dm046">230px</dimen>
    <dimen name="dm047">235px</dimen>
    <dimen name="dm048">240px</dimen>
    <dimen name="dm049">245px</dimen>
    <dimen name="dm050">250px</dimen>
    <dimen name="dm051">255px</dimen>
    <dimen name="dm052">260px</dimen>
    <dimen name="dm053">265px</dimen>
    <dimen name="dm054">270px</dimen>
    <dimen name="dm055">275px</dimen>
    <dimen name="dm056">280px</dimen>
    <dimen name="dm057">285px</dimen>
    <dimen name="dm058">290px</dimen>
    <dimen name="dm059">295px</dimen>
    <dimen name="dm060">300px</dimen>
    <dimen name="dm061">305px</dimen>
    <dimen name="dm062">310px</dimen>
    <dimen name="dm063">315px</dimen>
    <dimen name="dm064">320px</dimen>
    <dimen name="dm065">325px</dimen>
    <dimen name="dm066">330px</dimen>
    <dimen name="dm067">335px</dimen>
    <dimen name="dm068">340px</dimen>
    <dimen name="dm069">345px</dimen>
    <dimen name="dm070">350px</dimen>
    <dimen name="dm071">355px</dimen>
    <dimen name="dm072">360px</dimen>
    <dimen name="dm073">365px</dimen>
    <dimen name="dm074">370px</dimen>
    <dimen name="dm075">375px</dimen>
    <dimen name="dm076">380px</dimen>
    <dimen name="dm077">385px</dimen>
    <dimen name="dm078">390px</dimen>
    <dimen name="dm079">395px</dimen>
    <dimen name="dm080">400px</dimen>
    <dimen name="dm081">405px</dimen>
    <dimen name="dm082">410px</dimen>
    <dimen name="dm083">415px</dimen>
    <dimen name="dm084">420px</dimen>
    <dimen name="dm085">425px</dimen>
    <dimen name="dm086">430px</dimen>
    <dimen name="dm087">435px</dimen>
    <dimen name="dm088">440px</dimen>
    <dimen name="dm089">445px</dimen>
    <dimen name="dm090">450px</dimen>
    <dimen name="dm091">455px</dimen>
    <dimen name="dm092">460px</dimen>
    <dimen name="dm093">465px</dimen>
    <dimen name="dm094">470px</dimen>
    <dimen name="dm095">475px</dimen>
    <dimen name="dm096">480px</dimen>
    <dimen name="dm097">485px</dimen>
    <dimen name="dm098">490px</dimen>
    <dimen name="dm099">495px</dimen>
    <dimen name="dm100">500px</dimen>
    <dimen name="dm101">505px</dimen>
    <dimen name="dm102">510px</dimen>
    <dimen name="dm103">515px</dimen>
    <dimen name="dm104">520px</dimen>
    <dimen name="dm105">525px</dimen>
    <dimen name="dm106">530px</dimen>
    <dimen name="dm107">535px</dimen>
    <dimen name="dm108">540px</dimen>
    <dimen name="dm109">545px</dimen>
    <dimen name="dm110">550px</dimen>
    <dimen name="dm111">555px</dimen>
    <dimen name="dm112">560px</dimen>
    <dimen name="dm113">565px</dimen>
    <dimen name="dm114">570px</dimen>
    <dimen name="dm115">575px</dimen>
    <dimen name="dm116">580px</dimen>
    <dimen name="dm117">585px</dimen>
    <dimen name="dm118">590px</dimen>
    <dimen name="dm119">595px</dimen>
    <dimen name="dm120">600px</dimen>
    <dimen name="dm121">605px</dimen>
    <dimen name="dm122">610px</dimen>
    <dimen name="dm123">615px</dimen>
    <dimen name="dm124">620px</dimen>
    <dimen name="dm125">625px</dimen>
    <dimen name="dm126">630px</dimen>
    <dimen name="dm127">635px</dimen>
    <dimen name="dm128">640px</dimen>
    <dimen name="dm129">645px</dimen>
    <dimen name="dm130">650px</dimen>
    <dimen name="dm131">655px</dimen>
    <dimen name="dm132">660px</dimen>
    <dimen name="dm133">665px</dimen>
    <dimen name="dm134">670px</dimen>
    <dimen name="dm135">675px</dimen>
    <dimen name="dm136">680px</dimen>
    <dimen name="dm137">685px</dimen>
    <dimen name="dm138">690px</dimen>
    <dimen name="dm139">695px</dimen>
    <dimen name="dm140">700px</dimen>
    <dimen name="dm141">705px</dimen>
    <dimen name="dm142">710px</dimen>
    <dimen name="dm143">715px</dimen>
    <dimen name="dm144">720px</dimen>
    <dimen name="dm145">725px</dimen>
    <dimen name="dm146">730px</dimen>
    <dimen name="dm147">735px</dimen>
    <dimen name="dm148">740px</dimen>
    <dimen name="dm149">745px</dimen>
    <dimen name="dm150">750px</dimen>
    <dimen name="dm151">755px</dimen>
    <dimen name="dm152">760px</dimen>
    <dimen name="dm153">765px</dimen>
    <dimen name="dm154">770px</dimen>
    <dimen name="dm155">775px</dimen>
    <dimen name="dm156">780px</dimen>
    <dimen name="dm157">785px</dimen>
    <dimen name="dm158">790px</dimen>
    <dimen name="dm159">795px</dimen>
    <dimen name="dm160">800px</dimen>
    <dimen name="dm161">805px</dimen>
    <dimen name="dm162">810px</dimen>
    <dimen name="dm163">815px</dimen>
    <dimen name="dm164">820px</dimen>
    <dimen name="dm165">825px</dimen>
    <dimen name="dm166">830px</dimen>
    <dimen name="dm167">835px</dimen>
    <dimen name="dm168">840px</dimen>
    <dimen name="dm169">845px</dimen>
    <dimen name="dm170">850px</dimen>
    <dimen name="dm171">855px</dimen>
    <dimen name="dm172">860px</dimen>
    <dimen name="dm173">865px</dimen>
    <dimen name="dm174">870px</dimen>
    <dimen name="dm175">875px</dimen>
    <dimen name="dm176">880px</dimen>
    <dimen name="dm177">885px</dimen>
    <dimen name="dm178">890px</dimen>
    <dimen name="dm179">895px</dimen>
    <dimen name="dm180">900px</dimen>
    <dimen name="dm181">905px</dimen>
    <dimen name="dm182">910px</dimen>
    <dimen name="dm183">915px</dimen>
    <dimen name="dm184">920px</dimen>
    <dimen name="dm185">925px</dimen>
    <dimen name="dm186">930px</dimen>
    <dimen name="dm187">935px</dimen>
    <dimen name="dm188">940px</dimen>
    <dimen name="dm189">945px</dimen>
    <dimen name="dm190">950px</dimen>
    <dimen name="dm191">955px</dimen>
    <dimen name="dm192">960px</dimen>
    <dimen name="dm193">965px</dimen>
    <dimen name="dm194">970px</dimen>
    <dimen name="dm195">975px</dimen>
    <dimen name="dm196">980px</dimen>
    <dimen name="dm197">985px</dimen>
    <dimen name="dm198">990px</dimen>
    <dimen name="dm199">995px</dimen>
    <dimen name="dm200">1000px</dimen>
    <dimen name="dm201">1005px</dimen>
    <dimen name="dm202">1010px</dimen>
    <dimen name="dm203">1015px</dimen>
    <dimen name="dm204">1020px</dimen>
    <dimen name="dm205">1025px</dimen>
    <dimen name="dm206">1030px</dimen>
    <dimen name="dm207">1035px</dimen>
    <dimen name="dm208">1040px</dimen>
    <dimen name="dm209">1045px</dimen>
    <dimen name="dm210">1050px</dimen>
    <dimen name="dm211">1055px</dimen>
    <dimen name="dm212">1060px</dimen>
    <dimen name="dm213">1065px</dimen>
    <dimen name="dm214">1070px</dimen>
    <dimen name="dm215">1075px</dimen>
    <dimen name="dm216">1080px</dimen>
    <dimen name="dm217">1085px</dimen>
    <dimen name="dm218">1090px</dimen>
    <dimen name="dm219">1095px</dimen>
    <dimen name="dm220">1100px</dimen>
    <dimen name="dm221">1105px</dimen>
    <dimen name="dm222">1110px</dimen>
    <dimen name="dm223">1115px</dimen>
    <dimen name="dm224">1120px</dimen>
    <dimen name="dm225">1125px</dimen>
    <dimen name="dm226">1130px</dimen>
    <dimen name="dm227">1135px</dimen>
    <dimen name="dm228">1140px</dimen>
    <dimen name="dm229">1145px</dimen>
    <dimen name="dm230">1150px</dimen>
    <dimen name="dm231">1155px</dimen>
    <dimen name="dm232">1160px</dimen>
    <dimen name="dm233">1165px</dimen>
    <dimen name="dm234">1170px</dimen>
    <dimen name="dm235">1175px</dimen>
    <dimen name="dm236">1180px</dimen>
    <dimen name="dm237">1185px</dimen>
    <dimen name="dm238">1190px</dimen>
    <dimen name="dm239">1195px</dimen>
    <dimen name="dm240">1200px</dimen>
    <dimen name="dm241">1205px</dimen>
    <dimen name="dm242">1210px</dimen>
    <dimen name="dm243">1215px</dimen>
    <dimen name="dm244">1220px</dimen>
    <dimen name="dm245">1225px</dimen>
    <dimen name="dm246">1230px</dimen>
    <dimen name="dm247">1235px</dimen>
    <dimen name="dm248">1240px</dimen>
    <dimen name="dm249">1245px</dimen>
    <dimen name="dm250">1250px</dimen>
    <dimen name="dm251">1255px</dimen>
    <dimen name="dm252">1260px</dimen>
    <dimen name="dm253">1265px</dimen>
    <dimen name="dm254">1270px</dimen>
    <dimen name="dm255">1275px</dimen>
    <dimen name="dm256">1280px</dimen>
    <dimen name="dm257">1285px</dimen>
    <dimen name="dm258">1290px</dimen>
    <dimen name="dm259">1295px</dimen>
    <dimen name="dm260">1300px</dimen>
    <dimen name="dm261">1305px</dimen>
    <dimen name="dm262">1310px</dimen>
    <dimen name="dm263">1315px</dimen>
    <dimen name="dm264">1320px</dimen>
    <dimen name="dm265">1325px</dimen>
    <dimen name="dm266">1330px</dimen>
    <dimen name="dm267">1335px</dimen>
    <dimen name="dm268">1340px</dimen>
    <dimen name="dm269">1345px</dimen>
    <dimen name="dm270">1350px</dimen>
    <dimen name="dm271">1355px</dimen>
    <dimen name="dm272">1360px</dimen>
    <dimen name="dm273">1365px</dimen>
    <dimen name="dm274">1370px</dimen>
    <dimen name="dm275">1375px</dimen>
    <dimen name="dm276">1380px</dimen>
    <dimen name="dm277">1385px</dimen>
    <dimen name="dm278">1390px</dimen>
    <dimen name="dm279">1395px</dimen>
    <dimen name="dm280">1400px</dimen>
    <dimen name="dm281">1405px</dimen>
    <dimen name="dm282">1410px</dimen>
    <dimen name="dm283">1415px</dimen>
    <dimen name="dm284">1420px</dimen>
    <dimen name="dm285">1425px</dimen>
    <dimen name="dm286">1430px</dimen>
    <dimen name="dm287">1435px</dimen>
    <dimen name="dm288">1440px</dimen>
    <dimen name="dm289">1445px</dimen>
    <dimen name="dm290">1450px</dimen>
    <dimen name="dm291">1455px</dimen>
    <dimen name="dm292">1460px</dimen>
    <dimen name="dm293">1465px</dimen>
    <dimen name="dm294">1470px</dimen>
    <dimen name="dm295">1475px</dimen>
    <dimen name="dm296">1480px</dimen>
    <dimen name="dm297">1485px</dimen>
    <dimen name="dm298">1490px</dimen>
    <dimen name="dm299">1495px</dimen>
    <dimen name="dm300">1500px</dimen>
    <dimen name="dm301">1505px</dimen>
    <dimen name="dm302">1510px</dimen>
    <dimen name="dm303">1515px</dimen>
    <dimen name="dm304">1520px</dimen>
    <dimen name="dm305">1525px</dimen>
    <dimen name="dm306">1530px</dimen>
    <dimen name="dm307">1535px</dimen>
    <dimen name="dm308">1540px</dimen>
    <dimen name="dm309">1545px</dimen>
    <dimen name="dm310">1550px</dimen>
    <dimen name="dm311">1555px</dimen>
    <dimen name="dm312">1560px</dimen>
    <dimen name="dm313">1565px</dimen>
    <dimen name="dm314">1570px</dimen>
    <dimen name="dm315">1575px</dimen>
    <dimen name="dm316">1580px</dimen>
    <dimen name="dm317">1585px</dimen>
    <dimen name="dm318">1590px</dimen>
    <dimen name="dm319">1595px</dimen>
    <dimen name="dm320">1600px</dimen>
    <dimen name="dm321">1605px</dimen>
    <dimen name="dm322">1610px</dimen>
    <dimen name="dm323">1615px</dimen>
    <dimen name="dm324">1620px</dimen>
    <dimen name="dm325">1625px</dimen>
    <dimen name="dm326">1630px</dimen>
    <dimen name="dm327">1635px</dimen>
    <dimen name="dm328">1640px</dimen>
    <dimen name="dm329">1645px</dimen>
    <dimen name="dm330">1650px</dimen>
    <dimen name="dm331">1655px</dimen>
    <dimen name="dm332">1660px</dimen>
    <dimen name="dm333">1665px</dimen>
    <dimen name="dm334">1670px</dimen>
    <dimen name="dm335">1675px</dimen>
    <dimen name="dm336">1680px</dimen>
    <dimen name="dm337">1685px</dimen>
    <dimen name="dm338">1690px</dimen>
    <dimen name="dm339">1695px</dimen>
    <dimen name="dm340">1700px</dimen>
    <dimen name="dm341">1705px</dimen>
    <dimen name="dm342">1710px</dimen>
    <dimen name="dm343">1715px</dimen>
    <dimen name="dm344">1720px</dimen>
    <dimen name="dm345">1725px</dimen>
    <dimen name="dm346">1730px</dimen>
    <dimen name="dm347">1735px</dimen>
    <dimen name="dm348">1740px</dimen>
    <dimen name="dm349">1745px</dimen>
    <dimen name="dm350">1750px</dimen>
    <dimen name="dm351">1755px</dimen>
    <dimen name="dm352">1760px</dimen>
    <dimen name="dm353">1765px</dimen>
    <dimen name="dm354">1770px</dimen>
    <dimen name="dm355">1775px</dimen>
    <dimen name="dm356">1780px</dimen>
    <dimen name="dm357">1785px</dimen>
    <dimen name="dm358">1790px</dimen>
    <dimen name="dm359">1795px</dimen>
    <dimen name="dm360">1800px</dimen>
    <dimen name="dm361">1805px</dimen>
    <dimen name="dm362">1810px</dimen>
    <dimen name="dm363">1815px</dimen>
    <dimen name="dm364">1820px</dimen>
    <dimen name="dm365">1825px</dimen>
    <dimen name="dm366">1830px</dimen>
    <dimen name="dm367">1835px</dimen>
    <dimen name="dm368">1840px</dimen>
    <dimen name="dm369">1845px</dimen>
    <dimen name="dm370">1850px</dimen>
    <dimen name="dm371">1855px</dimen>
    <dimen name="dm372">1860px</dimen>
    <dimen name="dm373">1865px</dimen>
    <dimen name="dm374">1870px</dimen>
    <dimen name="dm375">1875px</dimen>
    <dimen name="dm376">1880px</dimen>
    <dimen name="dm377">1885px</dimen>
    <dimen name="dm378">1890px</dimen>
    <dimen name="dm379">1895px</dimen>
    <dimen name="dm380">1900px</dimen>
    <dimen name="dm381">1905px</dimen>
    <dimen name="dm382">1910px</dimen>
    <dimen name="dm383">1915px</dimen>
    <dimen name="dm384">1920px</dimen>
    <dimen name="dm385">1925px</dimen>
    <dimen name="dm386">1930px</dimen>
    <dimen name="dm387">1935px</dimen>
    <dimen name="dm388">1940px</dimen>
    <dimen name="dm389">1945px</dimen>
    <dimen name="dm390">1950px</dimen>
    <dimen name="dm391">1955px</dimen>
    <dimen name="dm392">1960px</dimen>
    <dimen name="dm393">1965px</dimen>
    <dimen name="dm394">1970px</dimen>
    <dimen name="dm395">1975px</dimen>
    <dimen name="dm396">1980px</dimen>
    <dimen name="dm397">1985px</dimen>
    <dimen name="dm398">1990px</dimen>
    <dimen name="dm399">1995px</dimen>
    <dimen name="dm400">2000px</dimen>
    <dimen name="dm401">2005px</dimen>
    <dimen name="dm402">2010px</dimen>
    <dimen name="dm403">2015px</dimen>
    <dimen name="dm404">2020px</dimen>
    <dimen name="dm405">2025px</dimen>
    <dimen name="dm406">2030px</dimen>
    <dimen name="dm407">2035px</dimen>
    <dimen name="dm408">2040px</dimen>
    <dimen name="dm409">2045px</dimen>
    <dimen name="dm410">2050px</dimen>
    <dimen name="dm411">2055px</dimen>
    <dimen name="dm412">2060px</dimen>
    <dimen name="dm413">2065px</dimen>
    <dimen name="dm414">2070px</dimen>
    <dimen name="dm415">2075px</dimen>
    <dimen name="dm416">2080px</dimen>
    <dimen name="dm417">2085px</dimen>
    <dimen name="dm418">2090px</dimen>
    <dimen name="dm419">2095px</dimen>
    <dimen name="dm420">2100px</dimen>
    <dimen name="dm421">2105px</dimen>
    <dimen name="dm422">2110px</dimen>
    <dimen name="dm423">2115px</dimen>
    <dimen name="dm424">2120px</dimen>
    <dimen name="dm425">2125px</dimen>
    <dimen name="dm426">2130px</dimen>
    <dimen name="dm427">2135px</dimen>
    <dimen name="dm428">2140px</dimen>
    <dimen name="dm429">2145px</dimen>
    <dimen name="dm430">2150px</dimen>
    <dimen name="dm431">2155px</dimen>
    <dimen name="dm432">2160px</dimen>
    <dimen name="dm433">2165px</dimen>
    <dimen name="dm434">2170px</dimen>
    <dimen name="dm435">2175px</dimen>
    <dimen name="dm436">2180px</dimen>
    <dimen name="dm437">2185px</dimen>
    <dimen name="dm438">2190px</dimen>
    <dimen name="dm439">2195px</dimen>
    <dimen name="dm440">2200px</dimen>
    <dimen name="dm441">2205px</dimen>
    <dimen name="dm442">2210px</dimen>
    <dimen name="dm443">2215px</dimen>
    <dimen name="dm444">2220px</dimen>
    <dimen name="dm445">2225px</dimen>
    <dimen name="dm446">2230px</dimen>
    <dimen name="dm447">2235px</dimen>
    <dimen name="dm448">2240px</dimen>
    <dimen name="dm449">2245px</dimen>
    <dimen name="dm450">2250px</dimen>
    <dimen name="dm451">2255px</dimen>
    <dimen name="dm452">2260px</dimen>
    <dimen name="dm453">2265px</dimen>
    <dimen name="dm454">2270px</dimen>
    <dimen name="dm455">2275px</dimen>
    <dimen name="dm456">2280px</dimen>
    <dimen name="dm457">2285px</dimen>
    <dimen name="dm458">2290px</dimen>
    <dimen name="dm459">2295px</dimen>
    <dimen name="dm460">2300px</dimen>
    <dimen name="dm461">2305px</dimen>
    <dimen name="dm462">2310px</dimen>
    <dimen name="dm463">2315px</dimen>
    <dimen name="dm464">2320px</dimen>
    <dimen name="dm465">2325px</dimen>
    <dimen name="dm466">2330px</dimen>
    <dimen name="dm467">2335px</dimen>
    <dimen name="dm468">2340px</dimen>
    <dimen name="dm469">2345px</dimen>
    <dimen name="dm470">2350px</dimen>
    <dimen name="dm471">2355px</dimen>
    <dimen name="dm472">2360px</dimen>
    <dimen name="dm473">2365px</dimen>
    <dimen name="dm474">2370px</dimen>
    <dimen name="dm475">2375px</dimen>
    <dimen name="dm476">2380px</dimen>
    <dimen name="dm477">2385px</dimen>
    <dimen name="dm478">2390px</dimen>
    <dimen name="dm479">2395px</dimen>
    <dimen name="dm480">2400px</dimen>
    <dimen name="dm481">2405px</dimen>
    <dimen name="dm482">2410px</dimen>
    <dimen name="dm483">2415px</dimen>
    <dimen name="dm484">2420px</dimen>
    <dimen name="dm485">2425px</dimen>
    <dimen name="dm486">2430px</dimen>
    <dimen name="dm487">2435px</dimen>
    <dimen name="dm488">2440px</dimen>
    <dimen name="dm489">2445px</dimen>
    <dimen name="dm490">2450px</dimen>
    <dimen name="dm491">2455px</dimen>
    <dimen name="dm492">2460px</dimen>
    <dimen name="dm493">2465px</dimen>
    <dimen name="dm494">2470px</dimen>
    <dimen name="dm495">2475px</dimen>
    <dimen name="dm496">2480px</dimen>
    <dimen name="dm497">2485px</dimen>
    <dimen name="dm498">2490px</dimen>
    <dimen name="dm499">2495px</dimen>
    <dimen name="dm500">2500px</dimen>
    <dimen name="dm501">2505px</dimen>
    <dimen name="dm502">2510px</dimen>
    <dimen name="dm503">2515px</dimen>
    <dimen name="dm504">2520px</dimen>
    <dimen name="dm505">2525px</dimen>
    <dimen name="dm506">2530px</dimen>
    <dimen name="dm507">2535px</dimen>
    <dimen name="dm508">2540px</dimen>
    <dimen name="dm509">2545px</dimen>
    <dimen name="dm510">2550px</dimen>
    <dimen name="dm511">2555px</dimen>
    <dimen name="dm512">2560px</dimen>
    <dimen name="dm513">2565px</dimen>
    <dimen name="dm514">2570px</dimen>
    <dimen name="dm515">2575px</dimen>
    <dimen name="dm516">2580px</dimen>
    <dimen name="dm517">2585px</dimen>
    <dimen name="dm518">2590px</dimen>
    <dimen name="dm519">2595px</dimen>
    <dimen name="dm520">2600px</dimen>
    <dimen name="dm521">2605px</dimen>
    <dimen name="dm522">2610px</dimen>
    <dimen name="dm523">2615px</dimen>
    <dimen name="dm524">2620px</dimen>
    <dimen name="dm525">2625px</dimen>
    <dimen name="dm526">2630px</dimen>
    <dimen name="dm527">2635px</dimen>
    <dimen name="dm528">2640px</dimen>
    <dimen name="dm529">2645px</dimen>
    <dimen name="dm530">2650px</dimen>
    <dimen name="dm531">2655px</dimen>
    <dimen name="dm532">2660px</dimen>
    <dimen name="dm533">2665px</dimen>
    <dimen name="dm534">2670px</dimen>
    <dimen name="dm535">2675px</dimen>
    <dimen name="dm536">2680px</dimen>
    <dimen name="dm537">2685px</dimen>
    <dimen name="dm538">2690px</dimen>
    <dimen name="dm539">2695px</dimen>
    <dimen name="dm540">2700px</dimen>
    <dimen name="dm541">2705px</dimen>
    <dimen name="dm542">2710px</dimen>
    <dimen name="dm543">2715px</dimen>
    <dimen name="dm544">2720px</dimen>
    <dimen name="dm545">2725px</dimen>
    <dimen name="dm546">2730px</dimen>
    <dimen name="dm547">2735px</dimen>
    <dimen name="dm548">2740px</dimen>
    <dimen name="dm549">2745px</dimen>
    <dimen name="dm550">2750px</dimen>
    <dimen name="dm551">2755px</dimen>
    <dimen name="dm552">2760px</dimen>
    <dimen name="dm553">2765px</dimen>
    <dimen name="dm554">2770px</dimen>
    <dimen name="dm555">2775px</dimen>
    <dimen name="dm556">2780px</dimen>
    <dimen name="dm557">2785px</dimen>
    <dimen name="dm558">2790px</dimen>
    <dimen name="dm559">2795px</dimen>
    <dimen name="dm560">2800px</dimen>
    <dimen name="dm561">2805px</dimen>
    <dimen name="dm562">2810px</dimen>
    <dimen name="dm563">2815px</dimen>
    <dimen name="dm564">2820px</dimen>
    <dimen name="dm565">2825px</dimen>
    <dimen name="dm566">2830px</dimen>
    <dimen name="dm567">2835px</dimen>
    <dimen name="dm568">2840px</dimen>
    <dimen name="dm569">2845px</dimen>
    <dimen name="dm570">2850px</dimen>
    <dimen name="dm571">2855px</dimen>
    <dimen name="dm572">2860px</dimen>
    <dimen name="dm573">2865px</dimen>
    <dimen name="dm574">2870px</dimen>
    <dimen name="dm575">2875px</dimen>
    <dimen name="dm576">2880px</dimen>
    <dimen name="dm577">2885px</dimen>
    <dimen name="dm578">2890px</dimen>
    <dimen name="dm579">2895px</dimen>
    <dimen name="dm580">2900px</dimen>
    <dimen name="dm581">2905px</dimen>
    <dimen name="dm582">2910px</dimen>
    <dimen name="dm583">2915px</dimen>
    <dimen name="dm584">2920px</dimen>
    <dimen name="dm585">2925px</dimen>
    <dimen name="dm586">2930px</dimen>
    <dimen name="dm587">2935px</dimen>
    <dimen name="dm588">2940px</dimen>
    <dimen name="dm589">2945px</dimen>
    <dimen name="dm590">2950px</dimen>
    <dimen name="dm591">2955px</dimen>
    <dimen name="dm592">2960px</dimen>
    <dimen name="dm593">2965px</dimen>
    <dimen name="dm594">2970px</dimen>
    <dimen name="dm595">2975px</dimen>
    <dimen name="dm596">2980px</dimen>
    <dimen name="dm597">2985px</dimen>
    <dimen name="dm598">2990px</dimen>
    <dimen name="dm599">2995px</dimen>
    <dimen name="dm600">3000px</dimen>
    <dimen name="dm601">3005px</dimen>
    <dimen name="dm602">3010px</dimen>
    <dimen name="dm603">3015px</dimen>
    <dimen name="dm604">3020px</dimen>
    <dimen name="dm605">3025px</dimen>
    <dimen name="dm606">3030px</dimen>
    <dimen name="dm607">3035px</dimen>
    <dimen name="dm608">3040px</dimen>
    <dimen name="dm609">3045px</dimen>
    <dimen name="dm610">3050px</dimen>
    <dimen name="dm611">3055px</dimen>
    <dimen name="dm612">3060px</dimen>
    <dimen name="dm613">3065px</dimen>
    <dimen name="dm614">3070px</dimen>
    <dimen name="dm615">3075px</dimen>
    <dimen name="dm616">3080px</dimen>
    <dimen name="dm617">3085px</dimen>
    <dimen name="dm618">3090px</dimen>
    <dimen name="dm619">3095px</dimen>
    <dimen name="dm620">3100px</dimen>
    <dimen name="dm621">3105px</dimen>
    <dimen name="dm622">3110px</dimen>
    <dimen name="dm623">3115px</dimen>
    <dimen name="dm624">3120px</dimen>
    <dimen name="dm625">3125px</dimen>
    <dimen name="dm626">3130px</dimen>
    <dimen name="dm627">3135px</dimen>
    <dimen name="dm628">3140px</dimen>
    <dimen name="dm629">3145px</dimen>
    <dimen name="dm630">3150px</dimen>
    <dimen name="dm631">3155px</dimen>
    <dimen name="dm632">3160px</dimen>
    <dimen name="dm633">3165px</dimen>
    <dimen name="dm634">3170px</dimen>
    <dimen name="dm635">3175px</dimen>
    <dimen name="dm636">3180px</dimen>
    <dimen name="dm637">3185px</dimen>
    <dimen name="dm638">3190px</dimen>
    <dimen name="dm639">3195px</dimen>
    <dimen name="dm640">3200px</dimen>
    <dimen name="dm641">3205px</dimen>
    <dimen name="dm642">3210px</dimen>
    <dimen name="dm643">3215px</dimen>
    <dimen name="dm644">3220px</dimen>
    <dimen name="dm645">3225px</dimen>
    <dimen name="dm646">3230px</dimen>
    <dimen name="dm647">3235px</dimen>
    <dimen name="dm648">3240px</dimen>
    <dimen name="dm649">3245px</dimen>
    <dimen name="dm650">3250px</dimen>
    <dimen name="dm651">3255px</dimen>
    <dimen name="dm652">3260px</dimen>
    <dimen name="dm653">3265px</dimen>
    <dimen name="dm654">3270px</dimen>
    <dimen name="dm655">3275px</dimen>
    <dimen name="dm656">3280px</dimen>
    <dimen name="dm657">3285px</dimen>
    <dimen name="dm658">3290px</dimen>
    <dimen name="dm659">3295px</dimen>
    <dimen name="dm660">3300px</dimen>
    <dimen name="dm661">3305px</dimen>
    <dimen name="dm662">3310px</dimen>
    <dimen name="dm663">3315px</dimen>
    <dimen name="dm664">3320px</dimen>
    <dimen name="dm665">3325px</dimen>
    <dimen name="dm666">3330px</dimen>
    <dimen name="dm667">3335px</dimen>
    <dimen name="dm668">3340px</dimen>
    <dimen name="dm669">3345px</dimen>
    <dimen name="dm670">3350px</dimen>
    <dimen name="dm671">3355px</dimen>
    <dimen name="dm672">3360px</dimen>
    <dimen name="dm673">3365px</dimen>
    <dimen name="dm674">3370px</dimen>
    <dimen name="dm675">3375px</dimen>
    <dimen name="dm676">3380px</dimen>
    <dimen name="dm677">3385px</dimen>
    <dimen name="dm678">3390px</dimen>
    <dimen name="dm679">3395px</dimen>
    <dimen name="dm680">3400px</dimen>
    <dimen name="dm681">3405px</dimen>
    <dimen name="dm682">3410px</dimen>
    <dimen name="dm683">3415px</dimen>
    <dimen name="dm684">3420px</dimen>
    <dimen name="dm685">3425px</dimen>
    <dimen name="dm686">3430px</dimen>
    <dimen name="dm687">3435px</dimen>
    <dimen name="dm688">3440px</dimen>
    <dimen name="dm689">3445px</dimen>
    <dimen name="dm690">3450px</dimen>
    <dimen name="dm691">3455px</dimen>
    <dimen name="dm692">3460px</dimen>
    <dimen name="dm693">3465px</dimen>
    <dimen name="dm694">3470px</dimen>
    <dimen name="dm695">3475px</dimen>
    <dimen name="dm696">3480px</dimen>
    <dimen name="dm697">3485px</dimen>
    <dimen name="dm698">3490px</dimen>
    <dimen name="dm699">3495px</dimen>
    <dimen name="dm700">3500px</dimen>
    <dimen name="dm701">3505px</dimen>
    <dimen name="dm702">3510px</dimen>
    <dimen name="dm703">3515px</dimen>
    <dimen name="dm704">3520px</dimen>
    <dimen name="dm705">3525px</dimen>
    <dimen name="dm706">3530px</dimen>
    <dimen name="dm707">3535px</dimen>
    <dimen name="dm708">3540px</dimen>
    <dimen name="dm709">3545px</dimen>
    <dimen name="dm710">3550px</dimen>
    <dimen name="dm711">3555px</dimen>
    <dimen name="dm712">3560px</dimen>
    <dimen name="dm713">3565px</dimen>
    <dimen name="dm714">3570px</dimen>
    <dimen name="dm715">3575px</dimen>
    <dimen name="dm716">3580px</dimen>
    <dimen name="dm717">3585px</dimen>
    <dimen name="dm718">3590px</dimen>
    <dimen name="dm719">3595px</dimen>
    <dimen name="dm720">3600px</dimen>
    <dimen name="dm721">3605px</dimen>
    <dimen name="dm722">3610px</dimen>
    <dimen name="dm723">3615px</dimen>
    <dimen name="dm724">3620px</dimen>
    <dimen name="dm725">3625px</dimen>
    <dimen name="dm726">3630px</dimen>
    <dimen name="dm727">3635px</dimen>
    <dimen name="dm728">3640px</dimen>
    <dimen name="dm729">3645px</dimen>
    <dimen name="dm730">3650px</dimen>
    <dimen name="dm731">3655px</dimen>
    <dimen name="dm732">3660px</dimen>
    <dimen name="dm733">3665px</dimen>
    <dimen name="dm734">3670px</dimen>
    <dimen name="dm735">3675px</dimen>
    <dimen name="dm736">3680px</dimen>
    <dimen name="dm737">3685px</dimen>
    <dimen name="dm738">3690px</dimen>
    <dimen name="dm739">3695px</dimen>
    <dimen name="dm740">3700px</dimen>
    <dimen name="dm741">3705px</dimen>
    <dimen name="dm742">3710px</dimen>
    <dimen name="dm743">3715px</dimen>
    <dimen name="dm744">3720px</dimen>
    <dimen name="dm745">3725px</dimen>
    <dimen name="dm746">3730px</dimen>
    <dimen name="dm747">3735px</dimen>
    <dimen name="dm748">3740px</dimen>
    <dimen name="dm749">3745px</dimen>
    <dimen name="dm750">3750px</dimen>
    <dimen name="dm751">3755px</dimen>
    <dimen name="dm752">3760px</dimen>
    <dimen name="dm753">3765px</dimen>
    <dimen name="dm754">3770px</dimen>
    <dimen name="dm755">3775px</dimen>
    <dimen name="dm756">3780px</dimen>
    <dimen name="dm757">3785px</dimen>
    <dimen name="dm758">3790px</dimen>
    <dimen name="dm759">3795px</dimen>
    <dimen name="dm760">3800px</dimen>
    <dimen name="dm761">3805px</dimen>
    <dimen name="dm762">3810px</dimen>
    <dimen name="dm763">3815px</dimen>
    <dimen name="dm764">3820px</dimen>
    <dimen name="dm765">3825px</dimen>
    <dimen name="dm766">3830px</dimen>
    <dimen name="dm767">3835px</dimen>
    <dimen name="dm768">3840px</dimen>
    <dimen name="dm769">3845px</dimen>
    <dimen name="dm770">3850px</dimen>
    <dimen name="dm771">3855px</dimen>
    <dimen name="dm772">3860px</dimen>
    <dimen name="dm773">3865px</dimen>
    <dimen name="dm774">3870px</dimen>
    <dimen name="dm775">3875px</dimen>
    <dimen name="dm776">3880px</dimen>
    <dimen name="dm777">3885px</dimen>
    <dimen name="dm778">3890px</dimen>
    <dimen name="dm779">3895px</dimen>
    <dimen name="dm780">3900px</dimen>
    <dimen name="dm781">3905px</dimen>
    <dimen name="dm782">3910px</dimen>
    <dimen name="dm783">3915px</dimen>
    <dimen name="dm784">3920px</dimen>
    <dimen name="dm785">3925px</dimen>
    <dimen name="dm786">3930px</dimen>
    <dimen name="dm787">3935px</dimen>
    <dimen name="dm788">3940px</dimen>
    <dimen name="dm789">3945px</dimen>
    <dimen name="dm790">3950px</dimen>
    <dimen name="dm791">3955px</dimen>
    <dimen name="dm792">3960px</dimen>
    <dimen name="dm793">3965px</dimen>
    <dimen name="dm794">3970px</dimen>
    <dimen name="dm795">3975px</dimen>
    <dimen name="dm796">3980px</dimen>
    <dimen name="dm797">3985px</dimen>
    <dimen name="dm798">3990px</dimen>
    <dimen name="dm799">3995px</dimen>
    <dimen name="dm800">4000px</dimen>
    <dimen name="dm801">4005px</dimen>
    <dimen name="dm802">4010px</dimen>
    <dimen name="dm803">4015px</dimen>
    <dimen name="dm804">4020px</dimen>
    <dimen name="dm805">4025px</dimen>
    <dimen name="dm806">4030px</dimen>
    <dimen name="dm807">4035px</dimen>
    <dimen name="dm808">4040px</dimen>
    <dimen name="dm809">4045px</dimen>
    <dimen name="dm810">4050px</dimen>
    <dimen name="dm811">4055px</dimen>
    <dimen name="dm812">4060px</dimen>
    <dimen name="dm813">4065px</dimen>
    <dimen name="dm814">4070px</dimen>
    <dimen name="dm815">4075px</dimen>
    <dimen name="dm816">4080px</dimen>
    <dimen name="dm817">4085px</dimen>
    <dimen name="dm818">4090px</dimen>
    <dimen name="dm819">4095px</dimen>
    <dimen name="dm820">4100px</dimen>
    <dimen name="dm821">4105px</dimen>
    <dimen name="dm822">4110px</dimen>
    <dimen name="dm823">4115px</dimen>
    <dimen name="dm824">4120px</dimen>
    <dimen name="dm825">4125px</dimen>
    <dimen name="dm826">4130px</dimen>
    <dimen name="dm827">4135px</dimen>
    <dimen name="dm828">4140px</dimen>
    <dimen name="dm829">4145px</dimen>
    <dimen name="dm830">4150px</dimen>
    <dimen name="dm831">4155px</dimen>
    <dimen name="dm832">4160px</dimen>
    <dimen name="dm833">4165px</dimen>
    <dimen name="dm834">4170px</dimen>
    <dimen name="dm835">4175px</dimen>
    <dimen name="dm836">4180px</dimen>
    <dimen name="dm837">4185px</dimen>
    <dimen name="dm838">4190px</dimen>
    <dimen name="dm839">4195px</dimen>
    <dimen name="dm840">4200px</dimen>
    <dimen name="dm841">4205px</dimen>
    <dimen name="dm842">4210px</dimen>
    <dimen name="dm843">4215px</dimen>
    <dimen name="dm844">4220px</dimen>
    <dimen name="dm845">4225px</dimen>
    <dimen name="dm846">4230px</dimen>
    <dimen name="dm847">4235px</dimen>
    <dimen name="dm848">4240px</dimen>
    <dimen name="dm849">4245px</dimen>
    <dimen name="dm850">4250px</dimen>
    <dimen name="dm851">4255px</dimen>
    <dimen name="dm852">4260px</dimen>
    <dimen name="dm853">4265px</dimen>
    <dimen name="dm854">4270px</dimen>
    <dimen name="dm855">4275px</dimen>
    <dimen name="dm856">4280px</dimen>
    <dimen name="dm857">4285px</dimen>
    <dimen name="dm858">4290px</dimen>
    <dimen name="dm859">4295px</dimen>
    <dimen name="dm860">4300px</dimen>
    <dimen name="dm861">4305px</dimen>
    <dimen name="dm862">4310px</dimen>
    <dimen name="dm863">4315px</dimen>
    <dimen name="dm864">4320px</dimen>
    <dimen name="dm865">4325px</dimen>
    <dimen name="dm866">4330px</dimen>
    <dimen name="dm867">4335px</dimen>
    <dimen name="dm868">4340px</dimen>
    <dimen name="dm869">4345px</dimen>
    <dimen name="dm870">4350px</dimen>
    <dimen name="dm871">4355px</dimen>
    <dimen name="dm872">4360px</dimen>
    <dimen name="dm873">4365px</dimen>
    <dimen name="dm874">4370px</dimen>
    <dimen name="dm875">4375px</dimen>
    <dimen name="dm876">4380px</dimen>
    <dimen name="dm877">4385px</dimen>
    <dimen name="dm878">4390px</dimen>
    <dimen name="dm879">4395px</dimen>
    <dimen name="dm880">4400px</dimen>
    <dimen name="dm881">4405px</dimen>
    <dimen name="dm882">4410px</dimen>
    <dimen name="dm883">4415px</dimen>
    <dimen name="dm884">4420px</dimen>
    <dimen name="dm885">4425px</dimen>
    <dimen name="dm886">4430px</dimen>
    <dimen name="dm887">4435px</dimen>
    <dimen name="dm888">4440px</dimen>
    <dimen name="dm889">4445px</dimen>
    <dimen name="dm890">4450px</dimen>
    <dimen name="dm891">4455px</dimen>
    <dimen name="dm892">4460px</dimen>
    <dimen name="dm893">4465px</dimen>
    <dimen name="dm894">4470px</dimen>
    <dimen name="dm895">4475px</dimen>
    <dimen name="dm896">4480px</dimen>
    <dimen name="dm897">4485px</dimen>
    <dimen name="dm898">4490px</dimen>
    <dimen name="dm899">4495px</dimen>
    <dimen name="dm900">4500px</dimen>
    <dimen name="dm901">4505px</dimen>
    <dimen name="dm902">4510px</dimen>
    <dimen name="dm903">4515px</dimen>
    <dimen name="dm904">4520px</dimen>
    <dimen name="dm905">4525px</dimen>
    <dimen name="dm906">4530px</dimen>
    <dimen name="dm907">4535px</dimen>
    <dimen name="dm908">4540px</dimen>
    <dimen name="dm909">4545px</dimen>
    <dimen name="dm910">4550px</dimen>
    <dimen name="dm911">4555px</dimen>
    <dimen name="dm912">4560px</dimen>
    <dimen name="dm913">4565px</dimen>
    <dimen name="dm914">4570px</dimen>
    <dimen name="dm915">4575px</dimen>
    <dimen name="dm916">4580px</dimen>
    <dimen name="dm917">4585px</dimen>
    <dimen name="dm918">4590px</dimen>
    <dimen name="dm919">4595px</dimen>
    <dimen name="dm920">4600px</dimen>
    <dimen name="dm921">4605px</dimen>
    <dimen name="dm922">4610px</dimen>
    <dimen name="dm923">4615px</dimen>
    <dimen name="dm924">4620px</dimen>
    <dimen name="dm925">4625px</dimen>
    <dimen name="dm926">4630px</dimen>
    <dimen name="dm927">4635px</dimen>
    <dimen name="dm928">4640px</dimen>
    <dimen name="dm929">4645px</dimen>
    <dimen name="dm930">4650px</dimen>
    <dimen name="dm931">4655px</dimen>
    <dimen name="dm932">4660px</dimen>
    <dimen name="dm933">4665px</dimen>
    <dimen name="dm934">4670px</dimen>
    <dimen name="dm935">4675px</dimen>
    <dimen name="dm936">4680px</dimen>
    <dimen name="dm937">4685px</dimen>
    <dimen name="dm938">4690px</dimen>
    <dimen name="dm939">4695px</dimen>
    <dimen name="dm940">4700px</dimen>
    <dimen name="dm941">4705px</dimen>
    <dimen name="dm942">4710px</dimen>
    <dimen name="dm943">4715px</dimen>
    <dimen name="dm944">4720px</dimen>
    <dimen name="dm945">4725px</dimen>
    <dimen name="dm946">4730px</dimen>
    <dimen name="dm947">4735px</dimen>
    <dimen name="dm948">4740px</dimen>
    <dimen name="dm949">4745px</dimen>
    <dimen name="dm950">4750px</dimen>
    <dimen name="dm951">4755px</dimen>
    <dimen name="dm952">4760px</dimen>
    <dimen name="dm953">4765px</dimen>
    <dimen name="dm954">4770px</dimen>
    <dimen name="dm955">4775px</dimen>
    <dimen name="dm956">4780px</dimen>
    <dimen name="dm957">4785px</dimen>
    <dimen name="dm958">4790px</dimen>
    <dimen name="dm959">4795px</dimen>
    <dimen name="dm960">4800px</dimen>
    <dimen name="dm961">4805px</dimen>
    <dimen name="dm962">4810px</dimen>
    <dimen name="dm963">4815px</dimen>
    <dimen name="dm964">4820px</dimen>
    <dimen name="dm965">4825px</dimen>
    <dimen name="dm966">4830px</dimen>
    <dimen name="dm967">4835px</dimen>
    <dimen name="dm968">4840px</dimen>
    <dimen name="dm969">4845px</dimen>
    <dimen name="dm970">4850px</dimen>
    <dimen name="dm971">4855px</dimen>
    <dimen name="dm972">4860px</dimen>
    <dimen name="dm973">4865px</dimen>
    <dimen name="dm974">4870px</dimen>
    <dimen name="dm975">4875px</dimen>
    <dimen name="dm976">4880px</dimen>
    <dimen name="dm977">4885px</dimen>
    <dimen name="dm978">4890px</dimen>
    <dimen name="dm979">4895px</dimen>
    <dimen name="dm980">4900px</dimen>
    <dimen name="dm981">4905px</dimen>
    <dimen name="dm982">4910px</dimen>
    <dimen name="dm983">4915px</dimen>
    <dimen name="dm984">4920px</dimen>
    <dimen name="dm985">4925px</dimen>
    <dimen name="dm986">4930px</dimen>
    <dimen name="dm987">4935px</dimen>
    <dimen name="dm988">4940px</dimen>
    <dimen name="dm989">4945px</dimen>
    <dimen name="dm990">4950px</dimen>
    <dimen name="dm991">4955px</dimen>
    <dimen name="dm992">4960px</dimen>
    <dimen name="dm993">4965px</dimen>
    <dimen name="dm994">4970px</dimen>
    <dimen name="dm995">4975px</dimen>
    <dimen name="dm996">4980px</dimen>
    <dimen name="dm997">4985px</dimen>
    <dimen name="dm998">4990px</dimen>
    <dimen name="dm999">4995px</dimen>

</resources>