<resources>

    <dimen name="dm_200">-437px</dimen>
    <dimen name="dm_199">-434px</dimen>
    <dimen name="dm_198">-432px</dimen>
    <dimen name="dm_197">-430px</dimen>
    <dimen name="dm_196">-428px</dimen>
    <dimen name="dm_195">-426px</dimen>
    <dimen name="dm_194">-423px</dimen>
    <dimen name="dm_193">-421px</dimen>
    <dimen name="dm_192">-419px</dimen>
    <dimen name="dm_191">-417px</dimen>
    <dimen name="dm_190">-415px</dimen>
    <dimen name="dm_189">-412px</dimen>
    <dimen name="dm_188">-410px</dimen>
    <dimen name="dm_187">-408px</dimen>
    <dimen name="dm_186">-406px</dimen>
    <dimen name="dm_185">-404px</dimen>
    <dimen name="dm_184">-402px</dimen>
    <dimen name="dm_183">-399px</dimen>
    <dimen name="dm_182">-397px</dimen>
    <dimen name="dm_181">-395px</dimen>
    <dimen name="dm_180">-393px</dimen>
    <dimen name="dm_179">-391px</dimen>
    <dimen name="dm_178">-388px</dimen>
    <dimen name="dm_177">-386px</dimen>
    <dimen name="dm_176">-384px</dimen>
    <dimen name="dm_175">-382px</dimen>
    <dimen name="dm_174">-380px</dimen>
    <dimen name="dm_173">-377px</dimen>
    <dimen name="dm_172">-375px</dimen>
    <dimen name="dm_171">-373px</dimen>
    <dimen name="dm_170">-371px</dimen>
    <dimen name="dm_169">-369px</dimen>
    <dimen name="dm_168">-367px</dimen>
    <dimen name="dm_167">-364px</dimen>
    <dimen name="dm_166">-362px</dimen>
    <dimen name="dm_165">-360px</dimen>
    <dimen name="dm_164">-358px</dimen>
    <dimen name="dm_163">-356px</dimen>
    <dimen name="dm_162">-353px</dimen>
    <dimen name="dm_161">-351px</dimen>
    <dimen name="dm_160">-349px</dimen>
    <dimen name="dm_159">-347px</dimen>
    <dimen name="dm_158">-345px</dimen>
    <dimen name="dm_157">-342px</dimen>
    <dimen name="dm_156">-340px</dimen>
    <dimen name="dm_155">-338px</dimen>
    <dimen name="dm_154">-336px</dimen>
    <dimen name="dm_153">-334px</dimen>
    <dimen name="dm_152">-332px</dimen>
    <dimen name="dm_151">-329px</dimen>
    <dimen name="dm_150">-327px</dimen>
    <dimen name="dm_149">-325px</dimen>
    <dimen name="dm_148">-323px</dimen>
    <dimen name="dm_147">-321px</dimen>
    <dimen name="dm_146">-318px</dimen>
    <dimen name="dm_145">-316px</dimen>
    <dimen name="dm_144">-314px</dimen>
    <dimen name="dm_143">-312px</dimen>
    <dimen name="dm_142">-310px</dimen>
    <dimen name="dm_141">-307px</dimen>
    <dimen name="dm_140">-305px</dimen>
    <dimen name="dm_139">-303px</dimen>
    <dimen name="dm_138">-301px</dimen>
    <dimen name="dm_137">-299px</dimen>
    <dimen name="dm_136">-297px</dimen>
    <dimen name="dm_135">-294px</dimen>
    <dimen name="dm_134">-292px</dimen>
    <dimen name="dm_133">-290px</dimen>
    <dimen name="dm_132">-288px</dimen>
    <dimen name="dm_131">-286px</dimen>
    <dimen name="dm_130">-283px</dimen>
    <dimen name="dm_129">-281px</dimen>
    <dimen name="dm_128">-279px</dimen>
    <dimen name="dm_127">-277px</dimen>
    <dimen name="dm_126">-275px</dimen>
    <dimen name="dm_125">-272px</dimen>
    <dimen name="dm_124">-270px</dimen>
    <dimen name="dm_123">-268px</dimen>
    <dimen name="dm_122">-266px</dimen>
    <dimen name="dm_121">-264px</dimen>
    <dimen name="dm_120">-262px</dimen>
    <dimen name="dm_119">-259px</dimen>
    <dimen name="dm_118">-257px</dimen>
    <dimen name="dm_117">-255px</dimen>
    <dimen name="dm_116">-253px</dimen>
    <dimen name="dm_115">-251px</dimen>
    <dimen name="dm_114">-248px</dimen>
    <dimen name="dm_113">-246px</dimen>
    <dimen name="dm_112">-244px</dimen>
    <dimen name="dm_111">-242px</dimen>
    <dimen name="dm_110">-240px</dimen>
    <dimen name="dm_109">-237px</dimen>
    <dimen name="dm_108">-235px</dimen>
    <dimen name="dm_107">-233px</dimen>
    <dimen name="dm_106">-231px</dimen>
    <dimen name="dm_105">-229px</dimen>
    <dimen name="dm_104">-227px</dimen>
    <dimen name="dm_103">-224px</dimen>
    <dimen name="dm_102">-222px</dimen>
    <dimen name="dm_101">-220px</dimen>
    <dimen name="dm_100">-218px</dimen>
    <dimen name="dm_099">-216px</dimen>
    <dimen name="dm_098">-213px</dimen>
    <dimen name="dm_097">-211px</dimen>
    <dimen name="dm_096">-209px</dimen>
    <dimen name="dm_095">-207px</dimen>
    <dimen name="dm_094">-205px</dimen>
    <dimen name="dm_093">-202px</dimen>
    <dimen name="dm_092">-200px</dimen>
    <dimen name="dm_091">-198px</dimen>
    <dimen name="dm_090">-196px</dimen>
    <dimen name="dm_089">-194px</dimen>
    <dimen name="dm_088">-192px</dimen>
    <dimen name="dm_087">-189px</dimen>
    <dimen name="dm_086">-187px</dimen>
    <dimen name="dm_085">-185px</dimen>
    <dimen name="dm_084">-183px</dimen>
    <dimen name="dm_083">-181px</dimen>
    <dimen name="dm_082">-178px</dimen>
    <dimen name="dm_081">-176px</dimen>
    <dimen name="dm_080">-174px</dimen>
    <dimen name="dm_079">-172px</dimen>
    <dimen name="dm_078">-170px</dimen>
    <dimen name="dm_077">-167px</dimen>
    <dimen name="dm_076">-165px</dimen>
    <dimen name="dm_075">-163px</dimen>
    <dimen name="dm_074">-161px</dimen>
    <dimen name="dm_073">-159px</dimen>
    <dimen name="dm_072">-157px</dimen>
    <dimen name="dm_071">-154px</dimen>
    <dimen name="dm_070">-152px</dimen>
    <dimen name="dm_069">-150px</dimen>
    <dimen name="dm_068">-148px</dimen>
    <dimen name="dm_067">-146px</dimen>
    <dimen name="dm_066">-143px</dimen>
    <dimen name="dm_065">-141px</dimen>
    <dimen name="dm_064">-139px</dimen>
    <dimen name="dm_063">-137px</dimen>
    <dimen name="dm_062">-135px</dimen>
    <dimen name="dm_061">-132px</dimen>
    <dimen name="dm_060">-130px</dimen>
    <dimen name="dm_059">-128px</dimen>
    <dimen name="dm_058">-126px</dimen>
    <dimen name="dm_057">-124px</dimen>
    <dimen name="dm_056">-122px</dimen>
    <dimen name="dm_055">-119px</dimen>
    <dimen name="dm_054">-117px</dimen>
    <dimen name="dm_053">-115px</dimen>
    <dimen name="dm_052">-113px</dimen>
    <dimen name="dm_051">-111px</dimen>
    <dimen name="dm_050">-108px</dimen>
    <dimen name="dm_049">-106px</dimen>
    <dimen name="dm_048">-104px</dimen>
    <dimen name="dm_047">-102px</dimen>
    <dimen name="dm_046">-100px</dimen>
    <dimen name="dm_045">-97px</dimen>
    <dimen name="dm_044">-95px</dimen>
    <dimen name="dm_043">-93px</dimen>
    <dimen name="dm_042">-91px</dimen>
    <dimen name="dm_041">-89px</dimen>
    <dimen name="dm_040">-87px</dimen>
    <dimen name="dm_039">-84px</dimen>
    <dimen name="dm_038">-82px</dimen>
    <dimen name="dm_037">-80px</dimen>
    <dimen name="dm_036">-78px</dimen>
    <dimen name="dm_035">-76px</dimen>
    <dimen name="dm_034">-73px</dimen>
    <dimen name="dm_033">-71px</dimen>
    <dimen name="dm_032">-69px</dimen>
    <dimen name="dm_031">-67px</dimen>
    <dimen name="dm_030">-65px</dimen>
    <dimen name="dm_029">-62px</dimen>
    <dimen name="dm_028">-60px</dimen>
    <dimen name="dm_027">-58px</dimen>
    <dimen name="dm_026">-56px</dimen>
    <dimen name="dm_025">-54px</dimen>
    <dimen name="dm_024">-52px</dimen>
    <dimen name="dm_023">-49px</dimen>
    <dimen name="dm_022">-47px</dimen>
    <dimen name="dm_021">-45px</dimen>
    <dimen name="dm_020">-43px</dimen>
    <dimen name="dm_019">-41px</dimen>
    <dimen name="dm_018">-38px</dimen>
    <dimen name="dm_017">-36px</dimen>
    <dimen name="dm_016">-34px</dimen>
    <dimen name="dm_015">-32px</dimen>
    <dimen name="dm_014">-30px</dimen>
    <dimen name="dm_013">-27px</dimen>
    <dimen name="dm_012">-25px</dimen>
    <dimen name="dm_011">-23px</dimen>
    <dimen name="dm_010">-21px</dimen>
    <dimen name="dm_009">-19px</dimen>
    <dimen name="dm_008">-17px</dimen>
    <dimen name="dm_007">-14px</dimen>
    <dimen name="dm_006">-12px</dimen>
    <dimen name="dm_005">-10px</dimen>
    <dimen name="dm_004">-8px</dimen>
    <dimen name="dm_003">-6px</dimen>
    <dimen name="dm_002">-3px</dimen>
    <dimen name="dm_001">-1px</dimen>
    <dimen name="dm000">0px</dimen>
    <dimen name="dm001">2px</dimen>
    <dimen name="dm002">4px</dimen>
    <dimen name="dm003">7px</dimen>
    <dimen name="dm004">9px</dimen>
    <dimen name="dm005">11px</dimen>
    <dimen name="dm006">13px</dimen>
    <dimen name="dm007">15px</dimen>
    <dimen name="dm008">18px</dimen>
    <dimen name="dm009">20px</dimen>
    <dimen name="dm010">22px</dimen>
    <dimen name="dm011">24px</dimen>
    <dimen name="dm012">26px</dimen>
    <dimen name="dm013">28px</dimen>
    <dimen name="dm014">31px</dimen>
    <dimen name="dm015">33px</dimen>
    <dimen name="dm016">35px</dimen>
    <dimen name="dm017">37px</dimen>
    <dimen name="dm018">39px</dimen>
    <dimen name="dm019">42px</dimen>
    <dimen name="dm020">44px</dimen>
    <dimen name="dm021">46px</dimen>
    <dimen name="dm022">48px</dimen>
    <dimen name="dm023">50px</dimen>
    <dimen name="dm024">53px</dimen>
    <dimen name="dm025">55px</dimen>
    <dimen name="dm026">57px</dimen>
    <dimen name="dm027">59px</dimen>
    <dimen name="dm028">61px</dimen>
    <dimen name="dm029">63px</dimen>
    <dimen name="dm030">66px</dimen>
    <dimen name="dm031">68px</dimen>
    <dimen name="dm032">70px</dimen>
    <dimen name="dm033">72px</dimen>
    <dimen name="dm034">74px</dimen>
    <dimen name="dm035">77px</dimen>
    <dimen name="dm036">79px</dimen>
    <dimen name="dm037">81px</dimen>
    <dimen name="dm038">83px</dimen>
    <dimen name="dm039">85px</dimen>
    <dimen name="dm040">88px</dimen>
    <dimen name="dm041">90px</dimen>
    <dimen name="dm042">92px</dimen>
    <dimen name="dm043">94px</dimen>
    <dimen name="dm044">96px</dimen>
    <dimen name="dm045">98px</dimen>
    <dimen name="dm046">101px</dimen>
    <dimen name="dm047">103px</dimen>
    <dimen name="dm048">105px</dimen>
    <dimen name="dm049">107px</dimen>
    <dimen name="dm050">109px</dimen>
    <dimen name="dm051">112px</dimen>
    <dimen name="dm052">114px</dimen>
    <dimen name="dm053">116px</dimen>
    <dimen name="dm054">118px</dimen>
    <dimen name="dm055">120px</dimen>
    <dimen name="dm056">123px</dimen>
    <dimen name="dm057">125px</dimen>
    <dimen name="dm058">127px</dimen>
    <dimen name="dm059">129px</dimen>
    <dimen name="dm060">131px</dimen>
    <dimen name="dm061">133px</dimen>
    <dimen name="dm062">136px</dimen>
    <dimen name="dm063">138px</dimen>
    <dimen name="dm064">140px</dimen>
    <dimen name="dm065">142px</dimen>
    <dimen name="dm066">144px</dimen>
    <dimen name="dm067">147px</dimen>
    <dimen name="dm068">149px</dimen>
    <dimen name="dm069">151px</dimen>
    <dimen name="dm070">153px</dimen>
    <dimen name="dm071">155px</dimen>
    <dimen name="dm072">158px</dimen>
    <dimen name="dm073">160px</dimen>
    <dimen name="dm074">162px</dimen>
    <dimen name="dm075">164px</dimen>
    <dimen name="dm076">166px</dimen>
    <dimen name="dm077">168px</dimen>
    <dimen name="dm078">171px</dimen>
    <dimen name="dm079">173px</dimen>
    <dimen name="dm080">175px</dimen>
    <dimen name="dm081">177px</dimen>
    <dimen name="dm082">179px</dimen>
    <dimen name="dm083">182px</dimen>
    <dimen name="dm084">184px</dimen>
    <dimen name="dm085">186px</dimen>
    <dimen name="dm086">188px</dimen>
    <dimen name="dm087">190px</dimen>
    <dimen name="dm088">193px</dimen>
    <dimen name="dm089">195px</dimen>
    <dimen name="dm090">197px</dimen>
    <dimen name="dm091">199px</dimen>
    <dimen name="dm092">201px</dimen>
    <dimen name="dm093">203px</dimen>
    <dimen name="dm094">206px</dimen>
    <dimen name="dm095">208px</dimen>
    <dimen name="dm096">210px</dimen>
    <dimen name="dm097">212px</dimen>
    <dimen name="dm098">214px</dimen>
    <dimen name="dm099">217px</dimen>
    <dimen name="dm100">219px</dimen>
    <dimen name="dm101">221px</dimen>
    <dimen name="dm102">223px</dimen>
    <dimen name="dm103">225px</dimen>
    <dimen name="dm104">228px</dimen>
    <dimen name="dm105">230px</dimen>
    <dimen name="dm106">232px</dimen>
    <dimen name="dm107">234px</dimen>
    <dimen name="dm108">236px</dimen>
    <dimen name="dm109">238px</dimen>
    <dimen name="dm110">241px</dimen>
    <dimen name="dm111">243px</dimen>
    <dimen name="dm112">245px</dimen>
    <dimen name="dm113">247px</dimen>
    <dimen name="dm114">249px</dimen>
    <dimen name="dm115">252px</dimen>
    <dimen name="dm116">254px</dimen>
    <dimen name="dm117">256px</dimen>
    <dimen name="dm118">258px</dimen>
    <dimen name="dm119">260px</dimen>
    <dimen name="dm120">263px</dimen>
    <dimen name="dm121">265px</dimen>
    <dimen name="dm122">267px</dimen>
    <dimen name="dm123">269px</dimen>
    <dimen name="dm124">271px</dimen>
    <dimen name="dm125">273px</dimen>
    <dimen name="dm126">276px</dimen>
    <dimen name="dm127">278px</dimen>
    <dimen name="dm128">280px</dimen>
    <dimen name="dm129">282px</dimen>
    <dimen name="dm130">284px</dimen>
    <dimen name="dm131">287px</dimen>
    <dimen name="dm132">289px</dimen>
    <dimen name="dm133">291px</dimen>
    <dimen name="dm134">293px</dimen>
    <dimen name="dm135">295px</dimen>
    <dimen name="dm136">298px</dimen>
    <dimen name="dm137">300px</dimen>
    <dimen name="dm138">302px</dimen>
    <dimen name="dm139">304px</dimen>
    <dimen name="dm140">306px</dimen>
    <dimen name="dm141">308px</dimen>
    <dimen name="dm142">311px</dimen>
    <dimen name="dm143">313px</dimen>
    <dimen name="dm144">315px</dimen>
    <dimen name="dm145">317px</dimen>
    <dimen name="dm146">319px</dimen>
    <dimen name="dm147">322px</dimen>
    <dimen name="dm148">324px</dimen>
    <dimen name="dm149">326px</dimen>
    <dimen name="dm150">328px</dimen>
    <dimen name="dm151">330px</dimen>
    <dimen name="dm152">333px</dimen>
    <dimen name="dm153">335px</dimen>
    <dimen name="dm154">337px</dimen>
    <dimen name="dm155">339px</dimen>
    <dimen name="dm156">341px</dimen>
    <dimen name="dm157">343px</dimen>
    <dimen name="dm158">346px</dimen>
    <dimen name="dm159">348px</dimen>
    <dimen name="dm160">350px</dimen>
    <dimen name="dm161">352px</dimen>
    <dimen name="dm162">354px</dimen>
    <dimen name="dm163">357px</dimen>
    <dimen name="dm164">359px</dimen>
    <dimen name="dm165">361px</dimen>
    <dimen name="dm166">363px</dimen>
    <dimen name="dm167">365px</dimen>
    <dimen name="dm168">368px</dimen>
    <dimen name="dm169">370px</dimen>
    <dimen name="dm170">372px</dimen>
    <dimen name="dm171">374px</dimen>
    <dimen name="dm172">376px</dimen>
    <dimen name="dm173">378px</dimen>
    <dimen name="dm174">381px</dimen>
    <dimen name="dm175">383px</dimen>
    <dimen name="dm176">385px</dimen>
    <dimen name="dm177">387px</dimen>
    <dimen name="dm178">389px</dimen>
    <dimen name="dm179">392px</dimen>
    <dimen name="dm180">394px</dimen>
    <dimen name="dm181">396px</dimen>
    <dimen name="dm182">398px</dimen>
    <dimen name="dm183">400px</dimen>
    <dimen name="dm184">403px</dimen>
    <dimen name="dm185">405px</dimen>
    <dimen name="dm186">407px</dimen>
    <dimen name="dm187">409px</dimen>
    <dimen name="dm188">411px</dimen>
    <dimen name="dm189">413px</dimen>
    <dimen name="dm190">416px</dimen>
    <dimen name="dm191">418px</dimen>
    <dimen name="dm192">420px</dimen>
    <dimen name="dm193">422px</dimen>
    <dimen name="dm194">424px</dimen>
    <dimen name="dm195">427px</dimen>
    <dimen name="dm196">429px</dimen>
    <dimen name="dm197">431px</dimen>
    <dimen name="dm198">433px</dimen>
    <dimen name="dm199">435px</dimen>
    <dimen name="dm200">438px</dimen>
    <dimen name="dm201">440px</dimen>
    <dimen name="dm202">442px</dimen>
    <dimen name="dm203">444px</dimen>
    <dimen name="dm204">446px</dimen>
    <dimen name="dm205">448px</dimen>
    <dimen name="dm206">451px</dimen>
    <dimen name="dm207">453px</dimen>
    <dimen name="dm208">455px</dimen>
    <dimen name="dm209">457px</dimen>
    <dimen name="dm210">459px</dimen>
    <dimen name="dm211">462px</dimen>
    <dimen name="dm212">464px</dimen>
    <dimen name="dm213">466px</dimen>
    <dimen name="dm214">468px</dimen>
    <dimen name="dm215">470px</dimen>
    <dimen name="dm216">473px</dimen>
    <dimen name="dm217">475px</dimen>
    <dimen name="dm218">477px</dimen>
    <dimen name="dm219">479px</dimen>
    <dimen name="dm220">481px</dimen>
    <dimen name="dm221">483px</dimen>
    <dimen name="dm222">486px</dimen>
    <dimen name="dm223">488px</dimen>
    <dimen name="dm224">490px</dimen>
    <dimen name="dm225">492px</dimen>
    <dimen name="dm226">494px</dimen>
    <dimen name="dm227">497px</dimen>
    <dimen name="dm228">499px</dimen>
    <dimen name="dm229">501px</dimen>
    <dimen name="dm230">503px</dimen>
    <dimen name="dm231">505px</dimen>
    <dimen name="dm232">508px</dimen>
    <dimen name="dm233">510px</dimen>
    <dimen name="dm234">512px</dimen>
    <dimen name="dm235">514px</dimen>
    <dimen name="dm236">516px</dimen>
    <dimen name="dm237">518px</dimen>
    <dimen name="dm238">521px</dimen>
    <dimen name="dm239">523px</dimen>
    <dimen name="dm240">525px</dimen>
    <dimen name="dm241">527px</dimen>
    <dimen name="dm242">529px</dimen>
    <dimen name="dm243">532px</dimen>
    <dimen name="dm244">534px</dimen>
    <dimen name="dm245">536px</dimen>
    <dimen name="dm246">538px</dimen>
    <dimen name="dm247">540px</dimen>
    <dimen name="dm248">543px</dimen>
    <dimen name="dm249">545px</dimen>
    <dimen name="dm250">547px</dimen>
    <dimen name="dm251">549px</dimen>
    <dimen name="dm252">551px</dimen>
    <dimen name="dm253">553px</dimen>
    <dimen name="dm254">556px</dimen>
    <dimen name="dm255">558px</dimen>
    <dimen name="dm256">560px</dimen>
    <dimen name="dm257">562px</dimen>
    <dimen name="dm258">564px</dimen>
    <dimen name="dm259">567px</dimen>
    <dimen name="dm260">569px</dimen>
    <dimen name="dm261">571px</dimen>
    <dimen name="dm262">573px</dimen>
    <dimen name="dm263">575px</dimen>
    <dimen name="dm264">578px</dimen>
    <dimen name="dm265">580px</dimen>
    <dimen name="dm266">582px</dimen>
    <dimen name="dm267">584px</dimen>
    <dimen name="dm268">586px</dimen>
    <dimen name="dm269">588px</dimen>
    <dimen name="dm270">591px</dimen>
    <dimen name="dm271">593px</dimen>
    <dimen name="dm272">595px</dimen>
    <dimen name="dm273">597px</dimen>
    <dimen name="dm274">599px</dimen>
    <dimen name="dm275">602px</dimen>
    <dimen name="dm276">604px</dimen>
    <dimen name="dm277">606px</dimen>
    <dimen name="dm278">608px</dimen>
    <dimen name="dm279">610px</dimen>
    <dimen name="dm280">613px</dimen>
    <dimen name="dm281">615px</dimen>
    <dimen name="dm282">617px</dimen>
    <dimen name="dm283">619px</dimen>
    <dimen name="dm284">621px</dimen>
    <dimen name="dm285">623px</dimen>
    <dimen name="dm286">626px</dimen>
    <dimen name="dm287">628px</dimen>
    <dimen name="dm288">630px</dimen>
    <dimen name="dm289">632px</dimen>
    <dimen name="dm290">634px</dimen>
    <dimen name="dm291">637px</dimen>
    <dimen name="dm292">639px</dimen>
    <dimen name="dm293">641px</dimen>
    <dimen name="dm294">643px</dimen>
    <dimen name="dm295">645px</dimen>
    <dimen name="dm296">648px</dimen>
    <dimen name="dm297">650px</dimen>
    <dimen name="dm298">652px</dimen>
    <dimen name="dm299">654px</dimen>
    <dimen name="dm300">656px</dimen>
    <dimen name="dm301">658px</dimen>
    <dimen name="dm302">661px</dimen>
    <dimen name="dm303">663px</dimen>
    <dimen name="dm304">665px</dimen>
    <dimen name="dm305">667px</dimen>
    <dimen name="dm306">669px</dimen>
    <dimen name="dm307">672px</dimen>
    <dimen name="dm308">674px</dimen>
    <dimen name="dm309">676px</dimen>
    <dimen name="dm310">678px</dimen>
    <dimen name="dm311">680px</dimen>
    <dimen name="dm312">683px</dimen>
    <dimen name="dm313">685px</dimen>
    <dimen name="dm314">687px</dimen>
    <dimen name="dm315">689px</dimen>
    <dimen name="dm316">691px</dimen>
    <dimen name="dm317">693px</dimen>
    <dimen name="dm318">696px</dimen>
    <dimen name="dm319">698px</dimen>
    <dimen name="dm320">700px</dimen>
    <dimen name="dm321">702px</dimen>
    <dimen name="dm322">704px</dimen>
    <dimen name="dm323">707px</dimen>
    <dimen name="dm324">709px</dimen>
    <dimen name="dm325">711px</dimen>
    <dimen name="dm326">713px</dimen>
    <dimen name="dm327">715px</dimen>
    <dimen name="dm328">718px</dimen>
    <dimen name="dm329">720px</dimen>
    <dimen name="dm330">722px</dimen>
    <dimen name="dm331">724px</dimen>
    <dimen name="dm332">726px</dimen>
    <dimen name="dm333">728px</dimen>
    <dimen name="dm334">731px</dimen>
    <dimen name="dm335">733px</dimen>
    <dimen name="dm336">735px</dimen>
    <dimen name="dm337">737px</dimen>
    <dimen name="dm338">739px</dimen>
    <dimen name="dm339">742px</dimen>
    <dimen name="dm340">744px</dimen>
    <dimen name="dm341">746px</dimen>
    <dimen name="dm342">748px</dimen>
    <dimen name="dm343">750px</dimen>
    <dimen name="dm344">753px</dimen>
    <dimen name="dm345">755px</dimen>
    <dimen name="dm346">757px</dimen>
    <dimen name="dm347">759px</dimen>
    <dimen name="dm348">761px</dimen>
    <dimen name="dm349">763px</dimen>
    <dimen name="dm350">766px</dimen>
    <dimen name="dm351">768px</dimen>
    <dimen name="dm352">770px</dimen>
    <dimen name="dm353">772px</dimen>
    <dimen name="dm354">774px</dimen>
    <dimen name="dm355">777px</dimen>
    <dimen name="dm356">779px</dimen>
    <dimen name="dm357">781px</dimen>
    <dimen name="dm358">783px</dimen>
    <dimen name="dm359">785px</dimen>
    <dimen name="dm360">788px</dimen>
    <dimen name="dm361">790px</dimen>
    <dimen name="dm362">792px</dimen>
    <dimen name="dm363">794px</dimen>
    <dimen name="dm364">796px</dimen>
    <dimen name="dm365">798px</dimen>
    <dimen name="dm366">801px</dimen>
    <dimen name="dm367">803px</dimen>
    <dimen name="dm368">805px</dimen>
    <dimen name="dm369">807px</dimen>
    <dimen name="dm370">809px</dimen>
    <dimen name="dm371">812px</dimen>
    <dimen name="dm372">814px</dimen>
    <dimen name="dm373">816px</dimen>
    <dimen name="dm374">818px</dimen>
    <dimen name="dm375">820px</dimen>
    <dimen name="dm376">823px</dimen>
    <dimen name="dm377">825px</dimen>
    <dimen name="dm378">827px</dimen>
    <dimen name="dm379">829px</dimen>
    <dimen name="dm380">831px</dimen>
    <dimen name="dm381">833px</dimen>
    <dimen name="dm382">836px</dimen>
    <dimen name="dm383">838px</dimen>
    <dimen name="dm384">840px</dimen>
    <dimen name="dm385">842px</dimen>
    <dimen name="dm386">844px</dimen>
    <dimen name="dm387">847px</dimen>
    <dimen name="dm388">849px</dimen>
    <dimen name="dm389">851px</dimen>
    <dimen name="dm390">853px</dimen>
    <dimen name="dm391">855px</dimen>
    <dimen name="dm392">858px</dimen>
    <dimen name="dm393">860px</dimen>
    <dimen name="dm394">862px</dimen>
    <dimen name="dm395">864px</dimen>
    <dimen name="dm396">866px</dimen>
    <dimen name="dm397">868px</dimen>
    <dimen name="dm398">871px</dimen>
    <dimen name="dm399">873px</dimen>
    <dimen name="dm400">875px</dimen>
    <dimen name="dm401">877px</dimen>
    <dimen name="dm402">879px</dimen>
    <dimen name="dm403">882px</dimen>
    <dimen name="dm404">884px</dimen>
    <dimen name="dm405">886px</dimen>
    <dimen name="dm406">888px</dimen>
    <dimen name="dm407">890px</dimen>
    <dimen name="dm408">893px</dimen>
    <dimen name="dm409">895px</dimen>
    <dimen name="dm410">897px</dimen>
    <dimen name="dm411">899px</dimen>
    <dimen name="dm412">901px</dimen>
    <dimen name="dm413">903px</dimen>
    <dimen name="dm414">906px</dimen>
    <dimen name="dm415">908px</dimen>
    <dimen name="dm416">910px</dimen>
    <dimen name="dm417">912px</dimen>
    <dimen name="dm418">914px</dimen>
    <dimen name="dm419">917px</dimen>
    <dimen name="dm420">919px</dimen>
    <dimen name="dm421">921px</dimen>
    <dimen name="dm422">923px</dimen>
    <dimen name="dm423">925px</dimen>
    <dimen name="dm424">928px</dimen>
    <dimen name="dm425">930px</dimen>
    <dimen name="dm426">932px</dimen>
    <dimen name="dm427">934px</dimen>
    <dimen name="dm428">936px</dimen>
    <dimen name="dm429">938px</dimen>
    <dimen name="dm430">941px</dimen>
    <dimen name="dm431">943px</dimen>
    <dimen name="dm432">945px</dimen>
    <dimen name="dm433">947px</dimen>
    <dimen name="dm434">949px</dimen>
    <dimen name="dm435">952px</dimen>
    <dimen name="dm436">954px</dimen>
    <dimen name="dm437">956px</dimen>
    <dimen name="dm438">958px</dimen>
    <dimen name="dm439">960px</dimen>
    <dimen name="dm440">963px</dimen>
    <dimen name="dm441">965px</dimen>
    <dimen name="dm442">967px</dimen>
    <dimen name="dm443">969px</dimen>
    <dimen name="dm444">971px</dimen>
    <dimen name="dm445">973px</dimen>
    <dimen name="dm446">976px</dimen>
    <dimen name="dm447">978px</dimen>
    <dimen name="dm448">980px</dimen>
    <dimen name="dm449">982px</dimen>
    <dimen name="dm450">984px</dimen>
    <dimen name="dm451">987px</dimen>
    <dimen name="dm452">989px</dimen>
    <dimen name="dm453">991px</dimen>
    <dimen name="dm454">993px</dimen>
    <dimen name="dm455">995px</dimen>
    <dimen name="dm456">998px</dimen>
    <dimen name="dm457">1000px</dimen>
    <dimen name="dm458">1002px</dimen>
    <dimen name="dm459">1004px</dimen>
    <dimen name="dm460">1006px</dimen>
    <dimen name="dm461">1008px</dimen>
    <dimen name="dm462">1011px</dimen>
    <dimen name="dm463">1013px</dimen>
    <dimen name="dm464">1015px</dimen>
    <dimen name="dm465">1017px</dimen>
    <dimen name="dm466">1019px</dimen>
    <dimen name="dm467">1022px</dimen>
    <dimen name="dm468">1024px</dimen>
    <dimen name="dm469">1026px</dimen>
    <dimen name="dm470">1028px</dimen>
    <dimen name="dm471">1030px</dimen>
    <dimen name="dm472">1033px</dimen>
    <dimen name="dm473">1035px</dimen>
    <dimen name="dm474">1037px</dimen>
    <dimen name="dm475">1039px</dimen>
    <dimen name="dm476">1041px</dimen>
    <dimen name="dm477">1043px</dimen>
    <dimen name="dm478">1046px</dimen>
    <dimen name="dm479">1048px</dimen>
    <dimen name="dm480">1050px</dimen>
    <dimen name="dm481">1052px</dimen>
    <dimen name="dm482">1054px</dimen>
    <dimen name="dm483">1057px</dimen>
    <dimen name="dm484">1059px</dimen>
    <dimen name="dm485">1061px</dimen>
    <dimen name="dm486">1063px</dimen>
    <dimen name="dm487">1065px</dimen>
    <dimen name="dm488">1068px</dimen>
    <dimen name="dm489">1070px</dimen>
    <dimen name="dm490">1072px</dimen>
    <dimen name="dm491">1074px</dimen>
    <dimen name="dm492">1076px</dimen>
    <dimen name="dm493">1078px</dimen>
    <dimen name="dm494">1081px</dimen>
    <dimen name="dm495">1083px</dimen>
    <dimen name="dm496">1085px</dimen>
    <dimen name="dm497">1087px</dimen>
    <dimen name="dm498">1089px</dimen>
    <dimen name="dm499">1092px</dimen>
    <dimen name="dm500">1094px</dimen>
    <dimen name="dm501">1096px</dimen>
    <dimen name="dm502">1098px</dimen>
    <dimen name="dm503">1100px</dimen>
    <dimen name="dm504">1103px</dimen>
    <dimen name="dm505">1105px</dimen>
    <dimen name="dm506">1107px</dimen>
    <dimen name="dm507">1109px</dimen>
    <dimen name="dm508">1111px</dimen>
    <dimen name="dm509">1113px</dimen>
    <dimen name="dm510">1116px</dimen>
    <dimen name="dm511">1118px</dimen>
    <dimen name="dm512">1120px</dimen>
    <dimen name="dm513">1122px</dimen>
    <dimen name="dm514">1124px</dimen>
    <dimen name="dm515">1127px</dimen>
    <dimen name="dm516">1129px</dimen>
    <dimen name="dm517">1131px</dimen>
    <dimen name="dm518">1133px</dimen>
    <dimen name="dm519">1135px</dimen>
    <dimen name="dm520">1138px</dimen>
    <dimen name="dm521">1140px</dimen>
    <dimen name="dm522">1142px</dimen>
    <dimen name="dm523">1144px</dimen>
    <dimen name="dm524">1146px</dimen>
    <dimen name="dm525">1148px</dimen>
    <dimen name="dm526">1151px</dimen>
    <dimen name="dm527">1153px</dimen>
    <dimen name="dm528">1155px</dimen>
    <dimen name="dm529">1157px</dimen>
    <dimen name="dm530">1159px</dimen>
    <dimen name="dm531">1162px</dimen>
    <dimen name="dm532">1164px</dimen>
    <dimen name="dm533">1166px</dimen>
    <dimen name="dm534">1168px</dimen>
    <dimen name="dm535">1170px</dimen>
    <dimen name="dm536">1173px</dimen>
    <dimen name="dm537">1175px</dimen>
    <dimen name="dm538">1177px</dimen>
    <dimen name="dm539">1179px</dimen>
    <dimen name="dm540">1181px</dimen>
    <dimen name="dm541">1183px</dimen>
    <dimen name="dm542">1186px</dimen>
    <dimen name="dm543">1188px</dimen>
    <dimen name="dm544">1190px</dimen>
    <dimen name="dm545">1192px</dimen>
    <dimen name="dm546">1194px</dimen>
    <dimen name="dm547">1197px</dimen>
    <dimen name="dm548">1199px</dimen>
    <dimen name="dm549">1201px</dimen>
    <dimen name="dm550">1203px</dimen>
    <dimen name="dm551">1205px</dimen>
    <dimen name="dm552">1208px</dimen>
    <dimen name="dm553">1210px</dimen>
    <dimen name="dm554">1212px</dimen>
    <dimen name="dm555">1214px</dimen>
    <dimen name="dm556">1216px</dimen>
    <dimen name="dm557">1218px</dimen>
    <dimen name="dm558">1221px</dimen>
    <dimen name="dm559">1223px</dimen>
    <dimen name="dm560">1225px</dimen>
    <dimen name="dm561">1227px</dimen>
    <dimen name="dm562">1229px</dimen>
    <dimen name="dm563">1232px</dimen>
    <dimen name="dm564">1234px</dimen>
    <dimen name="dm565">1236px</dimen>
    <dimen name="dm566">1238px</dimen>
    <dimen name="dm567">1240px</dimen>
    <dimen name="dm568">1243px</dimen>
    <dimen name="dm569">1245px</dimen>
    <dimen name="dm570">1247px</dimen>
    <dimen name="dm571">1249px</dimen>
    <dimen name="dm572">1251px</dimen>
    <dimen name="dm573">1253px</dimen>
    <dimen name="dm574">1256px</dimen>
    <dimen name="dm575">1258px</dimen>
    <dimen name="dm576">1260px</dimen>
    <dimen name="dm577">1262px</dimen>
    <dimen name="dm578">1264px</dimen>
    <dimen name="dm579">1267px</dimen>
    <dimen name="dm580">1269px</dimen>
    <dimen name="dm581">1271px</dimen>
    <dimen name="dm582">1273px</dimen>
    <dimen name="dm583">1275px</dimen>
    <dimen name="dm584">1278px</dimen>
    <dimen name="dm585">1280px</dimen>
    <dimen name="dm586">1282px</dimen>
    <dimen name="dm587">1284px</dimen>
    <dimen name="dm588">1286px</dimen>
    <dimen name="dm589">1288px</dimen>
    <dimen name="dm590">1291px</dimen>
    <dimen name="dm591">1293px</dimen>
    <dimen name="dm592">1295px</dimen>
    <dimen name="dm593">1297px</dimen>
    <dimen name="dm594">1299px</dimen>
    <dimen name="dm595">1302px</dimen>
    <dimen name="dm596">1304px</dimen>
    <dimen name="dm597">1306px</dimen>
    <dimen name="dm598">1308px</dimen>
    <dimen name="dm599">1310px</dimen>
    <dimen name="dm600">1313px</dimen>
    <dimen name="dm601">1315px</dimen>
    <dimen name="dm602">1317px</dimen>
    <dimen name="dm603">1319px</dimen>
    <dimen name="dm604">1321px</dimen>
    <dimen name="dm605">1323px</dimen>
    <dimen name="dm606">1326px</dimen>
    <dimen name="dm607">1328px</dimen>
    <dimen name="dm608">1330px</dimen>
    <dimen name="dm609">1332px</dimen>
    <dimen name="dm610">1334px</dimen>
    <dimen name="dm611">1337px</dimen>
    <dimen name="dm612">1339px</dimen>
    <dimen name="dm613">1341px</dimen>
    <dimen name="dm614">1343px</dimen>
    <dimen name="dm615">1345px</dimen>
    <dimen name="dm616">1348px</dimen>
    <dimen name="dm617">1350px</dimen>
    <dimen name="dm618">1352px</dimen>
    <dimen name="dm619">1354px</dimen>
    <dimen name="dm620">1356px</dimen>
    <dimen name="dm621">1358px</dimen>
    <dimen name="dm622">1361px</dimen>
    <dimen name="dm623">1363px</dimen>
    <dimen name="dm624">1365px</dimen>
    <dimen name="dm625">1367px</dimen>
    <dimen name="dm626">1369px</dimen>
    <dimen name="dm627">1372px</dimen>
    <dimen name="dm628">1374px</dimen>
    <dimen name="dm629">1376px</dimen>
    <dimen name="dm630">1378px</dimen>
    <dimen name="dm631">1380px</dimen>
    <dimen name="dm632">1383px</dimen>
    <dimen name="dm633">1385px</dimen>
    <dimen name="dm634">1387px</dimen>
    <dimen name="dm635">1389px</dimen>
    <dimen name="dm636">1391px</dimen>
    <dimen name="dm637">1393px</dimen>
    <dimen name="dm638">1396px</dimen>
    <dimen name="dm639">1398px</dimen>
    <dimen name="dm640">1400px</dimen>
    <dimen name="dm641">1402px</dimen>
    <dimen name="dm642">1404px</dimen>
    <dimen name="dm643">1407px</dimen>
    <dimen name="dm644">1409px</dimen>
    <dimen name="dm645">1411px</dimen>
    <dimen name="dm646">1413px</dimen>
    <dimen name="dm647">1415px</dimen>
    <dimen name="dm648">1418px</dimen>
    <dimen name="dm649">1420px</dimen>
    <dimen name="dm650">1422px</dimen>
    <dimen name="dm651">1424px</dimen>
    <dimen name="dm652">1426px</dimen>
    <dimen name="dm653">1428px</dimen>
    <dimen name="dm654">1431px</dimen>
    <dimen name="dm655">1433px</dimen>
    <dimen name="dm656">1435px</dimen>
    <dimen name="dm657">1437px</dimen>
    <dimen name="dm658">1439px</dimen>
    <dimen name="dm659">1442px</dimen>
    <dimen name="dm660">1444px</dimen>
    <dimen name="dm661">1446px</dimen>
    <dimen name="dm662">1448px</dimen>
    <dimen name="dm663">1450px</dimen>
    <dimen name="dm664">1453px</dimen>
    <dimen name="dm665">1455px</dimen>
    <dimen name="dm666">1457px</dimen>
    <dimen name="dm667">1459px</dimen>
    <dimen name="dm668">1461px</dimen>
    <dimen name="dm669">1463px</dimen>
    <dimen name="dm670">1466px</dimen>
    <dimen name="dm671">1468px</dimen>
    <dimen name="dm672">1470px</dimen>
    <dimen name="dm673">1472px</dimen>
    <dimen name="dm674">1474px</dimen>
    <dimen name="dm675">1477px</dimen>
    <dimen name="dm676">1479px</dimen>
    <dimen name="dm677">1481px</dimen>
    <dimen name="dm678">1483px</dimen>
    <dimen name="dm679">1485px</dimen>
    <dimen name="dm680">1488px</dimen>
    <dimen name="dm681">1490px</dimen>
    <dimen name="dm682">1492px</dimen>
    <dimen name="dm683">1494px</dimen>
    <dimen name="dm684">1496px</dimen>
    <dimen name="dm685">1498px</dimen>
    <dimen name="dm686">1501px</dimen>
    <dimen name="dm687">1503px</dimen>
    <dimen name="dm688">1505px</dimen>
    <dimen name="dm689">1507px</dimen>
    <dimen name="dm690">1509px</dimen>
    <dimen name="dm691">1512px</dimen>
    <dimen name="dm692">1514px</dimen>
    <dimen name="dm693">1516px</dimen>
    <dimen name="dm694">1518px</dimen>
    <dimen name="dm695">1520px</dimen>
    <dimen name="dm696">1523px</dimen>
    <dimen name="dm697">1525px</dimen>
    <dimen name="dm698">1527px</dimen>
    <dimen name="dm699">1529px</dimen>
    <dimen name="dm700">1531px</dimen>
    <dimen name="dm701">1533px</dimen>
    <dimen name="dm702">1536px</dimen>
    <dimen name="dm703">1538px</dimen>
    <dimen name="dm704">1540px</dimen>
    <dimen name="dm705">1542px</dimen>
    <dimen name="dm706">1544px</dimen>
    <dimen name="dm707">1547px</dimen>
    <dimen name="dm708">1549px</dimen>
    <dimen name="dm709">1551px</dimen>
    <dimen name="dm710">1553px</dimen>
    <dimen name="dm711">1555px</dimen>
    <dimen name="dm712">1558px</dimen>
    <dimen name="dm713">1560px</dimen>
    <dimen name="dm714">1562px</dimen>
    <dimen name="dm715">1564px</dimen>
    <dimen name="dm716">1566px</dimen>
    <dimen name="dm717">1568px</dimen>
    <dimen name="dm718">1571px</dimen>
    <dimen name="dm719">1573px</dimen>
    <dimen name="dm720">1575px</dimen>
    <dimen name="dm721">1577px</dimen>
    <dimen name="dm722">1579px</dimen>
    <dimen name="dm723">1582px</dimen>
    <dimen name="dm724">1584px</dimen>
    <dimen name="dm725">1586px</dimen>
    <dimen name="dm726">1588px</dimen>
    <dimen name="dm727">1590px</dimen>
    <dimen name="dm728">1593px</dimen>
    <dimen name="dm729">1595px</dimen>
    <dimen name="dm730">1597px</dimen>
    <dimen name="dm731">1599px</dimen>
    <dimen name="dm732">1601px</dimen>
    <dimen name="dm733">1603px</dimen>
    <dimen name="dm734">1606px</dimen>
    <dimen name="dm735">1608px</dimen>
    <dimen name="dm736">1610px</dimen>
    <dimen name="dm737">1612px</dimen>
    <dimen name="dm738">1614px</dimen>
    <dimen name="dm739">1617px</dimen>
    <dimen name="dm740">1619px</dimen>
    <dimen name="dm741">1621px</dimen>
    <dimen name="dm742">1623px</dimen>
    <dimen name="dm743">1625px</dimen>
    <dimen name="dm744">1628px</dimen>
    <dimen name="dm745">1630px</dimen>
    <dimen name="dm746">1632px</dimen>
    <dimen name="dm747">1634px</dimen>
    <dimen name="dm748">1636px</dimen>
    <dimen name="dm749">1638px</dimen>
    <dimen name="dm750">1641px</dimen>
    <dimen name="dm751">1643px</dimen>
    <dimen name="dm752">1645px</dimen>
    <dimen name="dm753">1647px</dimen>
    <dimen name="dm754">1649px</dimen>
    <dimen name="dm755">1652px</dimen>
    <dimen name="dm756">1654px</dimen>
    <dimen name="dm757">1656px</dimen>
    <dimen name="dm758">1658px</dimen>
    <dimen name="dm759">1660px</dimen>
    <dimen name="dm760">1663px</dimen>
    <dimen name="dm761">1665px</dimen>
    <dimen name="dm762">1667px</dimen>
    <dimen name="dm763">1669px</dimen>
    <dimen name="dm764">1671px</dimen>
    <dimen name="dm765">1673px</dimen>
    <dimen name="dm766">1676px</dimen>
    <dimen name="dm767">1678px</dimen>
    <dimen name="dm768">1680px</dimen>
    <dimen name="dm769">1682px</dimen>
    <dimen name="dm770">1684px</dimen>
    <dimen name="dm771">1687px</dimen>
    <dimen name="dm772">1689px</dimen>
    <dimen name="dm773">1691px</dimen>
    <dimen name="dm774">1693px</dimen>
    <dimen name="dm775">1695px</dimen>
    <dimen name="dm776">1698px</dimen>
    <dimen name="dm777">1700px</dimen>
    <dimen name="dm778">1702px</dimen>
    <dimen name="dm779">1704px</dimen>
    <dimen name="dm780">1706px</dimen>
    <dimen name="dm781">1708px</dimen>
    <dimen name="dm782">1711px</dimen>
    <dimen name="dm783">1713px</dimen>
    <dimen name="dm784">1715px</dimen>
    <dimen name="dm785">1717px</dimen>
    <dimen name="dm786">1719px</dimen>
    <dimen name="dm787">1722px</dimen>
    <dimen name="dm788">1724px</dimen>
    <dimen name="dm789">1726px</dimen>
    <dimen name="dm790">1728px</dimen>
    <dimen name="dm791">1730px</dimen>
    <dimen name="dm792">1733px</dimen>
    <dimen name="dm793">1735px</dimen>
    <dimen name="dm794">1737px</dimen>
    <dimen name="dm795">1739px</dimen>
    <dimen name="dm796">1741px</dimen>
    <dimen name="dm797">1743px</dimen>
    <dimen name="dm798">1746px</dimen>
    <dimen name="dm799">1748px</dimen>
    <dimen name="dm800">1750px</dimen>
    <dimen name="dm801">1752px</dimen>
    <dimen name="dm802">1754px</dimen>
    <dimen name="dm803">1757px</dimen>
    <dimen name="dm804">1759px</dimen>
    <dimen name="dm805">1761px</dimen>
    <dimen name="dm806">1763px</dimen>
    <dimen name="dm807">1765px</dimen>
    <dimen name="dm808">1768px</dimen>
    <dimen name="dm809">1770px</dimen>
    <dimen name="dm810">1772px</dimen>
    <dimen name="dm811">1774px</dimen>
    <dimen name="dm812">1776px</dimen>
    <dimen name="dm813">1778px</dimen>
    <dimen name="dm814">1781px</dimen>
    <dimen name="dm815">1783px</dimen>
    <dimen name="dm816">1785px</dimen>
    <dimen name="dm817">1787px</dimen>
    <dimen name="dm818">1789px</dimen>
    <dimen name="dm819">1792px</dimen>
    <dimen name="dm820">1794px</dimen>
    <dimen name="dm821">1796px</dimen>
    <dimen name="dm822">1798px</dimen>
    <dimen name="dm823">1800px</dimen>
    <dimen name="dm824">1803px</dimen>
    <dimen name="dm825">1805px</dimen>
    <dimen name="dm826">1807px</dimen>
    <dimen name="dm827">1809px</dimen>
    <dimen name="dm828">1811px</dimen>
    <dimen name="dm829">1813px</dimen>
    <dimen name="dm830">1816px</dimen>
    <dimen name="dm831">1818px</dimen>
    <dimen name="dm832">1820px</dimen>
    <dimen name="dm833">1822px</dimen>
    <dimen name="dm834">1824px</dimen>
    <dimen name="dm835">1827px</dimen>
    <dimen name="dm836">1829px</dimen>
    <dimen name="dm837">1831px</dimen>
    <dimen name="dm838">1833px</dimen>
    <dimen name="dm839">1835px</dimen>
    <dimen name="dm840">1838px</dimen>
    <dimen name="dm841">1840px</dimen>
    <dimen name="dm842">1842px</dimen>
    <dimen name="dm843">1844px</dimen>
    <dimen name="dm844">1846px</dimen>
    <dimen name="dm845">1848px</dimen>
    <dimen name="dm846">1851px</dimen>
    <dimen name="dm847">1853px</dimen>
    <dimen name="dm848">1855px</dimen>
    <dimen name="dm849">1857px</dimen>
    <dimen name="dm850">1859px</dimen>
    <dimen name="dm851">1862px</dimen>
    <dimen name="dm852">1864px</dimen>
    <dimen name="dm853">1866px</dimen>
    <dimen name="dm854">1868px</dimen>
    <dimen name="dm855">1870px</dimen>
    <dimen name="dm856">1873px</dimen>
    <dimen name="dm857">1875px</dimen>
    <dimen name="dm858">1877px</dimen>
    <dimen name="dm859">1879px</dimen>
    <dimen name="dm860">1881px</dimen>
    <dimen name="dm861">1883px</dimen>
    <dimen name="dm862">1886px</dimen>
    <dimen name="dm863">1888px</dimen>
    <dimen name="dm864">1890px</dimen>
    <dimen name="dm865">1892px</dimen>
    <dimen name="dm866">1894px</dimen>
    <dimen name="dm867">1897px</dimen>
    <dimen name="dm868">1899px</dimen>
    <dimen name="dm869">1901px</dimen>
    <dimen name="dm870">1903px</dimen>
    <dimen name="dm871">1905px</dimen>
    <dimen name="dm872">1908px</dimen>
    <dimen name="dm873">1910px</dimen>
    <dimen name="dm874">1912px</dimen>
    <dimen name="dm875">1914px</dimen>
    <dimen name="dm876">1916px</dimen>
    <dimen name="dm877">1918px</dimen>
    <dimen name="dm878">1921px</dimen>
    <dimen name="dm879">1923px</dimen>
    <dimen name="dm880">1925px</dimen>
    <dimen name="dm881">1927px</dimen>
    <dimen name="dm882">1929px</dimen>
    <dimen name="dm883">1932px</dimen>
    <dimen name="dm884">1934px</dimen>
    <dimen name="dm885">1936px</dimen>
    <dimen name="dm886">1938px</dimen>
    <dimen name="dm887">1940px</dimen>
    <dimen name="dm888">1943px</dimen>
    <dimen name="dm889">1945px</dimen>
    <dimen name="dm890">1947px</dimen>
    <dimen name="dm891">1949px</dimen>
    <dimen name="dm892">1951px</dimen>
    <dimen name="dm893">1953px</dimen>
    <dimen name="dm894">1956px</dimen>
    <dimen name="dm895">1958px</dimen>
    <dimen name="dm896">1960px</dimen>
    <dimen name="dm897">1962px</dimen>
    <dimen name="dm898">1964px</dimen>
    <dimen name="dm899">1967px</dimen>
    <dimen name="dm900">1969px</dimen>
    <dimen name="dm901">1971px</dimen>
    <dimen name="dm902">1973px</dimen>
    <dimen name="dm903">1975px</dimen>
    <dimen name="dm904">1978px</dimen>
    <dimen name="dm905">1980px</dimen>
    <dimen name="dm906">1982px</dimen>
    <dimen name="dm907">1984px</dimen>
    <dimen name="dm908">1986px</dimen>
    <dimen name="dm909">1988px</dimen>
    <dimen name="dm910">1991px</dimen>
    <dimen name="dm911">1993px</dimen>
    <dimen name="dm912">1995px</dimen>
    <dimen name="dm913">1997px</dimen>
    <dimen name="dm914">1999px</dimen>
    <dimen name="dm915">2002px</dimen>
    <dimen name="dm916">2004px</dimen>
    <dimen name="dm917">2006px</dimen>
    <dimen name="dm918">2008px</dimen>
    <dimen name="dm919">2010px</dimen>
    <dimen name="dm920">2013px</dimen>
    <dimen name="dm921">2015px</dimen>
    <dimen name="dm922">2017px</dimen>
    <dimen name="dm923">2019px</dimen>
    <dimen name="dm924">2021px</dimen>
    <dimen name="dm925">2023px</dimen>
    <dimen name="dm926">2026px</dimen>
    <dimen name="dm927">2028px</dimen>
    <dimen name="dm928">2030px</dimen>
    <dimen name="dm929">2032px</dimen>
    <dimen name="dm930">2034px</dimen>
    <dimen name="dm931">2037px</dimen>
    <dimen name="dm932">2039px</dimen>
    <dimen name="dm933">2041px</dimen>
    <dimen name="dm934">2043px</dimen>
    <dimen name="dm935">2045px</dimen>
    <dimen name="dm936">2048px</dimen>
    <dimen name="dm937">2050px</dimen>
    <dimen name="dm938">2052px</dimen>
    <dimen name="dm939">2054px</dimen>
    <dimen name="dm940">2056px</dimen>
    <dimen name="dm941">2058px</dimen>
    <dimen name="dm942">2061px</dimen>
    <dimen name="dm943">2063px</dimen>
    <dimen name="dm944">2065px</dimen>
    <dimen name="dm945">2067px</dimen>
    <dimen name="dm946">2069px</dimen>
    <dimen name="dm947">2072px</dimen>
    <dimen name="dm948">2074px</dimen>
    <dimen name="dm949">2076px</dimen>
    <dimen name="dm950">2078px</dimen>
    <dimen name="dm951">2080px</dimen>
    <dimen name="dm952">2083px</dimen>
    <dimen name="dm953">2085px</dimen>
    <dimen name="dm954">2087px</dimen>
    <dimen name="dm955">2089px</dimen>
    <dimen name="dm956">2091px</dimen>
    <dimen name="dm957">2093px</dimen>
    <dimen name="dm958">2096px</dimen>
    <dimen name="dm959">2098px</dimen>
    <dimen name="dm960">2100px</dimen>
    <dimen name="dm961">2102px</dimen>
    <dimen name="dm962">2104px</dimen>
    <dimen name="dm963">2107px</dimen>
    <dimen name="dm964">2109px</dimen>
    <dimen name="dm965">2111px</dimen>
    <dimen name="dm966">2113px</dimen>
    <dimen name="dm967">2115px</dimen>
    <dimen name="dm968">2118px</dimen>
    <dimen name="dm969">2120px</dimen>
    <dimen name="dm970">2122px</dimen>
    <dimen name="dm971">2124px</dimen>
    <dimen name="dm972">2126px</dimen>
    <dimen name="dm973">2128px</dimen>
    <dimen name="dm974">2131px</dimen>
    <dimen name="dm975">2133px</dimen>
    <dimen name="dm976">2135px</dimen>
    <dimen name="dm977">2137px</dimen>
    <dimen name="dm978">2139px</dimen>
    <dimen name="dm979">2142px</dimen>
    <dimen name="dm980">2144px</dimen>
    <dimen name="dm981">2146px</dimen>
    <dimen name="dm982">2148px</dimen>
    <dimen name="dm983">2150px</dimen>
    <dimen name="dm984">2153px</dimen>
    <dimen name="dm985">2155px</dimen>
    <dimen name="dm986">2157px</dimen>
    <dimen name="dm987">2159px</dimen>
    <dimen name="dm988">2161px</dimen>
    <dimen name="dm989">2163px</dimen>
    <dimen name="dm990">2166px</dimen>
    <dimen name="dm991">2168px</dimen>
    <dimen name="dm992">2170px</dimen>
    <dimen name="dm993">2172px</dimen>
    <dimen name="dm994">2174px</dimen>
    <dimen name="dm995">2177px</dimen>
    <dimen name="dm996">2179px</dimen>
    <dimen name="dm997">2181px</dimen>
    <dimen name="dm998">2183px</dimen>
    <dimen name="dm999">2185px</dimen>

</resources>