<resources>

    <dimen name="dm_200">-299px</dimen>
    <dimen name="dm_199">-298px</dimen>
    <dimen name="dm_198">-296px</dimen>
    <dimen name="dm_197">-295px</dimen>
    <dimen name="dm_196">-293px</dimen>
    <dimen name="dm_195">-292px</dimen>
    <dimen name="dm_194">-290px</dimen>
    <dimen name="dm_193">-289px</dimen>
    <dimen name="dm_192">-287px</dimen>
    <dimen name="dm_191">-286px</dimen>
    <dimen name="dm_190">-284px</dimen>
    <dimen name="dm_189">-283px</dimen>
    <dimen name="dm_188">-281px</dimen>
    <dimen name="dm_187">-280px</dimen>
    <dimen name="dm_186">-278px</dimen>
    <dimen name="dm_185">-277px</dimen>
    <dimen name="dm_184">-275px</dimen>
    <dimen name="dm_183">-274px</dimen>
    <dimen name="dm_182">-272px</dimen>
    <dimen name="dm_181">-271px</dimen>
    <dimen name="dm_180">-269px</dimen>
    <dimen name="dm_179">-268px</dimen>
    <dimen name="dm_178">-266px</dimen>
    <dimen name="dm_177">-265px</dimen>
    <dimen name="dm_176">-263px</dimen>
    <dimen name="dm_175">-262px</dimen>
    <dimen name="dm_174">-260px</dimen>
    <dimen name="dm_173">-259px</dimen>
    <dimen name="dm_172">-257px</dimen>
    <dimen name="dm_171">-256px</dimen>
    <dimen name="dm_170">-254px</dimen>
    <dimen name="dm_169">-253px</dimen>
    <dimen name="dm_168">-251px</dimen>
    <dimen name="dm_167">-250px</dimen>
    <dimen name="dm_166">-248px</dimen>
    <dimen name="dm_165">-247px</dimen>
    <dimen name="dm_164">-245px</dimen>
    <dimen name="dm_163">-244px</dimen>
    <dimen name="dm_162">-242px</dimen>
    <dimen name="dm_161">-241px</dimen>
    <dimen name="dm_160">-239px</dimen>
    <dimen name="dm_159">-238px</dimen>
    <dimen name="dm_158">-236px</dimen>
    <dimen name="dm_157">-235px</dimen>
    <dimen name="dm_156">-233px</dimen>
    <dimen name="dm_155">-232px</dimen>
    <dimen name="dm_154">-230px</dimen>
    <dimen name="dm_153">-229px</dimen>
    <dimen name="dm_152">-227px</dimen>
    <dimen name="dm_151">-226px</dimen>
    <dimen name="dm_150">-224px</dimen>
    <dimen name="dm_149">-223px</dimen>
    <dimen name="dm_148">-221px</dimen>
    <dimen name="dm_147">-220px</dimen>
    <dimen name="dm_146">-218px</dimen>
    <dimen name="dm_145">-217px</dimen>
    <dimen name="dm_144">-215px</dimen>
    <dimen name="dm_143">-214px</dimen>
    <dimen name="dm_142">-212px</dimen>
    <dimen name="dm_141">-211px</dimen>
    <dimen name="dm_140">-209px</dimen>
    <dimen name="dm_139">-208px</dimen>
    <dimen name="dm_138">-206px</dimen>
    <dimen name="dm_137">-205px</dimen>
    <dimen name="dm_136">-203px</dimen>
    <dimen name="dm_135">-202px</dimen>
    <dimen name="dm_134">-200px</dimen>
    <dimen name="dm_133">-199px</dimen>
    <dimen name="dm_132">-197px</dimen>
    <dimen name="dm_131">-196px</dimen>
    <dimen name="dm_130">-194px</dimen>
    <dimen name="dm_129">-193px</dimen>
    <dimen name="dm_128">-191px</dimen>
    <dimen name="dm_127">-190px</dimen>
    <dimen name="dm_126">-188px</dimen>
    <dimen name="dm_125">-187px</dimen>
    <dimen name="dm_124">-185px</dimen>
    <dimen name="dm_123">-184px</dimen>
    <dimen name="dm_122">-182px</dimen>
    <dimen name="dm_121">-181px</dimen>
    <dimen name="dm_120">-179px</dimen>
    <dimen name="dm_119">-178px</dimen>
    <dimen name="dm_118">-176px</dimen>
    <dimen name="dm_117">-175px</dimen>
    <dimen name="dm_116">-173px</dimen>
    <dimen name="dm_115">-172px</dimen>
    <dimen name="dm_114">-170px</dimen>
    <dimen name="dm_113">-169px</dimen>
    <dimen name="dm_112">-167px</dimen>
    <dimen name="dm_111">-166px</dimen>
    <dimen name="dm_110">-164px</dimen>
    <dimen name="dm_109">-163px</dimen>
    <dimen name="dm_108">-161px</dimen>
    <dimen name="dm_107">-160px</dimen>
    <dimen name="dm_106">-158px</dimen>
    <dimen name="dm_105">-157px</dimen>
    <dimen name="dm_104">-155px</dimen>
    <dimen name="dm_103">-154px</dimen>
    <dimen name="dm_102">-152px</dimen>
    <dimen name="dm_101">-151px</dimen>
    <dimen name="dm_100">-149px</dimen>
    <dimen name="dm_099">-148px</dimen>
    <dimen name="dm_098">-146px</dimen>
    <dimen name="dm_097">-145px</dimen>
    <dimen name="dm_096">-143px</dimen>
    <dimen name="dm_095">-142px</dimen>
    <dimen name="dm_094">-140px</dimen>
    <dimen name="dm_093">-139px</dimen>
    <dimen name="dm_092">-137px</dimen>
    <dimen name="dm_091">-136px</dimen>
    <dimen name="dm_090">-134px</dimen>
    <dimen name="dm_089">-133px</dimen>
    <dimen name="dm_088">-131px</dimen>
    <dimen name="dm_087">-130px</dimen>
    <dimen name="dm_086">-128px</dimen>
    <dimen name="dm_085">-127px</dimen>
    <dimen name="dm_084">-125px</dimen>
    <dimen name="dm_083">-124px</dimen>
    <dimen name="dm_082">-122px</dimen>
    <dimen name="dm_081">-121px</dimen>
    <dimen name="dm_080">-119px</dimen>
    <dimen name="dm_079">-118px</dimen>
    <dimen name="dm_078">-116px</dimen>
    <dimen name="dm_077">-115px</dimen>
    <dimen name="dm_076">-113px</dimen>
    <dimen name="dm_075">-112px</dimen>
    <dimen name="dm_074">-110px</dimen>
    <dimen name="dm_073">-109px</dimen>
    <dimen name="dm_072">-107px</dimen>
    <dimen name="dm_071">-106px</dimen>
    <dimen name="dm_070">-104px</dimen>
    <dimen name="dm_069">-103px</dimen>
    <dimen name="dm_068">-101px</dimen>
    <dimen name="dm_067">-100px</dimen>
    <dimen name="dm_066">-98px</dimen>
    <dimen name="dm_065">-97px</dimen>
    <dimen name="dm_064">-95px</dimen>
    <dimen name="dm_063">-94px</dimen>
    <dimen name="dm_062">-92px</dimen>
    <dimen name="dm_061">-91px</dimen>
    <dimen name="dm_060">-89px</dimen>
    <dimen name="dm_059">-88px</dimen>
    <dimen name="dm_058">-86px</dimen>
    <dimen name="dm_057">-85px</dimen>
    <dimen name="dm_056">-83px</dimen>
    <dimen name="dm_055">-82px</dimen>
    <dimen name="dm_054">-80px</dimen>
    <dimen name="dm_053">-79px</dimen>
    <dimen name="dm_052">-77px</dimen>
    <dimen name="dm_051">-76px</dimen>
    <dimen name="dm_050">-74px</dimen>
    <dimen name="dm_049">-73px</dimen>
    <dimen name="dm_048">-71px</dimen>
    <dimen name="dm_047">-70px</dimen>
    <dimen name="dm_046">-68px</dimen>
    <dimen name="dm_045">-67px</dimen>
    <dimen name="dm_044">-65px</dimen>
    <dimen name="dm_043">-64px</dimen>
    <dimen name="dm_042">-62px</dimen>
    <dimen name="dm_041">-61px</dimen>
    <dimen name="dm_040">-59px</dimen>
    <dimen name="dm_039">-58px</dimen>
    <dimen name="dm_038">-56px</dimen>
    <dimen name="dm_037">-55px</dimen>
    <dimen name="dm_036">-53px</dimen>
    <dimen name="dm_035">-52px</dimen>
    <dimen name="dm_034">-50px</dimen>
    <dimen name="dm_033">-49px</dimen>
    <dimen name="dm_032">-47px</dimen>
    <dimen name="dm_031">-46px</dimen>
    <dimen name="dm_030">-44px</dimen>
    <dimen name="dm_029">-43px</dimen>
    <dimen name="dm_028">-41px</dimen>
    <dimen name="dm_027">-40px</dimen>
    <dimen name="dm_026">-38px</dimen>
    <dimen name="dm_025">-37px</dimen>
    <dimen name="dm_024">-35px</dimen>
    <dimen name="dm_023">-34px</dimen>
    <dimen name="dm_022">-32px</dimen>
    <dimen name="dm_021">-31px</dimen>
    <dimen name="dm_020">-29px</dimen>
    <dimen name="dm_019">-28px</dimen>
    <dimen name="dm_018">-26px</dimen>
    <dimen name="dm_017">-25px</dimen>
    <dimen name="dm_016">-23px</dimen>
    <dimen name="dm_015">-22px</dimen>
    <dimen name="dm_014">-20px</dimen>
    <dimen name="dm_013">-19px</dimen>
    <dimen name="dm_012">-17px</dimen>
    <dimen name="dm_011">-16px</dimen>
    <dimen name="dm_010">-14px</dimen>
    <dimen name="dm_009">-13px</dimen>
    <dimen name="dm_008">-11px</dimen>
    <dimen name="dm_007">-10px</dimen>
    <dimen name="dm_006">-8px</dimen>
    <dimen name="dm_005">-7px</dimen>
    <dimen name="dm_004">-5px</dimen>
    <dimen name="dm_003">-4px</dimen>
    <dimen name="dm_002">-2px</dimen>
    <dimen name="dm_001">-1px</dimen>
    <dimen name="dm000">0px</dimen>
    <dimen name="dm001">2px</dimen>
    <dimen name="dm002">3px</dimen>
    <dimen name="dm003">5px</dimen>
    <dimen name="dm004">6px</dimen>
    <dimen name="dm005">8px</dimen>
    <dimen name="dm006">9px</dimen>
    <dimen name="dm007">11px</dimen>
    <dimen name="dm008">12px</dimen>
    <dimen name="dm009">14px</dimen>
    <dimen name="dm010">15px</dimen>
    <dimen name="dm011">17px</dimen>
    <dimen name="dm012">18px</dimen>
    <dimen name="dm013">20px</dimen>
    <dimen name="dm014">21px</dimen>
    <dimen name="dm015">23px</dimen>
    <dimen name="dm016">24px</dimen>
    <dimen name="dm017">26px</dimen>
    <dimen name="dm018">27px</dimen>
    <dimen name="dm019">29px</dimen>
    <dimen name="dm020">30px</dimen>
    <dimen name="dm021">32px</dimen>
    <dimen name="dm022">33px</dimen>
    <dimen name="dm023">35px</dimen>
    <dimen name="dm024">36px</dimen>
    <dimen name="dm025">38px</dimen>
    <dimen name="dm026">39px</dimen>
    <dimen name="dm027">41px</dimen>
    <dimen name="dm028">42px</dimen>
    <dimen name="dm029">44px</dimen>
    <dimen name="dm030">45px</dimen>
    <dimen name="dm031">47px</dimen>
    <dimen name="dm032">48px</dimen>
    <dimen name="dm033">50px</dimen>
    <dimen name="dm034">51px</dimen>
    <dimen name="dm035">53px</dimen>
    <dimen name="dm036">54px</dimen>
    <dimen name="dm037">56px</dimen>
    <dimen name="dm038">57px</dimen>
    <dimen name="dm039">59px</dimen>
    <dimen name="dm040">60px</dimen>
    <dimen name="dm041">62px</dimen>
    <dimen name="dm042">63px</dimen>
    <dimen name="dm043">65px</dimen>
    <dimen name="dm044">66px</dimen>
    <dimen name="dm045">68px</dimen>
    <dimen name="dm046">69px</dimen>
    <dimen name="dm047">71px</dimen>
    <dimen name="dm048">72px</dimen>
    <dimen name="dm049">74px</dimen>
    <dimen name="dm050">75px</dimen>
    <dimen name="dm051">77px</dimen>
    <dimen name="dm052">78px</dimen>
    <dimen name="dm053">80px</dimen>
    <dimen name="dm054">81px</dimen>
    <dimen name="dm055">83px</dimen>
    <dimen name="dm056">84px</dimen>
    <dimen name="dm057">86px</dimen>
    <dimen name="dm058">87px</dimen>
    <dimen name="dm059">89px</dimen>
    <dimen name="dm060">90px</dimen>
    <dimen name="dm061">92px</dimen>
    <dimen name="dm062">93px</dimen>
    <dimen name="dm063">95px</dimen>
    <dimen name="dm064">96px</dimen>
    <dimen name="dm065">98px</dimen>
    <dimen name="dm066">99px</dimen>
    <dimen name="dm067">101px</dimen>
    <dimen name="dm068">102px</dimen>
    <dimen name="dm069">104px</dimen>
    <dimen name="dm070">105px</dimen>
    <dimen name="dm071">107px</dimen>
    <dimen name="dm072">108px</dimen>
    <dimen name="dm073">110px</dimen>
    <dimen name="dm074">111px</dimen>
    <dimen name="dm075">113px</dimen>
    <dimen name="dm076">114px</dimen>
    <dimen name="dm077">116px</dimen>
    <dimen name="dm078">117px</dimen>
    <dimen name="dm079">119px</dimen>
    <dimen name="dm080">120px</dimen>
    <dimen name="dm081">122px</dimen>
    <dimen name="dm082">123px</dimen>
    <dimen name="dm083">125px</dimen>
    <dimen name="dm084">126px</dimen>
    <dimen name="dm085">128px</dimen>
    <dimen name="dm086">129px</dimen>
    <dimen name="dm087">131px</dimen>
    <dimen name="dm088">132px</dimen>
    <dimen name="dm089">134px</dimen>
    <dimen name="dm090">135px</dimen>
    <dimen name="dm091">137px</dimen>
    <dimen name="dm092">138px</dimen>
    <dimen name="dm093">140px</dimen>
    <dimen name="dm094">141px</dimen>
    <dimen name="dm095">143px</dimen>
    <dimen name="dm096">144px</dimen>
    <dimen name="dm097">146px</dimen>
    <dimen name="dm098">147px</dimen>
    <dimen name="dm099">149px</dimen>
    <dimen name="dm100">150px</dimen>
    <dimen name="dm101">152px</dimen>
    <dimen name="dm102">153px</dimen>
    <dimen name="dm103">155px</dimen>
    <dimen name="dm104">156px</dimen>
    <dimen name="dm105">158px</dimen>
    <dimen name="dm106">159px</dimen>
    <dimen name="dm107">161px</dimen>
    <dimen name="dm108">162px</dimen>
    <dimen name="dm109">164px</dimen>
    <dimen name="dm110">165px</dimen>
    <dimen name="dm111">167px</dimen>
    <dimen name="dm112">168px</dimen>
    <dimen name="dm113">170px</dimen>
    <dimen name="dm114">171px</dimen>
    <dimen name="dm115">173px</dimen>
    <dimen name="dm116">174px</dimen>
    <dimen name="dm117">176px</dimen>
    <dimen name="dm118">177px</dimen>
    <dimen name="dm119">179px</dimen>
    <dimen name="dm120">180px</dimen>
    <dimen name="dm121">182px</dimen>
    <dimen name="dm122">183px</dimen>
    <dimen name="dm123">185px</dimen>
    <dimen name="dm124">186px</dimen>
    <dimen name="dm125">188px</dimen>
    <dimen name="dm126">189px</dimen>
    <dimen name="dm127">191px</dimen>
    <dimen name="dm128">192px</dimen>
    <dimen name="dm129">194px</dimen>
    <dimen name="dm130">195px</dimen>
    <dimen name="dm131">197px</dimen>
    <dimen name="dm132">198px</dimen>
    <dimen name="dm133">200px</dimen>
    <dimen name="dm134">201px</dimen>
    <dimen name="dm135">203px</dimen>
    <dimen name="dm136">204px</dimen>
    <dimen name="dm137">206px</dimen>
    <dimen name="dm138">207px</dimen>
    <dimen name="dm139">209px</dimen>
    <dimen name="dm140">210px</dimen>
    <dimen name="dm141">212px</dimen>
    <dimen name="dm142">213px</dimen>
    <dimen name="dm143">215px</dimen>
    <dimen name="dm144">216px</dimen>
    <dimen name="dm145">218px</dimen>
    <dimen name="dm146">219px</dimen>
    <dimen name="dm147">221px</dimen>
    <dimen name="dm148">222px</dimen>
    <dimen name="dm149">224px</dimen>
    <dimen name="dm150">225px</dimen>
    <dimen name="dm151">227px</dimen>
    <dimen name="dm152">228px</dimen>
    <dimen name="dm153">230px</dimen>
    <dimen name="dm154">231px</dimen>
    <dimen name="dm155">233px</dimen>
    <dimen name="dm156">234px</dimen>
    <dimen name="dm157">236px</dimen>
    <dimen name="dm158">237px</dimen>
    <dimen name="dm159">239px</dimen>
    <dimen name="dm160">240px</dimen>
    <dimen name="dm161">242px</dimen>
    <dimen name="dm162">243px</dimen>
    <dimen name="dm163">245px</dimen>
    <dimen name="dm164">246px</dimen>
    <dimen name="dm165">248px</dimen>
    <dimen name="dm166">249px</dimen>
    <dimen name="dm167">251px</dimen>
    <dimen name="dm168">252px</dimen>
    <dimen name="dm169">254px</dimen>
    <dimen name="dm170">255px</dimen>
    <dimen name="dm171">257px</dimen>
    <dimen name="dm172">258px</dimen>
    <dimen name="dm173">260px</dimen>
    <dimen name="dm174">261px</dimen>
    <dimen name="dm175">263px</dimen>
    <dimen name="dm176">264px</dimen>
    <dimen name="dm177">266px</dimen>
    <dimen name="dm178">267px</dimen>
    <dimen name="dm179">269px</dimen>
    <dimen name="dm180">270px</dimen>
    <dimen name="dm181">272px</dimen>
    <dimen name="dm182">273px</dimen>
    <dimen name="dm183">275px</dimen>
    <dimen name="dm184">276px</dimen>
    <dimen name="dm185">278px</dimen>
    <dimen name="dm186">279px</dimen>
    <dimen name="dm187">281px</dimen>
    <dimen name="dm188">282px</dimen>
    <dimen name="dm189">284px</dimen>
    <dimen name="dm190">285px</dimen>
    <dimen name="dm191">287px</dimen>
    <dimen name="dm192">288px</dimen>
    <dimen name="dm193">290px</dimen>
    <dimen name="dm194">291px</dimen>
    <dimen name="dm195">293px</dimen>
    <dimen name="dm196">294px</dimen>
    <dimen name="dm197">296px</dimen>
    <dimen name="dm198">297px</dimen>
    <dimen name="dm199">299px</dimen>
    <dimen name="dm200">300px</dimen>
    <dimen name="dm201">302px</dimen>
    <dimen name="dm202">303px</dimen>
    <dimen name="dm203">305px</dimen>
    <dimen name="dm204">306px</dimen>
    <dimen name="dm205">308px</dimen>
    <dimen name="dm206">309px</dimen>
    <dimen name="dm207">311px</dimen>
    <dimen name="dm208">312px</dimen>
    <dimen name="dm209">314px</dimen>
    <dimen name="dm210">315px</dimen>
    <dimen name="dm211">317px</dimen>
    <dimen name="dm212">318px</dimen>
    <dimen name="dm213">320px</dimen>
    <dimen name="dm214">321px</dimen>
    <dimen name="dm215">323px</dimen>
    <dimen name="dm216">324px</dimen>
    <dimen name="dm217">326px</dimen>
    <dimen name="dm218">327px</dimen>
    <dimen name="dm219">329px</dimen>
    <dimen name="dm220">330px</dimen>
    <dimen name="dm221">332px</dimen>
    <dimen name="dm222">333px</dimen>
    <dimen name="dm223">335px</dimen>
    <dimen name="dm224">336px</dimen>
    <dimen name="dm225">338px</dimen>
    <dimen name="dm226">339px</dimen>
    <dimen name="dm227">341px</dimen>
    <dimen name="dm228">342px</dimen>
    <dimen name="dm229">344px</dimen>
    <dimen name="dm230">345px</dimen>
    <dimen name="dm231">347px</dimen>
    <dimen name="dm232">348px</dimen>
    <dimen name="dm233">350px</dimen>
    <dimen name="dm234">351px</dimen>
    <dimen name="dm235">353px</dimen>
    <dimen name="dm236">354px</dimen>
    <dimen name="dm237">356px</dimen>
    <dimen name="dm238">357px</dimen>
    <dimen name="dm239">359px</dimen>
    <dimen name="dm240">360px</dimen>
    <dimen name="dm241">362px</dimen>
    <dimen name="dm242">363px</dimen>
    <dimen name="dm243">365px</dimen>
    <dimen name="dm244">366px</dimen>
    <dimen name="dm245">368px</dimen>
    <dimen name="dm246">369px</dimen>
    <dimen name="dm247">371px</dimen>
    <dimen name="dm248">372px</dimen>
    <dimen name="dm249">374px</dimen>
    <dimen name="dm250">375px</dimen>
    <dimen name="dm251">377px</dimen>
    <dimen name="dm252">378px</dimen>
    <dimen name="dm253">380px</dimen>
    <dimen name="dm254">381px</dimen>
    <dimen name="dm255">383px</dimen>
    <dimen name="dm256">384px</dimen>
    <dimen name="dm257">386px</dimen>
    <dimen name="dm258">387px</dimen>
    <dimen name="dm259">389px</dimen>
    <dimen name="dm260">390px</dimen>
    <dimen name="dm261">392px</dimen>
    <dimen name="dm262">393px</dimen>
    <dimen name="dm263">395px</dimen>
    <dimen name="dm264">396px</dimen>
    <dimen name="dm265">398px</dimen>
    <dimen name="dm266">399px</dimen>
    <dimen name="dm267">401px</dimen>
    <dimen name="dm268">402px</dimen>
    <dimen name="dm269">404px</dimen>
    <dimen name="dm270">405px</dimen>
    <dimen name="dm271">407px</dimen>
    <dimen name="dm272">408px</dimen>
    <dimen name="dm273">410px</dimen>
    <dimen name="dm274">411px</dimen>
    <dimen name="dm275">413px</dimen>
    <dimen name="dm276">414px</dimen>
    <dimen name="dm277">416px</dimen>
    <dimen name="dm278">417px</dimen>
    <dimen name="dm279">419px</dimen>
    <dimen name="dm280">420px</dimen>
    <dimen name="dm281">422px</dimen>
    <dimen name="dm282">423px</dimen>
    <dimen name="dm283">425px</dimen>
    <dimen name="dm284">426px</dimen>
    <dimen name="dm285">428px</dimen>
    <dimen name="dm286">429px</dimen>
    <dimen name="dm287">431px</dimen>
    <dimen name="dm288">432px</dimen>
    <dimen name="dm289">434px</dimen>
    <dimen name="dm290">435px</dimen>
    <dimen name="dm291">437px</dimen>
    <dimen name="dm292">438px</dimen>
    <dimen name="dm293">440px</dimen>
    <dimen name="dm294">441px</dimen>
    <dimen name="dm295">443px</dimen>
    <dimen name="dm296">444px</dimen>
    <dimen name="dm297">446px</dimen>
    <dimen name="dm298">447px</dimen>
    <dimen name="dm299">449px</dimen>
    <dimen name="dm300">450px</dimen>
    <dimen name="dm301">452px</dimen>
    <dimen name="dm302">453px</dimen>
    <dimen name="dm303">455px</dimen>
    <dimen name="dm304">456px</dimen>
    <dimen name="dm305">458px</dimen>
    <dimen name="dm306">459px</dimen>
    <dimen name="dm307">461px</dimen>
    <dimen name="dm308">462px</dimen>
    <dimen name="dm309">464px</dimen>
    <dimen name="dm310">465px</dimen>
    <dimen name="dm311">467px</dimen>
    <dimen name="dm312">468px</dimen>
    <dimen name="dm313">470px</dimen>
    <dimen name="dm314">471px</dimen>
    <dimen name="dm315">473px</dimen>
    <dimen name="dm316">474px</dimen>
    <dimen name="dm317">476px</dimen>
    <dimen name="dm318">477px</dimen>
    <dimen name="dm319">479px</dimen>
    <dimen name="dm320">480px</dimen>
    <dimen name="dm321">482px</dimen>
    <dimen name="dm322">483px</dimen>
    <dimen name="dm323">485px</dimen>
    <dimen name="dm324">486px</dimen>
    <dimen name="dm325">488px</dimen>
    <dimen name="dm326">489px</dimen>
    <dimen name="dm327">491px</dimen>
    <dimen name="dm328">492px</dimen>
    <dimen name="dm329">494px</dimen>
    <dimen name="dm330">495px</dimen>
    <dimen name="dm331">497px</dimen>
    <dimen name="dm332">498px</dimen>
    <dimen name="dm333">500px</dimen>
    <dimen name="dm334">501px</dimen>
    <dimen name="dm335">503px</dimen>
    <dimen name="dm336">504px</dimen>
    <dimen name="dm337">506px</dimen>
    <dimen name="dm338">507px</dimen>
    <dimen name="dm339">509px</dimen>
    <dimen name="dm340">510px</dimen>
    <dimen name="dm341">512px</dimen>
    <dimen name="dm342">513px</dimen>
    <dimen name="dm343">515px</dimen>
    <dimen name="dm344">516px</dimen>
    <dimen name="dm345">518px</dimen>
    <dimen name="dm346">519px</dimen>
    <dimen name="dm347">521px</dimen>
    <dimen name="dm348">522px</dimen>
    <dimen name="dm349">524px</dimen>
    <dimen name="dm350">525px</dimen>
    <dimen name="dm351">527px</dimen>
    <dimen name="dm352">528px</dimen>
    <dimen name="dm353">530px</dimen>
    <dimen name="dm354">531px</dimen>
    <dimen name="dm355">533px</dimen>
    <dimen name="dm356">534px</dimen>
    <dimen name="dm357">536px</dimen>
    <dimen name="dm358">537px</dimen>
    <dimen name="dm359">539px</dimen>
    <dimen name="dm360">540px</dimen>
    <dimen name="dm361">542px</dimen>
    <dimen name="dm362">543px</dimen>
    <dimen name="dm363">545px</dimen>
    <dimen name="dm364">546px</dimen>
    <dimen name="dm365">548px</dimen>
    <dimen name="dm366">549px</dimen>
    <dimen name="dm367">551px</dimen>
    <dimen name="dm368">552px</dimen>
    <dimen name="dm369">554px</dimen>
    <dimen name="dm370">555px</dimen>
    <dimen name="dm371">557px</dimen>
    <dimen name="dm372">558px</dimen>
    <dimen name="dm373">560px</dimen>
    <dimen name="dm374">561px</dimen>
    <dimen name="dm375">563px</dimen>
    <dimen name="dm376">564px</dimen>
    <dimen name="dm377">566px</dimen>
    <dimen name="dm378">567px</dimen>
    <dimen name="dm379">569px</dimen>
    <dimen name="dm380">570px</dimen>
    <dimen name="dm381">572px</dimen>
    <dimen name="dm382">573px</dimen>
    <dimen name="dm383">575px</dimen>
    <dimen name="dm384">576px</dimen>
    <dimen name="dm385">578px</dimen>
    <dimen name="dm386">579px</dimen>
    <dimen name="dm387">581px</dimen>
    <dimen name="dm388">582px</dimen>
    <dimen name="dm389">584px</dimen>
    <dimen name="dm390">585px</dimen>
    <dimen name="dm391">587px</dimen>
    <dimen name="dm392">588px</dimen>
    <dimen name="dm393">590px</dimen>
    <dimen name="dm394">591px</dimen>
    <dimen name="dm395">593px</dimen>
    <dimen name="dm396">594px</dimen>
    <dimen name="dm397">596px</dimen>
    <dimen name="dm398">597px</dimen>
    <dimen name="dm399">599px</dimen>
    <dimen name="dm400">600px</dimen>
    <dimen name="dm401">602px</dimen>
    <dimen name="dm402">603px</dimen>
    <dimen name="dm403">605px</dimen>
    <dimen name="dm404">606px</dimen>
    <dimen name="dm405">608px</dimen>
    <dimen name="dm406">609px</dimen>
    <dimen name="dm407">611px</dimen>
    <dimen name="dm408">612px</dimen>
    <dimen name="dm409">614px</dimen>
    <dimen name="dm410">615px</dimen>
    <dimen name="dm411">617px</dimen>
    <dimen name="dm412">618px</dimen>
    <dimen name="dm413">620px</dimen>
    <dimen name="dm414">621px</dimen>
    <dimen name="dm415">623px</dimen>
    <dimen name="dm416">624px</dimen>
    <dimen name="dm417">626px</dimen>
    <dimen name="dm418">627px</dimen>
    <dimen name="dm419">629px</dimen>
    <dimen name="dm420">630px</dimen>
    <dimen name="dm421">632px</dimen>
    <dimen name="dm422">633px</dimen>
    <dimen name="dm423">635px</dimen>
    <dimen name="dm424">636px</dimen>
    <dimen name="dm425">638px</dimen>
    <dimen name="dm426">639px</dimen>
    <dimen name="dm427">641px</dimen>
    <dimen name="dm428">642px</dimen>
    <dimen name="dm429">644px</dimen>
    <dimen name="dm430">645px</dimen>
    <dimen name="dm431">647px</dimen>
    <dimen name="dm432">648px</dimen>
    <dimen name="dm433">650px</dimen>
    <dimen name="dm434">651px</dimen>
    <dimen name="dm435">653px</dimen>
    <dimen name="dm436">654px</dimen>
    <dimen name="dm437">656px</dimen>
    <dimen name="dm438">657px</dimen>
    <dimen name="dm439">659px</dimen>
    <dimen name="dm440">660px</dimen>
    <dimen name="dm441">662px</dimen>
    <dimen name="dm442">663px</dimen>
    <dimen name="dm443">665px</dimen>
    <dimen name="dm444">666px</dimen>
    <dimen name="dm445">668px</dimen>
    <dimen name="dm446">669px</dimen>
    <dimen name="dm447">671px</dimen>
    <dimen name="dm448">672px</dimen>
    <dimen name="dm449">674px</dimen>
    <dimen name="dm450">675px</dimen>
    <dimen name="dm451">677px</dimen>
    <dimen name="dm452">678px</dimen>
    <dimen name="dm453">680px</dimen>
    <dimen name="dm454">681px</dimen>
    <dimen name="dm455">683px</dimen>
    <dimen name="dm456">684px</dimen>
    <dimen name="dm457">686px</dimen>
    <dimen name="dm458">687px</dimen>
    <dimen name="dm459">689px</dimen>
    <dimen name="dm460">690px</dimen>
    <dimen name="dm461">692px</dimen>
    <dimen name="dm462">693px</dimen>
    <dimen name="dm463">695px</dimen>
    <dimen name="dm464">696px</dimen>
    <dimen name="dm465">698px</dimen>
    <dimen name="dm466">699px</dimen>
    <dimen name="dm467">701px</dimen>
    <dimen name="dm468">702px</dimen>
    <dimen name="dm469">704px</dimen>
    <dimen name="dm470">705px</dimen>
    <dimen name="dm471">707px</dimen>
    <dimen name="dm472">708px</dimen>
    <dimen name="dm473">710px</dimen>
    <dimen name="dm474">711px</dimen>
    <dimen name="dm475">713px</dimen>
    <dimen name="dm476">714px</dimen>
    <dimen name="dm477">716px</dimen>
    <dimen name="dm478">717px</dimen>
    <dimen name="dm479">719px</dimen>
    <dimen name="dm480">720px</dimen>
    <dimen name="dm481">722px</dimen>
    <dimen name="dm482">723px</dimen>
    <dimen name="dm483">725px</dimen>
    <dimen name="dm484">726px</dimen>
    <dimen name="dm485">728px</dimen>
    <dimen name="dm486">729px</dimen>
    <dimen name="dm487">731px</dimen>
    <dimen name="dm488">732px</dimen>
    <dimen name="dm489">734px</dimen>
    <dimen name="dm490">735px</dimen>
    <dimen name="dm491">737px</dimen>
    <dimen name="dm492">738px</dimen>
    <dimen name="dm493">740px</dimen>
    <dimen name="dm494">741px</dimen>
    <dimen name="dm495">743px</dimen>
    <dimen name="dm496">744px</dimen>
    <dimen name="dm497">746px</dimen>
    <dimen name="dm498">747px</dimen>
    <dimen name="dm499">749px</dimen>
    <dimen name="dm500">750px</dimen>
    <dimen name="dm501">752px</dimen>
    <dimen name="dm502">753px</dimen>
    <dimen name="dm503">755px</dimen>
    <dimen name="dm504">756px</dimen>
    <dimen name="dm505">758px</dimen>
    <dimen name="dm506">759px</dimen>
    <dimen name="dm507">761px</dimen>
    <dimen name="dm508">762px</dimen>
    <dimen name="dm509">764px</dimen>
    <dimen name="dm510">765px</dimen>
    <dimen name="dm511">767px</dimen>
    <dimen name="dm512">768px</dimen>
    <dimen name="dm513">770px</dimen>
    <dimen name="dm514">771px</dimen>
    <dimen name="dm515">773px</dimen>
    <dimen name="dm516">774px</dimen>
    <dimen name="dm517">776px</dimen>
    <dimen name="dm518">777px</dimen>
    <dimen name="dm519">779px</dimen>
    <dimen name="dm520">780px</dimen>
    <dimen name="dm521">782px</dimen>
    <dimen name="dm522">783px</dimen>
    <dimen name="dm523">785px</dimen>
    <dimen name="dm524">786px</dimen>
    <dimen name="dm525">788px</dimen>
    <dimen name="dm526">789px</dimen>
    <dimen name="dm527">791px</dimen>
    <dimen name="dm528">792px</dimen>
    <dimen name="dm529">794px</dimen>
    <dimen name="dm530">795px</dimen>
    <dimen name="dm531">797px</dimen>
    <dimen name="dm532">798px</dimen>
    <dimen name="dm533">800px</dimen>
    <dimen name="dm534">801px</dimen>
    <dimen name="dm535">803px</dimen>
    <dimen name="dm536">804px</dimen>
    <dimen name="dm537">806px</dimen>
    <dimen name="dm538">807px</dimen>
    <dimen name="dm539">809px</dimen>
    <dimen name="dm540">810px</dimen>
    <dimen name="dm541">812px</dimen>
    <dimen name="dm542">813px</dimen>
    <dimen name="dm543">815px</dimen>
    <dimen name="dm544">816px</dimen>
    <dimen name="dm545">818px</dimen>
    <dimen name="dm546">819px</dimen>
    <dimen name="dm547">821px</dimen>
    <dimen name="dm548">822px</dimen>
    <dimen name="dm549">824px</dimen>
    <dimen name="dm550">825px</dimen>
    <dimen name="dm551">827px</dimen>
    <dimen name="dm552">828px</dimen>
    <dimen name="dm553">830px</dimen>
    <dimen name="dm554">831px</dimen>
    <dimen name="dm555">833px</dimen>
    <dimen name="dm556">834px</dimen>
    <dimen name="dm557">836px</dimen>
    <dimen name="dm558">837px</dimen>
    <dimen name="dm559">839px</dimen>
    <dimen name="dm560">840px</dimen>
    <dimen name="dm561">842px</dimen>
    <dimen name="dm562">843px</dimen>
    <dimen name="dm563">845px</dimen>
    <dimen name="dm564">846px</dimen>
    <dimen name="dm565">848px</dimen>
    <dimen name="dm566">849px</dimen>
    <dimen name="dm567">851px</dimen>
    <dimen name="dm568">852px</dimen>
    <dimen name="dm569">854px</dimen>
    <dimen name="dm570">855px</dimen>
    <dimen name="dm571">857px</dimen>
    <dimen name="dm572">858px</dimen>
    <dimen name="dm573">860px</dimen>
    <dimen name="dm574">861px</dimen>
    <dimen name="dm575">863px</dimen>
    <dimen name="dm576">864px</dimen>
    <dimen name="dm577">866px</dimen>
    <dimen name="dm578">867px</dimen>
    <dimen name="dm579">869px</dimen>
    <dimen name="dm580">870px</dimen>
    <dimen name="dm581">872px</dimen>
    <dimen name="dm582">873px</dimen>
    <dimen name="dm583">875px</dimen>
    <dimen name="dm584">876px</dimen>
    <dimen name="dm585">878px</dimen>
    <dimen name="dm586">879px</dimen>
    <dimen name="dm587">881px</dimen>
    <dimen name="dm588">882px</dimen>
    <dimen name="dm589">884px</dimen>
    <dimen name="dm590">885px</dimen>
    <dimen name="dm591">887px</dimen>
    <dimen name="dm592">888px</dimen>
    <dimen name="dm593">890px</dimen>
    <dimen name="dm594">891px</dimen>
    <dimen name="dm595">893px</dimen>
    <dimen name="dm596">894px</dimen>
    <dimen name="dm597">896px</dimen>
    <dimen name="dm598">897px</dimen>
    <dimen name="dm599">899px</dimen>
    <dimen name="dm600">900px</dimen>
    <dimen name="dm601">902px</dimen>
    <dimen name="dm602">903px</dimen>
    <dimen name="dm603">905px</dimen>
    <dimen name="dm604">906px</dimen>
    <dimen name="dm605">908px</dimen>
    <dimen name="dm606">909px</dimen>
    <dimen name="dm607">911px</dimen>
    <dimen name="dm608">912px</dimen>
    <dimen name="dm609">914px</dimen>
    <dimen name="dm610">915px</dimen>
    <dimen name="dm611">917px</dimen>
    <dimen name="dm612">918px</dimen>
    <dimen name="dm613">920px</dimen>
    <dimen name="dm614">921px</dimen>
    <dimen name="dm615">923px</dimen>
    <dimen name="dm616">924px</dimen>
    <dimen name="dm617">926px</dimen>
    <dimen name="dm618">927px</dimen>
    <dimen name="dm619">929px</dimen>
    <dimen name="dm620">930px</dimen>
    <dimen name="dm621">932px</dimen>
    <dimen name="dm622">933px</dimen>
    <dimen name="dm623">935px</dimen>
    <dimen name="dm624">936px</dimen>
    <dimen name="dm625">938px</dimen>
    <dimen name="dm626">939px</dimen>
    <dimen name="dm627">941px</dimen>
    <dimen name="dm628">942px</dimen>
    <dimen name="dm629">944px</dimen>
    <dimen name="dm630">945px</dimen>
    <dimen name="dm631">947px</dimen>
    <dimen name="dm632">948px</dimen>
    <dimen name="dm633">950px</dimen>
    <dimen name="dm634">951px</dimen>
    <dimen name="dm635">953px</dimen>
    <dimen name="dm636">954px</dimen>
    <dimen name="dm637">956px</dimen>
    <dimen name="dm638">957px</dimen>
    <dimen name="dm639">959px</dimen>
    <dimen name="dm640">960px</dimen>
    <dimen name="dm641">962px</dimen>
    <dimen name="dm642">963px</dimen>
    <dimen name="dm643">965px</dimen>
    <dimen name="dm644">966px</dimen>
    <dimen name="dm645">968px</dimen>
    <dimen name="dm646">969px</dimen>
    <dimen name="dm647">971px</dimen>
    <dimen name="dm648">972px</dimen>
    <dimen name="dm649">974px</dimen>
    <dimen name="dm650">975px</dimen>
    <dimen name="dm651">977px</dimen>
    <dimen name="dm652">978px</dimen>
    <dimen name="dm653">980px</dimen>
    <dimen name="dm654">981px</dimen>
    <dimen name="dm655">983px</dimen>
    <dimen name="dm656">984px</dimen>
    <dimen name="dm657">986px</dimen>
    <dimen name="dm658">987px</dimen>
    <dimen name="dm659">989px</dimen>
    <dimen name="dm660">990px</dimen>
    <dimen name="dm661">992px</dimen>
    <dimen name="dm662">993px</dimen>
    <dimen name="dm663">995px</dimen>
    <dimen name="dm664">996px</dimen>
    <dimen name="dm665">998px</dimen>
    <dimen name="dm666">999px</dimen>
    <dimen name="dm667">1001px</dimen>
    <dimen name="dm668">1002px</dimen>
    <dimen name="dm669">1004px</dimen>
    <dimen name="dm670">1005px</dimen>
    <dimen name="dm671">1007px</dimen>
    <dimen name="dm672">1008px</dimen>
    <dimen name="dm673">1010px</dimen>
    <dimen name="dm674">1011px</dimen>
    <dimen name="dm675">1013px</dimen>
    <dimen name="dm676">1014px</dimen>
    <dimen name="dm677">1016px</dimen>
    <dimen name="dm678">1017px</dimen>
    <dimen name="dm679">1019px</dimen>
    <dimen name="dm680">1020px</dimen>
    <dimen name="dm681">1022px</dimen>
    <dimen name="dm682">1023px</dimen>
    <dimen name="dm683">1025px</dimen>
    <dimen name="dm684">1026px</dimen>
    <dimen name="dm685">1028px</dimen>
    <dimen name="dm686">1029px</dimen>
    <dimen name="dm687">1031px</dimen>
    <dimen name="dm688">1032px</dimen>
    <dimen name="dm689">1034px</dimen>
    <dimen name="dm690">1035px</dimen>
    <dimen name="dm691">1037px</dimen>
    <dimen name="dm692">1038px</dimen>
    <dimen name="dm693">1040px</dimen>
    <dimen name="dm694">1041px</dimen>
    <dimen name="dm695">1043px</dimen>
    <dimen name="dm696">1044px</dimen>
    <dimen name="dm697">1046px</dimen>
    <dimen name="dm698">1047px</dimen>
    <dimen name="dm699">1049px</dimen>
    <dimen name="dm700">1050px</dimen>
    <dimen name="dm701">1052px</dimen>
    <dimen name="dm702">1053px</dimen>
    <dimen name="dm703">1055px</dimen>
    <dimen name="dm704">1056px</dimen>
    <dimen name="dm705">1058px</dimen>
    <dimen name="dm706">1059px</dimen>
    <dimen name="dm707">1061px</dimen>
    <dimen name="dm708">1062px</dimen>
    <dimen name="dm709">1064px</dimen>
    <dimen name="dm710">1065px</dimen>
    <dimen name="dm711">1067px</dimen>
    <dimen name="dm712">1068px</dimen>
    <dimen name="dm713">1070px</dimen>
    <dimen name="dm714">1071px</dimen>
    <dimen name="dm715">1073px</dimen>
    <dimen name="dm716">1074px</dimen>
    <dimen name="dm717">1076px</dimen>
    <dimen name="dm718">1077px</dimen>
    <dimen name="dm719">1079px</dimen>
    <dimen name="dm720">1080px</dimen>
    <dimen name="dm721">1082px</dimen>
    <dimen name="dm722">1083px</dimen>
    <dimen name="dm723">1085px</dimen>
    <dimen name="dm724">1086px</dimen>
    <dimen name="dm725">1088px</dimen>
    <dimen name="dm726">1089px</dimen>
    <dimen name="dm727">1091px</dimen>
    <dimen name="dm728">1092px</dimen>
    <dimen name="dm729">1094px</dimen>
    <dimen name="dm730">1095px</dimen>
    <dimen name="dm731">1097px</dimen>
    <dimen name="dm732">1098px</dimen>
    <dimen name="dm733">1100px</dimen>
    <dimen name="dm734">1101px</dimen>
    <dimen name="dm735">1103px</dimen>
    <dimen name="dm736">1104px</dimen>
    <dimen name="dm737">1106px</dimen>
    <dimen name="dm738">1107px</dimen>
    <dimen name="dm739">1109px</dimen>
    <dimen name="dm740">1110px</dimen>
    <dimen name="dm741">1112px</dimen>
    <dimen name="dm742">1113px</dimen>
    <dimen name="dm743">1115px</dimen>
    <dimen name="dm744">1116px</dimen>
    <dimen name="dm745">1118px</dimen>
    <dimen name="dm746">1119px</dimen>
    <dimen name="dm747">1121px</dimen>
    <dimen name="dm748">1122px</dimen>
    <dimen name="dm749">1124px</dimen>
    <dimen name="dm750">1125px</dimen>
    <dimen name="dm751">1127px</dimen>
    <dimen name="dm752">1128px</dimen>
    <dimen name="dm753">1130px</dimen>
    <dimen name="dm754">1131px</dimen>
    <dimen name="dm755">1133px</dimen>
    <dimen name="dm756">1134px</dimen>
    <dimen name="dm757">1136px</dimen>
    <dimen name="dm758">1137px</dimen>
    <dimen name="dm759">1139px</dimen>
    <dimen name="dm760">1140px</dimen>
    <dimen name="dm761">1142px</dimen>
    <dimen name="dm762">1143px</dimen>
    <dimen name="dm763">1145px</dimen>
    <dimen name="dm764">1146px</dimen>
    <dimen name="dm765">1148px</dimen>
    <dimen name="dm766">1149px</dimen>
    <dimen name="dm767">1151px</dimen>
    <dimen name="dm768">1152px</dimen>
    <dimen name="dm769">1154px</dimen>
    <dimen name="dm770">1155px</dimen>
    <dimen name="dm771">1157px</dimen>
    <dimen name="dm772">1158px</dimen>
    <dimen name="dm773">1160px</dimen>
    <dimen name="dm774">1161px</dimen>
    <dimen name="dm775">1163px</dimen>
    <dimen name="dm776">1164px</dimen>
    <dimen name="dm777">1166px</dimen>
    <dimen name="dm778">1167px</dimen>
    <dimen name="dm779">1169px</dimen>
    <dimen name="dm780">1170px</dimen>
    <dimen name="dm781">1172px</dimen>
    <dimen name="dm782">1173px</dimen>
    <dimen name="dm783">1175px</dimen>
    <dimen name="dm784">1176px</dimen>
    <dimen name="dm785">1178px</dimen>
    <dimen name="dm786">1179px</dimen>
    <dimen name="dm787">1181px</dimen>
    <dimen name="dm788">1182px</dimen>
    <dimen name="dm789">1184px</dimen>
    <dimen name="dm790">1185px</dimen>
    <dimen name="dm791">1187px</dimen>
    <dimen name="dm792">1188px</dimen>
    <dimen name="dm793">1190px</dimen>
    <dimen name="dm794">1191px</dimen>
    <dimen name="dm795">1193px</dimen>
    <dimen name="dm796">1194px</dimen>
    <dimen name="dm797">1196px</dimen>
    <dimen name="dm798">1197px</dimen>
    <dimen name="dm799">1199px</dimen>
    <dimen name="dm800">1200px</dimen>
    <dimen name="dm801">1202px</dimen>
    <dimen name="dm802">1203px</dimen>
    <dimen name="dm803">1205px</dimen>
    <dimen name="dm804">1206px</dimen>
    <dimen name="dm805">1208px</dimen>
    <dimen name="dm806">1209px</dimen>
    <dimen name="dm807">1211px</dimen>
    <dimen name="dm808">1212px</dimen>
    <dimen name="dm809">1214px</dimen>
    <dimen name="dm810">1215px</dimen>
    <dimen name="dm811">1217px</dimen>
    <dimen name="dm812">1218px</dimen>
    <dimen name="dm813">1220px</dimen>
    <dimen name="dm814">1221px</dimen>
    <dimen name="dm815">1223px</dimen>
    <dimen name="dm816">1224px</dimen>
    <dimen name="dm817">1226px</dimen>
    <dimen name="dm818">1227px</dimen>
    <dimen name="dm819">1229px</dimen>
    <dimen name="dm820">1230px</dimen>
    <dimen name="dm821">1232px</dimen>
    <dimen name="dm822">1233px</dimen>
    <dimen name="dm823">1235px</dimen>
    <dimen name="dm824">1236px</dimen>
    <dimen name="dm825">1238px</dimen>
    <dimen name="dm826">1239px</dimen>
    <dimen name="dm827">1241px</dimen>
    <dimen name="dm828">1242px</dimen>
    <dimen name="dm829">1244px</dimen>
    <dimen name="dm830">1245px</dimen>
    <dimen name="dm831">1247px</dimen>
    <dimen name="dm832">1248px</dimen>
    <dimen name="dm833">1250px</dimen>
    <dimen name="dm834">1251px</dimen>
    <dimen name="dm835">1253px</dimen>
    <dimen name="dm836">1254px</dimen>
    <dimen name="dm837">1256px</dimen>
    <dimen name="dm838">1257px</dimen>
    <dimen name="dm839">1259px</dimen>
    <dimen name="dm840">1260px</dimen>
    <dimen name="dm841">1262px</dimen>
    <dimen name="dm842">1263px</dimen>
    <dimen name="dm843">1265px</dimen>
    <dimen name="dm844">1266px</dimen>
    <dimen name="dm845">1268px</dimen>
    <dimen name="dm846">1269px</dimen>
    <dimen name="dm847">1271px</dimen>
    <dimen name="dm848">1272px</dimen>
    <dimen name="dm849">1274px</dimen>
    <dimen name="dm850">1275px</dimen>
    <dimen name="dm851">1277px</dimen>
    <dimen name="dm852">1278px</dimen>
    <dimen name="dm853">1280px</dimen>
    <dimen name="dm854">1281px</dimen>
    <dimen name="dm855">1283px</dimen>
    <dimen name="dm856">1284px</dimen>
    <dimen name="dm857">1286px</dimen>
    <dimen name="dm858">1287px</dimen>
    <dimen name="dm859">1289px</dimen>
    <dimen name="dm860">1290px</dimen>
    <dimen name="dm861">1292px</dimen>
    <dimen name="dm862">1293px</dimen>
    <dimen name="dm863">1295px</dimen>
    <dimen name="dm864">1296px</dimen>
    <dimen name="dm865">1298px</dimen>
    <dimen name="dm866">1299px</dimen>
    <dimen name="dm867">1301px</dimen>
    <dimen name="dm868">1302px</dimen>
    <dimen name="dm869">1304px</dimen>
    <dimen name="dm870">1305px</dimen>
    <dimen name="dm871">1307px</dimen>
    <dimen name="dm872">1308px</dimen>
    <dimen name="dm873">1310px</dimen>
    <dimen name="dm874">1311px</dimen>
    <dimen name="dm875">1313px</dimen>
    <dimen name="dm876">1314px</dimen>
    <dimen name="dm877">1316px</dimen>
    <dimen name="dm878">1317px</dimen>
    <dimen name="dm879">1319px</dimen>
    <dimen name="dm880">1320px</dimen>
    <dimen name="dm881">1322px</dimen>
    <dimen name="dm882">1323px</dimen>
    <dimen name="dm883">1325px</dimen>
    <dimen name="dm884">1326px</dimen>
    <dimen name="dm885">1328px</dimen>
    <dimen name="dm886">1329px</dimen>
    <dimen name="dm887">1331px</dimen>
    <dimen name="dm888">1332px</dimen>
    <dimen name="dm889">1334px</dimen>
    <dimen name="dm890">1335px</dimen>
    <dimen name="dm891">1337px</dimen>
    <dimen name="dm892">1338px</dimen>
    <dimen name="dm893">1340px</dimen>
    <dimen name="dm894">1341px</dimen>
    <dimen name="dm895">1343px</dimen>
    <dimen name="dm896">1344px</dimen>
    <dimen name="dm897">1346px</dimen>
    <dimen name="dm898">1347px</dimen>
    <dimen name="dm899">1349px</dimen>
    <dimen name="dm900">1350px</dimen>
    <dimen name="dm901">1352px</dimen>
    <dimen name="dm902">1353px</dimen>
    <dimen name="dm903">1355px</dimen>
    <dimen name="dm904">1356px</dimen>
    <dimen name="dm905">1358px</dimen>
    <dimen name="dm906">1359px</dimen>
    <dimen name="dm907">1361px</dimen>
    <dimen name="dm908">1362px</dimen>
    <dimen name="dm909">1364px</dimen>
    <dimen name="dm910">1365px</dimen>
    <dimen name="dm911">1367px</dimen>
    <dimen name="dm912">1368px</dimen>
    <dimen name="dm913">1370px</dimen>
    <dimen name="dm914">1371px</dimen>
    <dimen name="dm915">1373px</dimen>
    <dimen name="dm916">1374px</dimen>
    <dimen name="dm917">1376px</dimen>
    <dimen name="dm918">1377px</dimen>
    <dimen name="dm919">1379px</dimen>
    <dimen name="dm920">1380px</dimen>
    <dimen name="dm921">1382px</dimen>
    <dimen name="dm922">1383px</dimen>
    <dimen name="dm923">1385px</dimen>
    <dimen name="dm924">1386px</dimen>
    <dimen name="dm925">1388px</dimen>
    <dimen name="dm926">1389px</dimen>
    <dimen name="dm927">1391px</dimen>
    <dimen name="dm928">1392px</dimen>
    <dimen name="dm929">1394px</dimen>
    <dimen name="dm930">1395px</dimen>
    <dimen name="dm931">1397px</dimen>
    <dimen name="dm932">1398px</dimen>
    <dimen name="dm933">1400px</dimen>
    <dimen name="dm934">1401px</dimen>
    <dimen name="dm935">1403px</dimen>
    <dimen name="dm936">1404px</dimen>
    <dimen name="dm937">1406px</dimen>
    <dimen name="dm938">1407px</dimen>
    <dimen name="dm939">1409px</dimen>
    <dimen name="dm940">1410px</dimen>
    <dimen name="dm941">1412px</dimen>
    <dimen name="dm942">1413px</dimen>
    <dimen name="dm943">1415px</dimen>
    <dimen name="dm944">1416px</dimen>
    <dimen name="dm945">1418px</dimen>
    <dimen name="dm946">1419px</dimen>
    <dimen name="dm947">1421px</dimen>
    <dimen name="dm948">1422px</dimen>
    <dimen name="dm949">1424px</dimen>
    <dimen name="dm950">1425px</dimen>
    <dimen name="dm951">1427px</dimen>
    <dimen name="dm952">1428px</dimen>
    <dimen name="dm953">1430px</dimen>
    <dimen name="dm954">1431px</dimen>
    <dimen name="dm955">1433px</dimen>
    <dimen name="dm956">1434px</dimen>
    <dimen name="dm957">1436px</dimen>
    <dimen name="dm958">1437px</dimen>
    <dimen name="dm959">1439px</dimen>
    <dimen name="dm960">1440px</dimen>
    <dimen name="dm961">1442px</dimen>
    <dimen name="dm962">1443px</dimen>
    <dimen name="dm963">1445px</dimen>
    <dimen name="dm964">1446px</dimen>
    <dimen name="dm965">1448px</dimen>
    <dimen name="dm966">1449px</dimen>
    <dimen name="dm967">1451px</dimen>
    <dimen name="dm968">1452px</dimen>
    <dimen name="dm969">1454px</dimen>
    <dimen name="dm970">1455px</dimen>
    <dimen name="dm971">1457px</dimen>
    <dimen name="dm972">1458px</dimen>
    <dimen name="dm973">1460px</dimen>
    <dimen name="dm974">1461px</dimen>
    <dimen name="dm975">1463px</dimen>
    <dimen name="dm976">1464px</dimen>
    <dimen name="dm977">1466px</dimen>
    <dimen name="dm978">1467px</dimen>
    <dimen name="dm979">1469px</dimen>
    <dimen name="dm980">1470px</dimen>
    <dimen name="dm981">1472px</dimen>
    <dimen name="dm982">1473px</dimen>
    <dimen name="dm983">1475px</dimen>
    <dimen name="dm984">1476px</dimen>
    <dimen name="dm985">1478px</dimen>
    <dimen name="dm986">1479px</dimen>
    <dimen name="dm987">1481px</dimen>
    <dimen name="dm988">1482px</dimen>
    <dimen name="dm989">1484px</dimen>
    <dimen name="dm990">1485px</dimen>
    <dimen name="dm991">1487px</dimen>
    <dimen name="dm992">1488px</dimen>
    <dimen name="dm993">1490px</dimen>
    <dimen name="dm994">1491px</dimen>
    <dimen name="dm995">1493px</dimen>
    <dimen name="dm996">1494px</dimen>
    <dimen name="dm997">1496px</dimen>
    <dimen name="dm998">1497px</dimen>
    <dimen name="dm999">1499px</dimen>

</resources>