<resources>

    <dimen name="dm_200">-249px</dimen>
    <dimen name="dm_199">-248px</dimen>
    <dimen name="dm_198">-247px</dimen>
    <dimen name="dm_197">-245px</dimen>
    <dimen name="dm_196">-244px</dimen>
    <dimen name="dm_195">-243px</dimen>
    <dimen name="dm_194">-242px</dimen>
    <dimen name="dm_193">-240px</dimen>
    <dimen name="dm_192">-239px</dimen>
    <dimen name="dm_191">-238px</dimen>
    <dimen name="dm_190">-237px</dimen>
    <dimen name="dm_189">-235px</dimen>
    <dimen name="dm_188">-234px</dimen>
    <dimen name="dm_187">-233px</dimen>
    <dimen name="dm_186">-232px</dimen>
    <dimen name="dm_185">-230px</dimen>
    <dimen name="dm_184">-229px</dimen>
    <dimen name="dm_183">-228px</dimen>
    <dimen name="dm_182">-227px</dimen>
    <dimen name="dm_181">-225px</dimen>
    <dimen name="dm_180">-224px</dimen>
    <dimen name="dm_179">-223px</dimen>
    <dimen name="dm_178">-222px</dimen>
    <dimen name="dm_177">-220px</dimen>
    <dimen name="dm_176">-219px</dimen>
    <dimen name="dm_175">-218px</dimen>
    <dimen name="dm_174">-217px</dimen>
    <dimen name="dm_173">-215px</dimen>
    <dimen name="dm_172">-214px</dimen>
    <dimen name="dm_171">-213px</dimen>
    <dimen name="dm_170">-212px</dimen>
    <dimen name="dm_169">-210px</dimen>
    <dimen name="dm_168">-209px</dimen>
    <dimen name="dm_167">-208px</dimen>
    <dimen name="dm_166">-207px</dimen>
    <dimen name="dm_165">-205px</dimen>
    <dimen name="dm_164">-204px</dimen>
    <dimen name="dm_163">-203px</dimen>
    <dimen name="dm_162">-202px</dimen>
    <dimen name="dm_161">-200px</dimen>
    <dimen name="dm_160">-199px</dimen>
    <dimen name="dm_159">-198px</dimen>
    <dimen name="dm_158">-197px</dimen>
    <dimen name="dm_157">-195px</dimen>
    <dimen name="dm_156">-194px</dimen>
    <dimen name="dm_155">-193px</dimen>
    <dimen name="dm_154">-192px</dimen>
    <dimen name="dm_153">-190px</dimen>
    <dimen name="dm_152">-189px</dimen>
    <dimen name="dm_151">-188px</dimen>
    <dimen name="dm_150">-187px</dimen>
    <dimen name="dm_149">-185px</dimen>
    <dimen name="dm_148">-184px</dimen>
    <dimen name="dm_147">-183px</dimen>
    <dimen name="dm_146">-182px</dimen>
    <dimen name="dm_145">-180px</dimen>
    <dimen name="dm_144">-179px</dimen>
    <dimen name="dm_143">-178px</dimen>
    <dimen name="dm_142">-177px</dimen>
    <dimen name="dm_141">-175px</dimen>
    <dimen name="dm_140">-174px</dimen>
    <dimen name="dm_139">-173px</dimen>
    <dimen name="dm_138">-172px</dimen>
    <dimen name="dm_137">-170px</dimen>
    <dimen name="dm_136">-169px</dimen>
    <dimen name="dm_135">-168px</dimen>
    <dimen name="dm_134">-167px</dimen>
    <dimen name="dm_133">-165px</dimen>
    <dimen name="dm_132">-164px</dimen>
    <dimen name="dm_131">-163px</dimen>
    <dimen name="dm_130">-162px</dimen>
    <dimen name="dm_129">-160px</dimen>
    <dimen name="dm_128">-159px</dimen>
    <dimen name="dm_127">-158px</dimen>
    <dimen name="dm_126">-157px</dimen>
    <dimen name="dm_125">-155px</dimen>
    <dimen name="dm_124">-154px</dimen>
    <dimen name="dm_123">-153px</dimen>
    <dimen name="dm_122">-152px</dimen>
    <dimen name="dm_121">-150px</dimen>
    <dimen name="dm_120">-149px</dimen>
    <dimen name="dm_119">-148px</dimen>
    <dimen name="dm_118">-147px</dimen>
    <dimen name="dm_117">-145px</dimen>
    <dimen name="dm_116">-144px</dimen>
    <dimen name="dm_115">-143px</dimen>
    <dimen name="dm_114">-142px</dimen>
    <dimen name="dm_113">-140px</dimen>
    <dimen name="dm_112">-139px</dimen>
    <dimen name="dm_111">-138px</dimen>
    <dimen name="dm_110">-137px</dimen>
    <dimen name="dm_109">-135px</dimen>
    <dimen name="dm_108">-134px</dimen>
    <dimen name="dm_107">-133px</dimen>
    <dimen name="dm_106">-132px</dimen>
    <dimen name="dm_105">-130px</dimen>
    <dimen name="dm_104">-129px</dimen>
    <dimen name="dm_103">-128px</dimen>
    <dimen name="dm_102">-127px</dimen>
    <dimen name="dm_101">-125px</dimen>
    <dimen name="dm_100">-124px</dimen>
    <dimen name="dm_099">-123px</dimen>
    <dimen name="dm_098">-122px</dimen>
    <dimen name="dm_097">-120px</dimen>
    <dimen name="dm_096">-119px</dimen>
    <dimen name="dm_095">-118px</dimen>
    <dimen name="dm_094">-117px</dimen>
    <dimen name="dm_093">-115px</dimen>
    <dimen name="dm_092">-114px</dimen>
    <dimen name="dm_091">-113px</dimen>
    <dimen name="dm_090">-112px</dimen>
    <dimen name="dm_089">-110px</dimen>
    <dimen name="dm_088">-109px</dimen>
    <dimen name="dm_087">-108px</dimen>
    <dimen name="dm_086">-107px</dimen>
    <dimen name="dm_085">-105px</dimen>
    <dimen name="dm_084">-104px</dimen>
    <dimen name="dm_083">-103px</dimen>
    <dimen name="dm_082">-102px</dimen>
    <dimen name="dm_081">-100px</dimen>
    <dimen name="dm_080">-99px</dimen>
    <dimen name="dm_079">-98px</dimen>
    <dimen name="dm_078">-97px</dimen>
    <dimen name="dm_077">-95px</dimen>
    <dimen name="dm_076">-94px</dimen>
    <dimen name="dm_075">-93px</dimen>
    <dimen name="dm_074">-92px</dimen>
    <dimen name="dm_073">-90px</dimen>
    <dimen name="dm_072">-89px</dimen>
    <dimen name="dm_071">-88px</dimen>
    <dimen name="dm_070">-87px</dimen>
    <dimen name="dm_069">-85px</dimen>
    <dimen name="dm_068">-84px</dimen>
    <dimen name="dm_067">-83px</dimen>
    <dimen name="dm_066">-82px</dimen>
    <dimen name="dm_065">-80px</dimen>
    <dimen name="dm_064">-79px</dimen>
    <dimen name="dm_063">-78px</dimen>
    <dimen name="dm_062">-77px</dimen>
    <dimen name="dm_061">-75px</dimen>
    <dimen name="dm_060">-74px</dimen>
    <dimen name="dm_059">-73px</dimen>
    <dimen name="dm_058">-72px</dimen>
    <dimen name="dm_057">-70px</dimen>
    <dimen name="dm_056">-69px</dimen>
    <dimen name="dm_055">-68px</dimen>
    <dimen name="dm_054">-67px</dimen>
    <dimen name="dm_053">-65px</dimen>
    <dimen name="dm_052">-64px</dimen>
    <dimen name="dm_051">-63px</dimen>
    <dimen name="dm_050">-62px</dimen>
    <dimen name="dm_049">-60px</dimen>
    <dimen name="dm_048">-59px</dimen>
    <dimen name="dm_047">-58px</dimen>
    <dimen name="dm_046">-57px</dimen>
    <dimen name="dm_045">-55px</dimen>
    <dimen name="dm_044">-54px</dimen>
    <dimen name="dm_043">-53px</dimen>
    <dimen name="dm_042">-52px</dimen>
    <dimen name="dm_041">-50px</dimen>
    <dimen name="dm_040">-49px</dimen>
    <dimen name="dm_039">-48px</dimen>
    <dimen name="dm_038">-47px</dimen>
    <dimen name="dm_037">-45px</dimen>
    <dimen name="dm_036">-44px</dimen>
    <dimen name="dm_035">-43px</dimen>
    <dimen name="dm_034">-42px</dimen>
    <dimen name="dm_033">-40px</dimen>
    <dimen name="dm_032">-39px</dimen>
    <dimen name="dm_031">-38px</dimen>
    <dimen name="dm_030">-37px</dimen>
    <dimen name="dm_029">-35px</dimen>
    <dimen name="dm_028">-34px</dimen>
    <dimen name="dm_027">-33px</dimen>
    <dimen name="dm_026">-32px</dimen>
    <dimen name="dm_025">-30px</dimen>
    <dimen name="dm_024">-29px</dimen>
    <dimen name="dm_023">-28px</dimen>
    <dimen name="dm_022">-27px</dimen>
    <dimen name="dm_021">-25px</dimen>
    <dimen name="dm_020">-24px</dimen>
    <dimen name="dm_019">-23px</dimen>
    <dimen name="dm_018">-22px</dimen>
    <dimen name="dm_017">-20px</dimen>
    <dimen name="dm_016">-19px</dimen>
    <dimen name="dm_015">-18px</dimen>
    <dimen name="dm_014">-17px</dimen>
    <dimen name="dm_013">-15px</dimen>
    <dimen name="dm_012">-14px</dimen>
    <dimen name="dm_011">-13px</dimen>
    <dimen name="dm_010">-12px</dimen>
    <dimen name="dm_009">-10px</dimen>
    <dimen name="dm_008">-9px</dimen>
    <dimen name="dm_007">-8px</dimen>
    <dimen name="dm_006">-7px</dimen>
    <dimen name="dm_005">-5px</dimen>
    <dimen name="dm_004">-4px</dimen>
    <dimen name="dm_003">-3px</dimen>
    <dimen name="dm_002">-2px</dimen>
    <dimen name="dm_001">-1px</dimen>
    <dimen name="dm000">0px</dimen>
    <dimen name="dm001">1px</dimen>
    <dimen name="dm002">3px</dimen>
    <dimen name="dm003">4px</dimen>
    <dimen name="dm004">5px</dimen>
    <dimen name="dm005">6px</dimen>
    <dimen name="dm006">8px</dimen>
    <dimen name="dm007">9px</dimen>
    <dimen name="dm008">10px</dimen>
    <dimen name="dm009">11px</dimen>
    <dimen name="dm010">13px</dimen>
    <dimen name="dm011">14px</dimen>
    <dimen name="dm012">15px</dimen>
    <dimen name="dm013">16px</dimen>
    <dimen name="dm014">18px</dimen>
    <dimen name="dm015">19px</dimen>
    <dimen name="dm016">20px</dimen>
    <dimen name="dm017">21px</dimen>
    <dimen name="dm018">23px</dimen>
    <dimen name="dm019">24px</dimen>
    <dimen name="dm020">25px</dimen>
    <dimen name="dm021">26px</dimen>
    <dimen name="dm022">28px</dimen>
    <dimen name="dm023">29px</dimen>
    <dimen name="dm024">30px</dimen>
    <dimen name="dm025">31px</dimen>
    <dimen name="dm026">33px</dimen>
    <dimen name="dm027">34px</dimen>
    <dimen name="dm028">35px</dimen>
    <dimen name="dm029">36px</dimen>
    <dimen name="dm030">38px</dimen>
    <dimen name="dm031">39px</dimen>
    <dimen name="dm032">40px</dimen>
    <dimen name="dm033">41px</dimen>
    <dimen name="dm034">43px</dimen>
    <dimen name="dm035">44px</dimen>
    <dimen name="dm036">45px</dimen>
    <dimen name="dm037">46px</dimen>
    <dimen name="dm038">48px</dimen>
    <dimen name="dm039">49px</dimen>
    <dimen name="dm040">50px</dimen>
    <dimen name="dm041">51px</dimen>
    <dimen name="dm042">53px</dimen>
    <dimen name="dm043">54px</dimen>
    <dimen name="dm044">55px</dimen>
    <dimen name="dm045">56px</dimen>
    <dimen name="dm046">58px</dimen>
    <dimen name="dm047">59px</dimen>
    <dimen name="dm048">60px</dimen>
    <dimen name="dm049">61px</dimen>
    <dimen name="dm050">63px</dimen>
    <dimen name="dm051">64px</dimen>
    <dimen name="dm052">65px</dimen>
    <dimen name="dm053">66px</dimen>
    <dimen name="dm054">68px</dimen>
    <dimen name="dm055">69px</dimen>
    <dimen name="dm056">70px</dimen>
    <dimen name="dm057">71px</dimen>
    <dimen name="dm058">73px</dimen>
    <dimen name="dm059">74px</dimen>
    <dimen name="dm060">75px</dimen>
    <dimen name="dm061">76px</dimen>
    <dimen name="dm062">78px</dimen>
    <dimen name="dm063">79px</dimen>
    <dimen name="dm064">80px</dimen>
    <dimen name="dm065">81px</dimen>
    <dimen name="dm066">83px</dimen>
    <dimen name="dm067">84px</dimen>
    <dimen name="dm068">85px</dimen>
    <dimen name="dm069">86px</dimen>
    <dimen name="dm070">88px</dimen>
    <dimen name="dm071">89px</dimen>
    <dimen name="dm072">90px</dimen>
    <dimen name="dm073">91px</dimen>
    <dimen name="dm074">93px</dimen>
    <dimen name="dm075">94px</dimen>
    <dimen name="dm076">95px</dimen>
    <dimen name="dm077">96px</dimen>
    <dimen name="dm078">98px</dimen>
    <dimen name="dm079">99px</dimen>
    <dimen name="dm080">100px</dimen>
    <dimen name="dm081">101px</dimen>
    <dimen name="dm082">103px</dimen>
    <dimen name="dm083">104px</dimen>
    <dimen name="dm084">105px</dimen>
    <dimen name="dm085">106px</dimen>
    <dimen name="dm086">108px</dimen>
    <dimen name="dm087">109px</dimen>
    <dimen name="dm088">110px</dimen>
    <dimen name="dm089">111px</dimen>
    <dimen name="dm090">113px</dimen>
    <dimen name="dm091">114px</dimen>
    <dimen name="dm092">115px</dimen>
    <dimen name="dm093">116px</dimen>
    <dimen name="dm094">118px</dimen>
    <dimen name="dm095">119px</dimen>
    <dimen name="dm096">120px</dimen>
    <dimen name="dm097">121px</dimen>
    <dimen name="dm098">123px</dimen>
    <dimen name="dm099">124px</dimen>
    <dimen name="dm100">125px</dimen>
    <dimen name="dm101">126px</dimen>
    <dimen name="dm102">128px</dimen>
    <dimen name="dm103">129px</dimen>
    <dimen name="dm104">130px</dimen>
    <dimen name="dm105">131px</dimen>
    <dimen name="dm106">133px</dimen>
    <dimen name="dm107">134px</dimen>
    <dimen name="dm108">135px</dimen>
    <dimen name="dm109">136px</dimen>
    <dimen name="dm110">138px</dimen>
    <dimen name="dm111">139px</dimen>
    <dimen name="dm112">140px</dimen>
    <dimen name="dm113">141px</dimen>
    <dimen name="dm114">143px</dimen>
    <dimen name="dm115">144px</dimen>
    <dimen name="dm116">145px</dimen>
    <dimen name="dm117">146px</dimen>
    <dimen name="dm118">148px</dimen>
    <dimen name="dm119">149px</dimen>
    <dimen name="dm120">150px</dimen>
    <dimen name="dm121">151px</dimen>
    <dimen name="dm122">153px</dimen>
    <dimen name="dm123">154px</dimen>
    <dimen name="dm124">155px</dimen>
    <dimen name="dm125">156px</dimen>
    <dimen name="dm126">158px</dimen>
    <dimen name="dm127">159px</dimen>
    <dimen name="dm128">160px</dimen>
    <dimen name="dm129">161px</dimen>
    <dimen name="dm130">163px</dimen>
    <dimen name="dm131">164px</dimen>
    <dimen name="dm132">165px</dimen>
    <dimen name="dm133">166px</dimen>
    <dimen name="dm134">168px</dimen>
    <dimen name="dm135">169px</dimen>
    <dimen name="dm136">170px</dimen>
    <dimen name="dm137">171px</dimen>
    <dimen name="dm138">173px</dimen>
    <dimen name="dm139">174px</dimen>
    <dimen name="dm140">175px</dimen>
    <dimen name="dm141">176px</dimen>
    <dimen name="dm142">178px</dimen>
    <dimen name="dm143">179px</dimen>
    <dimen name="dm144">180px</dimen>
    <dimen name="dm145">181px</dimen>
    <dimen name="dm146">183px</dimen>
    <dimen name="dm147">184px</dimen>
    <dimen name="dm148">185px</dimen>
    <dimen name="dm149">186px</dimen>
    <dimen name="dm150">188px</dimen>
    <dimen name="dm151">189px</dimen>
    <dimen name="dm152">190px</dimen>
    <dimen name="dm153">191px</dimen>
    <dimen name="dm154">193px</dimen>
    <dimen name="dm155">194px</dimen>
    <dimen name="dm156">195px</dimen>
    <dimen name="dm157">196px</dimen>
    <dimen name="dm158">198px</dimen>
    <dimen name="dm159">199px</dimen>
    <dimen name="dm160">200px</dimen>
    <dimen name="dm161">201px</dimen>
    <dimen name="dm162">203px</dimen>
    <dimen name="dm163">204px</dimen>
    <dimen name="dm164">205px</dimen>
    <dimen name="dm165">206px</dimen>
    <dimen name="dm166">208px</dimen>
    <dimen name="dm167">209px</dimen>
    <dimen name="dm168">210px</dimen>
    <dimen name="dm169">211px</dimen>
    <dimen name="dm170">213px</dimen>
    <dimen name="dm171">214px</dimen>
    <dimen name="dm172">215px</dimen>
    <dimen name="dm173">216px</dimen>
    <dimen name="dm174">218px</dimen>
    <dimen name="dm175">219px</dimen>
    <dimen name="dm176">220px</dimen>
    <dimen name="dm177">221px</dimen>
    <dimen name="dm178">223px</dimen>
    <dimen name="dm179">224px</dimen>
    <dimen name="dm180">225px</dimen>
    <dimen name="dm181">226px</dimen>
    <dimen name="dm182">228px</dimen>
    <dimen name="dm183">229px</dimen>
    <dimen name="dm184">230px</dimen>
    <dimen name="dm185">231px</dimen>
    <dimen name="dm186">233px</dimen>
    <dimen name="dm187">234px</dimen>
    <dimen name="dm188">235px</dimen>
    <dimen name="dm189">236px</dimen>
    <dimen name="dm190">238px</dimen>
    <dimen name="dm191">239px</dimen>
    <dimen name="dm192">240px</dimen>
    <dimen name="dm193">241px</dimen>
    <dimen name="dm194">243px</dimen>
    <dimen name="dm195">244px</dimen>
    <dimen name="dm196">245px</dimen>
    <dimen name="dm197">246px</dimen>
    <dimen name="dm198">248px</dimen>
    <dimen name="dm199">249px</dimen>
    <dimen name="dm200">250px</dimen>
    <dimen name="dm201">251px</dimen>
    <dimen name="dm202">253px</dimen>
    <dimen name="dm203">254px</dimen>
    <dimen name="dm204">255px</dimen>
    <dimen name="dm205">256px</dimen>
    <dimen name="dm206">258px</dimen>
    <dimen name="dm207">259px</dimen>
    <dimen name="dm208">260px</dimen>
    <dimen name="dm209">261px</dimen>
    <dimen name="dm210">263px</dimen>
    <dimen name="dm211">264px</dimen>
    <dimen name="dm212">265px</dimen>
    <dimen name="dm213">266px</dimen>
    <dimen name="dm214">268px</dimen>
    <dimen name="dm215">269px</dimen>
    <dimen name="dm216">270px</dimen>
    <dimen name="dm217">271px</dimen>
    <dimen name="dm218">273px</dimen>
    <dimen name="dm219">274px</dimen>
    <dimen name="dm220">275px</dimen>
    <dimen name="dm221">276px</dimen>
    <dimen name="dm222">278px</dimen>
    <dimen name="dm223">279px</dimen>
    <dimen name="dm224">280px</dimen>
    <dimen name="dm225">281px</dimen>
    <dimen name="dm226">283px</dimen>
    <dimen name="dm227">284px</dimen>
    <dimen name="dm228">285px</dimen>
    <dimen name="dm229">286px</dimen>
    <dimen name="dm230">288px</dimen>
    <dimen name="dm231">289px</dimen>
    <dimen name="dm232">290px</dimen>
    <dimen name="dm233">291px</dimen>
    <dimen name="dm234">293px</dimen>
    <dimen name="dm235">294px</dimen>
    <dimen name="dm236">295px</dimen>
    <dimen name="dm237">296px</dimen>
    <dimen name="dm238">298px</dimen>
    <dimen name="dm239">299px</dimen>
    <dimen name="dm240">300px</dimen>
    <dimen name="dm241">301px</dimen>
    <dimen name="dm242">303px</dimen>
    <dimen name="dm243">304px</dimen>
    <dimen name="dm244">305px</dimen>
    <dimen name="dm245">306px</dimen>
    <dimen name="dm246">308px</dimen>
    <dimen name="dm247">309px</dimen>
    <dimen name="dm248">310px</dimen>
    <dimen name="dm249">311px</dimen>
    <dimen name="dm250">313px</dimen>
    <dimen name="dm251">314px</dimen>
    <dimen name="dm252">315px</dimen>
    <dimen name="dm253">316px</dimen>
    <dimen name="dm254">318px</dimen>
    <dimen name="dm255">319px</dimen>
    <dimen name="dm256">320px</dimen>
    <dimen name="dm257">321px</dimen>
    <dimen name="dm258">323px</dimen>
    <dimen name="dm259">324px</dimen>
    <dimen name="dm260">325px</dimen>
    <dimen name="dm261">326px</dimen>
    <dimen name="dm262">328px</dimen>
    <dimen name="dm263">329px</dimen>
    <dimen name="dm264">330px</dimen>
    <dimen name="dm265">331px</dimen>
    <dimen name="dm266">333px</dimen>
    <dimen name="dm267">334px</dimen>
    <dimen name="dm268">335px</dimen>
    <dimen name="dm269">336px</dimen>
    <dimen name="dm270">338px</dimen>
    <dimen name="dm271">339px</dimen>
    <dimen name="dm272">340px</dimen>
    <dimen name="dm273">341px</dimen>
    <dimen name="dm274">343px</dimen>
    <dimen name="dm275">344px</dimen>
    <dimen name="dm276">345px</dimen>
    <dimen name="dm277">346px</dimen>
    <dimen name="dm278">348px</dimen>
    <dimen name="dm279">349px</dimen>
    <dimen name="dm280">350px</dimen>
    <dimen name="dm281">351px</dimen>
    <dimen name="dm282">353px</dimen>
    <dimen name="dm283">354px</dimen>
    <dimen name="dm284">355px</dimen>
    <dimen name="dm285">356px</dimen>
    <dimen name="dm286">358px</dimen>
    <dimen name="dm287">359px</dimen>
    <dimen name="dm288">360px</dimen>
    <dimen name="dm289">361px</dimen>
    <dimen name="dm290">363px</dimen>
    <dimen name="dm291">364px</dimen>
    <dimen name="dm292">365px</dimen>
    <dimen name="dm293">366px</dimen>
    <dimen name="dm294">368px</dimen>
    <dimen name="dm295">369px</dimen>
    <dimen name="dm296">370px</dimen>
    <dimen name="dm297">371px</dimen>
    <dimen name="dm298">373px</dimen>
    <dimen name="dm299">374px</dimen>
    <dimen name="dm300">375px</dimen>
    <dimen name="dm301">376px</dimen>
    <dimen name="dm302">378px</dimen>
    <dimen name="dm303">379px</dimen>
    <dimen name="dm304">380px</dimen>
    <dimen name="dm305">381px</dimen>
    <dimen name="dm306">383px</dimen>
    <dimen name="dm307">384px</dimen>
    <dimen name="dm308">385px</dimen>
    <dimen name="dm309">386px</dimen>
    <dimen name="dm310">388px</dimen>
    <dimen name="dm311">389px</dimen>
    <dimen name="dm312">390px</dimen>
    <dimen name="dm313">391px</dimen>
    <dimen name="dm314">393px</dimen>
    <dimen name="dm315">394px</dimen>
    <dimen name="dm316">395px</dimen>
    <dimen name="dm317">396px</dimen>
    <dimen name="dm318">398px</dimen>
    <dimen name="dm319">399px</dimen>
    <dimen name="dm320">400px</dimen>
    <dimen name="dm321">401px</dimen>
    <dimen name="dm322">403px</dimen>
    <dimen name="dm323">404px</dimen>
    <dimen name="dm324">405px</dimen>
    <dimen name="dm325">406px</dimen>
    <dimen name="dm326">408px</dimen>
    <dimen name="dm327">409px</dimen>
    <dimen name="dm328">410px</dimen>
    <dimen name="dm329">411px</dimen>
    <dimen name="dm330">413px</dimen>
    <dimen name="dm331">414px</dimen>
    <dimen name="dm332">415px</dimen>
    <dimen name="dm333">416px</dimen>
    <dimen name="dm334">418px</dimen>
    <dimen name="dm335">419px</dimen>
    <dimen name="dm336">420px</dimen>
    <dimen name="dm337">421px</dimen>
    <dimen name="dm338">423px</dimen>
    <dimen name="dm339">424px</dimen>
    <dimen name="dm340">425px</dimen>
    <dimen name="dm341">426px</dimen>
    <dimen name="dm342">428px</dimen>
    <dimen name="dm343">429px</dimen>
    <dimen name="dm344">430px</dimen>
    <dimen name="dm345">431px</dimen>
    <dimen name="dm346">433px</dimen>
    <dimen name="dm347">434px</dimen>
    <dimen name="dm348">435px</dimen>
    <dimen name="dm349">436px</dimen>
    <dimen name="dm350">438px</dimen>
    <dimen name="dm351">439px</dimen>
    <dimen name="dm352">440px</dimen>
    <dimen name="dm353">441px</dimen>
    <dimen name="dm354">443px</dimen>
    <dimen name="dm355">444px</dimen>
    <dimen name="dm356">445px</dimen>
    <dimen name="dm357">446px</dimen>
    <dimen name="dm358">448px</dimen>
    <dimen name="dm359">449px</dimen>
    <dimen name="dm360">450px</dimen>
    <dimen name="dm361">451px</dimen>
    <dimen name="dm362">453px</dimen>
    <dimen name="dm363">454px</dimen>
    <dimen name="dm364">455px</dimen>
    <dimen name="dm365">456px</dimen>
    <dimen name="dm366">458px</dimen>
    <dimen name="dm367">459px</dimen>
    <dimen name="dm368">460px</dimen>
    <dimen name="dm369">461px</dimen>
    <dimen name="dm370">463px</dimen>
    <dimen name="dm371">464px</dimen>
    <dimen name="dm372">465px</dimen>
    <dimen name="dm373">466px</dimen>
    <dimen name="dm374">468px</dimen>
    <dimen name="dm375">469px</dimen>
    <dimen name="dm376">470px</dimen>
    <dimen name="dm377">471px</dimen>
    <dimen name="dm378">473px</dimen>
    <dimen name="dm379">474px</dimen>
    <dimen name="dm380">475px</dimen>
    <dimen name="dm381">476px</dimen>
    <dimen name="dm382">478px</dimen>
    <dimen name="dm383">479px</dimen>
    <dimen name="dm384">480px</dimen>
    <dimen name="dm385">481px</dimen>
    <dimen name="dm386">483px</dimen>
    <dimen name="dm387">484px</dimen>
    <dimen name="dm388">485px</dimen>
    <dimen name="dm389">486px</dimen>
    <dimen name="dm390">488px</dimen>
    <dimen name="dm391">489px</dimen>
    <dimen name="dm392">490px</dimen>
    <dimen name="dm393">491px</dimen>
    <dimen name="dm394">493px</dimen>
    <dimen name="dm395">494px</dimen>
    <dimen name="dm396">495px</dimen>
    <dimen name="dm397">496px</dimen>
    <dimen name="dm398">498px</dimen>
    <dimen name="dm399">499px</dimen>
    <dimen name="dm400">500px</dimen>
    <dimen name="dm401">501px</dimen>
    <dimen name="dm402">503px</dimen>
    <dimen name="dm403">504px</dimen>
    <dimen name="dm404">505px</dimen>
    <dimen name="dm405">506px</dimen>
    <dimen name="dm406">508px</dimen>
    <dimen name="dm407">509px</dimen>
    <dimen name="dm408">510px</dimen>
    <dimen name="dm409">511px</dimen>
    <dimen name="dm410">513px</dimen>
    <dimen name="dm411">514px</dimen>
    <dimen name="dm412">515px</dimen>
    <dimen name="dm413">516px</dimen>
    <dimen name="dm414">518px</dimen>
    <dimen name="dm415">519px</dimen>
    <dimen name="dm416">520px</dimen>
    <dimen name="dm417">521px</dimen>
    <dimen name="dm418">523px</dimen>
    <dimen name="dm419">524px</dimen>
    <dimen name="dm420">525px</dimen>
    <dimen name="dm421">526px</dimen>
    <dimen name="dm422">528px</dimen>
    <dimen name="dm423">529px</dimen>
    <dimen name="dm424">530px</dimen>
    <dimen name="dm425">531px</dimen>
    <dimen name="dm426">533px</dimen>
    <dimen name="dm427">534px</dimen>
    <dimen name="dm428">535px</dimen>
    <dimen name="dm429">536px</dimen>
    <dimen name="dm430">538px</dimen>
    <dimen name="dm431">539px</dimen>
    <dimen name="dm432">540px</dimen>
    <dimen name="dm433">541px</dimen>
    <dimen name="dm434">543px</dimen>
    <dimen name="dm435">544px</dimen>
    <dimen name="dm436">545px</dimen>
    <dimen name="dm437">546px</dimen>
    <dimen name="dm438">548px</dimen>
    <dimen name="dm439">549px</dimen>
    <dimen name="dm440">550px</dimen>
    <dimen name="dm441">551px</dimen>
    <dimen name="dm442">553px</dimen>
    <dimen name="dm443">554px</dimen>
    <dimen name="dm444">555px</dimen>
    <dimen name="dm445">556px</dimen>
    <dimen name="dm446">558px</dimen>
    <dimen name="dm447">559px</dimen>
    <dimen name="dm448">560px</dimen>
    <dimen name="dm449">561px</dimen>
    <dimen name="dm450">563px</dimen>
    <dimen name="dm451">564px</dimen>
    <dimen name="dm452">565px</dimen>
    <dimen name="dm453">566px</dimen>
    <dimen name="dm454">568px</dimen>
    <dimen name="dm455">569px</dimen>
    <dimen name="dm456">570px</dimen>
    <dimen name="dm457">571px</dimen>
    <dimen name="dm458">573px</dimen>
    <dimen name="dm459">574px</dimen>
    <dimen name="dm460">575px</dimen>
    <dimen name="dm461">576px</dimen>
    <dimen name="dm462">578px</dimen>
    <dimen name="dm463">579px</dimen>
    <dimen name="dm464">580px</dimen>
    <dimen name="dm465">581px</dimen>
    <dimen name="dm466">583px</dimen>
    <dimen name="dm467">584px</dimen>
    <dimen name="dm468">585px</dimen>
    <dimen name="dm469">586px</dimen>
    <dimen name="dm470">588px</dimen>
    <dimen name="dm471">589px</dimen>
    <dimen name="dm472">590px</dimen>
    <dimen name="dm473">591px</dimen>
    <dimen name="dm474">593px</dimen>
    <dimen name="dm475">594px</dimen>
    <dimen name="dm476">595px</dimen>
    <dimen name="dm477">596px</dimen>
    <dimen name="dm478">598px</dimen>
    <dimen name="dm479">599px</dimen>
    <dimen name="dm480">600px</dimen>
    <dimen name="dm481">601px</dimen>
    <dimen name="dm482">603px</dimen>
    <dimen name="dm483">604px</dimen>
    <dimen name="dm484">605px</dimen>
    <dimen name="dm485">606px</dimen>
    <dimen name="dm486">608px</dimen>
    <dimen name="dm487">609px</dimen>
    <dimen name="dm488">610px</dimen>
    <dimen name="dm489">611px</dimen>
    <dimen name="dm490">613px</dimen>
    <dimen name="dm491">614px</dimen>
    <dimen name="dm492">615px</dimen>
    <dimen name="dm493">616px</dimen>
    <dimen name="dm494">618px</dimen>
    <dimen name="dm495">619px</dimen>
    <dimen name="dm496">620px</dimen>
    <dimen name="dm497">621px</dimen>
    <dimen name="dm498">623px</dimen>
    <dimen name="dm499">624px</dimen>
    <dimen name="dm500">625px</dimen>
    <dimen name="dm501">626px</dimen>
    <dimen name="dm502">628px</dimen>
    <dimen name="dm503">629px</dimen>
    <dimen name="dm504">630px</dimen>
    <dimen name="dm505">631px</dimen>
    <dimen name="dm506">633px</dimen>
    <dimen name="dm507">634px</dimen>
    <dimen name="dm508">635px</dimen>
    <dimen name="dm509">636px</dimen>
    <dimen name="dm510">638px</dimen>
    <dimen name="dm511">639px</dimen>
    <dimen name="dm512">640px</dimen>
    <dimen name="dm513">641px</dimen>
    <dimen name="dm514">643px</dimen>
    <dimen name="dm515">644px</dimen>
    <dimen name="dm516">645px</dimen>
    <dimen name="dm517">646px</dimen>
    <dimen name="dm518">648px</dimen>
    <dimen name="dm519">649px</dimen>
    <dimen name="dm520">650px</dimen>
    <dimen name="dm521">651px</dimen>
    <dimen name="dm522">653px</dimen>
    <dimen name="dm523">654px</dimen>
    <dimen name="dm524">655px</dimen>
    <dimen name="dm525">656px</dimen>
    <dimen name="dm526">658px</dimen>
    <dimen name="dm527">659px</dimen>
    <dimen name="dm528">660px</dimen>
    <dimen name="dm529">661px</dimen>
    <dimen name="dm530">663px</dimen>
    <dimen name="dm531">664px</dimen>
    <dimen name="dm532">665px</dimen>
    <dimen name="dm533">666px</dimen>
    <dimen name="dm534">668px</dimen>
    <dimen name="dm535">669px</dimen>
    <dimen name="dm536">670px</dimen>
    <dimen name="dm537">671px</dimen>
    <dimen name="dm538">673px</dimen>
    <dimen name="dm539">674px</dimen>
    <dimen name="dm540">675px</dimen>
    <dimen name="dm541">676px</dimen>
    <dimen name="dm542">678px</dimen>
    <dimen name="dm543">679px</dimen>
    <dimen name="dm544">680px</dimen>
    <dimen name="dm545">681px</dimen>
    <dimen name="dm546">683px</dimen>
    <dimen name="dm547">684px</dimen>
    <dimen name="dm548">685px</dimen>
    <dimen name="dm549">686px</dimen>
    <dimen name="dm550">688px</dimen>
    <dimen name="dm551">689px</dimen>
    <dimen name="dm552">690px</dimen>
    <dimen name="dm553">691px</dimen>
    <dimen name="dm554">693px</dimen>
    <dimen name="dm555">694px</dimen>
    <dimen name="dm556">695px</dimen>
    <dimen name="dm557">696px</dimen>
    <dimen name="dm558">698px</dimen>
    <dimen name="dm559">699px</dimen>
    <dimen name="dm560">700px</dimen>
    <dimen name="dm561">701px</dimen>
    <dimen name="dm562">703px</dimen>
    <dimen name="dm563">704px</dimen>
    <dimen name="dm564">705px</dimen>
    <dimen name="dm565">706px</dimen>
    <dimen name="dm566">708px</dimen>
    <dimen name="dm567">709px</dimen>
    <dimen name="dm568">710px</dimen>
    <dimen name="dm569">711px</dimen>
    <dimen name="dm570">713px</dimen>
    <dimen name="dm571">714px</dimen>
    <dimen name="dm572">715px</dimen>
    <dimen name="dm573">716px</dimen>
    <dimen name="dm574">718px</dimen>
    <dimen name="dm575">719px</dimen>
    <dimen name="dm576">720px</dimen>
    <dimen name="dm577">721px</dimen>
    <dimen name="dm578">723px</dimen>
    <dimen name="dm579">724px</dimen>
    <dimen name="dm580">725px</dimen>
    <dimen name="dm581">726px</dimen>
    <dimen name="dm582">728px</dimen>
    <dimen name="dm583">729px</dimen>
    <dimen name="dm584">730px</dimen>
    <dimen name="dm585">731px</dimen>
    <dimen name="dm586">733px</dimen>
    <dimen name="dm587">734px</dimen>
    <dimen name="dm588">735px</dimen>
    <dimen name="dm589">736px</dimen>
    <dimen name="dm590">738px</dimen>
    <dimen name="dm591">739px</dimen>
    <dimen name="dm592">740px</dimen>
    <dimen name="dm593">741px</dimen>
    <dimen name="dm594">743px</dimen>
    <dimen name="dm595">744px</dimen>
    <dimen name="dm596">745px</dimen>
    <dimen name="dm597">746px</dimen>
    <dimen name="dm598">748px</dimen>
    <dimen name="dm599">749px</dimen>
    <dimen name="dm600">750px</dimen>
    <dimen name="dm601">751px</dimen>
    <dimen name="dm602">753px</dimen>
    <dimen name="dm603">754px</dimen>
    <dimen name="dm604">755px</dimen>
    <dimen name="dm605">756px</dimen>
    <dimen name="dm606">758px</dimen>
    <dimen name="dm607">759px</dimen>
    <dimen name="dm608">760px</dimen>
    <dimen name="dm609">761px</dimen>
    <dimen name="dm610">763px</dimen>
    <dimen name="dm611">764px</dimen>
    <dimen name="dm612">765px</dimen>
    <dimen name="dm613">766px</dimen>
    <dimen name="dm614">768px</dimen>
    <dimen name="dm615">769px</dimen>
    <dimen name="dm616">770px</dimen>
    <dimen name="dm617">771px</dimen>
    <dimen name="dm618">773px</dimen>
    <dimen name="dm619">774px</dimen>
    <dimen name="dm620">775px</dimen>
    <dimen name="dm621">776px</dimen>
    <dimen name="dm622">778px</dimen>
    <dimen name="dm623">779px</dimen>
    <dimen name="dm624">780px</dimen>
    <dimen name="dm625">781px</dimen>
    <dimen name="dm626">783px</dimen>
    <dimen name="dm627">784px</dimen>
    <dimen name="dm628">785px</dimen>
    <dimen name="dm629">786px</dimen>
    <dimen name="dm630">788px</dimen>
    <dimen name="dm631">789px</dimen>
    <dimen name="dm632">790px</dimen>
    <dimen name="dm633">791px</dimen>
    <dimen name="dm634">793px</dimen>
    <dimen name="dm635">794px</dimen>
    <dimen name="dm636">795px</dimen>
    <dimen name="dm637">796px</dimen>
    <dimen name="dm638">798px</dimen>
    <dimen name="dm639">799px</dimen>
    <dimen name="dm640">800px</dimen>
    <dimen name="dm641">801px</dimen>
    <dimen name="dm642">803px</dimen>
    <dimen name="dm643">804px</dimen>
    <dimen name="dm644">805px</dimen>
    <dimen name="dm645">806px</dimen>
    <dimen name="dm646">808px</dimen>
    <dimen name="dm647">809px</dimen>
    <dimen name="dm648">810px</dimen>
    <dimen name="dm649">811px</dimen>
    <dimen name="dm650">813px</dimen>
    <dimen name="dm651">814px</dimen>
    <dimen name="dm652">815px</dimen>
    <dimen name="dm653">816px</dimen>
    <dimen name="dm654">818px</dimen>
    <dimen name="dm655">819px</dimen>
    <dimen name="dm656">820px</dimen>
    <dimen name="dm657">821px</dimen>
    <dimen name="dm658">823px</dimen>
    <dimen name="dm659">824px</dimen>
    <dimen name="dm660">825px</dimen>
    <dimen name="dm661">826px</dimen>
    <dimen name="dm662">828px</dimen>
    <dimen name="dm663">829px</dimen>
    <dimen name="dm664">830px</dimen>
    <dimen name="dm665">831px</dimen>
    <dimen name="dm666">833px</dimen>
    <dimen name="dm667">834px</dimen>
    <dimen name="dm668">835px</dimen>
    <dimen name="dm669">836px</dimen>
    <dimen name="dm670">838px</dimen>
    <dimen name="dm671">839px</dimen>
    <dimen name="dm672">840px</dimen>
    <dimen name="dm673">841px</dimen>
    <dimen name="dm674">843px</dimen>
    <dimen name="dm675">844px</dimen>
    <dimen name="dm676">845px</dimen>
    <dimen name="dm677">846px</dimen>
    <dimen name="dm678">848px</dimen>
    <dimen name="dm679">849px</dimen>
    <dimen name="dm680">850px</dimen>
    <dimen name="dm681">851px</dimen>
    <dimen name="dm682">853px</dimen>
    <dimen name="dm683">854px</dimen>
    <dimen name="dm684">855px</dimen>
    <dimen name="dm685">856px</dimen>
    <dimen name="dm686">858px</dimen>
    <dimen name="dm687">859px</dimen>
    <dimen name="dm688">860px</dimen>
    <dimen name="dm689">861px</dimen>
    <dimen name="dm690">863px</dimen>
    <dimen name="dm691">864px</dimen>
    <dimen name="dm692">865px</dimen>
    <dimen name="dm693">866px</dimen>
    <dimen name="dm694">868px</dimen>
    <dimen name="dm695">869px</dimen>
    <dimen name="dm696">870px</dimen>
    <dimen name="dm697">871px</dimen>
    <dimen name="dm698">873px</dimen>
    <dimen name="dm699">874px</dimen>
    <dimen name="dm700">875px</dimen>
    <dimen name="dm701">876px</dimen>
    <dimen name="dm702">878px</dimen>
    <dimen name="dm703">879px</dimen>
    <dimen name="dm704">880px</dimen>
    <dimen name="dm705">881px</dimen>
    <dimen name="dm706">883px</dimen>
    <dimen name="dm707">884px</dimen>
    <dimen name="dm708">885px</dimen>
    <dimen name="dm709">886px</dimen>
    <dimen name="dm710">888px</dimen>
    <dimen name="dm711">889px</dimen>
    <dimen name="dm712">890px</dimen>
    <dimen name="dm713">891px</dimen>
    <dimen name="dm714">893px</dimen>
    <dimen name="dm715">894px</dimen>
    <dimen name="dm716">895px</dimen>
    <dimen name="dm717">896px</dimen>
    <dimen name="dm718">898px</dimen>
    <dimen name="dm719">899px</dimen>
    <dimen name="dm720">900px</dimen>
    <dimen name="dm721">901px</dimen>
    <dimen name="dm722">903px</dimen>
    <dimen name="dm723">904px</dimen>
    <dimen name="dm724">905px</dimen>
    <dimen name="dm725">906px</dimen>
    <dimen name="dm726">908px</dimen>
    <dimen name="dm727">909px</dimen>
    <dimen name="dm728">910px</dimen>
    <dimen name="dm729">911px</dimen>
    <dimen name="dm730">913px</dimen>
    <dimen name="dm731">914px</dimen>
    <dimen name="dm732">915px</dimen>
    <dimen name="dm733">916px</dimen>
    <dimen name="dm734">918px</dimen>
    <dimen name="dm735">919px</dimen>
    <dimen name="dm736">920px</dimen>
    <dimen name="dm737">921px</dimen>
    <dimen name="dm738">923px</dimen>
    <dimen name="dm739">924px</dimen>
    <dimen name="dm740">925px</dimen>
    <dimen name="dm741">926px</dimen>
    <dimen name="dm742">928px</dimen>
    <dimen name="dm743">929px</dimen>
    <dimen name="dm744">930px</dimen>
    <dimen name="dm745">931px</dimen>
    <dimen name="dm746">933px</dimen>
    <dimen name="dm747">934px</dimen>
    <dimen name="dm748">935px</dimen>
    <dimen name="dm749">936px</dimen>
    <dimen name="dm750">938px</dimen>
    <dimen name="dm751">939px</dimen>
    <dimen name="dm752">940px</dimen>
    <dimen name="dm753">941px</dimen>
    <dimen name="dm754">943px</dimen>
    <dimen name="dm755">944px</dimen>
    <dimen name="dm756">945px</dimen>
    <dimen name="dm757">946px</dimen>
    <dimen name="dm758">948px</dimen>
    <dimen name="dm759">949px</dimen>
    <dimen name="dm760">950px</dimen>
    <dimen name="dm761">951px</dimen>
    <dimen name="dm762">953px</dimen>
    <dimen name="dm763">954px</dimen>
    <dimen name="dm764">955px</dimen>
    <dimen name="dm765">956px</dimen>
    <dimen name="dm766">958px</dimen>
    <dimen name="dm767">959px</dimen>
    <dimen name="dm768">960px</dimen>
    <dimen name="dm769">961px</dimen>
    <dimen name="dm770">963px</dimen>
    <dimen name="dm771">964px</dimen>
    <dimen name="dm772">965px</dimen>
    <dimen name="dm773">966px</dimen>
    <dimen name="dm774">968px</dimen>
    <dimen name="dm775">969px</dimen>
    <dimen name="dm776">970px</dimen>
    <dimen name="dm777">971px</dimen>
    <dimen name="dm778">973px</dimen>
    <dimen name="dm779">974px</dimen>
    <dimen name="dm780">975px</dimen>
    <dimen name="dm781">976px</dimen>
    <dimen name="dm782">978px</dimen>
    <dimen name="dm783">979px</dimen>
    <dimen name="dm784">980px</dimen>
    <dimen name="dm785">981px</dimen>
    <dimen name="dm786">983px</dimen>
    <dimen name="dm787">984px</dimen>
    <dimen name="dm788">985px</dimen>
    <dimen name="dm789">986px</dimen>
    <dimen name="dm790">988px</dimen>
    <dimen name="dm791">989px</dimen>
    <dimen name="dm792">990px</dimen>
    <dimen name="dm793">991px</dimen>
    <dimen name="dm794">993px</dimen>
    <dimen name="dm795">994px</dimen>
    <dimen name="dm796">995px</dimen>
    <dimen name="dm797">996px</dimen>
    <dimen name="dm798">998px</dimen>
    <dimen name="dm799">999px</dimen>
    <dimen name="dm800">1000px</dimen>
    <dimen name="dm801">1001px</dimen>
    <dimen name="dm802">1003px</dimen>
    <dimen name="dm803">1004px</dimen>
    <dimen name="dm804">1005px</dimen>
    <dimen name="dm805">1006px</dimen>
    <dimen name="dm806">1008px</dimen>
    <dimen name="dm807">1009px</dimen>
    <dimen name="dm808">1010px</dimen>
    <dimen name="dm809">1011px</dimen>
    <dimen name="dm810">1013px</dimen>
    <dimen name="dm811">1014px</dimen>
    <dimen name="dm812">1015px</dimen>
    <dimen name="dm813">1016px</dimen>
    <dimen name="dm814">1018px</dimen>
    <dimen name="dm815">1019px</dimen>
    <dimen name="dm816">1020px</dimen>
    <dimen name="dm817">1021px</dimen>
    <dimen name="dm818">1023px</dimen>
    <dimen name="dm819">1024px</dimen>
    <dimen name="dm820">1025px</dimen>
    <dimen name="dm821">1026px</dimen>
    <dimen name="dm822">1028px</dimen>
    <dimen name="dm823">1029px</dimen>
    <dimen name="dm824">1030px</dimen>
    <dimen name="dm825">1031px</dimen>
    <dimen name="dm826">1033px</dimen>
    <dimen name="dm827">1034px</dimen>
    <dimen name="dm828">1035px</dimen>
    <dimen name="dm829">1036px</dimen>
    <dimen name="dm830">1038px</dimen>
    <dimen name="dm831">1039px</dimen>
    <dimen name="dm832">1040px</dimen>
    <dimen name="dm833">1041px</dimen>
    <dimen name="dm834">1043px</dimen>
    <dimen name="dm835">1044px</dimen>
    <dimen name="dm836">1045px</dimen>
    <dimen name="dm837">1046px</dimen>
    <dimen name="dm838">1048px</dimen>
    <dimen name="dm839">1049px</dimen>
    <dimen name="dm840">1050px</dimen>
    <dimen name="dm841">1051px</dimen>
    <dimen name="dm842">1053px</dimen>
    <dimen name="dm843">1054px</dimen>
    <dimen name="dm844">1055px</dimen>
    <dimen name="dm845">1056px</dimen>
    <dimen name="dm846">1058px</dimen>
    <dimen name="dm847">1059px</dimen>
    <dimen name="dm848">1060px</dimen>
    <dimen name="dm849">1061px</dimen>
    <dimen name="dm850">1063px</dimen>
    <dimen name="dm851">1064px</dimen>
    <dimen name="dm852">1065px</dimen>
    <dimen name="dm853">1066px</dimen>
    <dimen name="dm854">1068px</dimen>
    <dimen name="dm855">1069px</dimen>
    <dimen name="dm856">1070px</dimen>
    <dimen name="dm857">1071px</dimen>
    <dimen name="dm858">1073px</dimen>
    <dimen name="dm859">1074px</dimen>
    <dimen name="dm860">1075px</dimen>
    <dimen name="dm861">1076px</dimen>
    <dimen name="dm862">1078px</dimen>
    <dimen name="dm863">1079px</dimen>
    <dimen name="dm864">1080px</dimen>
    <dimen name="dm865">1081px</dimen>
    <dimen name="dm866">1083px</dimen>
    <dimen name="dm867">1084px</dimen>
    <dimen name="dm868">1085px</dimen>
    <dimen name="dm869">1086px</dimen>
    <dimen name="dm870">1088px</dimen>
    <dimen name="dm871">1089px</dimen>
    <dimen name="dm872">1090px</dimen>
    <dimen name="dm873">1091px</dimen>
    <dimen name="dm874">1093px</dimen>
    <dimen name="dm875">1094px</dimen>
    <dimen name="dm876">1095px</dimen>
    <dimen name="dm877">1096px</dimen>
    <dimen name="dm878">1098px</dimen>
    <dimen name="dm879">1099px</dimen>
    <dimen name="dm880">1100px</dimen>
    <dimen name="dm881">1101px</dimen>
    <dimen name="dm882">1103px</dimen>
    <dimen name="dm883">1104px</dimen>
    <dimen name="dm884">1105px</dimen>
    <dimen name="dm885">1106px</dimen>
    <dimen name="dm886">1108px</dimen>
    <dimen name="dm887">1109px</dimen>
    <dimen name="dm888">1110px</dimen>
    <dimen name="dm889">1111px</dimen>
    <dimen name="dm890">1113px</dimen>
    <dimen name="dm891">1114px</dimen>
    <dimen name="dm892">1115px</dimen>
    <dimen name="dm893">1116px</dimen>
    <dimen name="dm894">1118px</dimen>
    <dimen name="dm895">1119px</dimen>
    <dimen name="dm896">1120px</dimen>
    <dimen name="dm897">1121px</dimen>
    <dimen name="dm898">1123px</dimen>
    <dimen name="dm899">1124px</dimen>
    <dimen name="dm900">1125px</dimen>
    <dimen name="dm901">1126px</dimen>
    <dimen name="dm902">1128px</dimen>
    <dimen name="dm903">1129px</dimen>
    <dimen name="dm904">1130px</dimen>
    <dimen name="dm905">1131px</dimen>
    <dimen name="dm906">1133px</dimen>
    <dimen name="dm907">1134px</dimen>
    <dimen name="dm908">1135px</dimen>
    <dimen name="dm909">1136px</dimen>
    <dimen name="dm910">1138px</dimen>
    <dimen name="dm911">1139px</dimen>
    <dimen name="dm912">1140px</dimen>
    <dimen name="dm913">1141px</dimen>
    <dimen name="dm914">1143px</dimen>
    <dimen name="dm915">1144px</dimen>
    <dimen name="dm916">1145px</dimen>
    <dimen name="dm917">1146px</dimen>
    <dimen name="dm918">1148px</dimen>
    <dimen name="dm919">1149px</dimen>
    <dimen name="dm920">1150px</dimen>
    <dimen name="dm921">1151px</dimen>
    <dimen name="dm922">1153px</dimen>
    <dimen name="dm923">1154px</dimen>
    <dimen name="dm924">1155px</dimen>
    <dimen name="dm925">1156px</dimen>
    <dimen name="dm926">1158px</dimen>
    <dimen name="dm927">1159px</dimen>
    <dimen name="dm928">1160px</dimen>
    <dimen name="dm929">1161px</dimen>
    <dimen name="dm930">1163px</dimen>
    <dimen name="dm931">1164px</dimen>
    <dimen name="dm932">1165px</dimen>
    <dimen name="dm933">1166px</dimen>
    <dimen name="dm934">1168px</dimen>
    <dimen name="dm935">1169px</dimen>
    <dimen name="dm936">1170px</dimen>
    <dimen name="dm937">1171px</dimen>
    <dimen name="dm938">1173px</dimen>
    <dimen name="dm939">1174px</dimen>
    <dimen name="dm940">1175px</dimen>
    <dimen name="dm941">1176px</dimen>
    <dimen name="dm942">1178px</dimen>
    <dimen name="dm943">1179px</dimen>
    <dimen name="dm944">1180px</dimen>
    <dimen name="dm945">1181px</dimen>
    <dimen name="dm946">1183px</dimen>
    <dimen name="dm947">1184px</dimen>
    <dimen name="dm948">1185px</dimen>
    <dimen name="dm949">1186px</dimen>
    <dimen name="dm950">1188px</dimen>
    <dimen name="dm951">1189px</dimen>
    <dimen name="dm952">1190px</dimen>
    <dimen name="dm953">1191px</dimen>
    <dimen name="dm954">1193px</dimen>
    <dimen name="dm955">1194px</dimen>
    <dimen name="dm956">1195px</dimen>
    <dimen name="dm957">1196px</dimen>
    <dimen name="dm958">1198px</dimen>
    <dimen name="dm959">1199px</dimen>
    <dimen name="dm960">1200px</dimen>
    <dimen name="dm961">1201px</dimen>
    <dimen name="dm962">1203px</dimen>
    <dimen name="dm963">1204px</dimen>
    <dimen name="dm964">1205px</dimen>
    <dimen name="dm965">1206px</dimen>
    <dimen name="dm966">1208px</dimen>
    <dimen name="dm967">1209px</dimen>
    <dimen name="dm968">1210px</dimen>
    <dimen name="dm969">1211px</dimen>
    <dimen name="dm970">1213px</dimen>
    <dimen name="dm971">1214px</dimen>
    <dimen name="dm972">1215px</dimen>
    <dimen name="dm973">1216px</dimen>
    <dimen name="dm974">1218px</dimen>
    <dimen name="dm975">1219px</dimen>
    <dimen name="dm976">1220px</dimen>
    <dimen name="dm977">1221px</dimen>
    <dimen name="dm978">1223px</dimen>
    <dimen name="dm979">1224px</dimen>
    <dimen name="dm980">1225px</dimen>
    <dimen name="dm981">1226px</dimen>
    <dimen name="dm982">1228px</dimen>
    <dimen name="dm983">1229px</dimen>
    <dimen name="dm984">1230px</dimen>
    <dimen name="dm985">1231px</dimen>
    <dimen name="dm986">1233px</dimen>
    <dimen name="dm987">1234px</dimen>
    <dimen name="dm988">1235px</dimen>
    <dimen name="dm989">1236px</dimen>
    <dimen name="dm990">1238px</dimen>
    <dimen name="dm991">1239px</dimen>
    <dimen name="dm992">1240px</dimen>
    <dimen name="dm993">1241px</dimen>
    <dimen name="dm994">1243px</dimen>
    <dimen name="dm995">1244px</dimen>
    <dimen name="dm996">1245px</dimen>
    <dimen name="dm997">1246px</dimen>
    <dimen name="dm998">1248px</dimen>
    <dimen name="dm999">1249px</dimen>

</resources>