<resources>

    <dimen name="dm_200">-179px</dimen>
    <dimen name="dm_199">-178px</dimen>
    <dimen name="dm_198">-177px</dimen>
    <dimen name="dm_197">-176px</dimen>
    <dimen name="dm_196">-175px</dimen>
    <dimen name="dm_195">-175px</dimen>
    <dimen name="dm_194">-174px</dimen>
    <dimen name="dm_193">-173px</dimen>
    <dimen name="dm_192">-172px</dimen>
    <dimen name="dm_191">-171px</dimen>
    <dimen name="dm_190">-170px</dimen>
    <dimen name="dm_189">-169px</dimen>
    <dimen name="dm_188">-168px</dimen>
    <dimen name="dm_187">-167px</dimen>
    <dimen name="dm_186">-166px</dimen>
    <dimen name="dm_185">-166px</dimen>
    <dimen name="dm_184">-165px</dimen>
    <dimen name="dm_183">-164px</dimen>
    <dimen name="dm_182">-163px</dimen>
    <dimen name="dm_181">-162px</dimen>
    <dimen name="dm_180">-161px</dimen>
    <dimen name="dm_179">-160px</dimen>
    <dimen name="dm_178">-159px</dimen>
    <dimen name="dm_177">-158px</dimen>
    <dimen name="dm_176">-157px</dimen>
    <dimen name="dm_175">-157px</dimen>
    <dimen name="dm_174">-156px</dimen>
    <dimen name="dm_173">-155px</dimen>
    <dimen name="dm_172">-154px</dimen>
    <dimen name="dm_171">-153px</dimen>
    <dimen name="dm_170">-152px</dimen>
    <dimen name="dm_169">-151px</dimen>
    <dimen name="dm_168">-150px</dimen>
    <dimen name="dm_167">-149px</dimen>
    <dimen name="dm_166">-148px</dimen>
    <dimen name="dm_165">-148px</dimen>
    <dimen name="dm_164">-147px</dimen>
    <dimen name="dm_163">-146px</dimen>
    <dimen name="dm_162">-145px</dimen>
    <dimen name="dm_161">-144px</dimen>
    <dimen name="dm_160">-143px</dimen>
    <dimen name="dm_159">-142px</dimen>
    <dimen name="dm_158">-141px</dimen>
    <dimen name="dm_157">-140px</dimen>
    <dimen name="dm_156">-139px</dimen>
    <dimen name="dm_155">-139px</dimen>
    <dimen name="dm_154">-138px</dimen>
    <dimen name="dm_153">-137px</dimen>
    <dimen name="dm_152">-136px</dimen>
    <dimen name="dm_151">-135px</dimen>
    <dimen name="dm_150">-134px</dimen>
    <dimen name="dm_149">-133px</dimen>
    <dimen name="dm_148">-132px</dimen>
    <dimen name="dm_147">-131px</dimen>
    <dimen name="dm_146">-130px</dimen>
    <dimen name="dm_145">-130px</dimen>
    <dimen name="dm_144">-129px</dimen>
    <dimen name="dm_143">-128px</dimen>
    <dimen name="dm_142">-127px</dimen>
    <dimen name="dm_141">-126px</dimen>
    <dimen name="dm_140">-125px</dimen>
    <dimen name="dm_139">-124px</dimen>
    <dimen name="dm_138">-123px</dimen>
    <dimen name="dm_137">-122px</dimen>
    <dimen name="dm_136">-121px</dimen>
    <dimen name="dm_135">-121px</dimen>
    <dimen name="dm_134">-120px</dimen>
    <dimen name="dm_133">-119px</dimen>
    <dimen name="dm_132">-118px</dimen>
    <dimen name="dm_131">-117px</dimen>
    <dimen name="dm_130">-116px</dimen>
    <dimen name="dm_129">-115px</dimen>
    <dimen name="dm_128">-114px</dimen>
    <dimen name="dm_127">-113px</dimen>
    <dimen name="dm_126">-112px</dimen>
    <dimen name="dm_125">-112px</dimen>
    <dimen name="dm_124">-111px</dimen>
    <dimen name="dm_123">-110px</dimen>
    <dimen name="dm_122">-109px</dimen>
    <dimen name="dm_121">-108px</dimen>
    <dimen name="dm_120">-107px</dimen>
    <dimen name="dm_119">-106px</dimen>
    <dimen name="dm_118">-105px</dimen>
    <dimen name="dm_117">-104px</dimen>
    <dimen name="dm_116">-103px</dimen>
    <dimen name="dm_115">-103px</dimen>
    <dimen name="dm_114">-102px</dimen>
    <dimen name="dm_113">-101px</dimen>
    <dimen name="dm_112">-100px</dimen>
    <dimen name="dm_111">-99px</dimen>
    <dimen name="dm_110">-98px</dimen>
    <dimen name="dm_109">-97px</dimen>
    <dimen name="dm_108">-96px</dimen>
    <dimen name="dm_107">-95px</dimen>
    <dimen name="dm_106">-94px</dimen>
    <dimen name="dm_105">-94px</dimen>
    <dimen name="dm_104">-93px</dimen>
    <dimen name="dm_103">-92px</dimen>
    <dimen name="dm_102">-91px</dimen>
    <dimen name="dm_101">-90px</dimen>
    <dimen name="dm_100">-89px</dimen>
    <dimen name="dm_099">-88px</dimen>
    <dimen name="dm_098">-87px</dimen>
    <dimen name="dm_097">-86px</dimen>
    <dimen name="dm_096">-85px</dimen>
    <dimen name="dm_095">-85px</dimen>
    <dimen name="dm_094">-84px</dimen>
    <dimen name="dm_093">-83px</dimen>
    <dimen name="dm_092">-82px</dimen>
    <dimen name="dm_091">-81px</dimen>
    <dimen name="dm_090">-80px</dimen>
    <dimen name="dm_089">-79px</dimen>
    <dimen name="dm_088">-78px</dimen>
    <dimen name="dm_087">-77px</dimen>
    <dimen name="dm_086">-76px</dimen>
    <dimen name="dm_085">-76px</dimen>
    <dimen name="dm_084">-75px</dimen>
    <dimen name="dm_083">-74px</dimen>
    <dimen name="dm_082">-73px</dimen>
    <dimen name="dm_081">-72px</dimen>
    <dimen name="dm_080">-71px</dimen>
    <dimen name="dm_079">-70px</dimen>
    <dimen name="dm_078">-69px</dimen>
    <dimen name="dm_077">-68px</dimen>
    <dimen name="dm_076">-67px</dimen>
    <dimen name="dm_075">-67px</dimen>
    <dimen name="dm_074">-66px</dimen>
    <dimen name="dm_073">-65px</dimen>
    <dimen name="dm_072">-64px</dimen>
    <dimen name="dm_071">-63px</dimen>
    <dimen name="dm_070">-62px</dimen>
    <dimen name="dm_069">-61px</dimen>
    <dimen name="dm_068">-60px</dimen>
    <dimen name="dm_067">-59px</dimen>
    <dimen name="dm_066">-58px</dimen>
    <dimen name="dm_065">-58px</dimen>
    <dimen name="dm_064">-57px</dimen>
    <dimen name="dm_063">-56px</dimen>
    <dimen name="dm_062">-55px</dimen>
    <dimen name="dm_061">-54px</dimen>
    <dimen name="dm_060">-53px</dimen>
    <dimen name="dm_059">-52px</dimen>
    <dimen name="dm_058">-51px</dimen>
    <dimen name="dm_057">-50px</dimen>
    <dimen name="dm_056">-49px</dimen>
    <dimen name="dm_055">-49px</dimen>
    <dimen name="dm_054">-48px</dimen>
    <dimen name="dm_053">-47px</dimen>
    <dimen name="dm_052">-46px</dimen>
    <dimen name="dm_051">-45px</dimen>
    <dimen name="dm_050">-44px</dimen>
    <dimen name="dm_049">-43px</dimen>
    <dimen name="dm_048">-42px</dimen>
    <dimen name="dm_047">-41px</dimen>
    <dimen name="dm_046">-40px</dimen>
    <dimen name="dm_045">-40px</dimen>
    <dimen name="dm_044">-39px</dimen>
    <dimen name="dm_043">-38px</dimen>
    <dimen name="dm_042">-37px</dimen>
    <dimen name="dm_041">-36px</dimen>
    <dimen name="dm_040">-35px</dimen>
    <dimen name="dm_039">-34px</dimen>
    <dimen name="dm_038">-33px</dimen>
    <dimen name="dm_037">-32px</dimen>
    <dimen name="dm_036">-31px</dimen>
    <dimen name="dm_035">-31px</dimen>
    <dimen name="dm_034">-30px</dimen>
    <dimen name="dm_033">-29px</dimen>
    <dimen name="dm_032">-28px</dimen>
    <dimen name="dm_031">-27px</dimen>
    <dimen name="dm_030">-26px</dimen>
    <dimen name="dm_029">-25px</dimen>
    <dimen name="dm_028">-24px</dimen>
    <dimen name="dm_027">-23px</dimen>
    <dimen name="dm_026">-22px</dimen>
    <dimen name="dm_025">-22px</dimen>
    <dimen name="dm_024">-21px</dimen>
    <dimen name="dm_023">-20px</dimen>
    <dimen name="dm_022">-19px</dimen>
    <dimen name="dm_021">-18px</dimen>
    <dimen name="dm_020">-17px</dimen>
    <dimen name="dm_019">-16px</dimen>
    <dimen name="dm_018">-15px</dimen>
    <dimen name="dm_017">-14px</dimen>
    <dimen name="dm_016">-13px</dimen>
    <dimen name="dm_015">-13px</dimen>
    <dimen name="dm_014">-12px</dimen>
    <dimen name="dm_013">-11px</dimen>
    <dimen name="dm_012">-10px</dimen>
    <dimen name="dm_011">-9px</dimen>
    <dimen name="dm_010">-8px</dimen>
    <dimen name="dm_009">-7px</dimen>
    <dimen name="dm_008">-6px</dimen>
    <dimen name="dm_007">-5px</dimen>
    <dimen name="dm_006">-4px</dimen>
    <dimen name="dm_005">-4px</dimen>
    <dimen name="dm_004">-3px</dimen>
    <dimen name="dm_003">-2px</dimen>
    <dimen name="dm_002">-1px</dimen>
    <dimen name="dm_001">-1px</dimen>
    <dimen name="dm000">0px</dimen>
    <dimen name="dm001">1px</dimen>
    <dimen name="dm002">2px</dimen>
    <dimen name="dm003">3px</dimen>
    <dimen name="dm004">4px</dimen>
    <dimen name="dm005">5px</dimen>
    <dimen name="dm006">5px</dimen>
    <dimen name="dm007">6px</dimen>
    <dimen name="dm008">7px</dimen>
    <dimen name="dm009">8px</dimen>
    <dimen name="dm010">9px</dimen>
    <dimen name="dm011">10px</dimen>
    <dimen name="dm012">11px</dimen>
    <dimen name="dm013">12px</dimen>
    <dimen name="dm014">13px</dimen>
    <dimen name="dm015">14px</dimen>
    <dimen name="dm016">14px</dimen>
    <dimen name="dm017">15px</dimen>
    <dimen name="dm018">16px</dimen>
    <dimen name="dm019">17px</dimen>
    <dimen name="dm020">18px</dimen>
    <dimen name="dm021">19px</dimen>
    <dimen name="dm022">20px</dimen>
    <dimen name="dm023">21px</dimen>
    <dimen name="dm024">22px</dimen>
    <dimen name="dm025">23px</dimen>
    <dimen name="dm026">23px</dimen>
    <dimen name="dm027">24px</dimen>
    <dimen name="dm028">25px</dimen>
    <dimen name="dm029">26px</dimen>
    <dimen name="dm030">27px</dimen>
    <dimen name="dm031">28px</dimen>
    <dimen name="dm032">29px</dimen>
    <dimen name="dm033">30px</dimen>
    <dimen name="dm034">31px</dimen>
    <dimen name="dm035">32px</dimen>
    <dimen name="dm036">32px</dimen>
    <dimen name="dm037">33px</dimen>
    <dimen name="dm038">34px</dimen>
    <dimen name="dm039">35px</dimen>
    <dimen name="dm040">36px</dimen>
    <dimen name="dm041">37px</dimen>
    <dimen name="dm042">38px</dimen>
    <dimen name="dm043">39px</dimen>
    <dimen name="dm044">40px</dimen>
    <dimen name="dm045">41px</dimen>
    <dimen name="dm046">41px</dimen>
    <dimen name="dm047">42px</dimen>
    <dimen name="dm048">43px</dimen>
    <dimen name="dm049">44px</dimen>
    <dimen name="dm050">45px</dimen>
    <dimen name="dm051">46px</dimen>
    <dimen name="dm052">47px</dimen>
    <dimen name="dm053">48px</dimen>
    <dimen name="dm054">49px</dimen>
    <dimen name="dm055">50px</dimen>
    <dimen name="dm056">50px</dimen>
    <dimen name="dm057">51px</dimen>
    <dimen name="dm058">52px</dimen>
    <dimen name="dm059">53px</dimen>
    <dimen name="dm060">54px</dimen>
    <dimen name="dm061">55px</dimen>
    <dimen name="dm062">56px</dimen>
    <dimen name="dm063">57px</dimen>
    <dimen name="dm064">58px</dimen>
    <dimen name="dm065">59px</dimen>
    <dimen name="dm066">59px</dimen>
    <dimen name="dm067">60px</dimen>
    <dimen name="dm068">61px</dimen>
    <dimen name="dm069">62px</dimen>
    <dimen name="dm070">63px</dimen>
    <dimen name="dm071">64px</dimen>
    <dimen name="dm072">65px</dimen>
    <dimen name="dm073">66px</dimen>
    <dimen name="dm074">67px</dimen>
    <dimen name="dm075">68px</dimen>
    <dimen name="dm076">68px</dimen>
    <dimen name="dm077">69px</dimen>
    <dimen name="dm078">70px</dimen>
    <dimen name="dm079">71px</dimen>
    <dimen name="dm080">72px</dimen>
    <dimen name="dm081">73px</dimen>
    <dimen name="dm082">74px</dimen>
    <dimen name="dm083">75px</dimen>
    <dimen name="dm084">76px</dimen>
    <dimen name="dm085">77px</dimen>
    <dimen name="dm086">77px</dimen>
    <dimen name="dm087">78px</dimen>
    <dimen name="dm088">79px</dimen>
    <dimen name="dm089">80px</dimen>
    <dimen name="dm090">81px</dimen>
    <dimen name="dm091">82px</dimen>
    <dimen name="dm092">83px</dimen>
    <dimen name="dm093">84px</dimen>
    <dimen name="dm094">85px</dimen>
    <dimen name="dm095">86px</dimen>
    <dimen name="dm096">86px</dimen>
    <dimen name="dm097">87px</dimen>
    <dimen name="dm098">88px</dimen>
    <dimen name="dm099">89px</dimen>
    <dimen name="dm100">90px</dimen>
    <dimen name="dm101">91px</dimen>
    <dimen name="dm102">92px</dimen>
    <dimen name="dm103">93px</dimen>
    <dimen name="dm104">94px</dimen>
    <dimen name="dm105">95px</dimen>
    <dimen name="dm106">95px</dimen>
    <dimen name="dm107">96px</dimen>
    <dimen name="dm108">97px</dimen>
    <dimen name="dm109">98px</dimen>
    <dimen name="dm110">99px</dimen>
    <dimen name="dm111">100px</dimen>
    <dimen name="dm112">101px</dimen>
    <dimen name="dm113">102px</dimen>
    <dimen name="dm114">103px</dimen>
    <dimen name="dm115">104px</dimen>
    <dimen name="dm116">104px</dimen>
    <dimen name="dm117">105px</dimen>
    <dimen name="dm118">106px</dimen>
    <dimen name="dm119">107px</dimen>
    <dimen name="dm120">108px</dimen>
    <dimen name="dm121">109px</dimen>
    <dimen name="dm122">110px</dimen>
    <dimen name="dm123">111px</dimen>
    <dimen name="dm124">112px</dimen>
    <dimen name="dm125">113px</dimen>
    <dimen name="dm126">113px</dimen>
    <dimen name="dm127">114px</dimen>
    <dimen name="dm128">115px</dimen>
    <dimen name="dm129">116px</dimen>
    <dimen name="dm130">117px</dimen>
    <dimen name="dm131">118px</dimen>
    <dimen name="dm132">119px</dimen>
    <dimen name="dm133">120px</dimen>
    <dimen name="dm134">121px</dimen>
    <dimen name="dm135">122px</dimen>
    <dimen name="dm136">122px</dimen>
    <dimen name="dm137">123px</dimen>
    <dimen name="dm138">124px</dimen>
    <dimen name="dm139">125px</dimen>
    <dimen name="dm140">126px</dimen>
    <dimen name="dm141">127px</dimen>
    <dimen name="dm142">128px</dimen>
    <dimen name="dm143">129px</dimen>
    <dimen name="dm144">130px</dimen>
    <dimen name="dm145">131px</dimen>
    <dimen name="dm146">131px</dimen>
    <dimen name="dm147">132px</dimen>
    <dimen name="dm148">133px</dimen>
    <dimen name="dm149">134px</dimen>
    <dimen name="dm150">135px</dimen>
    <dimen name="dm151">136px</dimen>
    <dimen name="dm152">137px</dimen>
    <dimen name="dm153">138px</dimen>
    <dimen name="dm154">139px</dimen>
    <dimen name="dm155">140px</dimen>
    <dimen name="dm156">140px</dimen>
    <dimen name="dm157">141px</dimen>
    <dimen name="dm158">142px</dimen>
    <dimen name="dm159">143px</dimen>
    <dimen name="dm160">144px</dimen>
    <dimen name="dm161">145px</dimen>
    <dimen name="dm162">146px</dimen>
    <dimen name="dm163">147px</dimen>
    <dimen name="dm164">148px</dimen>
    <dimen name="dm165">149px</dimen>
    <dimen name="dm166">149px</dimen>
    <dimen name="dm167">150px</dimen>
    <dimen name="dm168">151px</dimen>
    <dimen name="dm169">152px</dimen>
    <dimen name="dm170">153px</dimen>
    <dimen name="dm171">154px</dimen>
    <dimen name="dm172">155px</dimen>
    <dimen name="dm173">156px</dimen>
    <dimen name="dm174">157px</dimen>
    <dimen name="dm175">158px</dimen>
    <dimen name="dm176">158px</dimen>
    <dimen name="dm177">159px</dimen>
    <dimen name="dm178">160px</dimen>
    <dimen name="dm179">161px</dimen>
    <dimen name="dm180">162px</dimen>
    <dimen name="dm181">163px</dimen>
    <dimen name="dm182">164px</dimen>
    <dimen name="dm183">165px</dimen>
    <dimen name="dm184">166px</dimen>
    <dimen name="dm185">167px</dimen>
    <dimen name="dm186">167px</dimen>
    <dimen name="dm187">168px</dimen>
    <dimen name="dm188">169px</dimen>
    <dimen name="dm189">170px</dimen>
    <dimen name="dm190">171px</dimen>
    <dimen name="dm191">172px</dimen>
    <dimen name="dm192">173px</dimen>
    <dimen name="dm193">174px</dimen>
    <dimen name="dm194">175px</dimen>
    <dimen name="dm195">176px</dimen>
    <dimen name="dm196">176px</dimen>
    <dimen name="dm197">177px</dimen>
    <dimen name="dm198">178px</dimen>
    <dimen name="dm199">179px</dimen>
    <dimen name="dm200">180px</dimen>
    <dimen name="dm201">181px</dimen>
    <dimen name="dm202">182px</dimen>
    <dimen name="dm203">183px</dimen>
    <dimen name="dm204">184px</dimen>
    <dimen name="dm205">185px</dimen>
    <dimen name="dm206">185px</dimen>
    <dimen name="dm207">186px</dimen>
    <dimen name="dm208">187px</dimen>
    <dimen name="dm209">188px</dimen>
    <dimen name="dm210">189px</dimen>
    <dimen name="dm211">190px</dimen>
    <dimen name="dm212">191px</dimen>
    <dimen name="dm213">192px</dimen>
    <dimen name="dm214">193px</dimen>
    <dimen name="dm215">194px</dimen>
    <dimen name="dm216">194px</dimen>
    <dimen name="dm217">195px</dimen>
    <dimen name="dm218">196px</dimen>
    <dimen name="dm219">197px</dimen>
    <dimen name="dm220">198px</dimen>
    <dimen name="dm221">199px</dimen>
    <dimen name="dm222">200px</dimen>
    <dimen name="dm223">201px</dimen>
    <dimen name="dm224">202px</dimen>
    <dimen name="dm225">203px</dimen>
    <dimen name="dm226">203px</dimen>
    <dimen name="dm227">204px</dimen>
    <dimen name="dm228">205px</dimen>
    <dimen name="dm229">206px</dimen>
    <dimen name="dm230">207px</dimen>
    <dimen name="dm231">208px</dimen>
    <dimen name="dm232">209px</dimen>
    <dimen name="dm233">210px</dimen>
    <dimen name="dm234">211px</dimen>
    <dimen name="dm235">212px</dimen>
    <dimen name="dm236">212px</dimen>
    <dimen name="dm237">213px</dimen>
    <dimen name="dm238">214px</dimen>
    <dimen name="dm239">215px</dimen>
    <dimen name="dm240">216px</dimen>
    <dimen name="dm241">217px</dimen>
    <dimen name="dm242">218px</dimen>
    <dimen name="dm243">219px</dimen>
    <dimen name="dm244">220px</dimen>
    <dimen name="dm245">221px</dimen>
    <dimen name="dm246">221px</dimen>
    <dimen name="dm247">222px</dimen>
    <dimen name="dm248">223px</dimen>
    <dimen name="dm249">224px</dimen>
    <dimen name="dm250">225px</dimen>
    <dimen name="dm251">226px</dimen>
    <dimen name="dm252">227px</dimen>
    <dimen name="dm253">228px</dimen>
    <dimen name="dm254">229px</dimen>
    <dimen name="dm255">230px</dimen>
    <dimen name="dm256">230px</dimen>
    <dimen name="dm257">231px</dimen>
    <dimen name="dm258">232px</dimen>
    <dimen name="dm259">233px</dimen>
    <dimen name="dm260">234px</dimen>
    <dimen name="dm261">235px</dimen>
    <dimen name="dm262">236px</dimen>
    <dimen name="dm263">237px</dimen>
    <dimen name="dm264">238px</dimen>
    <dimen name="dm265">239px</dimen>
    <dimen name="dm266">239px</dimen>
    <dimen name="dm267">240px</dimen>
    <dimen name="dm268">241px</dimen>
    <dimen name="dm269">242px</dimen>
    <dimen name="dm270">243px</dimen>
    <dimen name="dm271">244px</dimen>
    <dimen name="dm272">245px</dimen>
    <dimen name="dm273">246px</dimen>
    <dimen name="dm274">247px</dimen>
    <dimen name="dm275">248px</dimen>
    <dimen name="dm276">248px</dimen>
    <dimen name="dm277">249px</dimen>
    <dimen name="dm278">250px</dimen>
    <dimen name="dm279">251px</dimen>
    <dimen name="dm280">252px</dimen>
    <dimen name="dm281">253px</dimen>
    <dimen name="dm282">254px</dimen>
    <dimen name="dm283">255px</dimen>
    <dimen name="dm284">256px</dimen>
    <dimen name="dm285">257px</dimen>
    <dimen name="dm286">257px</dimen>
    <dimen name="dm287">258px</dimen>
    <dimen name="dm288">259px</dimen>
    <dimen name="dm289">260px</dimen>
    <dimen name="dm290">261px</dimen>
    <dimen name="dm291">262px</dimen>
    <dimen name="dm292">263px</dimen>
    <dimen name="dm293">264px</dimen>
    <dimen name="dm294">265px</dimen>
    <dimen name="dm295">266px</dimen>
    <dimen name="dm296">266px</dimen>
    <dimen name="dm297">267px</dimen>
    <dimen name="dm298">268px</dimen>
    <dimen name="dm299">269px</dimen>
    <dimen name="dm300">270px</dimen>
    <dimen name="dm301">271px</dimen>
    <dimen name="dm302">272px</dimen>
    <dimen name="dm303">273px</dimen>
    <dimen name="dm304">274px</dimen>
    <dimen name="dm305">275px</dimen>
    <dimen name="dm306">275px</dimen>
    <dimen name="dm307">276px</dimen>
    <dimen name="dm308">277px</dimen>
    <dimen name="dm309">278px</dimen>
    <dimen name="dm310">279px</dimen>
    <dimen name="dm311">280px</dimen>
    <dimen name="dm312">281px</dimen>
    <dimen name="dm313">282px</dimen>
    <dimen name="dm314">283px</dimen>
    <dimen name="dm315">284px</dimen>
    <dimen name="dm316">284px</dimen>
    <dimen name="dm317">285px</dimen>
    <dimen name="dm318">286px</dimen>
    <dimen name="dm319">287px</dimen>
    <dimen name="dm320">288px</dimen>
    <dimen name="dm321">289px</dimen>
    <dimen name="dm322">290px</dimen>
    <dimen name="dm323">291px</dimen>
    <dimen name="dm324">292px</dimen>
    <dimen name="dm325">293px</dimen>
    <dimen name="dm326">293px</dimen>
    <dimen name="dm327">294px</dimen>
    <dimen name="dm328">295px</dimen>
    <dimen name="dm329">296px</dimen>
    <dimen name="dm330">297px</dimen>
    <dimen name="dm331">298px</dimen>
    <dimen name="dm332">299px</dimen>
    <dimen name="dm333">300px</dimen>
    <dimen name="dm334">301px</dimen>
    <dimen name="dm335">302px</dimen>
    <dimen name="dm336">302px</dimen>
    <dimen name="dm337">303px</dimen>
    <dimen name="dm338">304px</dimen>
    <dimen name="dm339">305px</dimen>
    <dimen name="dm340">306px</dimen>
    <dimen name="dm341">307px</dimen>
    <dimen name="dm342">308px</dimen>
    <dimen name="dm343">309px</dimen>
    <dimen name="dm344">310px</dimen>
    <dimen name="dm345">311px</dimen>
    <dimen name="dm346">311px</dimen>
    <dimen name="dm347">312px</dimen>
    <dimen name="dm348">313px</dimen>
    <dimen name="dm349">314px</dimen>
    <dimen name="dm350">315px</dimen>
    <dimen name="dm351">316px</dimen>
    <dimen name="dm352">317px</dimen>
    <dimen name="dm353">318px</dimen>
    <dimen name="dm354">319px</dimen>
    <dimen name="dm355">320px</dimen>
    <dimen name="dm356">320px</dimen>
    <dimen name="dm357">321px</dimen>
    <dimen name="dm358">322px</dimen>
    <dimen name="dm359">323px</dimen>
    <dimen name="dm360">324px</dimen>
    <dimen name="dm361">325px</dimen>
    <dimen name="dm362">326px</dimen>
    <dimen name="dm363">327px</dimen>
    <dimen name="dm364">328px</dimen>
    <dimen name="dm365">329px</dimen>
    <dimen name="dm366">329px</dimen>
    <dimen name="dm367">330px</dimen>
    <dimen name="dm368">331px</dimen>
    <dimen name="dm369">332px</dimen>
    <dimen name="dm370">333px</dimen>
    <dimen name="dm371">334px</dimen>
    <dimen name="dm372">335px</dimen>
    <dimen name="dm373">336px</dimen>
    <dimen name="dm374">337px</dimen>
    <dimen name="dm375">338px</dimen>
    <dimen name="dm376">338px</dimen>
    <dimen name="dm377">339px</dimen>
    <dimen name="dm378">340px</dimen>
    <dimen name="dm379">341px</dimen>
    <dimen name="dm380">342px</dimen>
    <dimen name="dm381">343px</dimen>
    <dimen name="dm382">344px</dimen>
    <dimen name="dm383">345px</dimen>
    <dimen name="dm384">346px</dimen>
    <dimen name="dm385">347px</dimen>
    <dimen name="dm386">347px</dimen>
    <dimen name="dm387">348px</dimen>
    <dimen name="dm388">349px</dimen>
    <dimen name="dm389">350px</dimen>
    <dimen name="dm390">351px</dimen>
    <dimen name="dm391">352px</dimen>
    <dimen name="dm392">353px</dimen>
    <dimen name="dm393">354px</dimen>
    <dimen name="dm394">355px</dimen>
    <dimen name="dm395">356px</dimen>
    <dimen name="dm396">356px</dimen>
    <dimen name="dm397">357px</dimen>
    <dimen name="dm398">358px</dimen>
    <dimen name="dm399">359px</dimen>
    <dimen name="dm400">360px</dimen>
    <dimen name="dm401">361px</dimen>
    <dimen name="dm402">362px</dimen>
    <dimen name="dm403">363px</dimen>
    <dimen name="dm404">364px</dimen>
    <dimen name="dm405">365px</dimen>
    <dimen name="dm406">365px</dimen>
    <dimen name="dm407">366px</dimen>
    <dimen name="dm408">367px</dimen>
    <dimen name="dm409">368px</dimen>
    <dimen name="dm410">369px</dimen>
    <dimen name="dm411">370px</dimen>
    <dimen name="dm412">371px</dimen>
    <dimen name="dm413">372px</dimen>
    <dimen name="dm414">373px</dimen>
    <dimen name="dm415">374px</dimen>
    <dimen name="dm416">374px</dimen>
    <dimen name="dm417">375px</dimen>
    <dimen name="dm418">376px</dimen>
    <dimen name="dm419">377px</dimen>
    <dimen name="dm420">378px</dimen>
    <dimen name="dm421">379px</dimen>
    <dimen name="dm422">380px</dimen>
    <dimen name="dm423">381px</dimen>
    <dimen name="dm424">382px</dimen>
    <dimen name="dm425">383px</dimen>
    <dimen name="dm426">383px</dimen>
    <dimen name="dm427">384px</dimen>
    <dimen name="dm428">385px</dimen>
    <dimen name="dm429">386px</dimen>
    <dimen name="dm430">387px</dimen>
    <dimen name="dm431">388px</dimen>
    <dimen name="dm432">389px</dimen>
    <dimen name="dm433">390px</dimen>
    <dimen name="dm434">391px</dimen>
    <dimen name="dm435">392px</dimen>
    <dimen name="dm436">392px</dimen>
    <dimen name="dm437">393px</dimen>
    <dimen name="dm438">394px</dimen>
    <dimen name="dm439">395px</dimen>
    <dimen name="dm440">396px</dimen>
    <dimen name="dm441">397px</dimen>
    <dimen name="dm442">398px</dimen>
    <dimen name="dm443">399px</dimen>
    <dimen name="dm444">400px</dimen>
    <dimen name="dm445">401px</dimen>
    <dimen name="dm446">401px</dimen>
    <dimen name="dm447">402px</dimen>
    <dimen name="dm448">403px</dimen>
    <dimen name="dm449">404px</dimen>
    <dimen name="dm450">405px</dimen>
    <dimen name="dm451">406px</dimen>
    <dimen name="dm452">407px</dimen>
    <dimen name="dm453">408px</dimen>
    <dimen name="dm454">409px</dimen>
    <dimen name="dm455">410px</dimen>
    <dimen name="dm456">410px</dimen>
    <dimen name="dm457">411px</dimen>
    <dimen name="dm458">412px</dimen>
    <dimen name="dm459">413px</dimen>
    <dimen name="dm460">414px</dimen>
    <dimen name="dm461">415px</dimen>
    <dimen name="dm462">416px</dimen>
    <dimen name="dm463">417px</dimen>
    <dimen name="dm464">418px</dimen>
    <dimen name="dm465">419px</dimen>
    <dimen name="dm466">419px</dimen>
    <dimen name="dm467">420px</dimen>
    <dimen name="dm468">421px</dimen>
    <dimen name="dm469">422px</dimen>
    <dimen name="dm470">423px</dimen>
    <dimen name="dm471">424px</dimen>
    <dimen name="dm472">425px</dimen>
    <dimen name="dm473">426px</dimen>
    <dimen name="dm474">427px</dimen>
    <dimen name="dm475">428px</dimen>
    <dimen name="dm476">428px</dimen>
    <dimen name="dm477">429px</dimen>
    <dimen name="dm478">430px</dimen>
    <dimen name="dm479">431px</dimen>
    <dimen name="dm480">432px</dimen>
    <dimen name="dm481">433px</dimen>
    <dimen name="dm482">434px</dimen>
    <dimen name="dm483">435px</dimen>
    <dimen name="dm484">436px</dimen>
    <dimen name="dm485">437px</dimen>
    <dimen name="dm486">437px</dimen>
    <dimen name="dm487">438px</dimen>
    <dimen name="dm488">439px</dimen>
    <dimen name="dm489">440px</dimen>
    <dimen name="dm490">441px</dimen>
    <dimen name="dm491">442px</dimen>
    <dimen name="dm492">443px</dimen>
    <dimen name="dm493">444px</dimen>
    <dimen name="dm494">445px</dimen>
    <dimen name="dm495">446px</dimen>
    <dimen name="dm496">446px</dimen>
    <dimen name="dm497">447px</dimen>
    <dimen name="dm498">448px</dimen>
    <dimen name="dm499">449px</dimen>
    <dimen name="dm500">450px</dimen>
    <dimen name="dm501">451px</dimen>
    <dimen name="dm502">452px</dimen>
    <dimen name="dm503">453px</dimen>
    <dimen name="dm504">454px</dimen>
    <dimen name="dm505">455px</dimen>
    <dimen name="dm506">455px</dimen>
    <dimen name="dm507">456px</dimen>
    <dimen name="dm508">457px</dimen>
    <dimen name="dm509">458px</dimen>
    <dimen name="dm510">459px</dimen>
    <dimen name="dm511">460px</dimen>
    <dimen name="dm512">461px</dimen>
    <dimen name="dm513">462px</dimen>
    <dimen name="dm514">463px</dimen>
    <dimen name="dm515">464px</dimen>
    <dimen name="dm516">464px</dimen>
    <dimen name="dm517">465px</dimen>
    <dimen name="dm518">466px</dimen>
    <dimen name="dm519">467px</dimen>
    <dimen name="dm520">468px</dimen>
    <dimen name="dm521">469px</dimen>
    <dimen name="dm522">470px</dimen>
    <dimen name="dm523">471px</dimen>
    <dimen name="dm524">472px</dimen>
    <dimen name="dm525">473px</dimen>
    <dimen name="dm526">473px</dimen>
    <dimen name="dm527">474px</dimen>
    <dimen name="dm528">475px</dimen>
    <dimen name="dm529">476px</dimen>
    <dimen name="dm530">477px</dimen>
    <dimen name="dm531">478px</dimen>
    <dimen name="dm532">479px</dimen>
    <dimen name="dm533">480px</dimen>
    <dimen name="dm534">481px</dimen>
    <dimen name="dm535">482px</dimen>
    <dimen name="dm536">482px</dimen>
    <dimen name="dm537">483px</dimen>
    <dimen name="dm538">484px</dimen>
    <dimen name="dm539">485px</dimen>
    <dimen name="dm540">486px</dimen>
    <dimen name="dm541">487px</dimen>
    <dimen name="dm542">488px</dimen>
    <dimen name="dm543">489px</dimen>
    <dimen name="dm544">490px</dimen>
    <dimen name="dm545">491px</dimen>
    <dimen name="dm546">491px</dimen>
    <dimen name="dm547">492px</dimen>
    <dimen name="dm548">493px</dimen>
    <dimen name="dm549">494px</dimen>
    <dimen name="dm550">495px</dimen>
    <dimen name="dm551">496px</dimen>
    <dimen name="dm552">497px</dimen>
    <dimen name="dm553">498px</dimen>
    <dimen name="dm554">499px</dimen>
    <dimen name="dm555">500px</dimen>
    <dimen name="dm556">500px</dimen>
    <dimen name="dm557">501px</dimen>
    <dimen name="dm558">502px</dimen>
    <dimen name="dm559">503px</dimen>
    <dimen name="dm560">504px</dimen>
    <dimen name="dm561">505px</dimen>
    <dimen name="dm562">506px</dimen>
    <dimen name="dm563">507px</dimen>
    <dimen name="dm564">508px</dimen>
    <dimen name="dm565">509px</dimen>
    <dimen name="dm566">509px</dimen>
    <dimen name="dm567">510px</dimen>
    <dimen name="dm568">511px</dimen>
    <dimen name="dm569">512px</dimen>
    <dimen name="dm570">513px</dimen>
    <dimen name="dm571">514px</dimen>
    <dimen name="dm572">515px</dimen>
    <dimen name="dm573">516px</dimen>
    <dimen name="dm574">517px</dimen>
    <dimen name="dm575">518px</dimen>
    <dimen name="dm576">518px</dimen>
    <dimen name="dm577">519px</dimen>
    <dimen name="dm578">520px</dimen>
    <dimen name="dm579">521px</dimen>
    <dimen name="dm580">522px</dimen>
    <dimen name="dm581">523px</dimen>
    <dimen name="dm582">524px</dimen>
    <dimen name="dm583">525px</dimen>
    <dimen name="dm584">526px</dimen>
    <dimen name="dm585">527px</dimen>
    <dimen name="dm586">527px</dimen>
    <dimen name="dm587">528px</dimen>
    <dimen name="dm588">529px</dimen>
    <dimen name="dm589">530px</dimen>
    <dimen name="dm590">531px</dimen>
    <dimen name="dm591">532px</dimen>
    <dimen name="dm592">533px</dimen>
    <dimen name="dm593">534px</dimen>
    <dimen name="dm594">535px</dimen>
    <dimen name="dm595">536px</dimen>
    <dimen name="dm596">536px</dimen>
    <dimen name="dm597">537px</dimen>
    <dimen name="dm598">538px</dimen>
    <dimen name="dm599">539px</dimen>
    <dimen name="dm600">540px</dimen>
    <dimen name="dm601">541px</dimen>
    <dimen name="dm602">542px</dimen>
    <dimen name="dm603">543px</dimen>
    <dimen name="dm604">544px</dimen>
    <dimen name="dm605">545px</dimen>
    <dimen name="dm606">545px</dimen>
    <dimen name="dm607">546px</dimen>
    <dimen name="dm608">547px</dimen>
    <dimen name="dm609">548px</dimen>
    <dimen name="dm610">549px</dimen>
    <dimen name="dm611">550px</dimen>
    <dimen name="dm612">551px</dimen>
    <dimen name="dm613">552px</dimen>
    <dimen name="dm614">553px</dimen>
    <dimen name="dm615">554px</dimen>
    <dimen name="dm616">554px</dimen>
    <dimen name="dm617">555px</dimen>
    <dimen name="dm618">556px</dimen>
    <dimen name="dm619">557px</dimen>
    <dimen name="dm620">558px</dimen>
    <dimen name="dm621">559px</dimen>
    <dimen name="dm622">560px</dimen>
    <dimen name="dm623">561px</dimen>
    <dimen name="dm624">562px</dimen>
    <dimen name="dm625">563px</dimen>
    <dimen name="dm626">563px</dimen>
    <dimen name="dm627">564px</dimen>
    <dimen name="dm628">565px</dimen>
    <dimen name="dm629">566px</dimen>
    <dimen name="dm630">567px</dimen>
    <dimen name="dm631">568px</dimen>
    <dimen name="dm632">569px</dimen>
    <dimen name="dm633">570px</dimen>
    <dimen name="dm634">571px</dimen>
    <dimen name="dm635">572px</dimen>
    <dimen name="dm636">572px</dimen>
    <dimen name="dm637">573px</dimen>
    <dimen name="dm638">574px</dimen>
    <dimen name="dm639">575px</dimen>
    <dimen name="dm640">576px</dimen>
    <dimen name="dm641">577px</dimen>
    <dimen name="dm642">578px</dimen>
    <dimen name="dm643">579px</dimen>
    <dimen name="dm644">580px</dimen>
    <dimen name="dm645">581px</dimen>
    <dimen name="dm646">581px</dimen>
    <dimen name="dm647">582px</dimen>
    <dimen name="dm648">583px</dimen>
    <dimen name="dm649">584px</dimen>
    <dimen name="dm650">585px</dimen>
    <dimen name="dm651">586px</dimen>
    <dimen name="dm652">587px</dimen>
    <dimen name="dm653">588px</dimen>
    <dimen name="dm654">589px</dimen>
    <dimen name="dm655">590px</dimen>
    <dimen name="dm656">590px</dimen>
    <dimen name="dm657">591px</dimen>
    <dimen name="dm658">592px</dimen>
    <dimen name="dm659">593px</dimen>
    <dimen name="dm660">594px</dimen>
    <dimen name="dm661">595px</dimen>
    <dimen name="dm662">596px</dimen>
    <dimen name="dm663">597px</dimen>
    <dimen name="dm664">598px</dimen>
    <dimen name="dm665">599px</dimen>
    <dimen name="dm666">599px</dimen>
    <dimen name="dm667">600px</dimen>
    <dimen name="dm668">601px</dimen>
    <dimen name="dm669">602px</dimen>
    <dimen name="dm670">603px</dimen>
    <dimen name="dm671">604px</dimen>
    <dimen name="dm672">605px</dimen>
    <dimen name="dm673">606px</dimen>
    <dimen name="dm674">607px</dimen>
    <dimen name="dm675">608px</dimen>
    <dimen name="dm676">608px</dimen>
    <dimen name="dm677">609px</dimen>
    <dimen name="dm678">610px</dimen>
    <dimen name="dm679">611px</dimen>
    <dimen name="dm680">612px</dimen>
    <dimen name="dm681">613px</dimen>
    <dimen name="dm682">614px</dimen>
    <dimen name="dm683">615px</dimen>
    <dimen name="dm684">616px</dimen>
    <dimen name="dm685">617px</dimen>
    <dimen name="dm686">617px</dimen>
    <dimen name="dm687">618px</dimen>
    <dimen name="dm688">619px</dimen>
    <dimen name="dm689">620px</dimen>
    <dimen name="dm690">621px</dimen>
    <dimen name="dm691">622px</dimen>
    <dimen name="dm692">623px</dimen>
    <dimen name="dm693">624px</dimen>
    <dimen name="dm694">625px</dimen>
    <dimen name="dm695">626px</dimen>
    <dimen name="dm696">626px</dimen>
    <dimen name="dm697">627px</dimen>
    <dimen name="dm698">628px</dimen>
    <dimen name="dm699">629px</dimen>
    <dimen name="dm700">630px</dimen>
    <dimen name="dm701">631px</dimen>
    <dimen name="dm702">632px</dimen>
    <dimen name="dm703">633px</dimen>
    <dimen name="dm704">634px</dimen>
    <dimen name="dm705">635px</dimen>
    <dimen name="dm706">635px</dimen>
    <dimen name="dm707">636px</dimen>
    <dimen name="dm708">637px</dimen>
    <dimen name="dm709">638px</dimen>
    <dimen name="dm710">639px</dimen>
    <dimen name="dm711">640px</dimen>
    <dimen name="dm712">641px</dimen>
    <dimen name="dm713">642px</dimen>
    <dimen name="dm714">643px</dimen>
    <dimen name="dm715">644px</dimen>
    <dimen name="dm716">644px</dimen>
    <dimen name="dm717">645px</dimen>
    <dimen name="dm718">646px</dimen>
    <dimen name="dm719">647px</dimen>
    <dimen name="dm720">648px</dimen>
    <dimen name="dm721">649px</dimen>
    <dimen name="dm722">650px</dimen>
    <dimen name="dm723">651px</dimen>
    <dimen name="dm724">652px</dimen>
    <dimen name="dm725">653px</dimen>
    <dimen name="dm726">653px</dimen>
    <dimen name="dm727">654px</dimen>
    <dimen name="dm728">655px</dimen>
    <dimen name="dm729">656px</dimen>
    <dimen name="dm730">657px</dimen>
    <dimen name="dm731">658px</dimen>
    <dimen name="dm732">659px</dimen>
    <dimen name="dm733">660px</dimen>
    <dimen name="dm734">661px</dimen>
    <dimen name="dm735">662px</dimen>
    <dimen name="dm736">662px</dimen>
    <dimen name="dm737">663px</dimen>
    <dimen name="dm738">664px</dimen>
    <dimen name="dm739">665px</dimen>
    <dimen name="dm740">666px</dimen>
    <dimen name="dm741">667px</dimen>
    <dimen name="dm742">668px</dimen>
    <dimen name="dm743">669px</dimen>
    <dimen name="dm744">670px</dimen>
    <dimen name="dm745">671px</dimen>
    <dimen name="dm746">671px</dimen>
    <dimen name="dm747">672px</dimen>
    <dimen name="dm748">673px</dimen>
    <dimen name="dm749">674px</dimen>
    <dimen name="dm750">675px</dimen>
    <dimen name="dm751">676px</dimen>
    <dimen name="dm752">677px</dimen>
    <dimen name="dm753">678px</dimen>
    <dimen name="dm754">679px</dimen>
    <dimen name="dm755">680px</dimen>
    <dimen name="dm756">680px</dimen>
    <dimen name="dm757">681px</dimen>
    <dimen name="dm758">682px</dimen>
    <dimen name="dm759">683px</dimen>
    <dimen name="dm760">684px</dimen>
    <dimen name="dm761">685px</dimen>
    <dimen name="dm762">686px</dimen>
    <dimen name="dm763">687px</dimen>
    <dimen name="dm764">688px</dimen>
    <dimen name="dm765">689px</dimen>
    <dimen name="dm766">689px</dimen>
    <dimen name="dm767">690px</dimen>
    <dimen name="dm768">691px</dimen>
    <dimen name="dm769">692px</dimen>
    <dimen name="dm770">693px</dimen>
    <dimen name="dm771">694px</dimen>
    <dimen name="dm772">695px</dimen>
    <dimen name="dm773">696px</dimen>
    <dimen name="dm774">697px</dimen>
    <dimen name="dm775">698px</dimen>
    <dimen name="dm776">698px</dimen>
    <dimen name="dm777">699px</dimen>
    <dimen name="dm778">700px</dimen>
    <dimen name="dm779">701px</dimen>
    <dimen name="dm780">702px</dimen>
    <dimen name="dm781">703px</dimen>
    <dimen name="dm782">704px</dimen>
    <dimen name="dm783">705px</dimen>
    <dimen name="dm784">706px</dimen>
    <dimen name="dm785">707px</dimen>
    <dimen name="dm786">707px</dimen>
    <dimen name="dm787">708px</dimen>
    <dimen name="dm788">709px</dimen>
    <dimen name="dm789">710px</dimen>
    <dimen name="dm790">711px</dimen>
    <dimen name="dm791">712px</dimen>
    <dimen name="dm792">713px</dimen>
    <dimen name="dm793">714px</dimen>
    <dimen name="dm794">715px</dimen>
    <dimen name="dm795">716px</dimen>
    <dimen name="dm796">716px</dimen>
    <dimen name="dm797">717px</dimen>
    <dimen name="dm798">718px</dimen>
    <dimen name="dm799">719px</dimen>
    <dimen name="dm800">720px</dimen>
    <dimen name="dm801">721px</dimen>
    <dimen name="dm802">722px</dimen>
    <dimen name="dm803">723px</dimen>
    <dimen name="dm804">724px</dimen>
    <dimen name="dm805">725px</dimen>
    <dimen name="dm806">725px</dimen>
    <dimen name="dm807">726px</dimen>
    <dimen name="dm808">727px</dimen>
    <dimen name="dm809">728px</dimen>
    <dimen name="dm810">729px</dimen>
    <dimen name="dm811">730px</dimen>
    <dimen name="dm812">731px</dimen>
    <dimen name="dm813">732px</dimen>
    <dimen name="dm814">733px</dimen>
    <dimen name="dm815">734px</dimen>
    <dimen name="dm816">734px</dimen>
    <dimen name="dm817">735px</dimen>
    <dimen name="dm818">736px</dimen>
    <dimen name="dm819">737px</dimen>
    <dimen name="dm820">738px</dimen>
    <dimen name="dm821">739px</dimen>
    <dimen name="dm822">740px</dimen>
    <dimen name="dm823">741px</dimen>
    <dimen name="dm824">742px</dimen>
    <dimen name="dm825">743px</dimen>
    <dimen name="dm826">743px</dimen>
    <dimen name="dm827">744px</dimen>
    <dimen name="dm828">745px</dimen>
    <dimen name="dm829">746px</dimen>
    <dimen name="dm830">747px</dimen>
    <dimen name="dm831">748px</dimen>
    <dimen name="dm832">749px</dimen>
    <dimen name="dm833">750px</dimen>
    <dimen name="dm834">751px</dimen>
    <dimen name="dm835">752px</dimen>
    <dimen name="dm836">752px</dimen>
    <dimen name="dm837">753px</dimen>
    <dimen name="dm838">754px</dimen>
    <dimen name="dm839">755px</dimen>
    <dimen name="dm840">756px</dimen>
    <dimen name="dm841">757px</dimen>
    <dimen name="dm842">758px</dimen>
    <dimen name="dm843">759px</dimen>
    <dimen name="dm844">760px</dimen>
    <dimen name="dm845">761px</dimen>
    <dimen name="dm846">761px</dimen>
    <dimen name="dm847">762px</dimen>
    <dimen name="dm848">763px</dimen>
    <dimen name="dm849">764px</dimen>
    <dimen name="dm850">765px</dimen>
    <dimen name="dm851">766px</dimen>
    <dimen name="dm852">767px</dimen>
    <dimen name="dm853">768px</dimen>
    <dimen name="dm854">769px</dimen>
    <dimen name="dm855">770px</dimen>
    <dimen name="dm856">770px</dimen>
    <dimen name="dm857">771px</dimen>
    <dimen name="dm858">772px</dimen>
    <dimen name="dm859">773px</dimen>
    <dimen name="dm860">774px</dimen>
    <dimen name="dm861">775px</dimen>
    <dimen name="dm862">776px</dimen>
    <dimen name="dm863">777px</dimen>
    <dimen name="dm864">778px</dimen>
    <dimen name="dm865">779px</dimen>
    <dimen name="dm866">779px</dimen>
    <dimen name="dm867">780px</dimen>
    <dimen name="dm868">781px</dimen>
    <dimen name="dm869">782px</dimen>
    <dimen name="dm870">783px</dimen>
    <dimen name="dm871">784px</dimen>
    <dimen name="dm872">785px</dimen>
    <dimen name="dm873">786px</dimen>
    <dimen name="dm874">787px</dimen>
    <dimen name="dm875">788px</dimen>
    <dimen name="dm876">788px</dimen>
    <dimen name="dm877">789px</dimen>
    <dimen name="dm878">790px</dimen>
    <dimen name="dm879">791px</dimen>
    <dimen name="dm880">792px</dimen>
    <dimen name="dm881">793px</dimen>
    <dimen name="dm882">794px</dimen>
    <dimen name="dm883">795px</dimen>
    <dimen name="dm884">796px</dimen>
    <dimen name="dm885">797px</dimen>
    <dimen name="dm886">797px</dimen>
    <dimen name="dm887">798px</dimen>
    <dimen name="dm888">799px</dimen>
    <dimen name="dm889">800px</dimen>
    <dimen name="dm890">801px</dimen>
    <dimen name="dm891">802px</dimen>
    <dimen name="dm892">803px</dimen>
    <dimen name="dm893">804px</dimen>
    <dimen name="dm894">805px</dimen>
    <dimen name="dm895">806px</dimen>
    <dimen name="dm896">806px</dimen>
    <dimen name="dm897">807px</dimen>
    <dimen name="dm898">808px</dimen>
    <dimen name="dm899">809px</dimen>
    <dimen name="dm900">810px</dimen>
    <dimen name="dm901">811px</dimen>
    <dimen name="dm902">812px</dimen>
    <dimen name="dm903">813px</dimen>
    <dimen name="dm904">814px</dimen>
    <dimen name="dm905">815px</dimen>
    <dimen name="dm906">815px</dimen>
    <dimen name="dm907">816px</dimen>
    <dimen name="dm908">817px</dimen>
    <dimen name="dm909">818px</dimen>
    <dimen name="dm910">819px</dimen>
    <dimen name="dm911">820px</dimen>
    <dimen name="dm912">821px</dimen>
    <dimen name="dm913">822px</dimen>
    <dimen name="dm914">823px</dimen>
    <dimen name="dm915">824px</dimen>
    <dimen name="dm916">824px</dimen>
    <dimen name="dm917">825px</dimen>
    <dimen name="dm918">826px</dimen>
    <dimen name="dm919">827px</dimen>
    <dimen name="dm920">828px</dimen>
    <dimen name="dm921">829px</dimen>
    <dimen name="dm922">830px</dimen>
    <dimen name="dm923">831px</dimen>
    <dimen name="dm924">832px</dimen>
    <dimen name="dm925">833px</dimen>
    <dimen name="dm926">833px</dimen>
    <dimen name="dm927">834px</dimen>
    <dimen name="dm928">835px</dimen>
    <dimen name="dm929">836px</dimen>
    <dimen name="dm930">837px</dimen>
    <dimen name="dm931">838px</dimen>
    <dimen name="dm932">839px</dimen>
    <dimen name="dm933">840px</dimen>
    <dimen name="dm934">841px</dimen>
    <dimen name="dm935">842px</dimen>
    <dimen name="dm936">842px</dimen>
    <dimen name="dm937">843px</dimen>
    <dimen name="dm938">844px</dimen>
    <dimen name="dm939">845px</dimen>
    <dimen name="dm940">846px</dimen>
    <dimen name="dm941">847px</dimen>
    <dimen name="dm942">848px</dimen>
    <dimen name="dm943">849px</dimen>
    <dimen name="dm944">850px</dimen>
    <dimen name="dm945">851px</dimen>
    <dimen name="dm946">851px</dimen>
    <dimen name="dm947">852px</dimen>
    <dimen name="dm948">853px</dimen>
    <dimen name="dm949">854px</dimen>
    <dimen name="dm950">855px</dimen>
    <dimen name="dm951">856px</dimen>
    <dimen name="dm952">857px</dimen>
    <dimen name="dm953">858px</dimen>
    <dimen name="dm954">859px</dimen>
    <dimen name="dm955">860px</dimen>
    <dimen name="dm956">860px</dimen>
    <dimen name="dm957">861px</dimen>
    <dimen name="dm958">862px</dimen>
    <dimen name="dm959">863px</dimen>
    <dimen name="dm960">864px</dimen>
    <dimen name="dm961">865px</dimen>
    <dimen name="dm962">866px</dimen>
    <dimen name="dm963">867px</dimen>
    <dimen name="dm964">868px</dimen>
    <dimen name="dm965">869px</dimen>
    <dimen name="dm966">869px</dimen>
    <dimen name="dm967">870px</dimen>
    <dimen name="dm968">871px</dimen>
    <dimen name="dm969">872px</dimen>
    <dimen name="dm970">873px</dimen>
    <dimen name="dm971">874px</dimen>
    <dimen name="dm972">875px</dimen>
    <dimen name="dm973">876px</dimen>
    <dimen name="dm974">877px</dimen>
    <dimen name="dm975">878px</dimen>
    <dimen name="dm976">878px</dimen>
    <dimen name="dm977">879px</dimen>
    <dimen name="dm978">880px</dimen>
    <dimen name="dm979">881px</dimen>
    <dimen name="dm980">882px</dimen>
    <dimen name="dm981">883px</dimen>
    <dimen name="dm982">884px</dimen>
    <dimen name="dm983">885px</dimen>
    <dimen name="dm984">886px</dimen>
    <dimen name="dm985">887px</dimen>
    <dimen name="dm986">887px</dimen>
    <dimen name="dm987">888px</dimen>
    <dimen name="dm988">889px</dimen>
    <dimen name="dm989">890px</dimen>
    <dimen name="dm990">891px</dimen>
    <dimen name="dm991">892px</dimen>
    <dimen name="dm992">893px</dimen>
    <dimen name="dm993">894px</dimen>
    <dimen name="dm994">895px</dimen>
    <dimen name="dm995">896px</dimen>
    <dimen name="dm996">896px</dimen>
    <dimen name="dm997">897px</dimen>
    <dimen name="dm998">898px</dimen>
    <dimen name="dm999">899px</dimen>

</resources>