<resources>

    <dimen name="dm_200">-479px</dimen>
    <dimen name="dm_199">-477px</dimen>
    <dimen name="dm_198">-474px</dimen>
    <dimen name="dm_197">-472px</dimen>
    <dimen name="dm_196">-469px</dimen>
    <dimen name="dm_195">-467px</dimen>
    <dimen name="dm_194">-465px</dimen>
    <dimen name="dm_193">-462px</dimen>
    <dimen name="dm_192">-460px</dimen>
    <dimen name="dm_191">-457px</dimen>
    <dimen name="dm_190">-455px</dimen>
    <dimen name="dm_189">-453px</dimen>
    <dimen name="dm_188">-450px</dimen>
    <dimen name="dm_187">-448px</dimen>
    <dimen name="dm_186">-445px</dimen>
    <dimen name="dm_185">-443px</dimen>
    <dimen name="dm_184">-441px</dimen>
    <dimen name="dm_183">-438px</dimen>
    <dimen name="dm_182">-436px</dimen>
    <dimen name="dm_181">-433px</dimen>
    <dimen name="dm_180">-431px</dimen>
    <dimen name="dm_179">-429px</dimen>
    <dimen name="dm_178">-426px</dimen>
    <dimen name="dm_177">-424px</dimen>
    <dimen name="dm_176">-421px</dimen>
    <dimen name="dm_175">-419px</dimen>
    <dimen name="dm_174">-417px</dimen>
    <dimen name="dm_173">-414px</dimen>
    <dimen name="dm_172">-412px</dimen>
    <dimen name="dm_171">-409px</dimen>
    <dimen name="dm_170">-407px</dimen>
    <dimen name="dm_169">-405px</dimen>
    <dimen name="dm_168">-402px</dimen>
    <dimen name="dm_167">-400px</dimen>
    <dimen name="dm_166">-397px</dimen>
    <dimen name="dm_165">-395px</dimen>
    <dimen name="dm_164">-393px</dimen>
    <dimen name="dm_163">-390px</dimen>
    <dimen name="dm_162">-388px</dimen>
    <dimen name="dm_161">-385px</dimen>
    <dimen name="dm_160">-383px</dimen>
    <dimen name="dm_159">-381px</dimen>
    <dimen name="dm_158">-378px</dimen>
    <dimen name="dm_157">-376px</dimen>
    <dimen name="dm_156">-373px</dimen>
    <dimen name="dm_155">-371px</dimen>
    <dimen name="dm_154">-369px</dimen>
    <dimen name="dm_153">-366px</dimen>
    <dimen name="dm_152">-364px</dimen>
    <dimen name="dm_151">-361px</dimen>
    <dimen name="dm_150">-359px</dimen>
    <dimen name="dm_149">-357px</dimen>
    <dimen name="dm_148">-354px</dimen>
    <dimen name="dm_147">-352px</dimen>
    <dimen name="dm_146">-349px</dimen>
    <dimen name="dm_145">-347px</dimen>
    <dimen name="dm_144">-345px</dimen>
    <dimen name="dm_143">-342px</dimen>
    <dimen name="dm_142">-340px</dimen>
    <dimen name="dm_141">-337px</dimen>
    <dimen name="dm_140">-335px</dimen>
    <dimen name="dm_139">-333px</dimen>
    <dimen name="dm_138">-330px</dimen>
    <dimen name="dm_137">-328px</dimen>
    <dimen name="dm_136">-325px</dimen>
    <dimen name="dm_135">-323px</dimen>
    <dimen name="dm_134">-321px</dimen>
    <dimen name="dm_133">-318px</dimen>
    <dimen name="dm_132">-316px</dimen>
    <dimen name="dm_131">-313px</dimen>
    <dimen name="dm_130">-311px</dimen>
    <dimen name="dm_129">-309px</dimen>
    <dimen name="dm_128">-306px</dimen>
    <dimen name="dm_127">-304px</dimen>
    <dimen name="dm_126">-301px</dimen>
    <dimen name="dm_125">-299px</dimen>
    <dimen name="dm_124">-297px</dimen>
    <dimen name="dm_123">-294px</dimen>
    <dimen name="dm_122">-292px</dimen>
    <dimen name="dm_121">-289px</dimen>
    <dimen name="dm_120">-287px</dimen>
    <dimen name="dm_119">-285px</dimen>
    <dimen name="dm_118">-282px</dimen>
    <dimen name="dm_117">-280px</dimen>
    <dimen name="dm_116">-277px</dimen>
    <dimen name="dm_115">-275px</dimen>
    <dimen name="dm_114">-273px</dimen>
    <dimen name="dm_113">-270px</dimen>
    <dimen name="dm_112">-268px</dimen>
    <dimen name="dm_111">-265px</dimen>
    <dimen name="dm_110">-263px</dimen>
    <dimen name="dm_109">-261px</dimen>
    <dimen name="dm_108">-258px</dimen>
    <dimen name="dm_107">-256px</dimen>
    <dimen name="dm_106">-253px</dimen>
    <dimen name="dm_105">-251px</dimen>
    <dimen name="dm_104">-249px</dimen>
    <dimen name="dm_103">-246px</dimen>
    <dimen name="dm_102">-244px</dimen>
    <dimen name="dm_101">-241px</dimen>
    <dimen name="dm_100">-239px</dimen>
    <dimen name="dm_099">-237px</dimen>
    <dimen name="dm_098">-234px</dimen>
    <dimen name="dm_097">-232px</dimen>
    <dimen name="dm_096">-229px</dimen>
    <dimen name="dm_095">-227px</dimen>
    <dimen name="dm_094">-225px</dimen>
    <dimen name="dm_093">-222px</dimen>
    <dimen name="dm_092">-220px</dimen>
    <dimen name="dm_091">-217px</dimen>
    <dimen name="dm_090">-215px</dimen>
    <dimen name="dm_089">-213px</dimen>
    <dimen name="dm_088">-210px</dimen>
    <dimen name="dm_087">-208px</dimen>
    <dimen name="dm_086">-205px</dimen>
    <dimen name="dm_085">-203px</dimen>
    <dimen name="dm_084">-201px</dimen>
    <dimen name="dm_083">-198px</dimen>
    <dimen name="dm_082">-196px</dimen>
    <dimen name="dm_081">-193px</dimen>
    <dimen name="dm_080">-191px</dimen>
    <dimen name="dm_079">-189px</dimen>
    <dimen name="dm_078">-186px</dimen>
    <dimen name="dm_077">-184px</dimen>
    <dimen name="dm_076">-181px</dimen>
    <dimen name="dm_075">-179px</dimen>
    <dimen name="dm_074">-177px</dimen>
    <dimen name="dm_073">-174px</dimen>
    <dimen name="dm_072">-172px</dimen>
    <dimen name="dm_071">-169px</dimen>
    <dimen name="dm_070">-167px</dimen>
    <dimen name="dm_069">-165px</dimen>
    <dimen name="dm_068">-162px</dimen>
    <dimen name="dm_067">-160px</dimen>
    <dimen name="dm_066">-157px</dimen>
    <dimen name="dm_065">-155px</dimen>
    <dimen name="dm_064">-153px</dimen>
    <dimen name="dm_063">-150px</dimen>
    <dimen name="dm_062">-148px</dimen>
    <dimen name="dm_061">-145px</dimen>
    <dimen name="dm_060">-143px</dimen>
    <dimen name="dm_059">-141px</dimen>
    <dimen name="dm_058">-138px</dimen>
    <dimen name="dm_057">-136px</dimen>
    <dimen name="dm_056">-133px</dimen>
    <dimen name="dm_055">-131px</dimen>
    <dimen name="dm_054">-129px</dimen>
    <dimen name="dm_053">-126px</dimen>
    <dimen name="dm_052">-124px</dimen>
    <dimen name="dm_051">-121px</dimen>
    <dimen name="dm_050">-119px</dimen>
    <dimen name="dm_049">-117px</dimen>
    <dimen name="dm_048">-114px</dimen>
    <dimen name="dm_047">-112px</dimen>
    <dimen name="dm_046">-109px</dimen>
    <dimen name="dm_045">-107px</dimen>
    <dimen name="dm_044">-105px</dimen>
    <dimen name="dm_043">-102px</dimen>
    <dimen name="dm_042">-100px</dimen>
    <dimen name="dm_041">-97px</dimen>
    <dimen name="dm_040">-95px</dimen>
    <dimen name="dm_039">-93px</dimen>
    <dimen name="dm_038">-90px</dimen>
    <dimen name="dm_037">-88px</dimen>
    <dimen name="dm_036">-85px</dimen>
    <dimen name="dm_035">-83px</dimen>
    <dimen name="dm_034">-81px</dimen>
    <dimen name="dm_033">-78px</dimen>
    <dimen name="dm_032">-76px</dimen>
    <dimen name="dm_031">-73px</dimen>
    <dimen name="dm_030">-71px</dimen>
    <dimen name="dm_029">-69px</dimen>
    <dimen name="dm_028">-66px</dimen>
    <dimen name="dm_027">-64px</dimen>
    <dimen name="dm_026">-61px</dimen>
    <dimen name="dm_025">-59px</dimen>
    <dimen name="dm_024">-57px</dimen>
    <dimen name="dm_023">-54px</dimen>
    <dimen name="dm_022">-52px</dimen>
    <dimen name="dm_021">-49px</dimen>
    <dimen name="dm_020">-47px</dimen>
    <dimen name="dm_019">-45px</dimen>
    <dimen name="dm_018">-42px</dimen>
    <dimen name="dm_017">-40px</dimen>
    <dimen name="dm_016">-37px</dimen>
    <dimen name="dm_015">-35px</dimen>
    <dimen name="dm_014">-33px</dimen>
    <dimen name="dm_013">-30px</dimen>
    <dimen name="dm_012">-28px</dimen>
    <dimen name="dm_011">-25px</dimen>
    <dimen name="dm_010">-23px</dimen>
    <dimen name="dm_009">-21px</dimen>
    <dimen name="dm_008">-18px</dimen>
    <dimen name="dm_007">-16px</dimen>
    <dimen name="dm_006">-13px</dimen>
    <dimen name="dm_005">-11px</dimen>
    <dimen name="dm_004">-9px</dimen>
    <dimen name="dm_003">-6px</dimen>
    <dimen name="dm_002">-4px</dimen>
    <dimen name="dm_001">-1px</dimen>
    <dimen name="dm000">0px</dimen>
    <dimen name="dm001">2px</dimen>
    <dimen name="dm002">5px</dimen>
    <dimen name="dm003">7px</dimen>
    <dimen name="dm004">10px</dimen>
    <dimen name="dm005">12px</dimen>
    <dimen name="dm006">14px</dimen>
    <dimen name="dm007">17px</dimen>
    <dimen name="dm008">19px</dimen>
    <dimen name="dm009">22px</dimen>
    <dimen name="dm010">24px</dimen>
    <dimen name="dm011">26px</dimen>
    <dimen name="dm012">29px</dimen>
    <dimen name="dm013">31px</dimen>
    <dimen name="dm014">34px</dimen>
    <dimen name="dm015">36px</dimen>
    <dimen name="dm016">38px</dimen>
    <dimen name="dm017">41px</dimen>
    <dimen name="dm018">43px</dimen>
    <dimen name="dm019">46px</dimen>
    <dimen name="dm020">48px</dimen>
    <dimen name="dm021">50px</dimen>
    <dimen name="dm022">53px</dimen>
    <dimen name="dm023">55px</dimen>
    <dimen name="dm024">58px</dimen>
    <dimen name="dm025">60px</dimen>
    <dimen name="dm026">62px</dimen>
    <dimen name="dm027">65px</dimen>
    <dimen name="dm028">67px</dimen>
    <dimen name="dm029">70px</dimen>
    <dimen name="dm030">72px</dimen>
    <dimen name="dm031">74px</dimen>
    <dimen name="dm032">77px</dimen>
    <dimen name="dm033">79px</dimen>
    <dimen name="dm034">82px</dimen>
    <dimen name="dm035">84px</dimen>
    <dimen name="dm036">86px</dimen>
    <dimen name="dm037">89px</dimen>
    <dimen name="dm038">91px</dimen>
    <dimen name="dm039">94px</dimen>
    <dimen name="dm040">96px</dimen>
    <dimen name="dm041">98px</dimen>
    <dimen name="dm042">101px</dimen>
    <dimen name="dm043">103px</dimen>
    <dimen name="dm044">106px</dimen>
    <dimen name="dm045">108px</dimen>
    <dimen name="dm046">110px</dimen>
    <dimen name="dm047">113px</dimen>
    <dimen name="dm048">115px</dimen>
    <dimen name="dm049">118px</dimen>
    <dimen name="dm050">120px</dimen>
    <dimen name="dm051">122px</dimen>
    <dimen name="dm052">125px</dimen>
    <dimen name="dm053">127px</dimen>
    <dimen name="dm054">130px</dimen>
    <dimen name="dm055">132px</dimen>
    <dimen name="dm056">134px</dimen>
    <dimen name="dm057">137px</dimen>
    <dimen name="dm058">139px</dimen>
    <dimen name="dm059">142px</dimen>
    <dimen name="dm060">144px</dimen>
    <dimen name="dm061">146px</dimen>
    <dimen name="dm062">149px</dimen>
    <dimen name="dm063">151px</dimen>
    <dimen name="dm064">154px</dimen>
    <dimen name="dm065">156px</dimen>
    <dimen name="dm066">158px</dimen>
    <dimen name="dm067">161px</dimen>
    <dimen name="dm068">163px</dimen>
    <dimen name="dm069">166px</dimen>
    <dimen name="dm070">168px</dimen>
    <dimen name="dm071">170px</dimen>
    <dimen name="dm072">173px</dimen>
    <dimen name="dm073">175px</dimen>
    <dimen name="dm074">178px</dimen>
    <dimen name="dm075">180px</dimen>
    <dimen name="dm076">182px</dimen>
    <dimen name="dm077">185px</dimen>
    <dimen name="dm078">187px</dimen>
    <dimen name="dm079">190px</dimen>
    <dimen name="dm080">192px</dimen>
    <dimen name="dm081">194px</dimen>
    <dimen name="dm082">197px</dimen>
    <dimen name="dm083">199px</dimen>
    <dimen name="dm084">202px</dimen>
    <dimen name="dm085">204px</dimen>
    <dimen name="dm086">206px</dimen>
    <dimen name="dm087">209px</dimen>
    <dimen name="dm088">211px</dimen>
    <dimen name="dm089">214px</dimen>
    <dimen name="dm090">216px</dimen>
    <dimen name="dm091">218px</dimen>
    <dimen name="dm092">221px</dimen>
    <dimen name="dm093">223px</dimen>
    <dimen name="dm094">226px</dimen>
    <dimen name="dm095">228px</dimen>
    <dimen name="dm096">230px</dimen>
    <dimen name="dm097">233px</dimen>
    <dimen name="dm098">235px</dimen>
    <dimen name="dm099">238px</dimen>
    <dimen name="dm100">240px</dimen>
    <dimen name="dm101">242px</dimen>
    <dimen name="dm102">245px</dimen>
    <dimen name="dm103">247px</dimen>
    <dimen name="dm104">250px</dimen>
    <dimen name="dm105">252px</dimen>
    <dimen name="dm106">254px</dimen>
    <dimen name="dm107">257px</dimen>
    <dimen name="dm108">259px</dimen>
    <dimen name="dm109">262px</dimen>
    <dimen name="dm110">264px</dimen>
    <dimen name="dm111">266px</dimen>
    <dimen name="dm112">269px</dimen>
    <dimen name="dm113">271px</dimen>
    <dimen name="dm114">274px</dimen>
    <dimen name="dm115">276px</dimen>
    <dimen name="dm116">278px</dimen>
    <dimen name="dm117">281px</dimen>
    <dimen name="dm118">283px</dimen>
    <dimen name="dm119">286px</dimen>
    <dimen name="dm120">288px</dimen>
    <dimen name="dm121">290px</dimen>
    <dimen name="dm122">293px</dimen>
    <dimen name="dm123">295px</dimen>
    <dimen name="dm124">298px</dimen>
    <dimen name="dm125">300px</dimen>
    <dimen name="dm126">302px</dimen>
    <dimen name="dm127">305px</dimen>
    <dimen name="dm128">307px</dimen>
    <dimen name="dm129">310px</dimen>
    <dimen name="dm130">312px</dimen>
    <dimen name="dm131">314px</dimen>
    <dimen name="dm132">317px</dimen>
    <dimen name="dm133">319px</dimen>
    <dimen name="dm134">322px</dimen>
    <dimen name="dm135">324px</dimen>
    <dimen name="dm136">326px</dimen>
    <dimen name="dm137">329px</dimen>
    <dimen name="dm138">331px</dimen>
    <dimen name="dm139">334px</dimen>
    <dimen name="dm140">336px</dimen>
    <dimen name="dm141">338px</dimen>
    <dimen name="dm142">341px</dimen>
    <dimen name="dm143">343px</dimen>
    <dimen name="dm144">346px</dimen>
    <dimen name="dm145">348px</dimen>
    <dimen name="dm146">350px</dimen>
    <dimen name="dm147">353px</dimen>
    <dimen name="dm148">355px</dimen>
    <dimen name="dm149">358px</dimen>
    <dimen name="dm150">360px</dimen>
    <dimen name="dm151">362px</dimen>
    <dimen name="dm152">365px</dimen>
    <dimen name="dm153">367px</dimen>
    <dimen name="dm154">370px</dimen>
    <dimen name="dm155">372px</dimen>
    <dimen name="dm156">374px</dimen>
    <dimen name="dm157">377px</dimen>
    <dimen name="dm158">379px</dimen>
    <dimen name="dm159">382px</dimen>
    <dimen name="dm160">384px</dimen>
    <dimen name="dm161">386px</dimen>
    <dimen name="dm162">389px</dimen>
    <dimen name="dm163">391px</dimen>
    <dimen name="dm164">394px</dimen>
    <dimen name="dm165">396px</dimen>
    <dimen name="dm166">398px</dimen>
    <dimen name="dm167">401px</dimen>
    <dimen name="dm168">403px</dimen>
    <dimen name="dm169">406px</dimen>
    <dimen name="dm170">408px</dimen>
    <dimen name="dm171">410px</dimen>
    <dimen name="dm172">413px</dimen>
    <dimen name="dm173">415px</dimen>
    <dimen name="dm174">418px</dimen>
    <dimen name="dm175">420px</dimen>
    <dimen name="dm176">422px</dimen>
    <dimen name="dm177">425px</dimen>
    <dimen name="dm178">427px</dimen>
    <dimen name="dm179">430px</dimen>
    <dimen name="dm180">432px</dimen>
    <dimen name="dm181">434px</dimen>
    <dimen name="dm182">437px</dimen>
    <dimen name="dm183">439px</dimen>
    <dimen name="dm184">442px</dimen>
    <dimen name="dm185">444px</dimen>
    <dimen name="dm186">446px</dimen>
    <dimen name="dm187">449px</dimen>
    <dimen name="dm188">451px</dimen>
    <dimen name="dm189">454px</dimen>
    <dimen name="dm190">456px</dimen>
    <dimen name="dm191">458px</dimen>
    <dimen name="dm192">461px</dimen>
    <dimen name="dm193">463px</dimen>
    <dimen name="dm194">466px</dimen>
    <dimen name="dm195">468px</dimen>
    <dimen name="dm196">470px</dimen>
    <dimen name="dm197">473px</dimen>
    <dimen name="dm198">475px</dimen>
    <dimen name="dm199">478px</dimen>
    <dimen name="dm200">480px</dimen>
    <dimen name="dm201">482px</dimen>
    <dimen name="dm202">485px</dimen>
    <dimen name="dm203">487px</dimen>
    <dimen name="dm204">490px</dimen>
    <dimen name="dm205">492px</dimen>
    <dimen name="dm206">494px</dimen>
    <dimen name="dm207">497px</dimen>
    <dimen name="dm208">499px</dimen>
    <dimen name="dm209">502px</dimen>
    <dimen name="dm210">504px</dimen>
    <dimen name="dm211">506px</dimen>
    <dimen name="dm212">509px</dimen>
    <dimen name="dm213">511px</dimen>
    <dimen name="dm214">514px</dimen>
    <dimen name="dm215">516px</dimen>
    <dimen name="dm216">518px</dimen>
    <dimen name="dm217">521px</dimen>
    <dimen name="dm218">523px</dimen>
    <dimen name="dm219">526px</dimen>
    <dimen name="dm220">528px</dimen>
    <dimen name="dm221">530px</dimen>
    <dimen name="dm222">533px</dimen>
    <dimen name="dm223">535px</dimen>
    <dimen name="dm224">538px</dimen>
    <dimen name="dm225">540px</dimen>
    <dimen name="dm226">542px</dimen>
    <dimen name="dm227">545px</dimen>
    <dimen name="dm228">547px</dimen>
    <dimen name="dm229">550px</dimen>
    <dimen name="dm230">552px</dimen>
    <dimen name="dm231">554px</dimen>
    <dimen name="dm232">557px</dimen>
    <dimen name="dm233">559px</dimen>
    <dimen name="dm234">562px</dimen>
    <dimen name="dm235">564px</dimen>
    <dimen name="dm236">566px</dimen>
    <dimen name="dm237">569px</dimen>
    <dimen name="dm238">571px</dimen>
    <dimen name="dm239">574px</dimen>
    <dimen name="dm240">576px</dimen>
    <dimen name="dm241">578px</dimen>
    <dimen name="dm242">581px</dimen>
    <dimen name="dm243">583px</dimen>
    <dimen name="dm244">586px</dimen>
    <dimen name="dm245">588px</dimen>
    <dimen name="dm246">590px</dimen>
    <dimen name="dm247">593px</dimen>
    <dimen name="dm248">595px</dimen>
    <dimen name="dm249">598px</dimen>
    <dimen name="dm250">600px</dimen>
    <dimen name="dm251">602px</dimen>
    <dimen name="dm252">605px</dimen>
    <dimen name="dm253">607px</dimen>
    <dimen name="dm254">610px</dimen>
    <dimen name="dm255">612px</dimen>
    <dimen name="dm256">614px</dimen>
    <dimen name="dm257">617px</dimen>
    <dimen name="dm258">619px</dimen>
    <dimen name="dm259">622px</dimen>
    <dimen name="dm260">624px</dimen>
    <dimen name="dm261">626px</dimen>
    <dimen name="dm262">629px</dimen>
    <dimen name="dm263">631px</dimen>
    <dimen name="dm264">634px</dimen>
    <dimen name="dm265">636px</dimen>
    <dimen name="dm266">638px</dimen>
    <dimen name="dm267">641px</dimen>
    <dimen name="dm268">643px</dimen>
    <dimen name="dm269">646px</dimen>
    <dimen name="dm270">648px</dimen>
    <dimen name="dm271">650px</dimen>
    <dimen name="dm272">653px</dimen>
    <dimen name="dm273">655px</dimen>
    <dimen name="dm274">658px</dimen>
    <dimen name="dm275">660px</dimen>
    <dimen name="dm276">662px</dimen>
    <dimen name="dm277">665px</dimen>
    <dimen name="dm278">667px</dimen>
    <dimen name="dm279">670px</dimen>
    <dimen name="dm280">672px</dimen>
    <dimen name="dm281">674px</dimen>
    <dimen name="dm282">677px</dimen>
    <dimen name="dm283">679px</dimen>
    <dimen name="dm284">682px</dimen>
    <dimen name="dm285">684px</dimen>
    <dimen name="dm286">686px</dimen>
    <dimen name="dm287">689px</dimen>
    <dimen name="dm288">691px</dimen>
    <dimen name="dm289">694px</dimen>
    <dimen name="dm290">696px</dimen>
    <dimen name="dm291">698px</dimen>
    <dimen name="dm292">701px</dimen>
    <dimen name="dm293">703px</dimen>
    <dimen name="dm294">706px</dimen>
    <dimen name="dm295">708px</dimen>
    <dimen name="dm296">710px</dimen>
    <dimen name="dm297">713px</dimen>
    <dimen name="dm298">715px</dimen>
    <dimen name="dm299">718px</dimen>
    <dimen name="dm300">720px</dimen>
    <dimen name="dm301">722px</dimen>
    <dimen name="dm302">725px</dimen>
    <dimen name="dm303">727px</dimen>
    <dimen name="dm304">730px</dimen>
    <dimen name="dm305">732px</dimen>
    <dimen name="dm306">734px</dimen>
    <dimen name="dm307">737px</dimen>
    <dimen name="dm308">739px</dimen>
    <dimen name="dm309">742px</dimen>
    <dimen name="dm310">744px</dimen>
    <dimen name="dm311">746px</dimen>
    <dimen name="dm312">749px</dimen>
    <dimen name="dm313">751px</dimen>
    <dimen name="dm314">754px</dimen>
    <dimen name="dm315">756px</dimen>
    <dimen name="dm316">758px</dimen>
    <dimen name="dm317">761px</dimen>
    <dimen name="dm318">763px</dimen>
    <dimen name="dm319">766px</dimen>
    <dimen name="dm320">768px</dimen>
    <dimen name="dm321">770px</dimen>
    <dimen name="dm322">773px</dimen>
    <dimen name="dm323">775px</dimen>
    <dimen name="dm324">778px</dimen>
    <dimen name="dm325">780px</dimen>
    <dimen name="dm326">782px</dimen>
    <dimen name="dm327">785px</dimen>
    <dimen name="dm328">787px</dimen>
    <dimen name="dm329">790px</dimen>
    <dimen name="dm330">792px</dimen>
    <dimen name="dm331">794px</dimen>
    <dimen name="dm332">797px</dimen>
    <dimen name="dm333">799px</dimen>
    <dimen name="dm334">802px</dimen>
    <dimen name="dm335">804px</dimen>
    <dimen name="dm336">806px</dimen>
    <dimen name="dm337">809px</dimen>
    <dimen name="dm338">811px</dimen>
    <dimen name="dm339">814px</dimen>
    <dimen name="dm340">816px</dimen>
    <dimen name="dm341">818px</dimen>
    <dimen name="dm342">821px</dimen>
    <dimen name="dm343">823px</dimen>
    <dimen name="dm344">826px</dimen>
    <dimen name="dm345">828px</dimen>
    <dimen name="dm346">830px</dimen>
    <dimen name="dm347">833px</dimen>
    <dimen name="dm348">835px</dimen>
    <dimen name="dm349">838px</dimen>
    <dimen name="dm350">840px</dimen>
    <dimen name="dm351">842px</dimen>
    <dimen name="dm352">845px</dimen>
    <dimen name="dm353">847px</dimen>
    <dimen name="dm354">850px</dimen>
    <dimen name="dm355">852px</dimen>
    <dimen name="dm356">854px</dimen>
    <dimen name="dm357">857px</dimen>
    <dimen name="dm358">859px</dimen>
    <dimen name="dm359">862px</dimen>
    <dimen name="dm360">864px</dimen>
    <dimen name="dm361">866px</dimen>
    <dimen name="dm362">869px</dimen>
    <dimen name="dm363">871px</dimen>
    <dimen name="dm364">874px</dimen>
    <dimen name="dm365">876px</dimen>
    <dimen name="dm366">878px</dimen>
    <dimen name="dm367">881px</dimen>
    <dimen name="dm368">883px</dimen>
    <dimen name="dm369">886px</dimen>
    <dimen name="dm370">888px</dimen>
    <dimen name="dm371">890px</dimen>
    <dimen name="dm372">893px</dimen>
    <dimen name="dm373">895px</dimen>
    <dimen name="dm374">898px</dimen>
    <dimen name="dm375">900px</dimen>
    <dimen name="dm376">902px</dimen>
    <dimen name="dm377">905px</dimen>
    <dimen name="dm378">907px</dimen>
    <dimen name="dm379">910px</dimen>
    <dimen name="dm380">912px</dimen>
    <dimen name="dm381">914px</dimen>
    <dimen name="dm382">917px</dimen>
    <dimen name="dm383">919px</dimen>
    <dimen name="dm384">922px</dimen>
    <dimen name="dm385">924px</dimen>
    <dimen name="dm386">926px</dimen>
    <dimen name="dm387">929px</dimen>
    <dimen name="dm388">931px</dimen>
    <dimen name="dm389">934px</dimen>
    <dimen name="dm390">936px</dimen>
    <dimen name="dm391">938px</dimen>
    <dimen name="dm392">941px</dimen>
    <dimen name="dm393">943px</dimen>
    <dimen name="dm394">946px</dimen>
    <dimen name="dm395">948px</dimen>
    <dimen name="dm396">950px</dimen>
    <dimen name="dm397">953px</dimen>
    <dimen name="dm398">955px</dimen>
    <dimen name="dm399">958px</dimen>
    <dimen name="dm400">960px</dimen>
    <dimen name="dm401">962px</dimen>
    <dimen name="dm402">965px</dimen>
    <dimen name="dm403">967px</dimen>
    <dimen name="dm404">970px</dimen>
    <dimen name="dm405">972px</dimen>
    <dimen name="dm406">974px</dimen>
    <dimen name="dm407">977px</dimen>
    <dimen name="dm408">979px</dimen>
    <dimen name="dm409">982px</dimen>
    <dimen name="dm410">984px</dimen>
    <dimen name="dm411">986px</dimen>
    <dimen name="dm412">989px</dimen>
    <dimen name="dm413">991px</dimen>
    <dimen name="dm414">994px</dimen>
    <dimen name="dm415">996px</dimen>
    <dimen name="dm416">998px</dimen>
    <dimen name="dm417">1001px</dimen>
    <dimen name="dm418">1003px</dimen>
    <dimen name="dm419">1006px</dimen>
    <dimen name="dm420">1008px</dimen>
    <dimen name="dm421">1010px</dimen>
    <dimen name="dm422">1013px</dimen>
    <dimen name="dm423">1015px</dimen>
    <dimen name="dm424">1018px</dimen>
    <dimen name="dm425">1020px</dimen>
    <dimen name="dm426">1022px</dimen>
    <dimen name="dm427">1025px</dimen>
    <dimen name="dm428">1027px</dimen>
    <dimen name="dm429">1030px</dimen>
    <dimen name="dm430">1032px</dimen>
    <dimen name="dm431">1034px</dimen>
    <dimen name="dm432">1037px</dimen>
    <dimen name="dm433">1039px</dimen>
    <dimen name="dm434">1042px</dimen>
    <dimen name="dm435">1044px</dimen>
    <dimen name="dm436">1046px</dimen>
    <dimen name="dm437">1049px</dimen>
    <dimen name="dm438">1051px</dimen>
    <dimen name="dm439">1054px</dimen>
    <dimen name="dm440">1056px</dimen>
    <dimen name="dm441">1058px</dimen>
    <dimen name="dm442">1061px</dimen>
    <dimen name="dm443">1063px</dimen>
    <dimen name="dm444">1066px</dimen>
    <dimen name="dm445">1068px</dimen>
    <dimen name="dm446">1070px</dimen>
    <dimen name="dm447">1073px</dimen>
    <dimen name="dm448">1075px</dimen>
    <dimen name="dm449">1078px</dimen>
    <dimen name="dm450">1080px</dimen>
    <dimen name="dm451">1082px</dimen>
    <dimen name="dm452">1085px</dimen>
    <dimen name="dm453">1087px</dimen>
    <dimen name="dm454">1090px</dimen>
    <dimen name="dm455">1092px</dimen>
    <dimen name="dm456">1094px</dimen>
    <dimen name="dm457">1097px</dimen>
    <dimen name="dm458">1099px</dimen>
    <dimen name="dm459">1102px</dimen>
    <dimen name="dm460">1104px</dimen>
    <dimen name="dm461">1106px</dimen>
    <dimen name="dm462">1109px</dimen>
    <dimen name="dm463">1111px</dimen>
    <dimen name="dm464">1114px</dimen>
    <dimen name="dm465">1116px</dimen>
    <dimen name="dm466">1118px</dimen>
    <dimen name="dm467">1121px</dimen>
    <dimen name="dm468">1123px</dimen>
    <dimen name="dm469">1126px</dimen>
    <dimen name="dm470">1128px</dimen>
    <dimen name="dm471">1130px</dimen>
    <dimen name="dm472">1133px</dimen>
    <dimen name="dm473">1135px</dimen>
    <dimen name="dm474">1138px</dimen>
    <dimen name="dm475">1140px</dimen>
    <dimen name="dm476">1142px</dimen>
    <dimen name="dm477">1145px</dimen>
    <dimen name="dm478">1147px</dimen>
    <dimen name="dm479">1150px</dimen>
    <dimen name="dm480">1152px</dimen>
    <dimen name="dm481">1154px</dimen>
    <dimen name="dm482">1157px</dimen>
    <dimen name="dm483">1159px</dimen>
    <dimen name="dm484">1162px</dimen>
    <dimen name="dm485">1164px</dimen>
    <dimen name="dm486">1166px</dimen>
    <dimen name="dm487">1169px</dimen>
    <dimen name="dm488">1171px</dimen>
    <dimen name="dm489">1174px</dimen>
    <dimen name="dm490">1176px</dimen>
    <dimen name="dm491">1178px</dimen>
    <dimen name="dm492">1181px</dimen>
    <dimen name="dm493">1183px</dimen>
    <dimen name="dm494">1186px</dimen>
    <dimen name="dm495">1188px</dimen>
    <dimen name="dm496">1190px</dimen>
    <dimen name="dm497">1193px</dimen>
    <dimen name="dm498">1195px</dimen>
    <dimen name="dm499">1198px</dimen>
    <dimen name="dm500">1200px</dimen>
    <dimen name="dm501">1202px</dimen>
    <dimen name="dm502">1205px</dimen>
    <dimen name="dm503">1207px</dimen>
    <dimen name="dm504">1210px</dimen>
    <dimen name="dm505">1212px</dimen>
    <dimen name="dm506">1214px</dimen>
    <dimen name="dm507">1217px</dimen>
    <dimen name="dm508">1219px</dimen>
    <dimen name="dm509">1222px</dimen>
    <dimen name="dm510">1224px</dimen>
    <dimen name="dm511">1226px</dimen>
    <dimen name="dm512">1229px</dimen>
    <dimen name="dm513">1231px</dimen>
    <dimen name="dm514">1234px</dimen>
    <dimen name="dm515">1236px</dimen>
    <dimen name="dm516">1238px</dimen>
    <dimen name="dm517">1241px</dimen>
    <dimen name="dm518">1243px</dimen>
    <dimen name="dm519">1246px</dimen>
    <dimen name="dm520">1248px</dimen>
    <dimen name="dm521">1250px</dimen>
    <dimen name="dm522">1253px</dimen>
    <dimen name="dm523">1255px</dimen>
    <dimen name="dm524">1258px</dimen>
    <dimen name="dm525">1260px</dimen>
    <dimen name="dm526">1262px</dimen>
    <dimen name="dm527">1265px</dimen>
    <dimen name="dm528">1267px</dimen>
    <dimen name="dm529">1270px</dimen>
    <dimen name="dm530">1272px</dimen>
    <dimen name="dm531">1274px</dimen>
    <dimen name="dm532">1277px</dimen>
    <dimen name="dm533">1279px</dimen>
    <dimen name="dm534">1282px</dimen>
    <dimen name="dm535">1284px</dimen>
    <dimen name="dm536">1286px</dimen>
    <dimen name="dm537">1289px</dimen>
    <dimen name="dm538">1291px</dimen>
    <dimen name="dm539">1294px</dimen>
    <dimen name="dm540">1296px</dimen>
    <dimen name="dm541">1298px</dimen>
    <dimen name="dm542">1301px</dimen>
    <dimen name="dm543">1303px</dimen>
    <dimen name="dm544">1306px</dimen>
    <dimen name="dm545">1308px</dimen>
    <dimen name="dm546">1310px</dimen>
    <dimen name="dm547">1313px</dimen>
    <dimen name="dm548">1315px</dimen>
    <dimen name="dm549">1318px</dimen>
    <dimen name="dm550">1320px</dimen>
    <dimen name="dm551">1322px</dimen>
    <dimen name="dm552">1325px</dimen>
    <dimen name="dm553">1327px</dimen>
    <dimen name="dm554">1330px</dimen>
    <dimen name="dm555">1332px</dimen>
    <dimen name="dm556">1334px</dimen>
    <dimen name="dm557">1337px</dimen>
    <dimen name="dm558">1339px</dimen>
    <dimen name="dm559">1342px</dimen>
    <dimen name="dm560">1344px</dimen>
    <dimen name="dm561">1346px</dimen>
    <dimen name="dm562">1349px</dimen>
    <dimen name="dm563">1351px</dimen>
    <dimen name="dm564">1354px</dimen>
    <dimen name="dm565">1356px</dimen>
    <dimen name="dm566">1358px</dimen>
    <dimen name="dm567">1361px</dimen>
    <dimen name="dm568">1363px</dimen>
    <dimen name="dm569">1366px</dimen>
    <dimen name="dm570">1368px</dimen>
    <dimen name="dm571">1370px</dimen>
    <dimen name="dm572">1373px</dimen>
    <dimen name="dm573">1375px</dimen>
    <dimen name="dm574">1378px</dimen>
    <dimen name="dm575">1380px</dimen>
    <dimen name="dm576">1382px</dimen>
    <dimen name="dm577">1385px</dimen>
    <dimen name="dm578">1387px</dimen>
    <dimen name="dm579">1390px</dimen>
    <dimen name="dm580">1392px</dimen>
    <dimen name="dm581">1394px</dimen>
    <dimen name="dm582">1397px</dimen>
    <dimen name="dm583">1399px</dimen>
    <dimen name="dm584">1402px</dimen>
    <dimen name="dm585">1404px</dimen>
    <dimen name="dm586">1406px</dimen>
    <dimen name="dm587">1409px</dimen>
    <dimen name="dm588">1411px</dimen>
    <dimen name="dm589">1414px</dimen>
    <dimen name="dm590">1416px</dimen>
    <dimen name="dm591">1418px</dimen>
    <dimen name="dm592">1421px</dimen>
    <dimen name="dm593">1423px</dimen>
    <dimen name="dm594">1426px</dimen>
    <dimen name="dm595">1428px</dimen>
    <dimen name="dm596">1430px</dimen>
    <dimen name="dm597">1433px</dimen>
    <dimen name="dm598">1435px</dimen>
    <dimen name="dm599">1438px</dimen>
    <dimen name="dm600">1440px</dimen>
    <dimen name="dm601">1442px</dimen>
    <dimen name="dm602">1445px</dimen>
    <dimen name="dm603">1447px</dimen>
    <dimen name="dm604">1450px</dimen>
    <dimen name="dm605">1452px</dimen>
    <dimen name="dm606">1454px</dimen>
    <dimen name="dm607">1457px</dimen>
    <dimen name="dm608">1459px</dimen>
    <dimen name="dm609">1462px</dimen>
    <dimen name="dm610">1464px</dimen>
    <dimen name="dm611">1466px</dimen>
    <dimen name="dm612">1469px</dimen>
    <dimen name="dm613">1471px</dimen>
    <dimen name="dm614">1474px</dimen>
    <dimen name="dm615">1476px</dimen>
    <dimen name="dm616">1478px</dimen>
    <dimen name="dm617">1481px</dimen>
    <dimen name="dm618">1483px</dimen>
    <dimen name="dm619">1486px</dimen>
    <dimen name="dm620">1488px</dimen>
    <dimen name="dm621">1490px</dimen>
    <dimen name="dm622">1493px</dimen>
    <dimen name="dm623">1495px</dimen>
    <dimen name="dm624">1498px</dimen>
    <dimen name="dm625">1500px</dimen>
    <dimen name="dm626">1502px</dimen>
    <dimen name="dm627">1505px</dimen>
    <dimen name="dm628">1507px</dimen>
    <dimen name="dm629">1510px</dimen>
    <dimen name="dm630">1512px</dimen>
    <dimen name="dm631">1514px</dimen>
    <dimen name="dm632">1517px</dimen>
    <dimen name="dm633">1519px</dimen>
    <dimen name="dm634">1522px</dimen>
    <dimen name="dm635">1524px</dimen>
    <dimen name="dm636">1526px</dimen>
    <dimen name="dm637">1529px</dimen>
    <dimen name="dm638">1531px</dimen>
    <dimen name="dm639">1534px</dimen>
    <dimen name="dm640">1536px</dimen>
    <dimen name="dm641">1538px</dimen>
    <dimen name="dm642">1541px</dimen>
    <dimen name="dm643">1543px</dimen>
    <dimen name="dm644">1546px</dimen>
    <dimen name="dm645">1548px</dimen>
    <dimen name="dm646">1550px</dimen>
    <dimen name="dm647">1553px</dimen>
    <dimen name="dm648">1555px</dimen>
    <dimen name="dm649">1558px</dimen>
    <dimen name="dm650">1560px</dimen>
    <dimen name="dm651">1562px</dimen>
    <dimen name="dm652">1565px</dimen>
    <dimen name="dm653">1567px</dimen>
    <dimen name="dm654">1570px</dimen>
    <dimen name="dm655">1572px</dimen>
    <dimen name="dm656">1574px</dimen>
    <dimen name="dm657">1577px</dimen>
    <dimen name="dm658">1579px</dimen>
    <dimen name="dm659">1582px</dimen>
    <dimen name="dm660">1584px</dimen>
    <dimen name="dm661">1586px</dimen>
    <dimen name="dm662">1589px</dimen>
    <dimen name="dm663">1591px</dimen>
    <dimen name="dm664">1594px</dimen>
    <dimen name="dm665">1596px</dimen>
    <dimen name="dm666">1598px</dimen>
    <dimen name="dm667">1601px</dimen>
    <dimen name="dm668">1603px</dimen>
    <dimen name="dm669">1606px</dimen>
    <dimen name="dm670">1608px</dimen>
    <dimen name="dm671">1610px</dimen>
    <dimen name="dm672">1613px</dimen>
    <dimen name="dm673">1615px</dimen>
    <dimen name="dm674">1618px</dimen>
    <dimen name="dm675">1620px</dimen>
    <dimen name="dm676">1622px</dimen>
    <dimen name="dm677">1625px</dimen>
    <dimen name="dm678">1627px</dimen>
    <dimen name="dm679">1630px</dimen>
    <dimen name="dm680">1632px</dimen>
    <dimen name="dm681">1634px</dimen>
    <dimen name="dm682">1637px</dimen>
    <dimen name="dm683">1639px</dimen>
    <dimen name="dm684">1642px</dimen>
    <dimen name="dm685">1644px</dimen>
    <dimen name="dm686">1646px</dimen>
    <dimen name="dm687">1649px</dimen>
    <dimen name="dm688">1651px</dimen>
    <dimen name="dm689">1654px</dimen>
    <dimen name="dm690">1656px</dimen>
    <dimen name="dm691">1658px</dimen>
    <dimen name="dm692">1661px</dimen>
    <dimen name="dm693">1663px</dimen>
    <dimen name="dm694">1666px</dimen>
    <dimen name="dm695">1668px</dimen>
    <dimen name="dm696">1670px</dimen>
    <dimen name="dm697">1673px</dimen>
    <dimen name="dm698">1675px</dimen>
    <dimen name="dm699">1678px</dimen>
    <dimen name="dm700">1680px</dimen>
    <dimen name="dm701">1682px</dimen>
    <dimen name="dm702">1685px</dimen>
    <dimen name="dm703">1687px</dimen>
    <dimen name="dm704">1690px</dimen>
    <dimen name="dm705">1692px</dimen>
    <dimen name="dm706">1694px</dimen>
    <dimen name="dm707">1697px</dimen>
    <dimen name="dm708">1699px</dimen>
    <dimen name="dm709">1702px</dimen>
    <dimen name="dm710">1704px</dimen>
    <dimen name="dm711">1706px</dimen>
    <dimen name="dm712">1709px</dimen>
    <dimen name="dm713">1711px</dimen>
    <dimen name="dm714">1714px</dimen>
    <dimen name="dm715">1716px</dimen>
    <dimen name="dm716">1718px</dimen>
    <dimen name="dm717">1721px</dimen>
    <dimen name="dm718">1723px</dimen>
    <dimen name="dm719">1726px</dimen>
    <dimen name="dm720">1728px</dimen>
    <dimen name="dm721">1730px</dimen>
    <dimen name="dm722">1733px</dimen>
    <dimen name="dm723">1735px</dimen>
    <dimen name="dm724">1738px</dimen>
    <dimen name="dm725">1740px</dimen>
    <dimen name="dm726">1742px</dimen>
    <dimen name="dm727">1745px</dimen>
    <dimen name="dm728">1747px</dimen>
    <dimen name="dm729">1750px</dimen>
    <dimen name="dm730">1752px</dimen>
    <dimen name="dm731">1754px</dimen>
    <dimen name="dm732">1757px</dimen>
    <dimen name="dm733">1759px</dimen>
    <dimen name="dm734">1762px</dimen>
    <dimen name="dm735">1764px</dimen>
    <dimen name="dm736">1766px</dimen>
    <dimen name="dm737">1769px</dimen>
    <dimen name="dm738">1771px</dimen>
    <dimen name="dm739">1774px</dimen>
    <dimen name="dm740">1776px</dimen>
    <dimen name="dm741">1778px</dimen>
    <dimen name="dm742">1781px</dimen>
    <dimen name="dm743">1783px</dimen>
    <dimen name="dm744">1786px</dimen>
    <dimen name="dm745">1788px</dimen>
    <dimen name="dm746">1790px</dimen>
    <dimen name="dm747">1793px</dimen>
    <dimen name="dm748">1795px</dimen>
    <dimen name="dm749">1798px</dimen>
    <dimen name="dm750">1800px</dimen>
    <dimen name="dm751">1802px</dimen>
    <dimen name="dm752">1805px</dimen>
    <dimen name="dm753">1807px</dimen>
    <dimen name="dm754">1810px</dimen>
    <dimen name="dm755">1812px</dimen>
    <dimen name="dm756">1814px</dimen>
    <dimen name="dm757">1817px</dimen>
    <dimen name="dm758">1819px</dimen>
    <dimen name="dm759">1822px</dimen>
    <dimen name="dm760">1824px</dimen>
    <dimen name="dm761">1826px</dimen>
    <dimen name="dm762">1829px</dimen>
    <dimen name="dm763">1831px</dimen>
    <dimen name="dm764">1834px</dimen>
    <dimen name="dm765">1836px</dimen>
    <dimen name="dm766">1838px</dimen>
    <dimen name="dm767">1841px</dimen>
    <dimen name="dm768">1843px</dimen>
    <dimen name="dm769">1846px</dimen>
    <dimen name="dm770">1848px</dimen>
    <dimen name="dm771">1850px</dimen>
    <dimen name="dm772">1853px</dimen>
    <dimen name="dm773">1855px</dimen>
    <dimen name="dm774">1858px</dimen>
    <dimen name="dm775">1860px</dimen>
    <dimen name="dm776">1862px</dimen>
    <dimen name="dm777">1865px</dimen>
    <dimen name="dm778">1867px</dimen>
    <dimen name="dm779">1870px</dimen>
    <dimen name="dm780">1872px</dimen>
    <dimen name="dm781">1874px</dimen>
    <dimen name="dm782">1877px</dimen>
    <dimen name="dm783">1879px</dimen>
    <dimen name="dm784">1882px</dimen>
    <dimen name="dm785">1884px</dimen>
    <dimen name="dm786">1886px</dimen>
    <dimen name="dm787">1889px</dimen>
    <dimen name="dm788">1891px</dimen>
    <dimen name="dm789">1894px</dimen>
    <dimen name="dm790">1896px</dimen>
    <dimen name="dm791">1898px</dimen>
    <dimen name="dm792">1901px</dimen>
    <dimen name="dm793">1903px</dimen>
    <dimen name="dm794">1906px</dimen>
    <dimen name="dm795">1908px</dimen>
    <dimen name="dm796">1910px</dimen>
    <dimen name="dm797">1913px</dimen>
    <dimen name="dm798">1915px</dimen>
    <dimen name="dm799">1918px</dimen>
    <dimen name="dm800">1920px</dimen>
    <dimen name="dm801">1922px</dimen>
    <dimen name="dm802">1925px</dimen>
    <dimen name="dm803">1927px</dimen>
    <dimen name="dm804">1930px</dimen>
    <dimen name="dm805">1932px</dimen>
    <dimen name="dm806">1934px</dimen>
    <dimen name="dm807">1937px</dimen>
    <dimen name="dm808">1939px</dimen>
    <dimen name="dm809">1942px</dimen>
    <dimen name="dm810">1944px</dimen>
    <dimen name="dm811">1946px</dimen>
    <dimen name="dm812">1949px</dimen>
    <dimen name="dm813">1951px</dimen>
    <dimen name="dm814">1954px</dimen>
    <dimen name="dm815">1956px</dimen>
    <dimen name="dm816">1958px</dimen>
    <dimen name="dm817">1961px</dimen>
    <dimen name="dm818">1963px</dimen>
    <dimen name="dm819">1966px</dimen>
    <dimen name="dm820">1968px</dimen>
    <dimen name="dm821">1970px</dimen>
    <dimen name="dm822">1973px</dimen>
    <dimen name="dm823">1975px</dimen>
    <dimen name="dm824">1978px</dimen>
    <dimen name="dm825">1980px</dimen>
    <dimen name="dm826">1982px</dimen>
    <dimen name="dm827">1985px</dimen>
    <dimen name="dm828">1987px</dimen>
    <dimen name="dm829">1990px</dimen>
    <dimen name="dm830">1992px</dimen>
    <dimen name="dm831">1994px</dimen>
    <dimen name="dm832">1997px</dimen>
    <dimen name="dm833">1999px</dimen>
    <dimen name="dm834">2002px</dimen>
    <dimen name="dm835">2004px</dimen>
    <dimen name="dm836">2006px</dimen>
    <dimen name="dm837">2009px</dimen>
    <dimen name="dm838">2011px</dimen>
    <dimen name="dm839">2014px</dimen>
    <dimen name="dm840">2016px</dimen>
    <dimen name="dm841">2018px</dimen>
    <dimen name="dm842">2021px</dimen>
    <dimen name="dm843">2023px</dimen>
    <dimen name="dm844">2026px</dimen>
    <dimen name="dm845">2028px</dimen>
    <dimen name="dm846">2030px</dimen>
    <dimen name="dm847">2033px</dimen>
    <dimen name="dm848">2035px</dimen>
    <dimen name="dm849">2038px</dimen>
    <dimen name="dm850">2040px</dimen>
    <dimen name="dm851">2042px</dimen>
    <dimen name="dm852">2045px</dimen>
    <dimen name="dm853">2047px</dimen>
    <dimen name="dm854">2050px</dimen>
    <dimen name="dm855">2052px</dimen>
    <dimen name="dm856">2054px</dimen>
    <dimen name="dm857">2057px</dimen>
    <dimen name="dm858">2059px</dimen>
    <dimen name="dm859">2062px</dimen>
    <dimen name="dm860">2064px</dimen>
    <dimen name="dm861">2066px</dimen>
    <dimen name="dm862">2069px</dimen>
    <dimen name="dm863">2071px</dimen>
    <dimen name="dm864">2074px</dimen>
    <dimen name="dm865">2076px</dimen>
    <dimen name="dm866">2078px</dimen>
    <dimen name="dm867">2081px</dimen>
    <dimen name="dm868">2083px</dimen>
    <dimen name="dm869">2086px</dimen>
    <dimen name="dm870">2088px</dimen>
    <dimen name="dm871">2090px</dimen>
    <dimen name="dm872">2093px</dimen>
    <dimen name="dm873">2095px</dimen>
    <dimen name="dm874">2098px</dimen>
    <dimen name="dm875">2100px</dimen>
    <dimen name="dm876">2102px</dimen>
    <dimen name="dm877">2105px</dimen>
    <dimen name="dm878">2107px</dimen>
    <dimen name="dm879">2110px</dimen>
    <dimen name="dm880">2112px</dimen>
    <dimen name="dm881">2114px</dimen>
    <dimen name="dm882">2117px</dimen>
    <dimen name="dm883">2119px</dimen>
    <dimen name="dm884">2122px</dimen>
    <dimen name="dm885">2124px</dimen>
    <dimen name="dm886">2126px</dimen>
    <dimen name="dm887">2129px</dimen>
    <dimen name="dm888">2131px</dimen>
    <dimen name="dm889">2134px</dimen>
    <dimen name="dm890">2136px</dimen>
    <dimen name="dm891">2138px</dimen>
    <dimen name="dm892">2141px</dimen>
    <dimen name="dm893">2143px</dimen>
    <dimen name="dm894">2146px</dimen>
    <dimen name="dm895">2148px</dimen>
    <dimen name="dm896">2150px</dimen>
    <dimen name="dm897">2153px</dimen>
    <dimen name="dm898">2155px</dimen>
    <dimen name="dm899">2158px</dimen>
    <dimen name="dm900">2160px</dimen>
    <dimen name="dm901">2162px</dimen>
    <dimen name="dm902">2165px</dimen>
    <dimen name="dm903">2167px</dimen>
    <dimen name="dm904">2170px</dimen>
    <dimen name="dm905">2172px</dimen>
    <dimen name="dm906">2174px</dimen>
    <dimen name="dm907">2177px</dimen>
    <dimen name="dm908">2179px</dimen>
    <dimen name="dm909">2182px</dimen>
    <dimen name="dm910">2184px</dimen>
    <dimen name="dm911">2186px</dimen>
    <dimen name="dm912">2189px</dimen>
    <dimen name="dm913">2191px</dimen>
    <dimen name="dm914">2194px</dimen>
    <dimen name="dm915">2196px</dimen>
    <dimen name="dm916">2198px</dimen>
    <dimen name="dm917">2201px</dimen>
    <dimen name="dm918">2203px</dimen>
    <dimen name="dm919">2206px</dimen>
    <dimen name="dm920">2208px</dimen>
    <dimen name="dm921">2210px</dimen>
    <dimen name="dm922">2213px</dimen>
    <dimen name="dm923">2215px</dimen>
    <dimen name="dm924">2218px</dimen>
    <dimen name="dm925">2220px</dimen>
    <dimen name="dm926">2222px</dimen>
    <dimen name="dm927">2225px</dimen>
    <dimen name="dm928">2227px</dimen>
    <dimen name="dm929">2230px</dimen>
    <dimen name="dm930">2232px</dimen>
    <dimen name="dm931">2234px</dimen>
    <dimen name="dm932">2237px</dimen>
    <dimen name="dm933">2239px</dimen>
    <dimen name="dm934">2242px</dimen>
    <dimen name="dm935">2244px</dimen>
    <dimen name="dm936">2246px</dimen>
    <dimen name="dm937">2249px</dimen>
    <dimen name="dm938">2251px</dimen>
    <dimen name="dm939">2254px</dimen>
    <dimen name="dm940">2256px</dimen>
    <dimen name="dm941">2258px</dimen>
    <dimen name="dm942">2261px</dimen>
    <dimen name="dm943">2263px</dimen>
    <dimen name="dm944">2266px</dimen>
    <dimen name="dm945">2268px</dimen>
    <dimen name="dm946">2270px</dimen>
    <dimen name="dm947">2273px</dimen>
    <dimen name="dm948">2275px</dimen>
    <dimen name="dm949">2278px</dimen>
    <dimen name="dm950">2280px</dimen>
    <dimen name="dm951">2282px</dimen>
    <dimen name="dm952">2285px</dimen>
    <dimen name="dm953">2287px</dimen>
    <dimen name="dm954">2290px</dimen>
    <dimen name="dm955">2292px</dimen>
    <dimen name="dm956">2294px</dimen>
    <dimen name="dm957">2297px</dimen>
    <dimen name="dm958">2299px</dimen>
    <dimen name="dm959">2302px</dimen>
    <dimen name="dm960">2304px</dimen>
    <dimen name="dm961">2306px</dimen>
    <dimen name="dm962">2309px</dimen>
    <dimen name="dm963">2311px</dimen>
    <dimen name="dm964">2314px</dimen>
    <dimen name="dm965">2316px</dimen>
    <dimen name="dm966">2318px</dimen>
    <dimen name="dm967">2321px</dimen>
    <dimen name="dm968">2323px</dimen>
    <dimen name="dm969">2326px</dimen>
    <dimen name="dm970">2328px</dimen>
    <dimen name="dm971">2330px</dimen>
    <dimen name="dm972">2333px</dimen>
    <dimen name="dm973">2335px</dimen>
    <dimen name="dm974">2338px</dimen>
    <dimen name="dm975">2340px</dimen>
    <dimen name="dm976">2342px</dimen>
    <dimen name="dm977">2345px</dimen>
    <dimen name="dm978">2347px</dimen>
    <dimen name="dm979">2350px</dimen>
    <dimen name="dm980">2352px</dimen>
    <dimen name="dm981">2354px</dimen>
    <dimen name="dm982">2357px</dimen>
    <dimen name="dm983">2359px</dimen>
    <dimen name="dm984">2362px</dimen>
    <dimen name="dm985">2364px</dimen>
    <dimen name="dm986">2366px</dimen>
    <dimen name="dm987">2369px</dimen>
    <dimen name="dm988">2371px</dimen>
    <dimen name="dm989">2374px</dimen>
    <dimen name="dm990">2376px</dimen>
    <dimen name="dm991">2378px</dimen>
    <dimen name="dm992">2381px</dimen>
    <dimen name="dm993">2383px</dimen>
    <dimen name="dm994">2386px</dimen>
    <dimen name="dm995">2388px</dimen>
    <dimen name="dm996">2390px</dimen>
    <dimen name="dm997">2393px</dimen>
    <dimen name="dm998">2395px</dimen>
    <dimen name="dm999">2398px</dimen>

</resources>