<resources>

    <dimen name="dm_200">-374px</dimen>
    <dimen name="dm_199">-372px</dimen>
    <dimen name="dm_198">-370px</dimen>
    <dimen name="dm_197">-368px</dimen>
    <dimen name="dm_196">-367px</dimen>
    <dimen name="dm_195">-365px</dimen>
    <dimen name="dm_194">-363px</dimen>
    <dimen name="dm_193">-361px</dimen>
    <dimen name="dm_192">-359px</dimen>
    <dimen name="dm_191">-357px</dimen>
    <dimen name="dm_190">-355px</dimen>
    <dimen name="dm_189">-353px</dimen>
    <dimen name="dm_188">-352px</dimen>
    <dimen name="dm_187">-350px</dimen>
    <dimen name="dm_186">-348px</dimen>
    <dimen name="dm_185">-346px</dimen>
    <dimen name="dm_184">-344px</dimen>
    <dimen name="dm_183">-342px</dimen>
    <dimen name="dm_182">-340px</dimen>
    <dimen name="dm_181">-338px</dimen>
    <dimen name="dm_180">-337px</dimen>
    <dimen name="dm_179">-335px</dimen>
    <dimen name="dm_178">-333px</dimen>
    <dimen name="dm_177">-331px</dimen>
    <dimen name="dm_176">-329px</dimen>
    <dimen name="dm_175">-327px</dimen>
    <dimen name="dm_174">-325px</dimen>
    <dimen name="dm_173">-323px</dimen>
    <dimen name="dm_172">-322px</dimen>
    <dimen name="dm_171">-320px</dimen>
    <dimen name="dm_170">-318px</dimen>
    <dimen name="dm_169">-316px</dimen>
    <dimen name="dm_168">-314px</dimen>
    <dimen name="dm_167">-312px</dimen>
    <dimen name="dm_166">-310px</dimen>
    <dimen name="dm_165">-308px</dimen>
    <dimen name="dm_164">-307px</dimen>
    <dimen name="dm_163">-305px</dimen>
    <dimen name="dm_162">-303px</dimen>
    <dimen name="dm_161">-301px</dimen>
    <dimen name="dm_160">-299px</dimen>
    <dimen name="dm_159">-297px</dimen>
    <dimen name="dm_158">-295px</dimen>
    <dimen name="dm_157">-293px</dimen>
    <dimen name="dm_156">-292px</dimen>
    <dimen name="dm_155">-290px</dimen>
    <dimen name="dm_154">-288px</dimen>
    <dimen name="dm_153">-286px</dimen>
    <dimen name="dm_152">-284px</dimen>
    <dimen name="dm_151">-282px</dimen>
    <dimen name="dm_150">-280px</dimen>
    <dimen name="dm_149">-278px</dimen>
    <dimen name="dm_148">-277px</dimen>
    <dimen name="dm_147">-275px</dimen>
    <dimen name="dm_146">-273px</dimen>
    <dimen name="dm_145">-271px</dimen>
    <dimen name="dm_144">-269px</dimen>
    <dimen name="dm_143">-267px</dimen>
    <dimen name="dm_142">-265px</dimen>
    <dimen name="dm_141">-263px</dimen>
    <dimen name="dm_140">-262px</dimen>
    <dimen name="dm_139">-260px</dimen>
    <dimen name="dm_138">-258px</dimen>
    <dimen name="dm_137">-256px</dimen>
    <dimen name="dm_136">-254px</dimen>
    <dimen name="dm_135">-252px</dimen>
    <dimen name="dm_134">-250px</dimen>
    <dimen name="dm_133">-248px</dimen>
    <dimen name="dm_132">-247px</dimen>
    <dimen name="dm_131">-245px</dimen>
    <dimen name="dm_130">-243px</dimen>
    <dimen name="dm_129">-241px</dimen>
    <dimen name="dm_128">-239px</dimen>
    <dimen name="dm_127">-237px</dimen>
    <dimen name="dm_126">-235px</dimen>
    <dimen name="dm_125">-233px</dimen>
    <dimen name="dm_124">-232px</dimen>
    <dimen name="dm_123">-230px</dimen>
    <dimen name="dm_122">-228px</dimen>
    <dimen name="dm_121">-226px</dimen>
    <dimen name="dm_120">-224px</dimen>
    <dimen name="dm_119">-222px</dimen>
    <dimen name="dm_118">-220px</dimen>
    <dimen name="dm_117">-218px</dimen>
    <dimen name="dm_116">-217px</dimen>
    <dimen name="dm_115">-215px</dimen>
    <dimen name="dm_114">-213px</dimen>
    <dimen name="dm_113">-211px</dimen>
    <dimen name="dm_112">-209px</dimen>
    <dimen name="dm_111">-207px</dimen>
    <dimen name="dm_110">-205px</dimen>
    <dimen name="dm_109">-203px</dimen>
    <dimen name="dm_108">-202px</dimen>
    <dimen name="dm_107">-200px</dimen>
    <dimen name="dm_106">-198px</dimen>
    <dimen name="dm_105">-196px</dimen>
    <dimen name="dm_104">-194px</dimen>
    <dimen name="dm_103">-192px</dimen>
    <dimen name="dm_102">-190px</dimen>
    <dimen name="dm_101">-188px</dimen>
    <dimen name="dm_100">-187px</dimen>
    <dimen name="dm_099">-185px</dimen>
    <dimen name="dm_098">-183px</dimen>
    <dimen name="dm_097">-181px</dimen>
    <dimen name="dm_096">-179px</dimen>
    <dimen name="dm_095">-177px</dimen>
    <dimen name="dm_094">-175px</dimen>
    <dimen name="dm_093">-173px</dimen>
    <dimen name="dm_092">-172px</dimen>
    <dimen name="dm_091">-170px</dimen>
    <dimen name="dm_090">-168px</dimen>
    <dimen name="dm_089">-166px</dimen>
    <dimen name="dm_088">-164px</dimen>
    <dimen name="dm_087">-162px</dimen>
    <dimen name="dm_086">-160px</dimen>
    <dimen name="dm_085">-158px</dimen>
    <dimen name="dm_084">-157px</dimen>
    <dimen name="dm_083">-155px</dimen>
    <dimen name="dm_082">-153px</dimen>
    <dimen name="dm_081">-151px</dimen>
    <dimen name="dm_080">-149px</dimen>
    <dimen name="dm_079">-147px</dimen>
    <dimen name="dm_078">-145px</dimen>
    <dimen name="dm_077">-143px</dimen>
    <dimen name="dm_076">-142px</dimen>
    <dimen name="dm_075">-140px</dimen>
    <dimen name="dm_074">-138px</dimen>
    <dimen name="dm_073">-136px</dimen>
    <dimen name="dm_072">-134px</dimen>
    <dimen name="dm_071">-132px</dimen>
    <dimen name="dm_070">-130px</dimen>
    <dimen name="dm_069">-128px</dimen>
    <dimen name="dm_068">-127px</dimen>
    <dimen name="dm_067">-125px</dimen>
    <dimen name="dm_066">-123px</dimen>
    <dimen name="dm_065">-121px</dimen>
    <dimen name="dm_064">-119px</dimen>
    <dimen name="dm_063">-117px</dimen>
    <dimen name="dm_062">-115px</dimen>
    <dimen name="dm_061">-113px</dimen>
    <dimen name="dm_060">-112px</dimen>
    <dimen name="dm_059">-110px</dimen>
    <dimen name="dm_058">-108px</dimen>
    <dimen name="dm_057">-106px</dimen>
    <dimen name="dm_056">-104px</dimen>
    <dimen name="dm_055">-102px</dimen>
    <dimen name="dm_054">-100px</dimen>
    <dimen name="dm_053">-98px</dimen>
    <dimen name="dm_052">-97px</dimen>
    <dimen name="dm_051">-95px</dimen>
    <dimen name="dm_050">-93px</dimen>
    <dimen name="dm_049">-91px</dimen>
    <dimen name="dm_048">-89px</dimen>
    <dimen name="dm_047">-87px</dimen>
    <dimen name="dm_046">-85px</dimen>
    <dimen name="dm_045">-83px</dimen>
    <dimen name="dm_044">-82px</dimen>
    <dimen name="dm_043">-80px</dimen>
    <dimen name="dm_042">-78px</dimen>
    <dimen name="dm_041">-76px</dimen>
    <dimen name="dm_040">-74px</dimen>
    <dimen name="dm_039">-72px</dimen>
    <dimen name="dm_038">-70px</dimen>
    <dimen name="dm_037">-68px</dimen>
    <dimen name="dm_036">-67px</dimen>
    <dimen name="dm_035">-65px</dimen>
    <dimen name="dm_034">-63px</dimen>
    <dimen name="dm_033">-61px</dimen>
    <dimen name="dm_032">-59px</dimen>
    <dimen name="dm_031">-57px</dimen>
    <dimen name="dm_030">-55px</dimen>
    <dimen name="dm_029">-53px</dimen>
    <dimen name="dm_028">-52px</dimen>
    <dimen name="dm_027">-50px</dimen>
    <dimen name="dm_026">-48px</dimen>
    <dimen name="dm_025">-46px</dimen>
    <dimen name="dm_024">-44px</dimen>
    <dimen name="dm_023">-42px</dimen>
    <dimen name="dm_022">-40px</dimen>
    <dimen name="dm_021">-38px</dimen>
    <dimen name="dm_020">-37px</dimen>
    <dimen name="dm_019">-35px</dimen>
    <dimen name="dm_018">-33px</dimen>
    <dimen name="dm_017">-31px</dimen>
    <dimen name="dm_016">-29px</dimen>
    <dimen name="dm_015">-27px</dimen>
    <dimen name="dm_014">-25px</dimen>
    <dimen name="dm_013">-23px</dimen>
    <dimen name="dm_012">-22px</dimen>
    <dimen name="dm_011">-20px</dimen>
    <dimen name="dm_010">-18px</dimen>
    <dimen name="dm_009">-16px</dimen>
    <dimen name="dm_008">-14px</dimen>
    <dimen name="dm_007">-12px</dimen>
    <dimen name="dm_006">-10px</dimen>
    <dimen name="dm_005">-8px</dimen>
    <dimen name="dm_004">-7px</dimen>
    <dimen name="dm_003">-5px</dimen>
    <dimen name="dm_002">-3px</dimen>
    <dimen name="dm_001">-1px</dimen>
    <dimen name="dm000">0px</dimen>
    <dimen name="dm001">2px</dimen>
    <dimen name="dm002">4px</dimen>
    <dimen name="dm003">6px</dimen>
    <dimen name="dm004">8px</dimen>
    <dimen name="dm005">9px</dimen>
    <dimen name="dm006">11px</dimen>
    <dimen name="dm007">13px</dimen>
    <dimen name="dm008">15px</dimen>
    <dimen name="dm009">17px</dimen>
    <dimen name="dm010">19px</dimen>
    <dimen name="dm011">21px</dimen>
    <dimen name="dm012">23px</dimen>
    <dimen name="dm013">24px</dimen>
    <dimen name="dm014">26px</dimen>
    <dimen name="dm015">28px</dimen>
    <dimen name="dm016">30px</dimen>
    <dimen name="dm017">32px</dimen>
    <dimen name="dm018">34px</dimen>
    <dimen name="dm019">36px</dimen>
    <dimen name="dm020">38px</dimen>
    <dimen name="dm021">39px</dimen>
    <dimen name="dm022">41px</dimen>
    <dimen name="dm023">43px</dimen>
    <dimen name="dm024">45px</dimen>
    <dimen name="dm025">47px</dimen>
    <dimen name="dm026">49px</dimen>
    <dimen name="dm027">51px</dimen>
    <dimen name="dm028">53px</dimen>
    <dimen name="dm029">54px</dimen>
    <dimen name="dm030">56px</dimen>
    <dimen name="dm031">58px</dimen>
    <dimen name="dm032">60px</dimen>
    <dimen name="dm033">62px</dimen>
    <dimen name="dm034">64px</dimen>
    <dimen name="dm035">66px</dimen>
    <dimen name="dm036">68px</dimen>
    <dimen name="dm037">69px</dimen>
    <dimen name="dm038">71px</dimen>
    <dimen name="dm039">73px</dimen>
    <dimen name="dm040">75px</dimen>
    <dimen name="dm041">77px</dimen>
    <dimen name="dm042">79px</dimen>
    <dimen name="dm043">81px</dimen>
    <dimen name="dm044">83px</dimen>
    <dimen name="dm045">84px</dimen>
    <dimen name="dm046">86px</dimen>
    <dimen name="dm047">88px</dimen>
    <dimen name="dm048">90px</dimen>
    <dimen name="dm049">92px</dimen>
    <dimen name="dm050">94px</dimen>
    <dimen name="dm051">96px</dimen>
    <dimen name="dm052">98px</dimen>
    <dimen name="dm053">99px</dimen>
    <dimen name="dm054">101px</dimen>
    <dimen name="dm055">103px</dimen>
    <dimen name="dm056">105px</dimen>
    <dimen name="dm057">107px</dimen>
    <dimen name="dm058">109px</dimen>
    <dimen name="dm059">111px</dimen>
    <dimen name="dm060">113px</dimen>
    <dimen name="dm061">114px</dimen>
    <dimen name="dm062">116px</dimen>
    <dimen name="dm063">118px</dimen>
    <dimen name="dm064">120px</dimen>
    <dimen name="dm065">122px</dimen>
    <dimen name="dm066">124px</dimen>
    <dimen name="dm067">126px</dimen>
    <dimen name="dm068">128px</dimen>
    <dimen name="dm069">129px</dimen>
    <dimen name="dm070">131px</dimen>
    <dimen name="dm071">133px</dimen>
    <dimen name="dm072">135px</dimen>
    <dimen name="dm073">137px</dimen>
    <dimen name="dm074">139px</dimen>
    <dimen name="dm075">141px</dimen>
    <dimen name="dm076">143px</dimen>
    <dimen name="dm077">144px</dimen>
    <dimen name="dm078">146px</dimen>
    <dimen name="dm079">148px</dimen>
    <dimen name="dm080">150px</dimen>
    <dimen name="dm081">152px</dimen>
    <dimen name="dm082">154px</dimen>
    <dimen name="dm083">156px</dimen>
    <dimen name="dm084">158px</dimen>
    <dimen name="dm085">159px</dimen>
    <dimen name="dm086">161px</dimen>
    <dimen name="dm087">163px</dimen>
    <dimen name="dm088">165px</dimen>
    <dimen name="dm089">167px</dimen>
    <dimen name="dm090">169px</dimen>
    <dimen name="dm091">171px</dimen>
    <dimen name="dm092">173px</dimen>
    <dimen name="dm093">174px</dimen>
    <dimen name="dm094">176px</dimen>
    <dimen name="dm095">178px</dimen>
    <dimen name="dm096">180px</dimen>
    <dimen name="dm097">182px</dimen>
    <dimen name="dm098">184px</dimen>
    <dimen name="dm099">186px</dimen>
    <dimen name="dm100">188px</dimen>
    <dimen name="dm101">189px</dimen>
    <dimen name="dm102">191px</dimen>
    <dimen name="dm103">193px</dimen>
    <dimen name="dm104">195px</dimen>
    <dimen name="dm105">197px</dimen>
    <dimen name="dm106">199px</dimen>
    <dimen name="dm107">201px</dimen>
    <dimen name="dm108">203px</dimen>
    <dimen name="dm109">204px</dimen>
    <dimen name="dm110">206px</dimen>
    <dimen name="dm111">208px</dimen>
    <dimen name="dm112">210px</dimen>
    <dimen name="dm113">212px</dimen>
    <dimen name="dm114">214px</dimen>
    <dimen name="dm115">216px</dimen>
    <dimen name="dm116">218px</dimen>
    <dimen name="dm117">219px</dimen>
    <dimen name="dm118">221px</dimen>
    <dimen name="dm119">223px</dimen>
    <dimen name="dm120">225px</dimen>
    <dimen name="dm121">227px</dimen>
    <dimen name="dm122">229px</dimen>
    <dimen name="dm123">231px</dimen>
    <dimen name="dm124">233px</dimen>
    <dimen name="dm125">234px</dimen>
    <dimen name="dm126">236px</dimen>
    <dimen name="dm127">238px</dimen>
    <dimen name="dm128">240px</dimen>
    <dimen name="dm129">242px</dimen>
    <dimen name="dm130">244px</dimen>
    <dimen name="dm131">246px</dimen>
    <dimen name="dm132">248px</dimen>
    <dimen name="dm133">249px</dimen>
    <dimen name="dm134">251px</dimen>
    <dimen name="dm135">253px</dimen>
    <dimen name="dm136">255px</dimen>
    <dimen name="dm137">257px</dimen>
    <dimen name="dm138">259px</dimen>
    <dimen name="dm139">261px</dimen>
    <dimen name="dm140">263px</dimen>
    <dimen name="dm141">264px</dimen>
    <dimen name="dm142">266px</dimen>
    <dimen name="dm143">268px</dimen>
    <dimen name="dm144">270px</dimen>
    <dimen name="dm145">272px</dimen>
    <dimen name="dm146">274px</dimen>
    <dimen name="dm147">276px</dimen>
    <dimen name="dm148">278px</dimen>
    <dimen name="dm149">279px</dimen>
    <dimen name="dm150">281px</dimen>
    <dimen name="dm151">283px</dimen>
    <dimen name="dm152">285px</dimen>
    <dimen name="dm153">287px</dimen>
    <dimen name="dm154">289px</dimen>
    <dimen name="dm155">291px</dimen>
    <dimen name="dm156">293px</dimen>
    <dimen name="dm157">294px</dimen>
    <dimen name="dm158">296px</dimen>
    <dimen name="dm159">298px</dimen>
    <dimen name="dm160">300px</dimen>
    <dimen name="dm161">302px</dimen>
    <dimen name="dm162">304px</dimen>
    <dimen name="dm163">306px</dimen>
    <dimen name="dm164">308px</dimen>
    <dimen name="dm165">309px</dimen>
    <dimen name="dm166">311px</dimen>
    <dimen name="dm167">313px</dimen>
    <dimen name="dm168">315px</dimen>
    <dimen name="dm169">317px</dimen>
    <dimen name="dm170">319px</dimen>
    <dimen name="dm171">321px</dimen>
    <dimen name="dm172">323px</dimen>
    <dimen name="dm173">324px</dimen>
    <dimen name="dm174">326px</dimen>
    <dimen name="dm175">328px</dimen>
    <dimen name="dm176">330px</dimen>
    <dimen name="dm177">332px</dimen>
    <dimen name="dm178">334px</dimen>
    <dimen name="dm179">336px</dimen>
    <dimen name="dm180">338px</dimen>
    <dimen name="dm181">339px</dimen>
    <dimen name="dm182">341px</dimen>
    <dimen name="dm183">343px</dimen>
    <dimen name="dm184">345px</dimen>
    <dimen name="dm185">347px</dimen>
    <dimen name="dm186">349px</dimen>
    <dimen name="dm187">351px</dimen>
    <dimen name="dm188">353px</dimen>
    <dimen name="dm189">354px</dimen>
    <dimen name="dm190">356px</dimen>
    <dimen name="dm191">358px</dimen>
    <dimen name="dm192">360px</dimen>
    <dimen name="dm193">362px</dimen>
    <dimen name="dm194">364px</dimen>
    <dimen name="dm195">366px</dimen>
    <dimen name="dm196">368px</dimen>
    <dimen name="dm197">369px</dimen>
    <dimen name="dm198">371px</dimen>
    <dimen name="dm199">373px</dimen>
    <dimen name="dm200">375px</dimen>
    <dimen name="dm201">377px</dimen>
    <dimen name="dm202">379px</dimen>
    <dimen name="dm203">381px</dimen>
    <dimen name="dm204">383px</dimen>
    <dimen name="dm205">384px</dimen>
    <dimen name="dm206">386px</dimen>
    <dimen name="dm207">388px</dimen>
    <dimen name="dm208">390px</dimen>
    <dimen name="dm209">392px</dimen>
    <dimen name="dm210">394px</dimen>
    <dimen name="dm211">396px</dimen>
    <dimen name="dm212">398px</dimen>
    <dimen name="dm213">399px</dimen>
    <dimen name="dm214">401px</dimen>
    <dimen name="dm215">403px</dimen>
    <dimen name="dm216">405px</dimen>
    <dimen name="dm217">407px</dimen>
    <dimen name="dm218">409px</dimen>
    <dimen name="dm219">411px</dimen>
    <dimen name="dm220">413px</dimen>
    <dimen name="dm221">414px</dimen>
    <dimen name="dm222">416px</dimen>
    <dimen name="dm223">418px</dimen>
    <dimen name="dm224">420px</dimen>
    <dimen name="dm225">422px</dimen>
    <dimen name="dm226">424px</dimen>
    <dimen name="dm227">426px</dimen>
    <dimen name="dm228">428px</dimen>
    <dimen name="dm229">429px</dimen>
    <dimen name="dm230">431px</dimen>
    <dimen name="dm231">433px</dimen>
    <dimen name="dm232">435px</dimen>
    <dimen name="dm233">437px</dimen>
    <dimen name="dm234">439px</dimen>
    <dimen name="dm235">441px</dimen>
    <dimen name="dm236">443px</dimen>
    <dimen name="dm237">444px</dimen>
    <dimen name="dm238">446px</dimen>
    <dimen name="dm239">448px</dimen>
    <dimen name="dm240">450px</dimen>
    <dimen name="dm241">452px</dimen>
    <dimen name="dm242">454px</dimen>
    <dimen name="dm243">456px</dimen>
    <dimen name="dm244">458px</dimen>
    <dimen name="dm245">459px</dimen>
    <dimen name="dm246">461px</dimen>
    <dimen name="dm247">463px</dimen>
    <dimen name="dm248">465px</dimen>
    <dimen name="dm249">467px</dimen>
    <dimen name="dm250">469px</dimen>
    <dimen name="dm251">471px</dimen>
    <dimen name="dm252">473px</dimen>
    <dimen name="dm253">474px</dimen>
    <dimen name="dm254">476px</dimen>
    <dimen name="dm255">478px</dimen>
    <dimen name="dm256">480px</dimen>
    <dimen name="dm257">482px</dimen>
    <dimen name="dm258">484px</dimen>
    <dimen name="dm259">486px</dimen>
    <dimen name="dm260">488px</dimen>
    <dimen name="dm261">489px</dimen>
    <dimen name="dm262">491px</dimen>
    <dimen name="dm263">493px</dimen>
    <dimen name="dm264">495px</dimen>
    <dimen name="dm265">497px</dimen>
    <dimen name="dm266">499px</dimen>
    <dimen name="dm267">501px</dimen>
    <dimen name="dm268">503px</dimen>
    <dimen name="dm269">504px</dimen>
    <dimen name="dm270">506px</dimen>
    <dimen name="dm271">508px</dimen>
    <dimen name="dm272">510px</dimen>
    <dimen name="dm273">512px</dimen>
    <dimen name="dm274">514px</dimen>
    <dimen name="dm275">516px</dimen>
    <dimen name="dm276">518px</dimen>
    <dimen name="dm277">519px</dimen>
    <dimen name="dm278">521px</dimen>
    <dimen name="dm279">523px</dimen>
    <dimen name="dm280">525px</dimen>
    <dimen name="dm281">527px</dimen>
    <dimen name="dm282">529px</dimen>
    <dimen name="dm283">531px</dimen>
    <dimen name="dm284">533px</dimen>
    <dimen name="dm285">534px</dimen>
    <dimen name="dm286">536px</dimen>
    <dimen name="dm287">538px</dimen>
    <dimen name="dm288">540px</dimen>
    <dimen name="dm289">542px</dimen>
    <dimen name="dm290">544px</dimen>
    <dimen name="dm291">546px</dimen>
    <dimen name="dm292">548px</dimen>
    <dimen name="dm293">549px</dimen>
    <dimen name="dm294">551px</dimen>
    <dimen name="dm295">553px</dimen>
    <dimen name="dm296">555px</dimen>
    <dimen name="dm297">557px</dimen>
    <dimen name="dm298">559px</dimen>
    <dimen name="dm299">561px</dimen>
    <dimen name="dm300">563px</dimen>
    <dimen name="dm301">564px</dimen>
    <dimen name="dm302">566px</dimen>
    <dimen name="dm303">568px</dimen>
    <dimen name="dm304">570px</dimen>
    <dimen name="dm305">572px</dimen>
    <dimen name="dm306">574px</dimen>
    <dimen name="dm307">576px</dimen>
    <dimen name="dm308">578px</dimen>
    <dimen name="dm309">579px</dimen>
    <dimen name="dm310">581px</dimen>
    <dimen name="dm311">583px</dimen>
    <dimen name="dm312">585px</dimen>
    <dimen name="dm313">587px</dimen>
    <dimen name="dm314">589px</dimen>
    <dimen name="dm315">591px</dimen>
    <dimen name="dm316">593px</dimen>
    <dimen name="dm317">594px</dimen>
    <dimen name="dm318">596px</dimen>
    <dimen name="dm319">598px</dimen>
    <dimen name="dm320">600px</dimen>
    <dimen name="dm321">602px</dimen>
    <dimen name="dm322">604px</dimen>
    <dimen name="dm323">606px</dimen>
    <dimen name="dm324">608px</dimen>
    <dimen name="dm325">609px</dimen>
    <dimen name="dm326">611px</dimen>
    <dimen name="dm327">613px</dimen>
    <dimen name="dm328">615px</dimen>
    <dimen name="dm329">617px</dimen>
    <dimen name="dm330">619px</dimen>
    <dimen name="dm331">621px</dimen>
    <dimen name="dm332">623px</dimen>
    <dimen name="dm333">624px</dimen>
    <dimen name="dm334">626px</dimen>
    <dimen name="dm335">628px</dimen>
    <dimen name="dm336">630px</dimen>
    <dimen name="dm337">632px</dimen>
    <dimen name="dm338">634px</dimen>
    <dimen name="dm339">636px</dimen>
    <dimen name="dm340">638px</dimen>
    <dimen name="dm341">639px</dimen>
    <dimen name="dm342">641px</dimen>
    <dimen name="dm343">643px</dimen>
    <dimen name="dm344">645px</dimen>
    <dimen name="dm345">647px</dimen>
    <dimen name="dm346">649px</dimen>
    <dimen name="dm347">651px</dimen>
    <dimen name="dm348">653px</dimen>
    <dimen name="dm349">654px</dimen>
    <dimen name="dm350">656px</dimen>
    <dimen name="dm351">658px</dimen>
    <dimen name="dm352">660px</dimen>
    <dimen name="dm353">662px</dimen>
    <dimen name="dm354">664px</dimen>
    <dimen name="dm355">666px</dimen>
    <dimen name="dm356">668px</dimen>
    <dimen name="dm357">669px</dimen>
    <dimen name="dm358">671px</dimen>
    <dimen name="dm359">673px</dimen>
    <dimen name="dm360">675px</dimen>
    <dimen name="dm361">677px</dimen>
    <dimen name="dm362">679px</dimen>
    <dimen name="dm363">681px</dimen>
    <dimen name="dm364">683px</dimen>
    <dimen name="dm365">684px</dimen>
    <dimen name="dm366">686px</dimen>
    <dimen name="dm367">688px</dimen>
    <dimen name="dm368">690px</dimen>
    <dimen name="dm369">692px</dimen>
    <dimen name="dm370">694px</dimen>
    <dimen name="dm371">696px</dimen>
    <dimen name="dm372">698px</dimen>
    <dimen name="dm373">699px</dimen>
    <dimen name="dm374">701px</dimen>
    <dimen name="dm375">703px</dimen>
    <dimen name="dm376">705px</dimen>
    <dimen name="dm377">707px</dimen>
    <dimen name="dm378">709px</dimen>
    <dimen name="dm379">711px</dimen>
    <dimen name="dm380">713px</dimen>
    <dimen name="dm381">714px</dimen>
    <dimen name="dm382">716px</dimen>
    <dimen name="dm383">718px</dimen>
    <dimen name="dm384">720px</dimen>
    <dimen name="dm385">722px</dimen>
    <dimen name="dm386">724px</dimen>
    <dimen name="dm387">726px</dimen>
    <dimen name="dm388">728px</dimen>
    <dimen name="dm389">729px</dimen>
    <dimen name="dm390">731px</dimen>
    <dimen name="dm391">733px</dimen>
    <dimen name="dm392">735px</dimen>
    <dimen name="dm393">737px</dimen>
    <dimen name="dm394">739px</dimen>
    <dimen name="dm395">741px</dimen>
    <dimen name="dm396">743px</dimen>
    <dimen name="dm397">744px</dimen>
    <dimen name="dm398">746px</dimen>
    <dimen name="dm399">748px</dimen>
    <dimen name="dm400">750px</dimen>
    <dimen name="dm401">752px</dimen>
    <dimen name="dm402">754px</dimen>
    <dimen name="dm403">756px</dimen>
    <dimen name="dm404">758px</dimen>
    <dimen name="dm405">759px</dimen>
    <dimen name="dm406">761px</dimen>
    <dimen name="dm407">763px</dimen>
    <dimen name="dm408">765px</dimen>
    <dimen name="dm409">767px</dimen>
    <dimen name="dm410">769px</dimen>
    <dimen name="dm411">771px</dimen>
    <dimen name="dm412">773px</dimen>
    <dimen name="dm413">774px</dimen>
    <dimen name="dm414">776px</dimen>
    <dimen name="dm415">778px</dimen>
    <dimen name="dm416">780px</dimen>
    <dimen name="dm417">782px</dimen>
    <dimen name="dm418">784px</dimen>
    <dimen name="dm419">786px</dimen>
    <dimen name="dm420">788px</dimen>
    <dimen name="dm421">789px</dimen>
    <dimen name="dm422">791px</dimen>
    <dimen name="dm423">793px</dimen>
    <dimen name="dm424">795px</dimen>
    <dimen name="dm425">797px</dimen>
    <dimen name="dm426">799px</dimen>
    <dimen name="dm427">801px</dimen>
    <dimen name="dm428">803px</dimen>
    <dimen name="dm429">804px</dimen>
    <dimen name="dm430">806px</dimen>
    <dimen name="dm431">808px</dimen>
    <dimen name="dm432">810px</dimen>
    <dimen name="dm433">812px</dimen>
    <dimen name="dm434">814px</dimen>
    <dimen name="dm435">816px</dimen>
    <dimen name="dm436">818px</dimen>
    <dimen name="dm437">819px</dimen>
    <dimen name="dm438">821px</dimen>
    <dimen name="dm439">823px</dimen>
    <dimen name="dm440">825px</dimen>
    <dimen name="dm441">827px</dimen>
    <dimen name="dm442">829px</dimen>
    <dimen name="dm443">831px</dimen>
    <dimen name="dm444">833px</dimen>
    <dimen name="dm445">834px</dimen>
    <dimen name="dm446">836px</dimen>
    <dimen name="dm447">838px</dimen>
    <dimen name="dm448">840px</dimen>
    <dimen name="dm449">842px</dimen>
    <dimen name="dm450">844px</dimen>
    <dimen name="dm451">846px</dimen>
    <dimen name="dm452">848px</dimen>
    <dimen name="dm453">849px</dimen>
    <dimen name="dm454">851px</dimen>
    <dimen name="dm455">853px</dimen>
    <dimen name="dm456">855px</dimen>
    <dimen name="dm457">857px</dimen>
    <dimen name="dm458">859px</dimen>
    <dimen name="dm459">861px</dimen>
    <dimen name="dm460">863px</dimen>
    <dimen name="dm461">864px</dimen>
    <dimen name="dm462">866px</dimen>
    <dimen name="dm463">868px</dimen>
    <dimen name="dm464">870px</dimen>
    <dimen name="dm465">872px</dimen>
    <dimen name="dm466">874px</dimen>
    <dimen name="dm467">876px</dimen>
    <dimen name="dm468">878px</dimen>
    <dimen name="dm469">879px</dimen>
    <dimen name="dm470">881px</dimen>
    <dimen name="dm471">883px</dimen>
    <dimen name="dm472">885px</dimen>
    <dimen name="dm473">887px</dimen>
    <dimen name="dm474">889px</dimen>
    <dimen name="dm475">891px</dimen>
    <dimen name="dm476">893px</dimen>
    <dimen name="dm477">894px</dimen>
    <dimen name="dm478">896px</dimen>
    <dimen name="dm479">898px</dimen>
    <dimen name="dm480">900px</dimen>
    <dimen name="dm481">902px</dimen>
    <dimen name="dm482">904px</dimen>
    <dimen name="dm483">906px</dimen>
    <dimen name="dm484">908px</dimen>
    <dimen name="dm485">909px</dimen>
    <dimen name="dm486">911px</dimen>
    <dimen name="dm487">913px</dimen>
    <dimen name="dm488">915px</dimen>
    <dimen name="dm489">917px</dimen>
    <dimen name="dm490">919px</dimen>
    <dimen name="dm491">921px</dimen>
    <dimen name="dm492">923px</dimen>
    <dimen name="dm493">924px</dimen>
    <dimen name="dm494">926px</dimen>
    <dimen name="dm495">928px</dimen>
    <dimen name="dm496">930px</dimen>
    <dimen name="dm497">932px</dimen>
    <dimen name="dm498">934px</dimen>
    <dimen name="dm499">936px</dimen>
    <dimen name="dm500">938px</dimen>
    <dimen name="dm501">939px</dimen>
    <dimen name="dm502">941px</dimen>
    <dimen name="dm503">943px</dimen>
    <dimen name="dm504">945px</dimen>
    <dimen name="dm505">947px</dimen>
    <dimen name="dm506">949px</dimen>
    <dimen name="dm507">951px</dimen>
    <dimen name="dm508">953px</dimen>
    <dimen name="dm509">954px</dimen>
    <dimen name="dm510">956px</dimen>
    <dimen name="dm511">958px</dimen>
    <dimen name="dm512">960px</dimen>
    <dimen name="dm513">962px</dimen>
    <dimen name="dm514">964px</dimen>
    <dimen name="dm515">966px</dimen>
    <dimen name="dm516">968px</dimen>
    <dimen name="dm517">969px</dimen>
    <dimen name="dm518">971px</dimen>
    <dimen name="dm519">973px</dimen>
    <dimen name="dm520">975px</dimen>
    <dimen name="dm521">977px</dimen>
    <dimen name="dm522">979px</dimen>
    <dimen name="dm523">981px</dimen>
    <dimen name="dm524">983px</dimen>
    <dimen name="dm525">984px</dimen>
    <dimen name="dm526">986px</dimen>
    <dimen name="dm527">988px</dimen>
    <dimen name="dm528">990px</dimen>
    <dimen name="dm529">992px</dimen>
    <dimen name="dm530">994px</dimen>
    <dimen name="dm531">996px</dimen>
    <dimen name="dm532">998px</dimen>
    <dimen name="dm533">999px</dimen>
    <dimen name="dm534">1001px</dimen>
    <dimen name="dm535">1003px</dimen>
    <dimen name="dm536">1005px</dimen>
    <dimen name="dm537">1007px</dimen>
    <dimen name="dm538">1009px</dimen>
    <dimen name="dm539">1011px</dimen>
    <dimen name="dm540">1013px</dimen>
    <dimen name="dm541">1014px</dimen>
    <dimen name="dm542">1016px</dimen>
    <dimen name="dm543">1018px</dimen>
    <dimen name="dm544">1020px</dimen>
    <dimen name="dm545">1022px</dimen>
    <dimen name="dm546">1024px</dimen>
    <dimen name="dm547">1026px</dimen>
    <dimen name="dm548">1028px</dimen>
    <dimen name="dm549">1029px</dimen>
    <dimen name="dm550">1031px</dimen>
    <dimen name="dm551">1033px</dimen>
    <dimen name="dm552">1035px</dimen>
    <dimen name="dm553">1037px</dimen>
    <dimen name="dm554">1039px</dimen>
    <dimen name="dm555">1041px</dimen>
    <dimen name="dm556">1043px</dimen>
    <dimen name="dm557">1044px</dimen>
    <dimen name="dm558">1046px</dimen>
    <dimen name="dm559">1048px</dimen>
    <dimen name="dm560">1050px</dimen>
    <dimen name="dm561">1052px</dimen>
    <dimen name="dm562">1054px</dimen>
    <dimen name="dm563">1056px</dimen>
    <dimen name="dm564">1058px</dimen>
    <dimen name="dm565">1059px</dimen>
    <dimen name="dm566">1061px</dimen>
    <dimen name="dm567">1063px</dimen>
    <dimen name="dm568">1065px</dimen>
    <dimen name="dm569">1067px</dimen>
    <dimen name="dm570">1069px</dimen>
    <dimen name="dm571">1071px</dimen>
    <dimen name="dm572">1073px</dimen>
    <dimen name="dm573">1074px</dimen>
    <dimen name="dm574">1076px</dimen>
    <dimen name="dm575">1078px</dimen>
    <dimen name="dm576">1080px</dimen>
    <dimen name="dm577">1082px</dimen>
    <dimen name="dm578">1084px</dimen>
    <dimen name="dm579">1086px</dimen>
    <dimen name="dm580">1088px</dimen>
    <dimen name="dm581">1089px</dimen>
    <dimen name="dm582">1091px</dimen>
    <dimen name="dm583">1093px</dimen>
    <dimen name="dm584">1095px</dimen>
    <dimen name="dm585">1097px</dimen>
    <dimen name="dm586">1099px</dimen>
    <dimen name="dm587">1101px</dimen>
    <dimen name="dm588">1103px</dimen>
    <dimen name="dm589">1104px</dimen>
    <dimen name="dm590">1106px</dimen>
    <dimen name="dm591">1108px</dimen>
    <dimen name="dm592">1110px</dimen>
    <dimen name="dm593">1112px</dimen>
    <dimen name="dm594">1114px</dimen>
    <dimen name="dm595">1116px</dimen>
    <dimen name="dm596">1118px</dimen>
    <dimen name="dm597">1119px</dimen>
    <dimen name="dm598">1121px</dimen>
    <dimen name="dm599">1123px</dimen>
    <dimen name="dm600">1125px</dimen>
    <dimen name="dm601">1127px</dimen>
    <dimen name="dm602">1129px</dimen>
    <dimen name="dm603">1131px</dimen>
    <dimen name="dm604">1133px</dimen>
    <dimen name="dm605">1134px</dimen>
    <dimen name="dm606">1136px</dimen>
    <dimen name="dm607">1138px</dimen>
    <dimen name="dm608">1140px</dimen>
    <dimen name="dm609">1142px</dimen>
    <dimen name="dm610">1144px</dimen>
    <dimen name="dm611">1146px</dimen>
    <dimen name="dm612">1148px</dimen>
    <dimen name="dm613">1149px</dimen>
    <dimen name="dm614">1151px</dimen>
    <dimen name="dm615">1153px</dimen>
    <dimen name="dm616">1155px</dimen>
    <dimen name="dm617">1157px</dimen>
    <dimen name="dm618">1159px</dimen>
    <dimen name="dm619">1161px</dimen>
    <dimen name="dm620">1163px</dimen>
    <dimen name="dm621">1164px</dimen>
    <dimen name="dm622">1166px</dimen>
    <dimen name="dm623">1168px</dimen>
    <dimen name="dm624">1170px</dimen>
    <dimen name="dm625">1172px</dimen>
    <dimen name="dm626">1174px</dimen>
    <dimen name="dm627">1176px</dimen>
    <dimen name="dm628">1178px</dimen>
    <dimen name="dm629">1179px</dimen>
    <dimen name="dm630">1181px</dimen>
    <dimen name="dm631">1183px</dimen>
    <dimen name="dm632">1185px</dimen>
    <dimen name="dm633">1187px</dimen>
    <dimen name="dm634">1189px</dimen>
    <dimen name="dm635">1191px</dimen>
    <dimen name="dm636">1193px</dimen>
    <dimen name="dm637">1194px</dimen>
    <dimen name="dm638">1196px</dimen>
    <dimen name="dm639">1198px</dimen>
    <dimen name="dm640">1200px</dimen>
    <dimen name="dm641">1202px</dimen>
    <dimen name="dm642">1204px</dimen>
    <dimen name="dm643">1206px</dimen>
    <dimen name="dm644">1208px</dimen>
    <dimen name="dm645">1209px</dimen>
    <dimen name="dm646">1211px</dimen>
    <dimen name="dm647">1213px</dimen>
    <dimen name="dm648">1215px</dimen>
    <dimen name="dm649">1217px</dimen>
    <dimen name="dm650">1219px</dimen>
    <dimen name="dm651">1221px</dimen>
    <dimen name="dm652">1223px</dimen>
    <dimen name="dm653">1224px</dimen>
    <dimen name="dm654">1226px</dimen>
    <dimen name="dm655">1228px</dimen>
    <dimen name="dm656">1230px</dimen>
    <dimen name="dm657">1232px</dimen>
    <dimen name="dm658">1234px</dimen>
    <dimen name="dm659">1236px</dimen>
    <dimen name="dm660">1238px</dimen>
    <dimen name="dm661">1239px</dimen>
    <dimen name="dm662">1241px</dimen>
    <dimen name="dm663">1243px</dimen>
    <dimen name="dm664">1245px</dimen>
    <dimen name="dm665">1247px</dimen>
    <dimen name="dm666">1249px</dimen>
    <dimen name="dm667">1251px</dimen>
    <dimen name="dm668">1253px</dimen>
    <dimen name="dm669">1254px</dimen>
    <dimen name="dm670">1256px</dimen>
    <dimen name="dm671">1258px</dimen>
    <dimen name="dm672">1260px</dimen>
    <dimen name="dm673">1262px</dimen>
    <dimen name="dm674">1264px</dimen>
    <dimen name="dm675">1266px</dimen>
    <dimen name="dm676">1268px</dimen>
    <dimen name="dm677">1269px</dimen>
    <dimen name="dm678">1271px</dimen>
    <dimen name="dm679">1273px</dimen>
    <dimen name="dm680">1275px</dimen>
    <dimen name="dm681">1277px</dimen>
    <dimen name="dm682">1279px</dimen>
    <dimen name="dm683">1281px</dimen>
    <dimen name="dm684">1283px</dimen>
    <dimen name="dm685">1284px</dimen>
    <dimen name="dm686">1286px</dimen>
    <dimen name="dm687">1288px</dimen>
    <dimen name="dm688">1290px</dimen>
    <dimen name="dm689">1292px</dimen>
    <dimen name="dm690">1294px</dimen>
    <dimen name="dm691">1296px</dimen>
    <dimen name="dm692">1298px</dimen>
    <dimen name="dm693">1299px</dimen>
    <dimen name="dm694">1301px</dimen>
    <dimen name="dm695">1303px</dimen>
    <dimen name="dm696">1305px</dimen>
    <dimen name="dm697">1307px</dimen>
    <dimen name="dm698">1309px</dimen>
    <dimen name="dm699">1311px</dimen>
    <dimen name="dm700">1313px</dimen>
    <dimen name="dm701">1314px</dimen>
    <dimen name="dm702">1316px</dimen>
    <dimen name="dm703">1318px</dimen>
    <dimen name="dm704">1320px</dimen>
    <dimen name="dm705">1322px</dimen>
    <dimen name="dm706">1324px</dimen>
    <dimen name="dm707">1326px</dimen>
    <dimen name="dm708">1328px</dimen>
    <dimen name="dm709">1329px</dimen>
    <dimen name="dm710">1331px</dimen>
    <dimen name="dm711">1333px</dimen>
    <dimen name="dm712">1335px</dimen>
    <dimen name="dm713">1337px</dimen>
    <dimen name="dm714">1339px</dimen>
    <dimen name="dm715">1341px</dimen>
    <dimen name="dm716">1343px</dimen>
    <dimen name="dm717">1344px</dimen>
    <dimen name="dm718">1346px</dimen>
    <dimen name="dm719">1348px</dimen>
    <dimen name="dm720">1350px</dimen>
    <dimen name="dm721">1352px</dimen>
    <dimen name="dm722">1354px</dimen>
    <dimen name="dm723">1356px</dimen>
    <dimen name="dm724">1358px</dimen>
    <dimen name="dm725">1359px</dimen>
    <dimen name="dm726">1361px</dimen>
    <dimen name="dm727">1363px</dimen>
    <dimen name="dm728">1365px</dimen>
    <dimen name="dm729">1367px</dimen>
    <dimen name="dm730">1369px</dimen>
    <dimen name="dm731">1371px</dimen>
    <dimen name="dm732">1373px</dimen>
    <dimen name="dm733">1374px</dimen>
    <dimen name="dm734">1376px</dimen>
    <dimen name="dm735">1378px</dimen>
    <dimen name="dm736">1380px</dimen>
    <dimen name="dm737">1382px</dimen>
    <dimen name="dm738">1384px</dimen>
    <dimen name="dm739">1386px</dimen>
    <dimen name="dm740">1388px</dimen>
    <dimen name="dm741">1389px</dimen>
    <dimen name="dm742">1391px</dimen>
    <dimen name="dm743">1393px</dimen>
    <dimen name="dm744">1395px</dimen>
    <dimen name="dm745">1397px</dimen>
    <dimen name="dm746">1399px</dimen>
    <dimen name="dm747">1401px</dimen>
    <dimen name="dm748">1403px</dimen>
    <dimen name="dm749">1404px</dimen>
    <dimen name="dm750">1406px</dimen>
    <dimen name="dm751">1408px</dimen>
    <dimen name="dm752">1410px</dimen>
    <dimen name="dm753">1412px</dimen>
    <dimen name="dm754">1414px</dimen>
    <dimen name="dm755">1416px</dimen>
    <dimen name="dm756">1418px</dimen>
    <dimen name="dm757">1419px</dimen>
    <dimen name="dm758">1421px</dimen>
    <dimen name="dm759">1423px</dimen>
    <dimen name="dm760">1425px</dimen>
    <dimen name="dm761">1427px</dimen>
    <dimen name="dm762">1429px</dimen>
    <dimen name="dm763">1431px</dimen>
    <dimen name="dm764">1433px</dimen>
    <dimen name="dm765">1434px</dimen>
    <dimen name="dm766">1436px</dimen>
    <dimen name="dm767">1438px</dimen>
    <dimen name="dm768">1440px</dimen>
    <dimen name="dm769">1442px</dimen>
    <dimen name="dm770">1444px</dimen>
    <dimen name="dm771">1446px</dimen>
    <dimen name="dm772">1448px</dimen>
    <dimen name="dm773">1449px</dimen>
    <dimen name="dm774">1451px</dimen>
    <dimen name="dm775">1453px</dimen>
    <dimen name="dm776">1455px</dimen>
    <dimen name="dm777">1457px</dimen>
    <dimen name="dm778">1459px</dimen>
    <dimen name="dm779">1461px</dimen>
    <dimen name="dm780">1463px</dimen>
    <dimen name="dm781">1464px</dimen>
    <dimen name="dm782">1466px</dimen>
    <dimen name="dm783">1468px</dimen>
    <dimen name="dm784">1470px</dimen>
    <dimen name="dm785">1472px</dimen>
    <dimen name="dm786">1474px</dimen>
    <dimen name="dm787">1476px</dimen>
    <dimen name="dm788">1478px</dimen>
    <dimen name="dm789">1479px</dimen>
    <dimen name="dm790">1481px</dimen>
    <dimen name="dm791">1483px</dimen>
    <dimen name="dm792">1485px</dimen>
    <dimen name="dm793">1487px</dimen>
    <dimen name="dm794">1489px</dimen>
    <dimen name="dm795">1491px</dimen>
    <dimen name="dm796">1493px</dimen>
    <dimen name="dm797">1494px</dimen>
    <dimen name="dm798">1496px</dimen>
    <dimen name="dm799">1498px</dimen>
    <dimen name="dm800">1500px</dimen>
    <dimen name="dm801">1502px</dimen>
    <dimen name="dm802">1504px</dimen>
    <dimen name="dm803">1506px</dimen>
    <dimen name="dm804">1508px</dimen>
    <dimen name="dm805">1509px</dimen>
    <dimen name="dm806">1511px</dimen>
    <dimen name="dm807">1513px</dimen>
    <dimen name="dm808">1515px</dimen>
    <dimen name="dm809">1517px</dimen>
    <dimen name="dm810">1519px</dimen>
    <dimen name="dm811">1521px</dimen>
    <dimen name="dm812">1523px</dimen>
    <dimen name="dm813">1524px</dimen>
    <dimen name="dm814">1526px</dimen>
    <dimen name="dm815">1528px</dimen>
    <dimen name="dm816">1530px</dimen>
    <dimen name="dm817">1532px</dimen>
    <dimen name="dm818">1534px</dimen>
    <dimen name="dm819">1536px</dimen>
    <dimen name="dm820">1538px</dimen>
    <dimen name="dm821">1539px</dimen>
    <dimen name="dm822">1541px</dimen>
    <dimen name="dm823">1543px</dimen>
    <dimen name="dm824">1545px</dimen>
    <dimen name="dm825">1547px</dimen>
    <dimen name="dm826">1549px</dimen>
    <dimen name="dm827">1551px</dimen>
    <dimen name="dm828">1553px</dimen>
    <dimen name="dm829">1554px</dimen>
    <dimen name="dm830">1556px</dimen>
    <dimen name="dm831">1558px</dimen>
    <dimen name="dm832">1560px</dimen>
    <dimen name="dm833">1562px</dimen>
    <dimen name="dm834">1564px</dimen>
    <dimen name="dm835">1566px</dimen>
    <dimen name="dm836">1568px</dimen>
    <dimen name="dm837">1569px</dimen>
    <dimen name="dm838">1571px</dimen>
    <dimen name="dm839">1573px</dimen>
    <dimen name="dm840">1575px</dimen>
    <dimen name="dm841">1577px</dimen>
    <dimen name="dm842">1579px</dimen>
    <dimen name="dm843">1581px</dimen>
    <dimen name="dm844">1583px</dimen>
    <dimen name="dm845">1584px</dimen>
    <dimen name="dm846">1586px</dimen>
    <dimen name="dm847">1588px</dimen>
    <dimen name="dm848">1590px</dimen>
    <dimen name="dm849">1592px</dimen>
    <dimen name="dm850">1594px</dimen>
    <dimen name="dm851">1596px</dimen>
    <dimen name="dm852">1598px</dimen>
    <dimen name="dm853">1599px</dimen>
    <dimen name="dm854">1601px</dimen>
    <dimen name="dm855">1603px</dimen>
    <dimen name="dm856">1605px</dimen>
    <dimen name="dm857">1607px</dimen>
    <dimen name="dm858">1609px</dimen>
    <dimen name="dm859">1611px</dimen>
    <dimen name="dm860">1613px</dimen>
    <dimen name="dm861">1614px</dimen>
    <dimen name="dm862">1616px</dimen>
    <dimen name="dm863">1618px</dimen>
    <dimen name="dm864">1620px</dimen>
    <dimen name="dm865">1622px</dimen>
    <dimen name="dm866">1624px</dimen>
    <dimen name="dm867">1626px</dimen>
    <dimen name="dm868">1628px</dimen>
    <dimen name="dm869">1629px</dimen>
    <dimen name="dm870">1631px</dimen>
    <dimen name="dm871">1633px</dimen>
    <dimen name="dm872">1635px</dimen>
    <dimen name="dm873">1637px</dimen>
    <dimen name="dm874">1639px</dimen>
    <dimen name="dm875">1641px</dimen>
    <dimen name="dm876">1643px</dimen>
    <dimen name="dm877">1644px</dimen>
    <dimen name="dm878">1646px</dimen>
    <dimen name="dm879">1648px</dimen>
    <dimen name="dm880">1650px</dimen>
    <dimen name="dm881">1652px</dimen>
    <dimen name="dm882">1654px</dimen>
    <dimen name="dm883">1656px</dimen>
    <dimen name="dm884">1658px</dimen>
    <dimen name="dm885">1659px</dimen>
    <dimen name="dm886">1661px</dimen>
    <dimen name="dm887">1663px</dimen>
    <dimen name="dm888">1665px</dimen>
    <dimen name="dm889">1667px</dimen>
    <dimen name="dm890">1669px</dimen>
    <dimen name="dm891">1671px</dimen>
    <dimen name="dm892">1673px</dimen>
    <dimen name="dm893">1674px</dimen>
    <dimen name="dm894">1676px</dimen>
    <dimen name="dm895">1678px</dimen>
    <dimen name="dm896">1680px</dimen>
    <dimen name="dm897">1682px</dimen>
    <dimen name="dm898">1684px</dimen>
    <dimen name="dm899">1686px</dimen>
    <dimen name="dm900">1688px</dimen>
    <dimen name="dm901">1689px</dimen>
    <dimen name="dm902">1691px</dimen>
    <dimen name="dm903">1693px</dimen>
    <dimen name="dm904">1695px</dimen>
    <dimen name="dm905">1697px</dimen>
    <dimen name="dm906">1699px</dimen>
    <dimen name="dm907">1701px</dimen>
    <dimen name="dm908">1703px</dimen>
    <dimen name="dm909">1704px</dimen>
    <dimen name="dm910">1706px</dimen>
    <dimen name="dm911">1708px</dimen>
    <dimen name="dm912">1710px</dimen>
    <dimen name="dm913">1712px</dimen>
    <dimen name="dm914">1714px</dimen>
    <dimen name="dm915">1716px</dimen>
    <dimen name="dm916">1718px</dimen>
    <dimen name="dm917">1719px</dimen>
    <dimen name="dm918">1721px</dimen>
    <dimen name="dm919">1723px</dimen>
    <dimen name="dm920">1725px</dimen>
    <dimen name="dm921">1727px</dimen>
    <dimen name="dm922">1729px</dimen>
    <dimen name="dm923">1731px</dimen>
    <dimen name="dm924">1733px</dimen>
    <dimen name="dm925">1734px</dimen>
    <dimen name="dm926">1736px</dimen>
    <dimen name="dm927">1738px</dimen>
    <dimen name="dm928">1740px</dimen>
    <dimen name="dm929">1742px</dimen>
    <dimen name="dm930">1744px</dimen>
    <dimen name="dm931">1746px</dimen>
    <dimen name="dm932">1748px</dimen>
    <dimen name="dm933">1749px</dimen>
    <dimen name="dm934">1751px</dimen>
    <dimen name="dm935">1753px</dimen>
    <dimen name="dm936">1755px</dimen>
    <dimen name="dm937">1757px</dimen>
    <dimen name="dm938">1759px</dimen>
    <dimen name="dm939">1761px</dimen>
    <dimen name="dm940">1763px</dimen>
    <dimen name="dm941">1764px</dimen>
    <dimen name="dm942">1766px</dimen>
    <dimen name="dm943">1768px</dimen>
    <dimen name="dm944">1770px</dimen>
    <dimen name="dm945">1772px</dimen>
    <dimen name="dm946">1774px</dimen>
    <dimen name="dm947">1776px</dimen>
    <dimen name="dm948">1778px</dimen>
    <dimen name="dm949">1779px</dimen>
    <dimen name="dm950">1781px</dimen>
    <dimen name="dm951">1783px</dimen>
    <dimen name="dm952">1785px</dimen>
    <dimen name="dm953">1787px</dimen>
    <dimen name="dm954">1789px</dimen>
    <dimen name="dm955">1791px</dimen>
    <dimen name="dm956">1793px</dimen>
    <dimen name="dm957">1794px</dimen>
    <dimen name="dm958">1796px</dimen>
    <dimen name="dm959">1798px</dimen>
    <dimen name="dm960">1800px</dimen>
    <dimen name="dm961">1802px</dimen>
    <dimen name="dm962">1804px</dimen>
    <dimen name="dm963">1806px</dimen>
    <dimen name="dm964">1808px</dimen>
    <dimen name="dm965">1809px</dimen>
    <dimen name="dm966">1811px</dimen>
    <dimen name="dm967">1813px</dimen>
    <dimen name="dm968">1815px</dimen>
    <dimen name="dm969">1817px</dimen>
    <dimen name="dm970">1819px</dimen>
    <dimen name="dm971">1821px</dimen>
    <dimen name="dm972">1823px</dimen>
    <dimen name="dm973">1824px</dimen>
    <dimen name="dm974">1826px</dimen>
    <dimen name="dm975">1828px</dimen>
    <dimen name="dm976">1830px</dimen>
    <dimen name="dm977">1832px</dimen>
    <dimen name="dm978">1834px</dimen>
    <dimen name="dm979">1836px</dimen>
    <dimen name="dm980">1838px</dimen>
    <dimen name="dm981">1839px</dimen>
    <dimen name="dm982">1841px</dimen>
    <dimen name="dm983">1843px</dimen>
    <dimen name="dm984">1845px</dimen>
    <dimen name="dm985">1847px</dimen>
    <dimen name="dm986">1849px</dimen>
    <dimen name="dm987">1851px</dimen>
    <dimen name="dm988">1853px</dimen>
    <dimen name="dm989">1854px</dimen>
    <dimen name="dm990">1856px</dimen>
    <dimen name="dm991">1858px</dimen>
    <dimen name="dm992">1860px</dimen>
    <dimen name="dm993">1862px</dimen>
    <dimen name="dm994">1864px</dimen>
    <dimen name="dm995">1866px</dimen>
    <dimen name="dm996">1868px</dimen>
    <dimen name="dm997">1869px</dimen>
    <dimen name="dm998">1871px</dimen>
    <dimen name="dm999">1873px</dimen>

</resources>