<resources>

    <dimen name="dm_200">-224px</dimen>
    <dimen name="dm_199">-223px</dimen>
    <dimen name="dm_198">-222px</dimen>
    <dimen name="dm_197">-221px</dimen>
    <dimen name="dm_196">-220px</dimen>
    <dimen name="dm_195">-218px</dimen>
    <dimen name="dm_194">-217px</dimen>
    <dimen name="dm_193">-216px</dimen>
    <dimen name="dm_192">-215px</dimen>
    <dimen name="dm_191">-214px</dimen>
    <dimen name="dm_190">-213px</dimen>
    <dimen name="dm_189">-212px</dimen>
    <dimen name="dm_188">-211px</dimen>
    <dimen name="dm_187">-209px</dimen>
    <dimen name="dm_186">-208px</dimen>
    <dimen name="dm_185">-207px</dimen>
    <dimen name="dm_184">-206px</dimen>
    <dimen name="dm_183">-205px</dimen>
    <dimen name="dm_182">-204px</dimen>
    <dimen name="dm_181">-203px</dimen>
    <dimen name="dm_180">-202px</dimen>
    <dimen name="dm_179">-200px</dimen>
    <dimen name="dm_178">-199px</dimen>
    <dimen name="dm_177">-198px</dimen>
    <dimen name="dm_176">-197px</dimen>
    <dimen name="dm_175">-196px</dimen>
    <dimen name="dm_174">-195px</dimen>
    <dimen name="dm_173">-194px</dimen>
    <dimen name="dm_172">-193px</dimen>
    <dimen name="dm_171">-191px</dimen>
    <dimen name="dm_170">-190px</dimen>
    <dimen name="dm_169">-189px</dimen>
    <dimen name="dm_168">-188px</dimen>
    <dimen name="dm_167">-187px</dimen>
    <dimen name="dm_166">-186px</dimen>
    <dimen name="dm_165">-185px</dimen>
    <dimen name="dm_164">-184px</dimen>
    <dimen name="dm_163">-182px</dimen>
    <dimen name="dm_162">-181px</dimen>
    <dimen name="dm_161">-180px</dimen>
    <dimen name="dm_160">-179px</dimen>
    <dimen name="dm_159">-178px</dimen>
    <dimen name="dm_158">-177px</dimen>
    <dimen name="dm_157">-176px</dimen>
    <dimen name="dm_156">-175px</dimen>
    <dimen name="dm_155">-173px</dimen>
    <dimen name="dm_154">-172px</dimen>
    <dimen name="dm_153">-171px</dimen>
    <dimen name="dm_152">-170px</dimen>
    <dimen name="dm_151">-169px</dimen>
    <dimen name="dm_150">-168px</dimen>
    <dimen name="dm_149">-167px</dimen>
    <dimen name="dm_148">-166px</dimen>
    <dimen name="dm_147">-164px</dimen>
    <dimen name="dm_146">-163px</dimen>
    <dimen name="dm_145">-162px</dimen>
    <dimen name="dm_144">-161px</dimen>
    <dimen name="dm_143">-160px</dimen>
    <dimen name="dm_142">-159px</dimen>
    <dimen name="dm_141">-158px</dimen>
    <dimen name="dm_140">-157px</dimen>
    <dimen name="dm_139">-155px</dimen>
    <dimen name="dm_138">-154px</dimen>
    <dimen name="dm_137">-153px</dimen>
    <dimen name="dm_136">-152px</dimen>
    <dimen name="dm_135">-151px</dimen>
    <dimen name="dm_134">-150px</dimen>
    <dimen name="dm_133">-149px</dimen>
    <dimen name="dm_132">-148px</dimen>
    <dimen name="dm_131">-146px</dimen>
    <dimen name="dm_130">-145px</dimen>
    <dimen name="dm_129">-144px</dimen>
    <dimen name="dm_128">-143px</dimen>
    <dimen name="dm_127">-142px</dimen>
    <dimen name="dm_126">-141px</dimen>
    <dimen name="dm_125">-140px</dimen>
    <dimen name="dm_124">-139px</dimen>
    <dimen name="dm_123">-137px</dimen>
    <dimen name="dm_122">-136px</dimen>
    <dimen name="dm_121">-135px</dimen>
    <dimen name="dm_120">-134px</dimen>
    <dimen name="dm_119">-133px</dimen>
    <dimen name="dm_118">-132px</dimen>
    <dimen name="dm_117">-131px</dimen>
    <dimen name="dm_116">-130px</dimen>
    <dimen name="dm_115">-128px</dimen>
    <dimen name="dm_114">-127px</dimen>
    <dimen name="dm_113">-126px</dimen>
    <dimen name="dm_112">-125px</dimen>
    <dimen name="dm_111">-124px</dimen>
    <dimen name="dm_110">-123px</dimen>
    <dimen name="dm_109">-122px</dimen>
    <dimen name="dm_108">-121px</dimen>
    <dimen name="dm_107">-119px</dimen>
    <dimen name="dm_106">-118px</dimen>
    <dimen name="dm_105">-117px</dimen>
    <dimen name="dm_104">-116px</dimen>
    <dimen name="dm_103">-115px</dimen>
    <dimen name="dm_102">-114px</dimen>
    <dimen name="dm_101">-113px</dimen>
    <dimen name="dm_100">-112px</dimen>
    <dimen name="dm_099">-110px</dimen>
    <dimen name="dm_098">-109px</dimen>
    <dimen name="dm_097">-108px</dimen>
    <dimen name="dm_096">-107px</dimen>
    <dimen name="dm_095">-106px</dimen>
    <dimen name="dm_094">-105px</dimen>
    <dimen name="dm_093">-104px</dimen>
    <dimen name="dm_092">-103px</dimen>
    <dimen name="dm_091">-101px</dimen>
    <dimen name="dm_090">-100px</dimen>
    <dimen name="dm_089">-99px</dimen>
    <dimen name="dm_088">-98px</dimen>
    <dimen name="dm_087">-97px</dimen>
    <dimen name="dm_086">-96px</dimen>
    <dimen name="dm_085">-95px</dimen>
    <dimen name="dm_084">-94px</dimen>
    <dimen name="dm_083">-92px</dimen>
    <dimen name="dm_082">-91px</dimen>
    <dimen name="dm_081">-90px</dimen>
    <dimen name="dm_080">-89px</dimen>
    <dimen name="dm_079">-88px</dimen>
    <dimen name="dm_078">-87px</dimen>
    <dimen name="dm_077">-86px</dimen>
    <dimen name="dm_076">-85px</dimen>
    <dimen name="dm_075">-83px</dimen>
    <dimen name="dm_074">-82px</dimen>
    <dimen name="dm_073">-81px</dimen>
    <dimen name="dm_072">-80px</dimen>
    <dimen name="dm_071">-79px</dimen>
    <dimen name="dm_070">-78px</dimen>
    <dimen name="dm_069">-77px</dimen>
    <dimen name="dm_068">-76px</dimen>
    <dimen name="dm_067">-74px</dimen>
    <dimen name="dm_066">-73px</dimen>
    <dimen name="dm_065">-72px</dimen>
    <dimen name="dm_064">-71px</dimen>
    <dimen name="dm_063">-70px</dimen>
    <dimen name="dm_062">-69px</dimen>
    <dimen name="dm_061">-68px</dimen>
    <dimen name="dm_060">-67px</dimen>
    <dimen name="dm_059">-65px</dimen>
    <dimen name="dm_058">-64px</dimen>
    <dimen name="dm_057">-63px</dimen>
    <dimen name="dm_056">-62px</dimen>
    <dimen name="dm_055">-61px</dimen>
    <dimen name="dm_054">-60px</dimen>
    <dimen name="dm_053">-59px</dimen>
    <dimen name="dm_052">-58px</dimen>
    <dimen name="dm_051">-56px</dimen>
    <dimen name="dm_050">-55px</dimen>
    <dimen name="dm_049">-54px</dimen>
    <dimen name="dm_048">-53px</dimen>
    <dimen name="dm_047">-52px</dimen>
    <dimen name="dm_046">-51px</dimen>
    <dimen name="dm_045">-50px</dimen>
    <dimen name="dm_044">-49px</dimen>
    <dimen name="dm_043">-47px</dimen>
    <dimen name="dm_042">-46px</dimen>
    <dimen name="dm_041">-45px</dimen>
    <dimen name="dm_040">-44px</dimen>
    <dimen name="dm_039">-43px</dimen>
    <dimen name="dm_038">-42px</dimen>
    <dimen name="dm_037">-41px</dimen>
    <dimen name="dm_036">-40px</dimen>
    <dimen name="dm_035">-38px</dimen>
    <dimen name="dm_034">-37px</dimen>
    <dimen name="dm_033">-36px</dimen>
    <dimen name="dm_032">-35px</dimen>
    <dimen name="dm_031">-34px</dimen>
    <dimen name="dm_030">-33px</dimen>
    <dimen name="dm_029">-32px</dimen>
    <dimen name="dm_028">-31px</dimen>
    <dimen name="dm_027">-29px</dimen>
    <dimen name="dm_026">-28px</dimen>
    <dimen name="dm_025">-27px</dimen>
    <dimen name="dm_024">-26px</dimen>
    <dimen name="dm_023">-25px</dimen>
    <dimen name="dm_022">-24px</dimen>
    <dimen name="dm_021">-23px</dimen>
    <dimen name="dm_020">-22px</dimen>
    <dimen name="dm_019">-20px</dimen>
    <dimen name="dm_018">-19px</dimen>
    <dimen name="dm_017">-18px</dimen>
    <dimen name="dm_016">-17px</dimen>
    <dimen name="dm_015">-16px</dimen>
    <dimen name="dm_014">-15px</dimen>
    <dimen name="dm_013">-14px</dimen>
    <dimen name="dm_012">-13px</dimen>
    <dimen name="dm_011">-11px</dimen>
    <dimen name="dm_010">-10px</dimen>
    <dimen name="dm_009">-9px</dimen>
    <dimen name="dm_008">-8px</dimen>
    <dimen name="dm_007">-7px</dimen>
    <dimen name="dm_006">-6px</dimen>
    <dimen name="dm_005">-5px</dimen>
    <dimen name="dm_004">-4px</dimen>
    <dimen name="dm_003">-2px</dimen>
    <dimen name="dm_002">-1px</dimen>
    <dimen name="dm_001">-1px</dimen>
    <dimen name="dm000">0px</dimen>
    <dimen name="dm001">1px</dimen>
    <dimen name="dm002">2px</dimen>
    <dimen name="dm003">3px</dimen>
    <dimen name="dm004">5px</dimen>
    <dimen name="dm005">6px</dimen>
    <dimen name="dm006">7px</dimen>
    <dimen name="dm007">8px</dimen>
    <dimen name="dm008">9px</dimen>
    <dimen name="dm009">10px</dimen>
    <dimen name="dm010">11px</dimen>
    <dimen name="dm011">12px</dimen>
    <dimen name="dm012">14px</dimen>
    <dimen name="dm013">15px</dimen>
    <dimen name="dm014">16px</dimen>
    <dimen name="dm015">17px</dimen>
    <dimen name="dm016">18px</dimen>
    <dimen name="dm017">19px</dimen>
    <dimen name="dm018">20px</dimen>
    <dimen name="dm019">21px</dimen>
    <dimen name="dm020">23px</dimen>
    <dimen name="dm021">24px</dimen>
    <dimen name="dm022">25px</dimen>
    <dimen name="dm023">26px</dimen>
    <dimen name="dm024">27px</dimen>
    <dimen name="dm025">28px</dimen>
    <dimen name="dm026">29px</dimen>
    <dimen name="dm027">30px</dimen>
    <dimen name="dm028">32px</dimen>
    <dimen name="dm029">33px</dimen>
    <dimen name="dm030">34px</dimen>
    <dimen name="dm031">35px</dimen>
    <dimen name="dm032">36px</dimen>
    <dimen name="dm033">37px</dimen>
    <dimen name="dm034">38px</dimen>
    <dimen name="dm035">39px</dimen>
    <dimen name="dm036">41px</dimen>
    <dimen name="dm037">42px</dimen>
    <dimen name="dm038">43px</dimen>
    <dimen name="dm039">44px</dimen>
    <dimen name="dm040">45px</dimen>
    <dimen name="dm041">46px</dimen>
    <dimen name="dm042">47px</dimen>
    <dimen name="dm043">48px</dimen>
    <dimen name="dm044">50px</dimen>
    <dimen name="dm045">51px</dimen>
    <dimen name="dm046">52px</dimen>
    <dimen name="dm047">53px</dimen>
    <dimen name="dm048">54px</dimen>
    <dimen name="dm049">55px</dimen>
    <dimen name="dm050">56px</dimen>
    <dimen name="dm051">57px</dimen>
    <dimen name="dm052">59px</dimen>
    <dimen name="dm053">60px</dimen>
    <dimen name="dm054">61px</dimen>
    <dimen name="dm055">62px</dimen>
    <dimen name="dm056">63px</dimen>
    <dimen name="dm057">64px</dimen>
    <dimen name="dm058">65px</dimen>
    <dimen name="dm059">66px</dimen>
    <dimen name="dm060">68px</dimen>
    <dimen name="dm061">69px</dimen>
    <dimen name="dm062">70px</dimen>
    <dimen name="dm063">71px</dimen>
    <dimen name="dm064">72px</dimen>
    <dimen name="dm065">73px</dimen>
    <dimen name="dm066">74px</dimen>
    <dimen name="dm067">75px</dimen>
    <dimen name="dm068">77px</dimen>
    <dimen name="dm069">78px</dimen>
    <dimen name="dm070">79px</dimen>
    <dimen name="dm071">80px</dimen>
    <dimen name="dm072">81px</dimen>
    <dimen name="dm073">82px</dimen>
    <dimen name="dm074">83px</dimen>
    <dimen name="dm075">84px</dimen>
    <dimen name="dm076">86px</dimen>
    <dimen name="dm077">87px</dimen>
    <dimen name="dm078">88px</dimen>
    <dimen name="dm079">89px</dimen>
    <dimen name="dm080">90px</dimen>
    <dimen name="dm081">91px</dimen>
    <dimen name="dm082">92px</dimen>
    <dimen name="dm083">93px</dimen>
    <dimen name="dm084">95px</dimen>
    <dimen name="dm085">96px</dimen>
    <dimen name="dm086">97px</dimen>
    <dimen name="dm087">98px</dimen>
    <dimen name="dm088">99px</dimen>
    <dimen name="dm089">100px</dimen>
    <dimen name="dm090">101px</dimen>
    <dimen name="dm091">102px</dimen>
    <dimen name="dm092">104px</dimen>
    <dimen name="dm093">105px</dimen>
    <dimen name="dm094">106px</dimen>
    <dimen name="dm095">107px</dimen>
    <dimen name="dm096">108px</dimen>
    <dimen name="dm097">109px</dimen>
    <dimen name="dm098">110px</dimen>
    <dimen name="dm099">111px</dimen>
    <dimen name="dm100">113px</dimen>
    <dimen name="dm101">114px</dimen>
    <dimen name="dm102">115px</dimen>
    <dimen name="dm103">116px</dimen>
    <dimen name="dm104">117px</dimen>
    <dimen name="dm105">118px</dimen>
    <dimen name="dm106">119px</dimen>
    <dimen name="dm107">120px</dimen>
    <dimen name="dm108">122px</dimen>
    <dimen name="dm109">123px</dimen>
    <dimen name="dm110">124px</dimen>
    <dimen name="dm111">125px</dimen>
    <dimen name="dm112">126px</dimen>
    <dimen name="dm113">127px</dimen>
    <dimen name="dm114">128px</dimen>
    <dimen name="dm115">129px</dimen>
    <dimen name="dm116">131px</dimen>
    <dimen name="dm117">132px</dimen>
    <dimen name="dm118">133px</dimen>
    <dimen name="dm119">134px</dimen>
    <dimen name="dm120">135px</dimen>
    <dimen name="dm121">136px</dimen>
    <dimen name="dm122">137px</dimen>
    <dimen name="dm123">138px</dimen>
    <dimen name="dm124">140px</dimen>
    <dimen name="dm125">141px</dimen>
    <dimen name="dm126">142px</dimen>
    <dimen name="dm127">143px</dimen>
    <dimen name="dm128">144px</dimen>
    <dimen name="dm129">145px</dimen>
    <dimen name="dm130">146px</dimen>
    <dimen name="dm131">147px</dimen>
    <dimen name="dm132">149px</dimen>
    <dimen name="dm133">150px</dimen>
    <dimen name="dm134">151px</dimen>
    <dimen name="dm135">152px</dimen>
    <dimen name="dm136">153px</dimen>
    <dimen name="dm137">154px</dimen>
    <dimen name="dm138">155px</dimen>
    <dimen name="dm139">156px</dimen>
    <dimen name="dm140">158px</dimen>
    <dimen name="dm141">159px</dimen>
    <dimen name="dm142">160px</dimen>
    <dimen name="dm143">161px</dimen>
    <dimen name="dm144">162px</dimen>
    <dimen name="dm145">163px</dimen>
    <dimen name="dm146">164px</dimen>
    <dimen name="dm147">165px</dimen>
    <dimen name="dm148">167px</dimen>
    <dimen name="dm149">168px</dimen>
    <dimen name="dm150">169px</dimen>
    <dimen name="dm151">170px</dimen>
    <dimen name="dm152">171px</dimen>
    <dimen name="dm153">172px</dimen>
    <dimen name="dm154">173px</dimen>
    <dimen name="dm155">174px</dimen>
    <dimen name="dm156">176px</dimen>
    <dimen name="dm157">177px</dimen>
    <dimen name="dm158">178px</dimen>
    <dimen name="dm159">179px</dimen>
    <dimen name="dm160">180px</dimen>
    <dimen name="dm161">181px</dimen>
    <dimen name="dm162">182px</dimen>
    <dimen name="dm163">183px</dimen>
    <dimen name="dm164">185px</dimen>
    <dimen name="dm165">186px</dimen>
    <dimen name="dm166">187px</dimen>
    <dimen name="dm167">188px</dimen>
    <dimen name="dm168">189px</dimen>
    <dimen name="dm169">190px</dimen>
    <dimen name="dm170">191px</dimen>
    <dimen name="dm171">192px</dimen>
    <dimen name="dm172">194px</dimen>
    <dimen name="dm173">195px</dimen>
    <dimen name="dm174">196px</dimen>
    <dimen name="dm175">197px</dimen>
    <dimen name="dm176">198px</dimen>
    <dimen name="dm177">199px</dimen>
    <dimen name="dm178">200px</dimen>
    <dimen name="dm179">201px</dimen>
    <dimen name="dm180">203px</dimen>
    <dimen name="dm181">204px</dimen>
    <dimen name="dm182">205px</dimen>
    <dimen name="dm183">206px</dimen>
    <dimen name="dm184">207px</dimen>
    <dimen name="dm185">208px</dimen>
    <dimen name="dm186">209px</dimen>
    <dimen name="dm187">210px</dimen>
    <dimen name="dm188">212px</dimen>
    <dimen name="dm189">213px</dimen>
    <dimen name="dm190">214px</dimen>
    <dimen name="dm191">215px</dimen>
    <dimen name="dm192">216px</dimen>
    <dimen name="dm193">217px</dimen>
    <dimen name="dm194">218px</dimen>
    <dimen name="dm195">219px</dimen>
    <dimen name="dm196">221px</dimen>
    <dimen name="dm197">222px</dimen>
    <dimen name="dm198">223px</dimen>
    <dimen name="dm199">224px</dimen>
    <dimen name="dm200">225px</dimen>
    <dimen name="dm201">226px</dimen>
    <dimen name="dm202">227px</dimen>
    <dimen name="dm203">228px</dimen>
    <dimen name="dm204">230px</dimen>
    <dimen name="dm205">231px</dimen>
    <dimen name="dm206">232px</dimen>
    <dimen name="dm207">233px</dimen>
    <dimen name="dm208">234px</dimen>
    <dimen name="dm209">235px</dimen>
    <dimen name="dm210">236px</dimen>
    <dimen name="dm211">237px</dimen>
    <dimen name="dm212">239px</dimen>
    <dimen name="dm213">240px</dimen>
    <dimen name="dm214">241px</dimen>
    <dimen name="dm215">242px</dimen>
    <dimen name="dm216">243px</dimen>
    <dimen name="dm217">244px</dimen>
    <dimen name="dm218">245px</dimen>
    <dimen name="dm219">246px</dimen>
    <dimen name="dm220">248px</dimen>
    <dimen name="dm221">249px</dimen>
    <dimen name="dm222">250px</dimen>
    <dimen name="dm223">251px</dimen>
    <dimen name="dm224">252px</dimen>
    <dimen name="dm225">253px</dimen>
    <dimen name="dm226">254px</dimen>
    <dimen name="dm227">255px</dimen>
    <dimen name="dm228">257px</dimen>
    <dimen name="dm229">258px</dimen>
    <dimen name="dm230">259px</dimen>
    <dimen name="dm231">260px</dimen>
    <dimen name="dm232">261px</dimen>
    <dimen name="dm233">262px</dimen>
    <dimen name="dm234">263px</dimen>
    <dimen name="dm235">264px</dimen>
    <dimen name="dm236">266px</dimen>
    <dimen name="dm237">267px</dimen>
    <dimen name="dm238">268px</dimen>
    <dimen name="dm239">269px</dimen>
    <dimen name="dm240">270px</dimen>
    <dimen name="dm241">271px</dimen>
    <dimen name="dm242">272px</dimen>
    <dimen name="dm243">273px</dimen>
    <dimen name="dm244">275px</dimen>
    <dimen name="dm245">276px</dimen>
    <dimen name="dm246">277px</dimen>
    <dimen name="dm247">278px</dimen>
    <dimen name="dm248">279px</dimen>
    <dimen name="dm249">280px</dimen>
    <dimen name="dm250">281px</dimen>
    <dimen name="dm251">282px</dimen>
    <dimen name="dm252">284px</dimen>
    <dimen name="dm253">285px</dimen>
    <dimen name="dm254">286px</dimen>
    <dimen name="dm255">287px</dimen>
    <dimen name="dm256">288px</dimen>
    <dimen name="dm257">289px</dimen>
    <dimen name="dm258">290px</dimen>
    <dimen name="dm259">291px</dimen>
    <dimen name="dm260">293px</dimen>
    <dimen name="dm261">294px</dimen>
    <dimen name="dm262">295px</dimen>
    <dimen name="dm263">296px</dimen>
    <dimen name="dm264">297px</dimen>
    <dimen name="dm265">298px</dimen>
    <dimen name="dm266">299px</dimen>
    <dimen name="dm267">300px</dimen>
    <dimen name="dm268">302px</dimen>
    <dimen name="dm269">303px</dimen>
    <dimen name="dm270">304px</dimen>
    <dimen name="dm271">305px</dimen>
    <dimen name="dm272">306px</dimen>
    <dimen name="dm273">307px</dimen>
    <dimen name="dm274">308px</dimen>
    <dimen name="dm275">309px</dimen>
    <dimen name="dm276">311px</dimen>
    <dimen name="dm277">312px</dimen>
    <dimen name="dm278">313px</dimen>
    <dimen name="dm279">314px</dimen>
    <dimen name="dm280">315px</dimen>
    <dimen name="dm281">316px</dimen>
    <dimen name="dm282">317px</dimen>
    <dimen name="dm283">318px</dimen>
    <dimen name="dm284">320px</dimen>
    <dimen name="dm285">321px</dimen>
    <dimen name="dm286">322px</dimen>
    <dimen name="dm287">323px</dimen>
    <dimen name="dm288">324px</dimen>
    <dimen name="dm289">325px</dimen>
    <dimen name="dm290">326px</dimen>
    <dimen name="dm291">327px</dimen>
    <dimen name="dm292">329px</dimen>
    <dimen name="dm293">330px</dimen>
    <dimen name="dm294">331px</dimen>
    <dimen name="dm295">332px</dimen>
    <dimen name="dm296">333px</dimen>
    <dimen name="dm297">334px</dimen>
    <dimen name="dm298">335px</dimen>
    <dimen name="dm299">336px</dimen>
    <dimen name="dm300">338px</dimen>
    <dimen name="dm301">339px</dimen>
    <dimen name="dm302">340px</dimen>
    <dimen name="dm303">341px</dimen>
    <dimen name="dm304">342px</dimen>
    <dimen name="dm305">343px</dimen>
    <dimen name="dm306">344px</dimen>
    <dimen name="dm307">345px</dimen>
    <dimen name="dm308">347px</dimen>
    <dimen name="dm309">348px</dimen>
    <dimen name="dm310">349px</dimen>
    <dimen name="dm311">350px</dimen>
    <dimen name="dm312">351px</dimen>
    <dimen name="dm313">352px</dimen>
    <dimen name="dm314">353px</dimen>
    <dimen name="dm315">354px</dimen>
    <dimen name="dm316">356px</dimen>
    <dimen name="dm317">357px</dimen>
    <dimen name="dm318">358px</dimen>
    <dimen name="dm319">359px</dimen>
    <dimen name="dm320">360px</dimen>
    <dimen name="dm321">361px</dimen>
    <dimen name="dm322">362px</dimen>
    <dimen name="dm323">363px</dimen>
    <dimen name="dm324">365px</dimen>
    <dimen name="dm325">366px</dimen>
    <dimen name="dm326">367px</dimen>
    <dimen name="dm327">368px</dimen>
    <dimen name="dm328">369px</dimen>
    <dimen name="dm329">370px</dimen>
    <dimen name="dm330">371px</dimen>
    <dimen name="dm331">372px</dimen>
    <dimen name="dm332">374px</dimen>
    <dimen name="dm333">375px</dimen>
    <dimen name="dm334">376px</dimen>
    <dimen name="dm335">377px</dimen>
    <dimen name="dm336">378px</dimen>
    <dimen name="dm337">379px</dimen>
    <dimen name="dm338">380px</dimen>
    <dimen name="dm339">381px</dimen>
    <dimen name="dm340">383px</dimen>
    <dimen name="dm341">384px</dimen>
    <dimen name="dm342">385px</dimen>
    <dimen name="dm343">386px</dimen>
    <dimen name="dm344">387px</dimen>
    <dimen name="dm345">388px</dimen>
    <dimen name="dm346">389px</dimen>
    <dimen name="dm347">390px</dimen>
    <dimen name="dm348">392px</dimen>
    <dimen name="dm349">393px</dimen>
    <dimen name="dm350">394px</dimen>
    <dimen name="dm351">395px</dimen>
    <dimen name="dm352">396px</dimen>
    <dimen name="dm353">397px</dimen>
    <dimen name="dm354">398px</dimen>
    <dimen name="dm355">399px</dimen>
    <dimen name="dm356">401px</dimen>
    <dimen name="dm357">402px</dimen>
    <dimen name="dm358">403px</dimen>
    <dimen name="dm359">404px</dimen>
    <dimen name="dm360">405px</dimen>
    <dimen name="dm361">406px</dimen>
    <dimen name="dm362">407px</dimen>
    <dimen name="dm363">408px</dimen>
    <dimen name="dm364">410px</dimen>
    <dimen name="dm365">411px</dimen>
    <dimen name="dm366">412px</dimen>
    <dimen name="dm367">413px</dimen>
    <dimen name="dm368">414px</dimen>
    <dimen name="dm369">415px</dimen>
    <dimen name="dm370">416px</dimen>
    <dimen name="dm371">417px</dimen>
    <dimen name="dm372">419px</dimen>
    <dimen name="dm373">420px</dimen>
    <dimen name="dm374">421px</dimen>
    <dimen name="dm375">422px</dimen>
    <dimen name="dm376">423px</dimen>
    <dimen name="dm377">424px</dimen>
    <dimen name="dm378">425px</dimen>
    <dimen name="dm379">426px</dimen>
    <dimen name="dm380">428px</dimen>
    <dimen name="dm381">429px</dimen>
    <dimen name="dm382">430px</dimen>
    <dimen name="dm383">431px</dimen>
    <dimen name="dm384">432px</dimen>
    <dimen name="dm385">433px</dimen>
    <dimen name="dm386">434px</dimen>
    <dimen name="dm387">435px</dimen>
    <dimen name="dm388">437px</dimen>
    <dimen name="dm389">438px</dimen>
    <dimen name="dm390">439px</dimen>
    <dimen name="dm391">440px</dimen>
    <dimen name="dm392">441px</dimen>
    <dimen name="dm393">442px</dimen>
    <dimen name="dm394">443px</dimen>
    <dimen name="dm395">444px</dimen>
    <dimen name="dm396">446px</dimen>
    <dimen name="dm397">447px</dimen>
    <dimen name="dm398">448px</dimen>
    <dimen name="dm399">449px</dimen>
    <dimen name="dm400">450px</dimen>
    <dimen name="dm401">451px</dimen>
    <dimen name="dm402">452px</dimen>
    <dimen name="dm403">453px</dimen>
    <dimen name="dm404">455px</dimen>
    <dimen name="dm405">456px</dimen>
    <dimen name="dm406">457px</dimen>
    <dimen name="dm407">458px</dimen>
    <dimen name="dm408">459px</dimen>
    <dimen name="dm409">460px</dimen>
    <dimen name="dm410">461px</dimen>
    <dimen name="dm411">462px</dimen>
    <dimen name="dm412">464px</dimen>
    <dimen name="dm413">465px</dimen>
    <dimen name="dm414">466px</dimen>
    <dimen name="dm415">467px</dimen>
    <dimen name="dm416">468px</dimen>
    <dimen name="dm417">469px</dimen>
    <dimen name="dm418">470px</dimen>
    <dimen name="dm419">471px</dimen>
    <dimen name="dm420">473px</dimen>
    <dimen name="dm421">474px</dimen>
    <dimen name="dm422">475px</dimen>
    <dimen name="dm423">476px</dimen>
    <dimen name="dm424">477px</dimen>
    <dimen name="dm425">478px</dimen>
    <dimen name="dm426">479px</dimen>
    <dimen name="dm427">480px</dimen>
    <dimen name="dm428">482px</dimen>
    <dimen name="dm429">483px</dimen>
    <dimen name="dm430">484px</dimen>
    <dimen name="dm431">485px</dimen>
    <dimen name="dm432">486px</dimen>
    <dimen name="dm433">487px</dimen>
    <dimen name="dm434">488px</dimen>
    <dimen name="dm435">489px</dimen>
    <dimen name="dm436">491px</dimen>
    <dimen name="dm437">492px</dimen>
    <dimen name="dm438">493px</dimen>
    <dimen name="dm439">494px</dimen>
    <dimen name="dm440">495px</dimen>
    <dimen name="dm441">496px</dimen>
    <dimen name="dm442">497px</dimen>
    <dimen name="dm443">498px</dimen>
    <dimen name="dm444">500px</dimen>
    <dimen name="dm445">501px</dimen>
    <dimen name="dm446">502px</dimen>
    <dimen name="dm447">503px</dimen>
    <dimen name="dm448">504px</dimen>
    <dimen name="dm449">505px</dimen>
    <dimen name="dm450">506px</dimen>
    <dimen name="dm451">507px</dimen>
    <dimen name="dm452">509px</dimen>
    <dimen name="dm453">510px</dimen>
    <dimen name="dm454">511px</dimen>
    <dimen name="dm455">512px</dimen>
    <dimen name="dm456">513px</dimen>
    <dimen name="dm457">514px</dimen>
    <dimen name="dm458">515px</dimen>
    <dimen name="dm459">516px</dimen>
    <dimen name="dm460">518px</dimen>
    <dimen name="dm461">519px</dimen>
    <dimen name="dm462">520px</dimen>
    <dimen name="dm463">521px</dimen>
    <dimen name="dm464">522px</dimen>
    <dimen name="dm465">523px</dimen>
    <dimen name="dm466">524px</dimen>
    <dimen name="dm467">525px</dimen>
    <dimen name="dm468">527px</dimen>
    <dimen name="dm469">528px</dimen>
    <dimen name="dm470">529px</dimen>
    <dimen name="dm471">530px</dimen>
    <dimen name="dm472">531px</dimen>
    <dimen name="dm473">532px</dimen>
    <dimen name="dm474">533px</dimen>
    <dimen name="dm475">534px</dimen>
    <dimen name="dm476">536px</dimen>
    <dimen name="dm477">537px</dimen>
    <dimen name="dm478">538px</dimen>
    <dimen name="dm479">539px</dimen>
    <dimen name="dm480">540px</dimen>
    <dimen name="dm481">541px</dimen>
    <dimen name="dm482">542px</dimen>
    <dimen name="dm483">543px</dimen>
    <dimen name="dm484">545px</dimen>
    <dimen name="dm485">546px</dimen>
    <dimen name="dm486">547px</dimen>
    <dimen name="dm487">548px</dimen>
    <dimen name="dm488">549px</dimen>
    <dimen name="dm489">550px</dimen>
    <dimen name="dm490">551px</dimen>
    <dimen name="dm491">552px</dimen>
    <dimen name="dm492">554px</dimen>
    <dimen name="dm493">555px</dimen>
    <dimen name="dm494">556px</dimen>
    <dimen name="dm495">557px</dimen>
    <dimen name="dm496">558px</dimen>
    <dimen name="dm497">559px</dimen>
    <dimen name="dm498">560px</dimen>
    <dimen name="dm499">561px</dimen>
    <dimen name="dm500">563px</dimen>
    <dimen name="dm501">564px</dimen>
    <dimen name="dm502">565px</dimen>
    <dimen name="dm503">566px</dimen>
    <dimen name="dm504">567px</dimen>
    <dimen name="dm505">568px</dimen>
    <dimen name="dm506">569px</dimen>
    <dimen name="dm507">570px</dimen>
    <dimen name="dm508">572px</dimen>
    <dimen name="dm509">573px</dimen>
    <dimen name="dm510">574px</dimen>
    <dimen name="dm511">575px</dimen>
    <dimen name="dm512">576px</dimen>
    <dimen name="dm513">577px</dimen>
    <dimen name="dm514">578px</dimen>
    <dimen name="dm515">579px</dimen>
    <dimen name="dm516">581px</dimen>
    <dimen name="dm517">582px</dimen>
    <dimen name="dm518">583px</dimen>
    <dimen name="dm519">584px</dimen>
    <dimen name="dm520">585px</dimen>
    <dimen name="dm521">586px</dimen>
    <dimen name="dm522">587px</dimen>
    <dimen name="dm523">588px</dimen>
    <dimen name="dm524">590px</dimen>
    <dimen name="dm525">591px</dimen>
    <dimen name="dm526">592px</dimen>
    <dimen name="dm527">593px</dimen>
    <dimen name="dm528">594px</dimen>
    <dimen name="dm529">595px</dimen>
    <dimen name="dm530">596px</dimen>
    <dimen name="dm531">597px</dimen>
    <dimen name="dm532">599px</dimen>
    <dimen name="dm533">600px</dimen>
    <dimen name="dm534">601px</dimen>
    <dimen name="dm535">602px</dimen>
    <dimen name="dm536">603px</dimen>
    <dimen name="dm537">604px</dimen>
    <dimen name="dm538">605px</dimen>
    <dimen name="dm539">606px</dimen>
    <dimen name="dm540">608px</dimen>
    <dimen name="dm541">609px</dimen>
    <dimen name="dm542">610px</dimen>
    <dimen name="dm543">611px</dimen>
    <dimen name="dm544">612px</dimen>
    <dimen name="dm545">613px</dimen>
    <dimen name="dm546">614px</dimen>
    <dimen name="dm547">615px</dimen>
    <dimen name="dm548">617px</dimen>
    <dimen name="dm549">618px</dimen>
    <dimen name="dm550">619px</dimen>
    <dimen name="dm551">620px</dimen>
    <dimen name="dm552">621px</dimen>
    <dimen name="dm553">622px</dimen>
    <dimen name="dm554">623px</dimen>
    <dimen name="dm555">624px</dimen>
    <dimen name="dm556">626px</dimen>
    <dimen name="dm557">627px</dimen>
    <dimen name="dm558">628px</dimen>
    <dimen name="dm559">629px</dimen>
    <dimen name="dm560">630px</dimen>
    <dimen name="dm561">631px</dimen>
    <dimen name="dm562">632px</dimen>
    <dimen name="dm563">633px</dimen>
    <dimen name="dm564">635px</dimen>
    <dimen name="dm565">636px</dimen>
    <dimen name="dm566">637px</dimen>
    <dimen name="dm567">638px</dimen>
    <dimen name="dm568">639px</dimen>
    <dimen name="dm569">640px</dimen>
    <dimen name="dm570">641px</dimen>
    <dimen name="dm571">642px</dimen>
    <dimen name="dm572">644px</dimen>
    <dimen name="dm573">645px</dimen>
    <dimen name="dm574">646px</dimen>
    <dimen name="dm575">647px</dimen>
    <dimen name="dm576">648px</dimen>
    <dimen name="dm577">649px</dimen>
    <dimen name="dm578">650px</dimen>
    <dimen name="dm579">651px</dimen>
    <dimen name="dm580">653px</dimen>
    <dimen name="dm581">654px</dimen>
    <dimen name="dm582">655px</dimen>
    <dimen name="dm583">656px</dimen>
    <dimen name="dm584">657px</dimen>
    <dimen name="dm585">658px</dimen>
    <dimen name="dm586">659px</dimen>
    <dimen name="dm587">660px</dimen>
    <dimen name="dm588">662px</dimen>
    <dimen name="dm589">663px</dimen>
    <dimen name="dm590">664px</dimen>
    <dimen name="dm591">665px</dimen>
    <dimen name="dm592">666px</dimen>
    <dimen name="dm593">667px</dimen>
    <dimen name="dm594">668px</dimen>
    <dimen name="dm595">669px</dimen>
    <dimen name="dm596">671px</dimen>
    <dimen name="dm597">672px</dimen>
    <dimen name="dm598">673px</dimen>
    <dimen name="dm599">674px</dimen>
    <dimen name="dm600">675px</dimen>
    <dimen name="dm601">676px</dimen>
    <dimen name="dm602">677px</dimen>
    <dimen name="dm603">678px</dimen>
    <dimen name="dm604">680px</dimen>
    <dimen name="dm605">681px</dimen>
    <dimen name="dm606">682px</dimen>
    <dimen name="dm607">683px</dimen>
    <dimen name="dm608">684px</dimen>
    <dimen name="dm609">685px</dimen>
    <dimen name="dm610">686px</dimen>
    <dimen name="dm611">687px</dimen>
    <dimen name="dm612">689px</dimen>
    <dimen name="dm613">690px</dimen>
    <dimen name="dm614">691px</dimen>
    <dimen name="dm615">692px</dimen>
    <dimen name="dm616">693px</dimen>
    <dimen name="dm617">694px</dimen>
    <dimen name="dm618">695px</dimen>
    <dimen name="dm619">696px</dimen>
    <dimen name="dm620">698px</dimen>
    <dimen name="dm621">699px</dimen>
    <dimen name="dm622">700px</dimen>
    <dimen name="dm623">701px</dimen>
    <dimen name="dm624">702px</dimen>
    <dimen name="dm625">703px</dimen>
    <dimen name="dm626">704px</dimen>
    <dimen name="dm627">705px</dimen>
    <dimen name="dm628">707px</dimen>
    <dimen name="dm629">708px</dimen>
    <dimen name="dm630">709px</dimen>
    <dimen name="dm631">710px</dimen>
    <dimen name="dm632">711px</dimen>
    <dimen name="dm633">712px</dimen>
    <dimen name="dm634">713px</dimen>
    <dimen name="dm635">714px</dimen>
    <dimen name="dm636">716px</dimen>
    <dimen name="dm637">717px</dimen>
    <dimen name="dm638">718px</dimen>
    <dimen name="dm639">719px</dimen>
    <dimen name="dm640">720px</dimen>
    <dimen name="dm641">721px</dimen>
    <dimen name="dm642">722px</dimen>
    <dimen name="dm643">723px</dimen>
    <dimen name="dm644">725px</dimen>
    <dimen name="dm645">726px</dimen>
    <dimen name="dm646">727px</dimen>
    <dimen name="dm647">728px</dimen>
    <dimen name="dm648">729px</dimen>
    <dimen name="dm649">730px</dimen>
    <dimen name="dm650">731px</dimen>
    <dimen name="dm651">732px</dimen>
    <dimen name="dm652">734px</dimen>
    <dimen name="dm653">735px</dimen>
    <dimen name="dm654">736px</dimen>
    <dimen name="dm655">737px</dimen>
    <dimen name="dm656">738px</dimen>
    <dimen name="dm657">739px</dimen>
    <dimen name="dm658">740px</dimen>
    <dimen name="dm659">741px</dimen>
    <dimen name="dm660">743px</dimen>
    <dimen name="dm661">744px</dimen>
    <dimen name="dm662">745px</dimen>
    <dimen name="dm663">746px</dimen>
    <dimen name="dm664">747px</dimen>
    <dimen name="dm665">748px</dimen>
    <dimen name="dm666">749px</dimen>
    <dimen name="dm667">750px</dimen>
    <dimen name="dm668">752px</dimen>
    <dimen name="dm669">753px</dimen>
    <dimen name="dm670">754px</dimen>
    <dimen name="dm671">755px</dimen>
    <dimen name="dm672">756px</dimen>
    <dimen name="dm673">757px</dimen>
    <dimen name="dm674">758px</dimen>
    <dimen name="dm675">759px</dimen>
    <dimen name="dm676">761px</dimen>
    <dimen name="dm677">762px</dimen>
    <dimen name="dm678">763px</dimen>
    <dimen name="dm679">764px</dimen>
    <dimen name="dm680">765px</dimen>
    <dimen name="dm681">766px</dimen>
    <dimen name="dm682">767px</dimen>
    <dimen name="dm683">768px</dimen>
    <dimen name="dm684">770px</dimen>
    <dimen name="dm685">771px</dimen>
    <dimen name="dm686">772px</dimen>
    <dimen name="dm687">773px</dimen>
    <dimen name="dm688">774px</dimen>
    <dimen name="dm689">775px</dimen>
    <dimen name="dm690">776px</dimen>
    <dimen name="dm691">777px</dimen>
    <dimen name="dm692">779px</dimen>
    <dimen name="dm693">780px</dimen>
    <dimen name="dm694">781px</dimen>
    <dimen name="dm695">782px</dimen>
    <dimen name="dm696">783px</dimen>
    <dimen name="dm697">784px</dimen>
    <dimen name="dm698">785px</dimen>
    <dimen name="dm699">786px</dimen>
    <dimen name="dm700">788px</dimen>
    <dimen name="dm701">789px</dimen>
    <dimen name="dm702">790px</dimen>
    <dimen name="dm703">791px</dimen>
    <dimen name="dm704">792px</dimen>
    <dimen name="dm705">793px</dimen>
    <dimen name="dm706">794px</dimen>
    <dimen name="dm707">795px</dimen>
    <dimen name="dm708">797px</dimen>
    <dimen name="dm709">798px</dimen>
    <dimen name="dm710">799px</dimen>
    <dimen name="dm711">800px</dimen>
    <dimen name="dm712">801px</dimen>
    <dimen name="dm713">802px</dimen>
    <dimen name="dm714">803px</dimen>
    <dimen name="dm715">804px</dimen>
    <dimen name="dm716">806px</dimen>
    <dimen name="dm717">807px</dimen>
    <dimen name="dm718">808px</dimen>
    <dimen name="dm719">809px</dimen>
    <dimen name="dm720">810px</dimen>
    <dimen name="dm721">811px</dimen>
    <dimen name="dm722">812px</dimen>
    <dimen name="dm723">813px</dimen>
    <dimen name="dm724">815px</dimen>
    <dimen name="dm725">816px</dimen>
    <dimen name="dm726">817px</dimen>
    <dimen name="dm727">818px</dimen>
    <dimen name="dm728">819px</dimen>
    <dimen name="dm729">820px</dimen>
    <dimen name="dm730">821px</dimen>
    <dimen name="dm731">822px</dimen>
    <dimen name="dm732">824px</dimen>
    <dimen name="dm733">825px</dimen>
    <dimen name="dm734">826px</dimen>
    <dimen name="dm735">827px</dimen>
    <dimen name="dm736">828px</dimen>
    <dimen name="dm737">829px</dimen>
    <dimen name="dm738">830px</dimen>
    <dimen name="dm739">831px</dimen>
    <dimen name="dm740">833px</dimen>
    <dimen name="dm741">834px</dimen>
    <dimen name="dm742">835px</dimen>
    <dimen name="dm743">836px</dimen>
    <dimen name="dm744">837px</dimen>
    <dimen name="dm745">838px</dimen>
    <dimen name="dm746">839px</dimen>
    <dimen name="dm747">840px</dimen>
    <dimen name="dm748">842px</dimen>
    <dimen name="dm749">843px</dimen>
    <dimen name="dm750">844px</dimen>
    <dimen name="dm751">845px</dimen>
    <dimen name="dm752">846px</dimen>
    <dimen name="dm753">847px</dimen>
    <dimen name="dm754">848px</dimen>
    <dimen name="dm755">849px</dimen>
    <dimen name="dm756">851px</dimen>
    <dimen name="dm757">852px</dimen>
    <dimen name="dm758">853px</dimen>
    <dimen name="dm759">854px</dimen>
    <dimen name="dm760">855px</dimen>
    <dimen name="dm761">856px</dimen>
    <dimen name="dm762">857px</dimen>
    <dimen name="dm763">858px</dimen>
    <dimen name="dm764">860px</dimen>
    <dimen name="dm765">861px</dimen>
    <dimen name="dm766">862px</dimen>
    <dimen name="dm767">863px</dimen>
    <dimen name="dm768">864px</dimen>
    <dimen name="dm769">865px</dimen>
    <dimen name="dm770">866px</dimen>
    <dimen name="dm771">867px</dimen>
    <dimen name="dm772">869px</dimen>
    <dimen name="dm773">870px</dimen>
    <dimen name="dm774">871px</dimen>
    <dimen name="dm775">872px</dimen>
    <dimen name="dm776">873px</dimen>
    <dimen name="dm777">874px</dimen>
    <dimen name="dm778">875px</dimen>
    <dimen name="dm779">876px</dimen>
    <dimen name="dm780">878px</dimen>
    <dimen name="dm781">879px</dimen>
    <dimen name="dm782">880px</dimen>
    <dimen name="dm783">881px</dimen>
    <dimen name="dm784">882px</dimen>
    <dimen name="dm785">883px</dimen>
    <dimen name="dm786">884px</dimen>
    <dimen name="dm787">885px</dimen>
    <dimen name="dm788">887px</dimen>
    <dimen name="dm789">888px</dimen>
    <dimen name="dm790">889px</dimen>
    <dimen name="dm791">890px</dimen>
    <dimen name="dm792">891px</dimen>
    <dimen name="dm793">892px</dimen>
    <dimen name="dm794">893px</dimen>
    <dimen name="dm795">894px</dimen>
    <dimen name="dm796">896px</dimen>
    <dimen name="dm797">897px</dimen>
    <dimen name="dm798">898px</dimen>
    <dimen name="dm799">899px</dimen>
    <dimen name="dm800">900px</dimen>
    <dimen name="dm801">901px</dimen>
    <dimen name="dm802">902px</dimen>
    <dimen name="dm803">903px</dimen>
    <dimen name="dm804">905px</dimen>
    <dimen name="dm805">906px</dimen>
    <dimen name="dm806">907px</dimen>
    <dimen name="dm807">908px</dimen>
    <dimen name="dm808">909px</dimen>
    <dimen name="dm809">910px</dimen>
    <dimen name="dm810">911px</dimen>
    <dimen name="dm811">912px</dimen>
    <dimen name="dm812">914px</dimen>
    <dimen name="dm813">915px</dimen>
    <dimen name="dm814">916px</dimen>
    <dimen name="dm815">917px</dimen>
    <dimen name="dm816">918px</dimen>
    <dimen name="dm817">919px</dimen>
    <dimen name="dm818">920px</dimen>
    <dimen name="dm819">921px</dimen>
    <dimen name="dm820">923px</dimen>
    <dimen name="dm821">924px</dimen>
    <dimen name="dm822">925px</dimen>
    <dimen name="dm823">926px</dimen>
    <dimen name="dm824">927px</dimen>
    <dimen name="dm825">928px</dimen>
    <dimen name="dm826">929px</dimen>
    <dimen name="dm827">930px</dimen>
    <dimen name="dm828">932px</dimen>
    <dimen name="dm829">933px</dimen>
    <dimen name="dm830">934px</dimen>
    <dimen name="dm831">935px</dimen>
    <dimen name="dm832">936px</dimen>
    <dimen name="dm833">937px</dimen>
    <dimen name="dm834">938px</dimen>
    <dimen name="dm835">939px</dimen>
    <dimen name="dm836">941px</dimen>
    <dimen name="dm837">942px</dimen>
    <dimen name="dm838">943px</dimen>
    <dimen name="dm839">944px</dimen>
    <dimen name="dm840">945px</dimen>
    <dimen name="dm841">946px</dimen>
    <dimen name="dm842">947px</dimen>
    <dimen name="dm843">948px</dimen>
    <dimen name="dm844">950px</dimen>
    <dimen name="dm845">951px</dimen>
    <dimen name="dm846">952px</dimen>
    <dimen name="dm847">953px</dimen>
    <dimen name="dm848">954px</dimen>
    <dimen name="dm849">955px</dimen>
    <dimen name="dm850">956px</dimen>
    <dimen name="dm851">957px</dimen>
    <dimen name="dm852">959px</dimen>
    <dimen name="dm853">960px</dimen>
    <dimen name="dm854">961px</dimen>
    <dimen name="dm855">962px</dimen>
    <dimen name="dm856">963px</dimen>
    <dimen name="dm857">964px</dimen>
    <dimen name="dm858">965px</dimen>
    <dimen name="dm859">966px</dimen>
    <dimen name="dm860">968px</dimen>
    <dimen name="dm861">969px</dimen>
    <dimen name="dm862">970px</dimen>
    <dimen name="dm863">971px</dimen>
    <dimen name="dm864">972px</dimen>
    <dimen name="dm865">973px</dimen>
    <dimen name="dm866">974px</dimen>
    <dimen name="dm867">975px</dimen>
    <dimen name="dm868">977px</dimen>
    <dimen name="dm869">978px</dimen>
    <dimen name="dm870">979px</dimen>
    <dimen name="dm871">980px</dimen>
    <dimen name="dm872">981px</dimen>
    <dimen name="dm873">982px</dimen>
    <dimen name="dm874">983px</dimen>
    <dimen name="dm875">984px</dimen>
    <dimen name="dm876">986px</dimen>
    <dimen name="dm877">987px</dimen>
    <dimen name="dm878">988px</dimen>
    <dimen name="dm879">989px</dimen>
    <dimen name="dm880">990px</dimen>
    <dimen name="dm881">991px</dimen>
    <dimen name="dm882">992px</dimen>
    <dimen name="dm883">993px</dimen>
    <dimen name="dm884">995px</dimen>
    <dimen name="dm885">996px</dimen>
    <dimen name="dm886">997px</dimen>
    <dimen name="dm887">998px</dimen>
    <dimen name="dm888">999px</dimen>
    <dimen name="dm889">1000px</dimen>
    <dimen name="dm890">1001px</dimen>
    <dimen name="dm891">1002px</dimen>
    <dimen name="dm892">1004px</dimen>
    <dimen name="dm893">1005px</dimen>
    <dimen name="dm894">1006px</dimen>
    <dimen name="dm895">1007px</dimen>
    <dimen name="dm896">1008px</dimen>
    <dimen name="dm897">1009px</dimen>
    <dimen name="dm898">1010px</dimen>
    <dimen name="dm899">1011px</dimen>
    <dimen name="dm900">1013px</dimen>
    <dimen name="dm901">1014px</dimen>
    <dimen name="dm902">1015px</dimen>
    <dimen name="dm903">1016px</dimen>
    <dimen name="dm904">1017px</dimen>
    <dimen name="dm905">1018px</dimen>
    <dimen name="dm906">1019px</dimen>
    <dimen name="dm907">1020px</dimen>
    <dimen name="dm908">1022px</dimen>
    <dimen name="dm909">1023px</dimen>
    <dimen name="dm910">1024px</dimen>
    <dimen name="dm911">1025px</dimen>
    <dimen name="dm912">1026px</dimen>
    <dimen name="dm913">1027px</dimen>
    <dimen name="dm914">1028px</dimen>
    <dimen name="dm915">1029px</dimen>
    <dimen name="dm916">1031px</dimen>
    <dimen name="dm917">1032px</dimen>
    <dimen name="dm918">1033px</dimen>
    <dimen name="dm919">1034px</dimen>
    <dimen name="dm920">1035px</dimen>
    <dimen name="dm921">1036px</dimen>
    <dimen name="dm922">1037px</dimen>
    <dimen name="dm923">1038px</dimen>
    <dimen name="dm924">1040px</dimen>
    <dimen name="dm925">1041px</dimen>
    <dimen name="dm926">1042px</dimen>
    <dimen name="dm927">1043px</dimen>
    <dimen name="dm928">1044px</dimen>
    <dimen name="dm929">1045px</dimen>
    <dimen name="dm930">1046px</dimen>
    <dimen name="dm931">1047px</dimen>
    <dimen name="dm932">1049px</dimen>
    <dimen name="dm933">1050px</dimen>
    <dimen name="dm934">1051px</dimen>
    <dimen name="dm935">1052px</dimen>
    <dimen name="dm936">1053px</dimen>
    <dimen name="dm937">1054px</dimen>
    <dimen name="dm938">1055px</dimen>
    <dimen name="dm939">1056px</dimen>
    <dimen name="dm940">1058px</dimen>
    <dimen name="dm941">1059px</dimen>
    <dimen name="dm942">1060px</dimen>
    <dimen name="dm943">1061px</dimen>
    <dimen name="dm944">1062px</dimen>
    <dimen name="dm945">1063px</dimen>
    <dimen name="dm946">1064px</dimen>
    <dimen name="dm947">1065px</dimen>
    <dimen name="dm948">1067px</dimen>
    <dimen name="dm949">1068px</dimen>
    <dimen name="dm950">1069px</dimen>
    <dimen name="dm951">1070px</dimen>
    <dimen name="dm952">1071px</dimen>
    <dimen name="dm953">1072px</dimen>
    <dimen name="dm954">1073px</dimen>
    <dimen name="dm955">1074px</dimen>
    <dimen name="dm956">1076px</dimen>
    <dimen name="dm957">1077px</dimen>
    <dimen name="dm958">1078px</dimen>
    <dimen name="dm959">1079px</dimen>
    <dimen name="dm960">1080px</dimen>
    <dimen name="dm961">1081px</dimen>
    <dimen name="dm962">1082px</dimen>
    <dimen name="dm963">1083px</dimen>
    <dimen name="dm964">1085px</dimen>
    <dimen name="dm965">1086px</dimen>
    <dimen name="dm966">1087px</dimen>
    <dimen name="dm967">1088px</dimen>
    <dimen name="dm968">1089px</dimen>
    <dimen name="dm969">1090px</dimen>
    <dimen name="dm970">1091px</dimen>
    <dimen name="dm971">1092px</dimen>
    <dimen name="dm972">1094px</dimen>
    <dimen name="dm973">1095px</dimen>
    <dimen name="dm974">1096px</dimen>
    <dimen name="dm975">1097px</dimen>
    <dimen name="dm976">1098px</dimen>
    <dimen name="dm977">1099px</dimen>
    <dimen name="dm978">1100px</dimen>
    <dimen name="dm979">1101px</dimen>
    <dimen name="dm980">1103px</dimen>
    <dimen name="dm981">1104px</dimen>
    <dimen name="dm982">1105px</dimen>
    <dimen name="dm983">1106px</dimen>
    <dimen name="dm984">1107px</dimen>
    <dimen name="dm985">1108px</dimen>
    <dimen name="dm986">1109px</dimen>
    <dimen name="dm987">1110px</dimen>
    <dimen name="dm988">1112px</dimen>
    <dimen name="dm989">1113px</dimen>
    <dimen name="dm990">1114px</dimen>
    <dimen name="dm991">1115px</dimen>
    <dimen name="dm992">1116px</dimen>
    <dimen name="dm993">1117px</dimen>
    <dimen name="dm994">1118px</dimen>
    <dimen name="dm995">1119px</dimen>
    <dimen name="dm996">1121px</dimen>
    <dimen name="dm997">1122px</dimen>
    <dimen name="dm998">1123px</dimen>
    <dimen name="dm999">1124px</dimen>

</resources>