<resources>

    <dimen name="dm_200">-74px</dimen>
    <dimen name="dm_199">-74px</dimen>
    <dimen name="dm_198">-73px</dimen>
    <dimen name="dm_197">-73px</dimen>
    <dimen name="dm_196">-73px</dimen>
    <dimen name="dm_195">-72px</dimen>
    <dimen name="dm_194">-72px</dimen>
    <dimen name="dm_193">-71px</dimen>
    <dimen name="dm_192">-71px</dimen>
    <dimen name="dm_191">-71px</dimen>
    <dimen name="dm_190">-70px</dimen>
    <dimen name="dm_189">-70px</dimen>
    <dimen name="dm_188">-70px</dimen>
    <dimen name="dm_187">-69px</dimen>
    <dimen name="dm_186">-69px</dimen>
    <dimen name="dm_185">-68px</dimen>
    <dimen name="dm_184">-68px</dimen>
    <dimen name="dm_183">-68px</dimen>
    <dimen name="dm_182">-67px</dimen>
    <dimen name="dm_181">-67px</dimen>
    <dimen name="dm_180">-67px</dimen>
    <dimen name="dm_179">-66px</dimen>
    <dimen name="dm_178">-66px</dimen>
    <dimen name="dm_177">-65px</dimen>
    <dimen name="dm_176">-65px</dimen>
    <dimen name="dm_175">-65px</dimen>
    <dimen name="dm_174">-64px</dimen>
    <dimen name="dm_173">-64px</dimen>
    <dimen name="dm_172">-64px</dimen>
    <dimen name="dm_171">-63px</dimen>
    <dimen name="dm_170">-63px</dimen>
    <dimen name="dm_169">-62px</dimen>
    <dimen name="dm_168">-62px</dimen>
    <dimen name="dm_167">-62px</dimen>
    <dimen name="dm_166">-61px</dimen>
    <dimen name="dm_165">-61px</dimen>
    <dimen name="dm_164">-61px</dimen>
    <dimen name="dm_163">-60px</dimen>
    <dimen name="dm_162">-60px</dimen>
    <dimen name="dm_161">-59px</dimen>
    <dimen name="dm_160">-59px</dimen>
    <dimen name="dm_159">-59px</dimen>
    <dimen name="dm_158">-58px</dimen>
    <dimen name="dm_157">-58px</dimen>
    <dimen name="dm_156">-58px</dimen>
    <dimen name="dm_155">-57px</dimen>
    <dimen name="dm_154">-57px</dimen>
    <dimen name="dm_153">-56px</dimen>
    <dimen name="dm_152">-56px</dimen>
    <dimen name="dm_151">-56px</dimen>
    <dimen name="dm_150">-55px</dimen>
    <dimen name="dm_149">-55px</dimen>
    <dimen name="dm_148">-55px</dimen>
    <dimen name="dm_147">-54px</dimen>
    <dimen name="dm_146">-54px</dimen>
    <dimen name="dm_145">-53px</dimen>
    <dimen name="dm_144">-53px</dimen>
    <dimen name="dm_143">-53px</dimen>
    <dimen name="dm_142">-52px</dimen>
    <dimen name="dm_141">-52px</dimen>
    <dimen name="dm_140">-52px</dimen>
    <dimen name="dm_139">-51px</dimen>
    <dimen name="dm_138">-51px</dimen>
    <dimen name="dm_137">-50px</dimen>
    <dimen name="dm_136">-50px</dimen>
    <dimen name="dm_135">-50px</dimen>
    <dimen name="dm_134">-49px</dimen>
    <dimen name="dm_133">-49px</dimen>
    <dimen name="dm_132">-49px</dimen>
    <dimen name="dm_131">-48px</dimen>
    <dimen name="dm_130">-48px</dimen>
    <dimen name="dm_129">-47px</dimen>
    <dimen name="dm_128">-47px</dimen>
    <dimen name="dm_127">-47px</dimen>
    <dimen name="dm_126">-46px</dimen>
    <dimen name="dm_125">-46px</dimen>
    <dimen name="dm_124">-46px</dimen>
    <dimen name="dm_123">-45px</dimen>
    <dimen name="dm_122">-45px</dimen>
    <dimen name="dm_121">-44px</dimen>
    <dimen name="dm_120">-44px</dimen>
    <dimen name="dm_119">-44px</dimen>
    <dimen name="dm_118">-43px</dimen>
    <dimen name="dm_117">-43px</dimen>
    <dimen name="dm_116">-43px</dimen>
    <dimen name="dm_115">-42px</dimen>
    <dimen name="dm_114">-42px</dimen>
    <dimen name="dm_113">-41px</dimen>
    <dimen name="dm_112">-41px</dimen>
    <dimen name="dm_111">-41px</dimen>
    <dimen name="dm_110">-40px</dimen>
    <dimen name="dm_109">-40px</dimen>
    <dimen name="dm_108">-40px</dimen>
    <dimen name="dm_107">-39px</dimen>
    <dimen name="dm_106">-39px</dimen>
    <dimen name="dm_105">-38px</dimen>
    <dimen name="dm_104">-38px</dimen>
    <dimen name="dm_103">-38px</dimen>
    <dimen name="dm_102">-37px</dimen>
    <dimen name="dm_101">-37px</dimen>
    <dimen name="dm_100">-37px</dimen>
    <dimen name="dm_099">-36px</dimen>
    <dimen name="dm_098">-36px</dimen>
    <dimen name="dm_097">-35px</dimen>
    <dimen name="dm_096">-35px</dimen>
    <dimen name="dm_095">-35px</dimen>
    <dimen name="dm_094">-34px</dimen>
    <dimen name="dm_093">-34px</dimen>
    <dimen name="dm_092">-34px</dimen>
    <dimen name="dm_091">-33px</dimen>
    <dimen name="dm_090">-33px</dimen>
    <dimen name="dm_089">-32px</dimen>
    <dimen name="dm_088">-32px</dimen>
    <dimen name="dm_087">-32px</dimen>
    <dimen name="dm_086">-31px</dimen>
    <dimen name="dm_085">-31px</dimen>
    <dimen name="dm_084">-31px</dimen>
    <dimen name="dm_083">-30px</dimen>
    <dimen name="dm_082">-30px</dimen>
    <dimen name="dm_081">-29px</dimen>
    <dimen name="dm_080">-29px</dimen>
    <dimen name="dm_079">-29px</dimen>
    <dimen name="dm_078">-28px</dimen>
    <dimen name="dm_077">-28px</dimen>
    <dimen name="dm_076">-28px</dimen>
    <dimen name="dm_075">-27px</dimen>
    <dimen name="dm_074">-27px</dimen>
    <dimen name="dm_073">-26px</dimen>
    <dimen name="dm_072">-26px</dimen>
    <dimen name="dm_071">-26px</dimen>
    <dimen name="dm_070">-25px</dimen>
    <dimen name="dm_069">-25px</dimen>
    <dimen name="dm_068">-25px</dimen>
    <dimen name="dm_067">-24px</dimen>
    <dimen name="dm_066">-24px</dimen>
    <dimen name="dm_065">-23px</dimen>
    <dimen name="dm_064">-23px</dimen>
    <dimen name="dm_063">-23px</dimen>
    <dimen name="dm_062">-22px</dimen>
    <dimen name="dm_061">-22px</dimen>
    <dimen name="dm_060">-22px</dimen>
    <dimen name="dm_059">-21px</dimen>
    <dimen name="dm_058">-21px</dimen>
    <dimen name="dm_057">-20px</dimen>
    <dimen name="dm_056">-20px</dimen>
    <dimen name="dm_055">-20px</dimen>
    <dimen name="dm_054">-19px</dimen>
    <dimen name="dm_053">-19px</dimen>
    <dimen name="dm_052">-19px</dimen>
    <dimen name="dm_051">-18px</dimen>
    <dimen name="dm_050">-18px</dimen>
    <dimen name="dm_049">-17px</dimen>
    <dimen name="dm_048">-17px</dimen>
    <dimen name="dm_047">-17px</dimen>
    <dimen name="dm_046">-16px</dimen>
    <dimen name="dm_045">-16px</dimen>
    <dimen name="dm_044">-16px</dimen>
    <dimen name="dm_043">-15px</dimen>
    <dimen name="dm_042">-15px</dimen>
    <dimen name="dm_041">-14px</dimen>
    <dimen name="dm_040">-14px</dimen>
    <dimen name="dm_039">-14px</dimen>
    <dimen name="dm_038">-13px</dimen>
    <dimen name="dm_037">-13px</dimen>
    <dimen name="dm_036">-13px</dimen>
    <dimen name="dm_035">-12px</dimen>
    <dimen name="dm_034">-12px</dimen>
    <dimen name="dm_033">-11px</dimen>
    <dimen name="dm_032">-11px</dimen>
    <dimen name="dm_031">-11px</dimen>
    <dimen name="dm_030">-10px</dimen>
    <dimen name="dm_029">-10px</dimen>
    <dimen name="dm_028">-10px</dimen>
    <dimen name="dm_027">-9px</dimen>
    <dimen name="dm_026">-9px</dimen>
    <dimen name="dm_025">-8px</dimen>
    <dimen name="dm_024">-8px</dimen>
    <dimen name="dm_023">-8px</dimen>
    <dimen name="dm_022">-7px</dimen>
    <dimen name="dm_021">-7px</dimen>
    <dimen name="dm_020">-7px</dimen>
    <dimen name="dm_019">-6px</dimen>
    <dimen name="dm_018">-6px</dimen>
    <dimen name="dm_017">-5px</dimen>
    <dimen name="dm_016">-5px</dimen>
    <dimen name="dm_015">-5px</dimen>
    <dimen name="dm_014">-4px</dimen>
    <dimen name="dm_013">-4px</dimen>
    <dimen name="dm_012">-4px</dimen>
    <dimen name="dm_011">-3px</dimen>
    <dimen name="dm_010">-3px</dimen>
    <dimen name="dm_009">-2px</dimen>
    <dimen name="dm_008">-2px</dimen>
    <dimen name="dm_007">-2px</dimen>
    <dimen name="dm_006">-1px</dimen>
    <dimen name="dm_005">-1px</dimen>
    <dimen name="dm_004">-1px</dimen>
    <dimen name="dm_003">-1px</dimen>
    <dimen name="dm_002">-1px</dimen>
    <dimen name="dm_001">-1px</dimen>
    <dimen name="dm000">0px</dimen>
    <dimen name="dm001">1px</dimen>
    <dimen name="dm002">1px</dimen>
    <dimen name="dm003">1px</dimen>
    <dimen name="dm004">2px</dimen>
    <dimen name="dm005">2px</dimen>
    <dimen name="dm006">2px</dimen>
    <dimen name="dm007">3px</dimen>
    <dimen name="dm008">3px</dimen>
    <dimen name="dm009">3px</dimen>
    <dimen name="dm010">4px</dimen>
    <dimen name="dm011">4px</dimen>
    <dimen name="dm012">5px</dimen>
    <dimen name="dm013">5px</dimen>
    <dimen name="dm014">5px</dimen>
    <dimen name="dm015">6px</dimen>
    <dimen name="dm016">6px</dimen>
    <dimen name="dm017">6px</dimen>
    <dimen name="dm018">7px</dimen>
    <dimen name="dm019">7px</dimen>
    <dimen name="dm020">8px</dimen>
    <dimen name="dm021">8px</dimen>
    <dimen name="dm022">8px</dimen>
    <dimen name="dm023">9px</dimen>
    <dimen name="dm024">9px</dimen>
    <dimen name="dm025">9px</dimen>
    <dimen name="dm026">10px</dimen>
    <dimen name="dm027">10px</dimen>
    <dimen name="dm028">11px</dimen>
    <dimen name="dm029">11px</dimen>
    <dimen name="dm030">11px</dimen>
    <dimen name="dm031">12px</dimen>
    <dimen name="dm032">12px</dimen>
    <dimen name="dm033">12px</dimen>
    <dimen name="dm034">13px</dimen>
    <dimen name="dm035">13px</dimen>
    <dimen name="dm036">14px</dimen>
    <dimen name="dm037">14px</dimen>
    <dimen name="dm038">14px</dimen>
    <dimen name="dm039">15px</dimen>
    <dimen name="dm040">15px</dimen>
    <dimen name="dm041">15px</dimen>
    <dimen name="dm042">16px</dimen>
    <dimen name="dm043">16px</dimen>
    <dimen name="dm044">17px</dimen>
    <dimen name="dm045">17px</dimen>
    <dimen name="dm046">17px</dimen>
    <dimen name="dm047">18px</dimen>
    <dimen name="dm048">18px</dimen>
    <dimen name="dm049">18px</dimen>
    <dimen name="dm050">19px</dimen>
    <dimen name="dm051">19px</dimen>
    <dimen name="dm052">20px</dimen>
    <dimen name="dm053">20px</dimen>
    <dimen name="dm054">20px</dimen>
    <dimen name="dm055">21px</dimen>
    <dimen name="dm056">21px</dimen>
    <dimen name="dm057">21px</dimen>
    <dimen name="dm058">22px</dimen>
    <dimen name="dm059">22px</dimen>
    <dimen name="dm060">23px</dimen>
    <dimen name="dm061">23px</dimen>
    <dimen name="dm062">23px</dimen>
    <dimen name="dm063">24px</dimen>
    <dimen name="dm064">24px</dimen>
    <dimen name="dm065">24px</dimen>
    <dimen name="dm066">25px</dimen>
    <dimen name="dm067">25px</dimen>
    <dimen name="dm068">26px</dimen>
    <dimen name="dm069">26px</dimen>
    <dimen name="dm070">26px</dimen>
    <dimen name="dm071">27px</dimen>
    <dimen name="dm072">27px</dimen>
    <dimen name="dm073">27px</dimen>
    <dimen name="dm074">28px</dimen>
    <dimen name="dm075">28px</dimen>
    <dimen name="dm076">29px</dimen>
    <dimen name="dm077">29px</dimen>
    <dimen name="dm078">29px</dimen>
    <dimen name="dm079">30px</dimen>
    <dimen name="dm080">30px</dimen>
    <dimen name="dm081">30px</dimen>
    <dimen name="dm082">31px</dimen>
    <dimen name="dm083">31px</dimen>
    <dimen name="dm084">32px</dimen>
    <dimen name="dm085">32px</dimen>
    <dimen name="dm086">32px</dimen>
    <dimen name="dm087">33px</dimen>
    <dimen name="dm088">33px</dimen>
    <dimen name="dm089">33px</dimen>
    <dimen name="dm090">34px</dimen>
    <dimen name="dm091">34px</dimen>
    <dimen name="dm092">35px</dimen>
    <dimen name="dm093">35px</dimen>
    <dimen name="dm094">35px</dimen>
    <dimen name="dm095">36px</dimen>
    <dimen name="dm096">36px</dimen>
    <dimen name="dm097">36px</dimen>
    <dimen name="dm098">37px</dimen>
    <dimen name="dm099">37px</dimen>
    <dimen name="dm100">38px</dimen>
    <dimen name="dm101">38px</dimen>
    <dimen name="dm102">38px</dimen>
    <dimen name="dm103">39px</dimen>
    <dimen name="dm104">39px</dimen>
    <dimen name="dm105">39px</dimen>
    <dimen name="dm106">40px</dimen>
    <dimen name="dm107">40px</dimen>
    <dimen name="dm108">41px</dimen>
    <dimen name="dm109">41px</dimen>
    <dimen name="dm110">41px</dimen>
    <dimen name="dm111">42px</dimen>
    <dimen name="dm112">42px</dimen>
    <dimen name="dm113">42px</dimen>
    <dimen name="dm114">43px</dimen>
    <dimen name="dm115">43px</dimen>
    <dimen name="dm116">44px</dimen>
    <dimen name="dm117">44px</dimen>
    <dimen name="dm118">44px</dimen>
    <dimen name="dm119">45px</dimen>
    <dimen name="dm120">45px</dimen>
    <dimen name="dm121">45px</dimen>
    <dimen name="dm122">46px</dimen>
    <dimen name="dm123">46px</dimen>
    <dimen name="dm124">47px</dimen>
    <dimen name="dm125">47px</dimen>
    <dimen name="dm126">47px</dimen>
    <dimen name="dm127">48px</dimen>
    <dimen name="dm128">48px</dimen>
    <dimen name="dm129">48px</dimen>
    <dimen name="dm130">49px</dimen>
    <dimen name="dm131">49px</dimen>
    <dimen name="dm132">50px</dimen>
    <dimen name="dm133">50px</dimen>
    <dimen name="dm134">50px</dimen>
    <dimen name="dm135">51px</dimen>
    <dimen name="dm136">51px</dimen>
    <dimen name="dm137">51px</dimen>
    <dimen name="dm138">52px</dimen>
    <dimen name="dm139">52px</dimen>
    <dimen name="dm140">53px</dimen>
    <dimen name="dm141">53px</dimen>
    <dimen name="dm142">53px</dimen>
    <dimen name="dm143">54px</dimen>
    <dimen name="dm144">54px</dimen>
    <dimen name="dm145">54px</dimen>
    <dimen name="dm146">55px</dimen>
    <dimen name="dm147">55px</dimen>
    <dimen name="dm148">56px</dimen>
    <dimen name="dm149">56px</dimen>
    <dimen name="dm150">56px</dimen>
    <dimen name="dm151">57px</dimen>
    <dimen name="dm152">57px</dimen>
    <dimen name="dm153">57px</dimen>
    <dimen name="dm154">58px</dimen>
    <dimen name="dm155">58px</dimen>
    <dimen name="dm156">59px</dimen>
    <dimen name="dm157">59px</dimen>
    <dimen name="dm158">59px</dimen>
    <dimen name="dm159">60px</dimen>
    <dimen name="dm160">60px</dimen>
    <dimen name="dm161">60px</dimen>
    <dimen name="dm162">61px</dimen>
    <dimen name="dm163">61px</dimen>
    <dimen name="dm164">62px</dimen>
    <dimen name="dm165">62px</dimen>
    <dimen name="dm166">62px</dimen>
    <dimen name="dm167">63px</dimen>
    <dimen name="dm168">63px</dimen>
    <dimen name="dm169">63px</dimen>
    <dimen name="dm170">64px</dimen>
    <dimen name="dm171">64px</dimen>
    <dimen name="dm172">65px</dimen>
    <dimen name="dm173">65px</dimen>
    <dimen name="dm174">65px</dimen>
    <dimen name="dm175">66px</dimen>
    <dimen name="dm176">66px</dimen>
    <dimen name="dm177">66px</dimen>
    <dimen name="dm178">67px</dimen>
    <dimen name="dm179">67px</dimen>
    <dimen name="dm180">68px</dimen>
    <dimen name="dm181">68px</dimen>
    <dimen name="dm182">68px</dimen>
    <dimen name="dm183">69px</dimen>
    <dimen name="dm184">69px</dimen>
    <dimen name="dm185">69px</dimen>
    <dimen name="dm186">70px</dimen>
    <dimen name="dm187">70px</dimen>
    <dimen name="dm188">71px</dimen>
    <dimen name="dm189">71px</dimen>
    <dimen name="dm190">71px</dimen>
    <dimen name="dm191">72px</dimen>
    <dimen name="dm192">72px</dimen>
    <dimen name="dm193">72px</dimen>
    <dimen name="dm194">73px</dimen>
    <dimen name="dm195">73px</dimen>
    <dimen name="dm196">74px</dimen>
    <dimen name="dm197">74px</dimen>
    <dimen name="dm198">74px</dimen>
    <dimen name="dm199">75px</dimen>
    <dimen name="dm200">75px</dimen>
    <dimen name="dm201">75px</dimen>
    <dimen name="dm202">76px</dimen>
    <dimen name="dm203">76px</dimen>
    <dimen name="dm204">77px</dimen>
    <dimen name="dm205">77px</dimen>
    <dimen name="dm206">77px</dimen>
    <dimen name="dm207">78px</dimen>
    <dimen name="dm208">78px</dimen>
    <dimen name="dm209">78px</dimen>
    <dimen name="dm210">79px</dimen>
    <dimen name="dm211">79px</dimen>
    <dimen name="dm212">80px</dimen>
    <dimen name="dm213">80px</dimen>
    <dimen name="dm214">80px</dimen>
    <dimen name="dm215">81px</dimen>
    <dimen name="dm216">81px</dimen>
    <dimen name="dm217">81px</dimen>
    <dimen name="dm218">82px</dimen>
    <dimen name="dm219">82px</dimen>
    <dimen name="dm220">83px</dimen>
    <dimen name="dm221">83px</dimen>
    <dimen name="dm222">83px</dimen>
    <dimen name="dm223">84px</dimen>
    <dimen name="dm224">84px</dimen>
    <dimen name="dm225">84px</dimen>
    <dimen name="dm226">85px</dimen>
    <dimen name="dm227">85px</dimen>
    <dimen name="dm228">86px</dimen>
    <dimen name="dm229">86px</dimen>
    <dimen name="dm230">86px</dimen>
    <dimen name="dm231">87px</dimen>
    <dimen name="dm232">87px</dimen>
    <dimen name="dm233">87px</dimen>
    <dimen name="dm234">88px</dimen>
    <dimen name="dm235">88px</dimen>
    <dimen name="dm236">89px</dimen>
    <dimen name="dm237">89px</dimen>
    <dimen name="dm238">89px</dimen>
    <dimen name="dm239">90px</dimen>
    <dimen name="dm240">90px</dimen>
    <dimen name="dm241">90px</dimen>
    <dimen name="dm242">91px</dimen>
    <dimen name="dm243">91px</dimen>
    <dimen name="dm244">92px</dimen>
    <dimen name="dm245">92px</dimen>
    <dimen name="dm246">92px</dimen>
    <dimen name="dm247">93px</dimen>
    <dimen name="dm248">93px</dimen>
    <dimen name="dm249">93px</dimen>
    <dimen name="dm250">94px</dimen>
    <dimen name="dm251">94px</dimen>
    <dimen name="dm252">95px</dimen>
    <dimen name="dm253">95px</dimen>
    <dimen name="dm254">95px</dimen>
    <dimen name="dm255">96px</dimen>
    <dimen name="dm256">96px</dimen>
    <dimen name="dm257">96px</dimen>
    <dimen name="dm258">97px</dimen>
    <dimen name="dm259">97px</dimen>
    <dimen name="dm260">98px</dimen>
    <dimen name="dm261">98px</dimen>
    <dimen name="dm262">98px</dimen>
    <dimen name="dm263">99px</dimen>
    <dimen name="dm264">99px</dimen>
    <dimen name="dm265">99px</dimen>
    <dimen name="dm266">100px</dimen>
    <dimen name="dm267">100px</dimen>
    <dimen name="dm268">101px</dimen>
    <dimen name="dm269">101px</dimen>
    <dimen name="dm270">101px</dimen>
    <dimen name="dm271">102px</dimen>
    <dimen name="dm272">102px</dimen>
    <dimen name="dm273">102px</dimen>
    <dimen name="dm274">103px</dimen>
    <dimen name="dm275">103px</dimen>
    <dimen name="dm276">104px</dimen>
    <dimen name="dm277">104px</dimen>
    <dimen name="dm278">104px</dimen>
    <dimen name="dm279">105px</dimen>
    <dimen name="dm280">105px</dimen>
    <dimen name="dm281">105px</dimen>
    <dimen name="dm282">106px</dimen>
    <dimen name="dm283">106px</dimen>
    <dimen name="dm284">107px</dimen>
    <dimen name="dm285">107px</dimen>
    <dimen name="dm286">107px</dimen>
    <dimen name="dm287">108px</dimen>
    <dimen name="dm288">108px</dimen>
    <dimen name="dm289">108px</dimen>
    <dimen name="dm290">109px</dimen>
    <dimen name="dm291">109px</dimen>
    <dimen name="dm292">110px</dimen>
    <dimen name="dm293">110px</dimen>
    <dimen name="dm294">110px</dimen>
    <dimen name="dm295">111px</dimen>
    <dimen name="dm296">111px</dimen>
    <dimen name="dm297">111px</dimen>
    <dimen name="dm298">112px</dimen>
    <dimen name="dm299">112px</dimen>
    <dimen name="dm300">113px</dimen>
    <dimen name="dm301">113px</dimen>
    <dimen name="dm302">113px</dimen>
    <dimen name="dm303">114px</dimen>
    <dimen name="dm304">114px</dimen>
    <dimen name="dm305">114px</dimen>
    <dimen name="dm306">115px</dimen>
    <dimen name="dm307">115px</dimen>
    <dimen name="dm308">116px</dimen>
    <dimen name="dm309">116px</dimen>
    <dimen name="dm310">116px</dimen>
    <dimen name="dm311">117px</dimen>
    <dimen name="dm312">117px</dimen>
    <dimen name="dm313">117px</dimen>
    <dimen name="dm314">118px</dimen>
    <dimen name="dm315">118px</dimen>
    <dimen name="dm316">119px</dimen>
    <dimen name="dm317">119px</dimen>
    <dimen name="dm318">119px</dimen>
    <dimen name="dm319">120px</dimen>
    <dimen name="dm320">120px</dimen>
    <dimen name="dm321">120px</dimen>
    <dimen name="dm322">121px</dimen>
    <dimen name="dm323">121px</dimen>
    <dimen name="dm324">122px</dimen>
    <dimen name="dm325">122px</dimen>
    <dimen name="dm326">122px</dimen>
    <dimen name="dm327">123px</dimen>
    <dimen name="dm328">123px</dimen>
    <dimen name="dm329">123px</dimen>
    <dimen name="dm330">124px</dimen>
    <dimen name="dm331">124px</dimen>
    <dimen name="dm332">125px</dimen>
    <dimen name="dm333">125px</dimen>
    <dimen name="dm334">125px</dimen>
    <dimen name="dm335">126px</dimen>
    <dimen name="dm336">126px</dimen>
    <dimen name="dm337">126px</dimen>
    <dimen name="dm338">127px</dimen>
    <dimen name="dm339">127px</dimen>
    <dimen name="dm340">128px</dimen>
    <dimen name="dm341">128px</dimen>
    <dimen name="dm342">128px</dimen>
    <dimen name="dm343">129px</dimen>
    <dimen name="dm344">129px</dimen>
    <dimen name="dm345">129px</dimen>
    <dimen name="dm346">130px</dimen>
    <dimen name="dm347">130px</dimen>
    <dimen name="dm348">131px</dimen>
    <dimen name="dm349">131px</dimen>
    <dimen name="dm350">131px</dimen>
    <dimen name="dm351">132px</dimen>
    <dimen name="dm352">132px</dimen>
    <dimen name="dm353">132px</dimen>
    <dimen name="dm354">133px</dimen>
    <dimen name="dm355">133px</dimen>
    <dimen name="dm356">134px</dimen>
    <dimen name="dm357">134px</dimen>
    <dimen name="dm358">134px</dimen>
    <dimen name="dm359">135px</dimen>
    <dimen name="dm360">135px</dimen>
    <dimen name="dm361">135px</dimen>
    <dimen name="dm362">136px</dimen>
    <dimen name="dm363">136px</dimen>
    <dimen name="dm364">137px</dimen>
    <dimen name="dm365">137px</dimen>
    <dimen name="dm366">137px</dimen>
    <dimen name="dm367">138px</dimen>
    <dimen name="dm368">138px</dimen>
    <dimen name="dm369">138px</dimen>
    <dimen name="dm370">139px</dimen>
    <dimen name="dm371">139px</dimen>
    <dimen name="dm372">140px</dimen>
    <dimen name="dm373">140px</dimen>
    <dimen name="dm374">140px</dimen>
    <dimen name="dm375">141px</dimen>
    <dimen name="dm376">141px</dimen>
    <dimen name="dm377">141px</dimen>
    <dimen name="dm378">142px</dimen>
    <dimen name="dm379">142px</dimen>
    <dimen name="dm380">143px</dimen>
    <dimen name="dm381">143px</dimen>
    <dimen name="dm382">143px</dimen>
    <dimen name="dm383">144px</dimen>
    <dimen name="dm384">144px</dimen>
    <dimen name="dm385">144px</dimen>
    <dimen name="dm386">145px</dimen>
    <dimen name="dm387">145px</dimen>
    <dimen name="dm388">146px</dimen>
    <dimen name="dm389">146px</dimen>
    <dimen name="dm390">146px</dimen>
    <dimen name="dm391">147px</dimen>
    <dimen name="dm392">147px</dimen>
    <dimen name="dm393">147px</dimen>
    <dimen name="dm394">148px</dimen>
    <dimen name="dm395">148px</dimen>
    <dimen name="dm396">149px</dimen>
    <dimen name="dm397">149px</dimen>
    <dimen name="dm398">149px</dimen>
    <dimen name="dm399">150px</dimen>
    <dimen name="dm400">150px</dimen>
    <dimen name="dm401">150px</dimen>
    <dimen name="dm402">151px</dimen>
    <dimen name="dm403">151px</dimen>
    <dimen name="dm404">152px</dimen>
    <dimen name="dm405">152px</dimen>
    <dimen name="dm406">152px</dimen>
    <dimen name="dm407">153px</dimen>
    <dimen name="dm408">153px</dimen>
    <dimen name="dm409">153px</dimen>
    <dimen name="dm410">154px</dimen>
    <dimen name="dm411">154px</dimen>
    <dimen name="dm412">155px</dimen>
    <dimen name="dm413">155px</dimen>
    <dimen name="dm414">155px</dimen>
    <dimen name="dm415">156px</dimen>
    <dimen name="dm416">156px</dimen>
    <dimen name="dm417">156px</dimen>
    <dimen name="dm418">157px</dimen>
    <dimen name="dm419">157px</dimen>
    <dimen name="dm420">158px</dimen>
    <dimen name="dm421">158px</dimen>
    <dimen name="dm422">158px</dimen>
    <dimen name="dm423">159px</dimen>
    <dimen name="dm424">159px</dimen>
    <dimen name="dm425">159px</dimen>
    <dimen name="dm426">160px</dimen>
    <dimen name="dm427">160px</dimen>
    <dimen name="dm428">161px</dimen>
    <dimen name="dm429">161px</dimen>
    <dimen name="dm430">161px</dimen>
    <dimen name="dm431">162px</dimen>
    <dimen name="dm432">162px</dimen>
    <dimen name="dm433">162px</dimen>
    <dimen name="dm434">163px</dimen>
    <dimen name="dm435">163px</dimen>
    <dimen name="dm436">164px</dimen>
    <dimen name="dm437">164px</dimen>
    <dimen name="dm438">164px</dimen>
    <dimen name="dm439">165px</dimen>
    <dimen name="dm440">165px</dimen>
    <dimen name="dm441">165px</dimen>
    <dimen name="dm442">166px</dimen>
    <dimen name="dm443">166px</dimen>
    <dimen name="dm444">167px</dimen>
    <dimen name="dm445">167px</dimen>
    <dimen name="dm446">167px</dimen>
    <dimen name="dm447">168px</dimen>
    <dimen name="dm448">168px</dimen>
    <dimen name="dm449">168px</dimen>
    <dimen name="dm450">169px</dimen>
    <dimen name="dm451">169px</dimen>
    <dimen name="dm452">170px</dimen>
    <dimen name="dm453">170px</dimen>
    <dimen name="dm454">170px</dimen>
    <dimen name="dm455">171px</dimen>
    <dimen name="dm456">171px</dimen>
    <dimen name="dm457">171px</dimen>
    <dimen name="dm458">172px</dimen>
    <dimen name="dm459">172px</dimen>
    <dimen name="dm460">173px</dimen>
    <dimen name="dm461">173px</dimen>
    <dimen name="dm462">173px</dimen>
    <dimen name="dm463">174px</dimen>
    <dimen name="dm464">174px</dimen>
    <dimen name="dm465">174px</dimen>
    <dimen name="dm466">175px</dimen>
    <dimen name="dm467">175px</dimen>
    <dimen name="dm468">176px</dimen>
    <dimen name="dm469">176px</dimen>
    <dimen name="dm470">176px</dimen>
    <dimen name="dm471">177px</dimen>
    <dimen name="dm472">177px</dimen>
    <dimen name="dm473">177px</dimen>
    <dimen name="dm474">178px</dimen>
    <dimen name="dm475">178px</dimen>
    <dimen name="dm476">179px</dimen>
    <dimen name="dm477">179px</dimen>
    <dimen name="dm478">179px</dimen>
    <dimen name="dm479">180px</dimen>
    <dimen name="dm480">180px</dimen>
    <dimen name="dm481">180px</dimen>
    <dimen name="dm482">181px</dimen>
    <dimen name="dm483">181px</dimen>
    <dimen name="dm484">182px</dimen>
    <dimen name="dm485">182px</dimen>
    <dimen name="dm486">182px</dimen>
    <dimen name="dm487">183px</dimen>
    <dimen name="dm488">183px</dimen>
    <dimen name="dm489">183px</dimen>
    <dimen name="dm490">184px</dimen>
    <dimen name="dm491">184px</dimen>
    <dimen name="dm492">185px</dimen>
    <dimen name="dm493">185px</dimen>
    <dimen name="dm494">185px</dimen>
    <dimen name="dm495">186px</dimen>
    <dimen name="dm496">186px</dimen>
    <dimen name="dm497">186px</dimen>
    <dimen name="dm498">187px</dimen>
    <dimen name="dm499">187px</dimen>
    <dimen name="dm500">188px</dimen>
    <dimen name="dm501">188px</dimen>
    <dimen name="dm502">188px</dimen>
    <dimen name="dm503">189px</dimen>
    <dimen name="dm504">189px</dimen>
    <dimen name="dm505">189px</dimen>
    <dimen name="dm506">190px</dimen>
    <dimen name="dm507">190px</dimen>
    <dimen name="dm508">191px</dimen>
    <dimen name="dm509">191px</dimen>
    <dimen name="dm510">191px</dimen>
    <dimen name="dm511">192px</dimen>
    <dimen name="dm512">192px</dimen>
    <dimen name="dm513">192px</dimen>
    <dimen name="dm514">193px</dimen>
    <dimen name="dm515">193px</dimen>
    <dimen name="dm516">194px</dimen>
    <dimen name="dm517">194px</dimen>
    <dimen name="dm518">194px</dimen>
    <dimen name="dm519">195px</dimen>
    <dimen name="dm520">195px</dimen>
    <dimen name="dm521">195px</dimen>
    <dimen name="dm522">196px</dimen>
    <dimen name="dm523">196px</dimen>
    <dimen name="dm524">197px</dimen>
    <dimen name="dm525">197px</dimen>
    <dimen name="dm526">197px</dimen>
    <dimen name="dm527">198px</dimen>
    <dimen name="dm528">198px</dimen>
    <dimen name="dm529">198px</dimen>
    <dimen name="dm530">199px</dimen>
    <dimen name="dm531">199px</dimen>
    <dimen name="dm532">200px</dimen>
    <dimen name="dm533">200px</dimen>
    <dimen name="dm534">200px</dimen>
    <dimen name="dm535">201px</dimen>
    <dimen name="dm536">201px</dimen>
    <dimen name="dm537">201px</dimen>
    <dimen name="dm538">202px</dimen>
    <dimen name="dm539">202px</dimen>
    <dimen name="dm540">203px</dimen>
    <dimen name="dm541">203px</dimen>
    <dimen name="dm542">203px</dimen>
    <dimen name="dm543">204px</dimen>
    <dimen name="dm544">204px</dimen>
    <dimen name="dm545">204px</dimen>
    <dimen name="dm546">205px</dimen>
    <dimen name="dm547">205px</dimen>
    <dimen name="dm548">206px</dimen>
    <dimen name="dm549">206px</dimen>
    <dimen name="dm550">206px</dimen>
    <dimen name="dm551">207px</dimen>
    <dimen name="dm552">207px</dimen>
    <dimen name="dm553">207px</dimen>
    <dimen name="dm554">208px</dimen>
    <dimen name="dm555">208px</dimen>
    <dimen name="dm556">209px</dimen>
    <dimen name="dm557">209px</dimen>
    <dimen name="dm558">209px</dimen>
    <dimen name="dm559">210px</dimen>
    <dimen name="dm560">210px</dimen>
    <dimen name="dm561">210px</dimen>
    <dimen name="dm562">211px</dimen>
    <dimen name="dm563">211px</dimen>
    <dimen name="dm564">212px</dimen>
    <dimen name="dm565">212px</dimen>
    <dimen name="dm566">212px</dimen>
    <dimen name="dm567">213px</dimen>
    <dimen name="dm568">213px</dimen>
    <dimen name="dm569">213px</dimen>
    <dimen name="dm570">214px</dimen>
    <dimen name="dm571">214px</dimen>
    <dimen name="dm572">215px</dimen>
    <dimen name="dm573">215px</dimen>
    <dimen name="dm574">215px</dimen>
    <dimen name="dm575">216px</dimen>
    <dimen name="dm576">216px</dimen>
    <dimen name="dm577">216px</dimen>
    <dimen name="dm578">217px</dimen>
    <dimen name="dm579">217px</dimen>
    <dimen name="dm580">218px</dimen>
    <dimen name="dm581">218px</dimen>
    <dimen name="dm582">218px</dimen>
    <dimen name="dm583">219px</dimen>
    <dimen name="dm584">219px</dimen>
    <dimen name="dm585">219px</dimen>
    <dimen name="dm586">220px</dimen>
    <dimen name="dm587">220px</dimen>
    <dimen name="dm588">221px</dimen>
    <dimen name="dm589">221px</dimen>
    <dimen name="dm590">221px</dimen>
    <dimen name="dm591">222px</dimen>
    <dimen name="dm592">222px</dimen>
    <dimen name="dm593">222px</dimen>
    <dimen name="dm594">223px</dimen>
    <dimen name="dm595">223px</dimen>
    <dimen name="dm596">224px</dimen>
    <dimen name="dm597">224px</dimen>
    <dimen name="dm598">224px</dimen>
    <dimen name="dm599">225px</dimen>
    <dimen name="dm600">225px</dimen>
    <dimen name="dm601">225px</dimen>
    <dimen name="dm602">226px</dimen>
    <dimen name="dm603">226px</dimen>
    <dimen name="dm604">227px</dimen>
    <dimen name="dm605">227px</dimen>
    <dimen name="dm606">227px</dimen>
    <dimen name="dm607">228px</dimen>
    <dimen name="dm608">228px</dimen>
    <dimen name="dm609">228px</dimen>
    <dimen name="dm610">229px</dimen>
    <dimen name="dm611">229px</dimen>
    <dimen name="dm612">230px</dimen>
    <dimen name="dm613">230px</dimen>
    <dimen name="dm614">230px</dimen>
    <dimen name="dm615">231px</dimen>
    <dimen name="dm616">231px</dimen>
    <dimen name="dm617">231px</dimen>
    <dimen name="dm618">232px</dimen>
    <dimen name="dm619">232px</dimen>
    <dimen name="dm620">233px</dimen>
    <dimen name="dm621">233px</dimen>
    <dimen name="dm622">233px</dimen>
    <dimen name="dm623">234px</dimen>
    <dimen name="dm624">234px</dimen>
    <dimen name="dm625">234px</dimen>
    <dimen name="dm626">235px</dimen>
    <dimen name="dm627">235px</dimen>
    <dimen name="dm628">236px</dimen>
    <dimen name="dm629">236px</dimen>
    <dimen name="dm630">236px</dimen>
    <dimen name="dm631">237px</dimen>
    <dimen name="dm632">237px</dimen>
    <dimen name="dm633">237px</dimen>
    <dimen name="dm634">238px</dimen>
    <dimen name="dm635">238px</dimen>
    <dimen name="dm636">239px</dimen>
    <dimen name="dm637">239px</dimen>
    <dimen name="dm638">239px</dimen>
    <dimen name="dm639">240px</dimen>
    <dimen name="dm640">240px</dimen>
    <dimen name="dm641">240px</dimen>
    <dimen name="dm642">241px</dimen>
    <dimen name="dm643">241px</dimen>
    <dimen name="dm644">242px</dimen>
    <dimen name="dm645">242px</dimen>
    <dimen name="dm646">242px</dimen>
    <dimen name="dm647">243px</dimen>
    <dimen name="dm648">243px</dimen>
    <dimen name="dm649">243px</dimen>
    <dimen name="dm650">244px</dimen>
    <dimen name="dm651">244px</dimen>
    <dimen name="dm652">245px</dimen>
    <dimen name="dm653">245px</dimen>
    <dimen name="dm654">245px</dimen>
    <dimen name="dm655">246px</dimen>
    <dimen name="dm656">246px</dimen>
    <dimen name="dm657">246px</dimen>
    <dimen name="dm658">247px</dimen>
    <dimen name="dm659">247px</dimen>
    <dimen name="dm660">248px</dimen>
    <dimen name="dm661">248px</dimen>
    <dimen name="dm662">248px</dimen>
    <dimen name="dm663">249px</dimen>
    <dimen name="dm664">249px</dimen>
    <dimen name="dm665">249px</dimen>
    <dimen name="dm666">250px</dimen>
    <dimen name="dm667">250px</dimen>
    <dimen name="dm668">251px</dimen>
    <dimen name="dm669">251px</dimen>
    <dimen name="dm670">251px</dimen>
    <dimen name="dm671">252px</dimen>
    <dimen name="dm672">252px</dimen>
    <dimen name="dm673">252px</dimen>
    <dimen name="dm674">253px</dimen>
    <dimen name="dm675">253px</dimen>
    <dimen name="dm676">254px</dimen>
    <dimen name="dm677">254px</dimen>
    <dimen name="dm678">254px</dimen>
    <dimen name="dm679">255px</dimen>
    <dimen name="dm680">255px</dimen>
    <dimen name="dm681">255px</dimen>
    <dimen name="dm682">256px</dimen>
    <dimen name="dm683">256px</dimen>
    <dimen name="dm684">257px</dimen>
    <dimen name="dm685">257px</dimen>
    <dimen name="dm686">257px</dimen>
    <dimen name="dm687">258px</dimen>
    <dimen name="dm688">258px</dimen>
    <dimen name="dm689">258px</dimen>
    <dimen name="dm690">259px</dimen>
    <dimen name="dm691">259px</dimen>
    <dimen name="dm692">260px</dimen>
    <dimen name="dm693">260px</dimen>
    <dimen name="dm694">260px</dimen>
    <dimen name="dm695">261px</dimen>
    <dimen name="dm696">261px</dimen>
    <dimen name="dm697">261px</dimen>
    <dimen name="dm698">262px</dimen>
    <dimen name="dm699">262px</dimen>
    <dimen name="dm700">263px</dimen>
    <dimen name="dm701">263px</dimen>
    <dimen name="dm702">263px</dimen>
    <dimen name="dm703">264px</dimen>
    <dimen name="dm704">264px</dimen>
    <dimen name="dm705">264px</dimen>
    <dimen name="dm706">265px</dimen>
    <dimen name="dm707">265px</dimen>
    <dimen name="dm708">266px</dimen>
    <dimen name="dm709">266px</dimen>
    <dimen name="dm710">266px</dimen>
    <dimen name="dm711">267px</dimen>
    <dimen name="dm712">267px</dimen>
    <dimen name="dm713">267px</dimen>
    <dimen name="dm714">268px</dimen>
    <dimen name="dm715">268px</dimen>
    <dimen name="dm716">269px</dimen>
    <dimen name="dm717">269px</dimen>
    <dimen name="dm718">269px</dimen>
    <dimen name="dm719">270px</dimen>
    <dimen name="dm720">270px</dimen>
    <dimen name="dm721">270px</dimen>
    <dimen name="dm722">271px</dimen>
    <dimen name="dm723">271px</dimen>
    <dimen name="dm724">272px</dimen>
    <dimen name="dm725">272px</dimen>
    <dimen name="dm726">272px</dimen>
    <dimen name="dm727">273px</dimen>
    <dimen name="dm728">273px</dimen>
    <dimen name="dm729">273px</dimen>
    <dimen name="dm730">274px</dimen>
    <dimen name="dm731">274px</dimen>
    <dimen name="dm732">275px</dimen>
    <dimen name="dm733">275px</dimen>
    <dimen name="dm734">275px</dimen>
    <dimen name="dm735">276px</dimen>
    <dimen name="dm736">276px</dimen>
    <dimen name="dm737">276px</dimen>
    <dimen name="dm738">277px</dimen>
    <dimen name="dm739">277px</dimen>
    <dimen name="dm740">278px</dimen>
    <dimen name="dm741">278px</dimen>
    <dimen name="dm742">278px</dimen>
    <dimen name="dm743">279px</dimen>
    <dimen name="dm744">279px</dimen>
    <dimen name="dm745">279px</dimen>
    <dimen name="dm746">280px</dimen>
    <dimen name="dm747">280px</dimen>
    <dimen name="dm748">281px</dimen>
    <dimen name="dm749">281px</dimen>
    <dimen name="dm750">281px</dimen>
    <dimen name="dm751">282px</dimen>
    <dimen name="dm752">282px</dimen>
    <dimen name="dm753">282px</dimen>
    <dimen name="dm754">283px</dimen>
    <dimen name="dm755">283px</dimen>
    <dimen name="dm756">284px</dimen>
    <dimen name="dm757">284px</dimen>
    <dimen name="dm758">284px</dimen>
    <dimen name="dm759">285px</dimen>
    <dimen name="dm760">285px</dimen>
    <dimen name="dm761">285px</dimen>
    <dimen name="dm762">286px</dimen>
    <dimen name="dm763">286px</dimen>
    <dimen name="dm764">287px</dimen>
    <dimen name="dm765">287px</dimen>
    <dimen name="dm766">287px</dimen>
    <dimen name="dm767">288px</dimen>
    <dimen name="dm768">288px</dimen>
    <dimen name="dm769">288px</dimen>
    <dimen name="dm770">289px</dimen>
    <dimen name="dm771">289px</dimen>
    <dimen name="dm772">290px</dimen>
    <dimen name="dm773">290px</dimen>
    <dimen name="dm774">290px</dimen>
    <dimen name="dm775">291px</dimen>
    <dimen name="dm776">291px</dimen>
    <dimen name="dm777">291px</dimen>
    <dimen name="dm778">292px</dimen>
    <dimen name="dm779">292px</dimen>
    <dimen name="dm780">293px</dimen>
    <dimen name="dm781">293px</dimen>
    <dimen name="dm782">293px</dimen>
    <dimen name="dm783">294px</dimen>
    <dimen name="dm784">294px</dimen>
    <dimen name="dm785">294px</dimen>
    <dimen name="dm786">295px</dimen>
    <dimen name="dm787">295px</dimen>
    <dimen name="dm788">296px</dimen>
    <dimen name="dm789">296px</dimen>
    <dimen name="dm790">296px</dimen>
    <dimen name="dm791">297px</dimen>
    <dimen name="dm792">297px</dimen>
    <dimen name="dm793">297px</dimen>
    <dimen name="dm794">298px</dimen>
    <dimen name="dm795">298px</dimen>
    <dimen name="dm796">299px</dimen>
    <dimen name="dm797">299px</dimen>
    <dimen name="dm798">299px</dimen>
    <dimen name="dm799">300px</dimen>
    <dimen name="dm800">300px</dimen>
    <dimen name="dm801">300px</dimen>
    <dimen name="dm802">301px</dimen>
    <dimen name="dm803">301px</dimen>
    <dimen name="dm804">302px</dimen>
    <dimen name="dm805">302px</dimen>
    <dimen name="dm806">302px</dimen>
    <dimen name="dm807">303px</dimen>
    <dimen name="dm808">303px</dimen>
    <dimen name="dm809">303px</dimen>
    <dimen name="dm810">304px</dimen>
    <dimen name="dm811">304px</dimen>
    <dimen name="dm812">305px</dimen>
    <dimen name="dm813">305px</dimen>
    <dimen name="dm814">305px</dimen>
    <dimen name="dm815">306px</dimen>
    <dimen name="dm816">306px</dimen>
    <dimen name="dm817">306px</dimen>
    <dimen name="dm818">307px</dimen>
    <dimen name="dm819">307px</dimen>
    <dimen name="dm820">308px</dimen>
    <dimen name="dm821">308px</dimen>
    <dimen name="dm822">308px</dimen>
    <dimen name="dm823">309px</dimen>
    <dimen name="dm824">309px</dimen>
    <dimen name="dm825">309px</dimen>
    <dimen name="dm826">310px</dimen>
    <dimen name="dm827">310px</dimen>
    <dimen name="dm828">311px</dimen>
    <dimen name="dm829">311px</dimen>
    <dimen name="dm830">311px</dimen>
    <dimen name="dm831">312px</dimen>
    <dimen name="dm832">312px</dimen>
    <dimen name="dm833">312px</dimen>
    <dimen name="dm834">313px</dimen>
    <dimen name="dm835">313px</dimen>
    <dimen name="dm836">314px</dimen>
    <dimen name="dm837">314px</dimen>
    <dimen name="dm838">314px</dimen>
    <dimen name="dm839">315px</dimen>
    <dimen name="dm840">315px</dimen>
    <dimen name="dm841">315px</dimen>
    <dimen name="dm842">316px</dimen>
    <dimen name="dm843">316px</dimen>
    <dimen name="dm844">317px</dimen>
    <dimen name="dm845">317px</dimen>
    <dimen name="dm846">317px</dimen>
    <dimen name="dm847">318px</dimen>
    <dimen name="dm848">318px</dimen>
    <dimen name="dm849">318px</dimen>
    <dimen name="dm850">319px</dimen>
    <dimen name="dm851">319px</dimen>
    <dimen name="dm852">320px</dimen>
    <dimen name="dm853">320px</dimen>
    <dimen name="dm854">320px</dimen>
    <dimen name="dm855">321px</dimen>
    <dimen name="dm856">321px</dimen>
    <dimen name="dm857">321px</dimen>
    <dimen name="dm858">322px</dimen>
    <dimen name="dm859">322px</dimen>
    <dimen name="dm860">323px</dimen>
    <dimen name="dm861">323px</dimen>
    <dimen name="dm862">323px</dimen>
    <dimen name="dm863">324px</dimen>
    <dimen name="dm864">324px</dimen>
    <dimen name="dm865">324px</dimen>
    <dimen name="dm866">325px</dimen>
    <dimen name="dm867">325px</dimen>
    <dimen name="dm868">326px</dimen>
    <dimen name="dm869">326px</dimen>
    <dimen name="dm870">326px</dimen>
    <dimen name="dm871">327px</dimen>
    <dimen name="dm872">327px</dimen>
    <dimen name="dm873">327px</dimen>
    <dimen name="dm874">328px</dimen>
    <dimen name="dm875">328px</dimen>
    <dimen name="dm876">329px</dimen>
    <dimen name="dm877">329px</dimen>
    <dimen name="dm878">329px</dimen>
    <dimen name="dm879">330px</dimen>
    <dimen name="dm880">330px</dimen>
    <dimen name="dm881">330px</dimen>
    <dimen name="dm882">331px</dimen>
    <dimen name="dm883">331px</dimen>
    <dimen name="dm884">332px</dimen>
    <dimen name="dm885">332px</dimen>
    <dimen name="dm886">332px</dimen>
    <dimen name="dm887">333px</dimen>
    <dimen name="dm888">333px</dimen>
    <dimen name="dm889">333px</dimen>
    <dimen name="dm890">334px</dimen>
    <dimen name="dm891">334px</dimen>
    <dimen name="dm892">335px</dimen>
    <dimen name="dm893">335px</dimen>
    <dimen name="dm894">335px</dimen>
    <dimen name="dm895">336px</dimen>
    <dimen name="dm896">336px</dimen>
    <dimen name="dm897">336px</dimen>
    <dimen name="dm898">337px</dimen>
    <dimen name="dm899">337px</dimen>
    <dimen name="dm900">338px</dimen>
    <dimen name="dm901">338px</dimen>
    <dimen name="dm902">338px</dimen>
    <dimen name="dm903">339px</dimen>
    <dimen name="dm904">339px</dimen>
    <dimen name="dm905">339px</dimen>
    <dimen name="dm906">340px</dimen>
    <dimen name="dm907">340px</dimen>
    <dimen name="dm908">341px</dimen>
    <dimen name="dm909">341px</dimen>
    <dimen name="dm910">341px</dimen>
    <dimen name="dm911">342px</dimen>
    <dimen name="dm912">342px</dimen>
    <dimen name="dm913">342px</dimen>
    <dimen name="dm914">343px</dimen>
    <dimen name="dm915">343px</dimen>
    <dimen name="dm916">344px</dimen>
    <dimen name="dm917">344px</dimen>
    <dimen name="dm918">344px</dimen>
    <dimen name="dm919">345px</dimen>
    <dimen name="dm920">345px</dimen>
    <dimen name="dm921">345px</dimen>
    <dimen name="dm922">346px</dimen>
    <dimen name="dm923">346px</dimen>
    <dimen name="dm924">347px</dimen>
    <dimen name="dm925">347px</dimen>
    <dimen name="dm926">347px</dimen>
    <dimen name="dm927">348px</dimen>
    <dimen name="dm928">348px</dimen>
    <dimen name="dm929">348px</dimen>
    <dimen name="dm930">349px</dimen>
    <dimen name="dm931">349px</dimen>
    <dimen name="dm932">350px</dimen>
    <dimen name="dm933">350px</dimen>
    <dimen name="dm934">350px</dimen>
    <dimen name="dm935">351px</dimen>
    <dimen name="dm936">351px</dimen>
    <dimen name="dm937">351px</dimen>
    <dimen name="dm938">352px</dimen>
    <dimen name="dm939">352px</dimen>
    <dimen name="dm940">353px</dimen>
    <dimen name="dm941">353px</dimen>
    <dimen name="dm942">353px</dimen>
    <dimen name="dm943">354px</dimen>
    <dimen name="dm944">354px</dimen>
    <dimen name="dm945">354px</dimen>
    <dimen name="dm946">355px</dimen>
    <dimen name="dm947">355px</dimen>
    <dimen name="dm948">356px</dimen>
    <dimen name="dm949">356px</dimen>
    <dimen name="dm950">356px</dimen>
    <dimen name="dm951">357px</dimen>
    <dimen name="dm952">357px</dimen>
    <dimen name="dm953">357px</dimen>
    <dimen name="dm954">358px</dimen>
    <dimen name="dm955">358px</dimen>
    <dimen name="dm956">359px</dimen>
    <dimen name="dm957">359px</dimen>
    <dimen name="dm958">359px</dimen>
    <dimen name="dm959">360px</dimen>
    <dimen name="dm960">360px</dimen>
    <dimen name="dm961">360px</dimen>
    <dimen name="dm962">361px</dimen>
    <dimen name="dm963">361px</dimen>
    <dimen name="dm964">362px</dimen>
    <dimen name="dm965">362px</dimen>
    <dimen name="dm966">362px</dimen>
    <dimen name="dm967">363px</dimen>
    <dimen name="dm968">363px</dimen>
    <dimen name="dm969">363px</dimen>
    <dimen name="dm970">364px</dimen>
    <dimen name="dm971">364px</dimen>
    <dimen name="dm972">365px</dimen>
    <dimen name="dm973">365px</dimen>
    <dimen name="dm974">365px</dimen>
    <dimen name="dm975">366px</dimen>
    <dimen name="dm976">366px</dimen>
    <dimen name="dm977">366px</dimen>
    <dimen name="dm978">367px</dimen>
    <dimen name="dm979">367px</dimen>
    <dimen name="dm980">368px</dimen>
    <dimen name="dm981">368px</dimen>
    <dimen name="dm982">368px</dimen>
    <dimen name="dm983">369px</dimen>
    <dimen name="dm984">369px</dimen>
    <dimen name="dm985">369px</dimen>
    <dimen name="dm986">370px</dimen>
    <dimen name="dm987">370px</dimen>
    <dimen name="dm988">371px</dimen>
    <dimen name="dm989">371px</dimen>
    <dimen name="dm990">371px</dimen>
    <dimen name="dm991">372px</dimen>
    <dimen name="dm992">372px</dimen>
    <dimen name="dm993">372px</dimen>
    <dimen name="dm994">373px</dimen>
    <dimen name="dm995">373px</dimen>
    <dimen name="dm996">374px</dimen>
    <dimen name="dm997">374px</dimen>
    <dimen name="dm998">374px</dimen>
    <dimen name="dm999">375px</dimen>

</resources>