<resources>

    <dimen name="dm_200">-1349px</dimen>
    <dimen name="dm_199">-1342px</dimen>
    <dimen name="dm_198">-1336px</dimen>
    <dimen name="dm_197">-1329px</dimen>
    <dimen name="dm_196">-1322px</dimen>
    <dimen name="dm_195">-1315px</dimen>
    <dimen name="dm_194">-1309px</dimen>
    <dimen name="dm_193">-1302px</dimen>
    <dimen name="dm_192">-1295px</dimen>
    <dimen name="dm_191">-1288px</dimen>
    <dimen name="dm_190">-1282px</dimen>
    <dimen name="dm_189">-1275px</dimen>
    <dimen name="dm_188">-1268px</dimen>
    <dimen name="dm_187">-1261px</dimen>
    <dimen name="dm_186">-1255px</dimen>
    <dimen name="dm_185">-1248px</dimen>
    <dimen name="dm_184">-1241px</dimen>
    <dimen name="dm_183">-1234px</dimen>
    <dimen name="dm_182">-1228px</dimen>
    <dimen name="dm_181">-1221px</dimen>
    <dimen name="dm_180">-1214px</dimen>
    <dimen name="dm_179">-1207px</dimen>
    <dimen name="dm_178">-1201px</dimen>
    <dimen name="dm_177">-1194px</dimen>
    <dimen name="dm_176">-1187px</dimen>
    <dimen name="dm_175">-1180px</dimen>
    <dimen name="dm_174">-1174px</dimen>
    <dimen name="dm_173">-1167px</dimen>
    <dimen name="dm_172">-1160px</dimen>
    <dimen name="dm_171">-1153px</dimen>
    <dimen name="dm_170">-1147px</dimen>
    <dimen name="dm_169">-1140px</dimen>
    <dimen name="dm_168">-1133px</dimen>
    <dimen name="dm_167">-1126px</dimen>
    <dimen name="dm_166">-1120px</dimen>
    <dimen name="dm_165">-1113px</dimen>
    <dimen name="dm_164">-1106px</dimen>
    <dimen name="dm_163">-1099px</dimen>
    <dimen name="dm_162">-1093px</dimen>
    <dimen name="dm_161">-1086px</dimen>
    <dimen name="dm_160">-1079px</dimen>
    <dimen name="dm_159">-1072px</dimen>
    <dimen name="dm_158">-1066px</dimen>
    <dimen name="dm_157">-1059px</dimen>
    <dimen name="dm_156">-1052px</dimen>
    <dimen name="dm_155">-1045px</dimen>
    <dimen name="dm_154">-1039px</dimen>
    <dimen name="dm_153">-1032px</dimen>
    <dimen name="dm_152">-1025px</dimen>
    <dimen name="dm_151">-1018px</dimen>
    <dimen name="dm_150">-1012px</dimen>
    <dimen name="dm_149">-1005px</dimen>
    <dimen name="dm_148">-998px</dimen>
    <dimen name="dm_147">-991px</dimen>
    <dimen name="dm_146">-985px</dimen>
    <dimen name="dm_145">-978px</dimen>
    <dimen name="dm_144">-971px</dimen>
    <dimen name="dm_143">-964px</dimen>
    <dimen name="dm_142">-958px</dimen>
    <dimen name="dm_141">-951px</dimen>
    <dimen name="dm_140">-944px</dimen>
    <dimen name="dm_139">-937px</dimen>
    <dimen name="dm_138">-931px</dimen>
    <dimen name="dm_137">-924px</dimen>
    <dimen name="dm_136">-917px</dimen>
    <dimen name="dm_135">-910px</dimen>
    <dimen name="dm_134">-904px</dimen>
    <dimen name="dm_133">-897px</dimen>
    <dimen name="dm_132">-890px</dimen>
    <dimen name="dm_131">-883px</dimen>
    <dimen name="dm_130">-877px</dimen>
    <dimen name="dm_129">-870px</dimen>
    <dimen name="dm_128">-863px</dimen>
    <dimen name="dm_127">-856px</dimen>
    <dimen name="dm_126">-850px</dimen>
    <dimen name="dm_125">-843px</dimen>
    <dimen name="dm_124">-836px</dimen>
    <dimen name="dm_123">-829px</dimen>
    <dimen name="dm_122">-823px</dimen>
    <dimen name="dm_121">-816px</dimen>
    <dimen name="dm_120">-809px</dimen>
    <dimen name="dm_119">-802px</dimen>
    <dimen name="dm_118">-796px</dimen>
    <dimen name="dm_117">-789px</dimen>
    <dimen name="dm_116">-782px</dimen>
    <dimen name="dm_115">-775px</dimen>
    <dimen name="dm_114">-769px</dimen>
    <dimen name="dm_113">-762px</dimen>
    <dimen name="dm_112">-755px</dimen>
    <dimen name="dm_111">-748px</dimen>
    <dimen name="dm_110">-742px</dimen>
    <dimen name="dm_109">-735px</dimen>
    <dimen name="dm_108">-728px</dimen>
    <dimen name="dm_107">-721px</dimen>
    <dimen name="dm_106">-715px</dimen>
    <dimen name="dm_105">-708px</dimen>
    <dimen name="dm_104">-701px</dimen>
    <dimen name="dm_103">-694px</dimen>
    <dimen name="dm_102">-688px</dimen>
    <dimen name="dm_101">-681px</dimen>
    <dimen name="dm_100">-674px</dimen>
    <dimen name="dm_099">-667px</dimen>
    <dimen name="dm_098">-661px</dimen>
    <dimen name="dm_097">-654px</dimen>
    <dimen name="dm_096">-647px</dimen>
    <dimen name="dm_095">-640px</dimen>
    <dimen name="dm_094">-634px</dimen>
    <dimen name="dm_093">-627px</dimen>
    <dimen name="dm_092">-620px</dimen>
    <dimen name="dm_091">-613px</dimen>
    <dimen name="dm_090">-607px</dimen>
    <dimen name="dm_089">-600px</dimen>
    <dimen name="dm_088">-593px</dimen>
    <dimen name="dm_087">-586px</dimen>
    <dimen name="dm_086">-580px</dimen>
    <dimen name="dm_085">-573px</dimen>
    <dimen name="dm_084">-566px</dimen>
    <dimen name="dm_083">-559px</dimen>
    <dimen name="dm_082">-553px</dimen>
    <dimen name="dm_081">-546px</dimen>
    <dimen name="dm_080">-539px</dimen>
    <dimen name="dm_079">-532px</dimen>
    <dimen name="dm_078">-526px</dimen>
    <dimen name="dm_077">-519px</dimen>
    <dimen name="dm_076">-512px</dimen>
    <dimen name="dm_075">-505px</dimen>
    <dimen name="dm_074">-499px</dimen>
    <dimen name="dm_073">-492px</dimen>
    <dimen name="dm_072">-485px</dimen>
    <dimen name="dm_071">-478px</dimen>
    <dimen name="dm_070">-472px</dimen>
    <dimen name="dm_069">-465px</dimen>
    <dimen name="dm_068">-458px</dimen>
    <dimen name="dm_067">-451px</dimen>
    <dimen name="dm_066">-445px</dimen>
    <dimen name="dm_065">-438px</dimen>
    <dimen name="dm_064">-431px</dimen>
    <dimen name="dm_063">-424px</dimen>
    <dimen name="dm_062">-418px</dimen>
    <dimen name="dm_061">-411px</dimen>
    <dimen name="dm_060">-404px</dimen>
    <dimen name="dm_059">-397px</dimen>
    <dimen name="dm_058">-391px</dimen>
    <dimen name="dm_057">-384px</dimen>
    <dimen name="dm_056">-377px</dimen>
    <dimen name="dm_055">-370px</dimen>
    <dimen name="dm_054">-364px</dimen>
    <dimen name="dm_053">-357px</dimen>
    <dimen name="dm_052">-350px</dimen>
    <dimen name="dm_051">-343px</dimen>
    <dimen name="dm_050">-337px</dimen>
    <dimen name="dm_049">-330px</dimen>
    <dimen name="dm_048">-323px</dimen>
    <dimen name="dm_047">-316px</dimen>
    <dimen name="dm_046">-310px</dimen>
    <dimen name="dm_045">-303px</dimen>
    <dimen name="dm_044">-296px</dimen>
    <dimen name="dm_043">-289px</dimen>
    <dimen name="dm_042">-283px</dimen>
    <dimen name="dm_041">-276px</dimen>
    <dimen name="dm_040">-269px</dimen>
    <dimen name="dm_039">-262px</dimen>
    <dimen name="dm_038">-256px</dimen>
    <dimen name="dm_037">-249px</dimen>
    <dimen name="dm_036">-242px</dimen>
    <dimen name="dm_035">-235px</dimen>
    <dimen name="dm_034">-229px</dimen>
    <dimen name="dm_033">-222px</dimen>
    <dimen name="dm_032">-215px</dimen>
    <dimen name="dm_031">-208px</dimen>
    <dimen name="dm_030">-202px</dimen>
    <dimen name="dm_029">-195px</dimen>
    <dimen name="dm_028">-188px</dimen>
    <dimen name="dm_027">-181px</dimen>
    <dimen name="dm_026">-175px</dimen>
    <dimen name="dm_025">-168px</dimen>
    <dimen name="dm_024">-161px</dimen>
    <dimen name="dm_023">-154px</dimen>
    <dimen name="dm_022">-148px</dimen>
    <dimen name="dm_021">-141px</dimen>
    <dimen name="dm_020">-134px</dimen>
    <dimen name="dm_019">-127px</dimen>
    <dimen name="dm_018">-121px</dimen>
    <dimen name="dm_017">-114px</dimen>
    <dimen name="dm_016">-107px</dimen>
    <dimen name="dm_015">-100px</dimen>
    <dimen name="dm_014">-94px</dimen>
    <dimen name="dm_013">-87px</dimen>
    <dimen name="dm_012">-80px</dimen>
    <dimen name="dm_011">-73px</dimen>
    <dimen name="dm_010">-67px</dimen>
    <dimen name="dm_009">-60px</dimen>
    <dimen name="dm_008">-53px</dimen>
    <dimen name="dm_007">-46px</dimen>
    <dimen name="dm_006">-40px</dimen>
    <dimen name="dm_005">-33px</dimen>
    <dimen name="dm_004">-26px</dimen>
    <dimen name="dm_003">-19px</dimen>
    <dimen name="dm_002">-13px</dimen>
    <dimen name="dm_001">-6px</dimen>
    <dimen name="dm000">0px</dimen>
    <dimen name="dm001">7px</dimen>
    <dimen name="dm002">14px</dimen>
    <dimen name="dm003">20px</dimen>
    <dimen name="dm004">27px</dimen>
    <dimen name="dm005">34px</dimen>
    <dimen name="dm006">41px</dimen>
    <dimen name="dm007">47px</dimen>
    <dimen name="dm008">54px</dimen>
    <dimen name="dm009">61px</dimen>
    <dimen name="dm010">68px</dimen>
    <dimen name="dm011">74px</dimen>
    <dimen name="dm012">81px</dimen>
    <dimen name="dm013">88px</dimen>
    <dimen name="dm014">95px</dimen>
    <dimen name="dm015">101px</dimen>
    <dimen name="dm016">108px</dimen>
    <dimen name="dm017">115px</dimen>
    <dimen name="dm018">122px</dimen>
    <dimen name="dm019">128px</dimen>
    <dimen name="dm020">135px</dimen>
    <dimen name="dm021">142px</dimen>
    <dimen name="dm022">149px</dimen>
    <dimen name="dm023">155px</dimen>
    <dimen name="dm024">162px</dimen>
    <dimen name="dm025">169px</dimen>
    <dimen name="dm026">176px</dimen>
    <dimen name="dm027">182px</dimen>
    <dimen name="dm028">189px</dimen>
    <dimen name="dm029">196px</dimen>
    <dimen name="dm030">203px</dimen>
    <dimen name="dm031">209px</dimen>
    <dimen name="dm032">216px</dimen>
    <dimen name="dm033">223px</dimen>
    <dimen name="dm034">230px</dimen>
    <dimen name="dm035">236px</dimen>
    <dimen name="dm036">243px</dimen>
    <dimen name="dm037">250px</dimen>
    <dimen name="dm038">257px</dimen>
    <dimen name="dm039">263px</dimen>
    <dimen name="dm040">270px</dimen>
    <dimen name="dm041">277px</dimen>
    <dimen name="dm042">284px</dimen>
    <dimen name="dm043">290px</dimen>
    <dimen name="dm044">297px</dimen>
    <dimen name="dm045">304px</dimen>
    <dimen name="dm046">311px</dimen>
    <dimen name="dm047">317px</dimen>
    <dimen name="dm048">324px</dimen>
    <dimen name="dm049">331px</dimen>
    <dimen name="dm050">338px</dimen>
    <dimen name="dm051">344px</dimen>
    <dimen name="dm052">351px</dimen>
    <dimen name="dm053">358px</dimen>
    <dimen name="dm054">365px</dimen>
    <dimen name="dm055">371px</dimen>
    <dimen name="dm056">378px</dimen>
    <dimen name="dm057">385px</dimen>
    <dimen name="dm058">392px</dimen>
    <dimen name="dm059">398px</dimen>
    <dimen name="dm060">405px</dimen>
    <dimen name="dm061">412px</dimen>
    <dimen name="dm062">419px</dimen>
    <dimen name="dm063">425px</dimen>
    <dimen name="dm064">432px</dimen>
    <dimen name="dm065">439px</dimen>
    <dimen name="dm066">446px</dimen>
    <dimen name="dm067">452px</dimen>
    <dimen name="dm068">459px</dimen>
    <dimen name="dm069">466px</dimen>
    <dimen name="dm070">473px</dimen>
    <dimen name="dm071">479px</dimen>
    <dimen name="dm072">486px</dimen>
    <dimen name="dm073">493px</dimen>
    <dimen name="dm074">500px</dimen>
    <dimen name="dm075">506px</dimen>
    <dimen name="dm076">513px</dimen>
    <dimen name="dm077">520px</dimen>
    <dimen name="dm078">527px</dimen>
    <dimen name="dm079">533px</dimen>
    <dimen name="dm080">540px</dimen>
    <dimen name="dm081">547px</dimen>
    <dimen name="dm082">554px</dimen>
    <dimen name="dm083">560px</dimen>
    <dimen name="dm084">567px</dimen>
    <dimen name="dm085">574px</dimen>
    <dimen name="dm086">581px</dimen>
    <dimen name="dm087">587px</dimen>
    <dimen name="dm088">594px</dimen>
    <dimen name="dm089">601px</dimen>
    <dimen name="dm090">608px</dimen>
    <dimen name="dm091">614px</dimen>
    <dimen name="dm092">621px</dimen>
    <dimen name="dm093">628px</dimen>
    <dimen name="dm094">635px</dimen>
    <dimen name="dm095">641px</dimen>
    <dimen name="dm096">648px</dimen>
    <dimen name="dm097">655px</dimen>
    <dimen name="dm098">662px</dimen>
    <dimen name="dm099">668px</dimen>
    <dimen name="dm100">675px</dimen>
    <dimen name="dm101">682px</dimen>
    <dimen name="dm102">689px</dimen>
    <dimen name="dm103">695px</dimen>
    <dimen name="dm104">702px</dimen>
    <dimen name="dm105">709px</dimen>
    <dimen name="dm106">716px</dimen>
    <dimen name="dm107">722px</dimen>
    <dimen name="dm108">729px</dimen>
    <dimen name="dm109">736px</dimen>
    <dimen name="dm110">743px</dimen>
    <dimen name="dm111">749px</dimen>
    <dimen name="dm112">756px</dimen>
    <dimen name="dm113">763px</dimen>
    <dimen name="dm114">770px</dimen>
    <dimen name="dm115">776px</dimen>
    <dimen name="dm116">783px</dimen>
    <dimen name="dm117">790px</dimen>
    <dimen name="dm118">797px</dimen>
    <dimen name="dm119">803px</dimen>
    <dimen name="dm120">810px</dimen>
    <dimen name="dm121">817px</dimen>
    <dimen name="dm122">824px</dimen>
    <dimen name="dm123">830px</dimen>
    <dimen name="dm124">837px</dimen>
    <dimen name="dm125">844px</dimen>
    <dimen name="dm126">851px</dimen>
    <dimen name="dm127">857px</dimen>
    <dimen name="dm128">864px</dimen>
    <dimen name="dm129">871px</dimen>
    <dimen name="dm130">878px</dimen>
    <dimen name="dm131">884px</dimen>
    <dimen name="dm132">891px</dimen>
    <dimen name="dm133">898px</dimen>
    <dimen name="dm134">905px</dimen>
    <dimen name="dm135">911px</dimen>
    <dimen name="dm136">918px</dimen>
    <dimen name="dm137">925px</dimen>
    <dimen name="dm138">932px</dimen>
    <dimen name="dm139">938px</dimen>
    <dimen name="dm140">945px</dimen>
    <dimen name="dm141">952px</dimen>
    <dimen name="dm142">959px</dimen>
    <dimen name="dm143">965px</dimen>
    <dimen name="dm144">972px</dimen>
    <dimen name="dm145">979px</dimen>
    <dimen name="dm146">986px</dimen>
    <dimen name="dm147">992px</dimen>
    <dimen name="dm148">999px</dimen>
    <dimen name="dm149">1006px</dimen>
    <dimen name="dm150">1013px</dimen>
    <dimen name="dm151">1019px</dimen>
    <dimen name="dm152">1026px</dimen>
    <dimen name="dm153">1033px</dimen>
    <dimen name="dm154">1040px</dimen>
    <dimen name="dm155">1046px</dimen>
    <dimen name="dm156">1053px</dimen>
    <dimen name="dm157">1060px</dimen>
    <dimen name="dm158">1067px</dimen>
    <dimen name="dm159">1073px</dimen>
    <dimen name="dm160">1080px</dimen>
    <dimen name="dm161">1087px</dimen>
    <dimen name="dm162">1094px</dimen>
    <dimen name="dm163">1100px</dimen>
    <dimen name="dm164">1107px</dimen>
    <dimen name="dm165">1114px</dimen>
    <dimen name="dm166">1121px</dimen>
    <dimen name="dm167">1127px</dimen>
    <dimen name="dm168">1134px</dimen>
    <dimen name="dm169">1141px</dimen>
    <dimen name="dm170">1148px</dimen>
    <dimen name="dm171">1154px</dimen>
    <dimen name="dm172">1161px</dimen>
    <dimen name="dm173">1168px</dimen>
    <dimen name="dm174">1175px</dimen>
    <dimen name="dm175">1181px</dimen>
    <dimen name="dm176">1188px</dimen>
    <dimen name="dm177">1195px</dimen>
    <dimen name="dm178">1202px</dimen>
    <dimen name="dm179">1208px</dimen>
    <dimen name="dm180">1215px</dimen>
    <dimen name="dm181">1222px</dimen>
    <dimen name="dm182">1229px</dimen>
    <dimen name="dm183">1235px</dimen>
    <dimen name="dm184">1242px</dimen>
    <dimen name="dm185">1249px</dimen>
    <dimen name="dm186">1256px</dimen>
    <dimen name="dm187">1262px</dimen>
    <dimen name="dm188">1269px</dimen>
    <dimen name="dm189">1276px</dimen>
    <dimen name="dm190">1283px</dimen>
    <dimen name="dm191">1289px</dimen>
    <dimen name="dm192">1296px</dimen>
    <dimen name="dm193">1303px</dimen>
    <dimen name="dm194">1310px</dimen>
    <dimen name="dm195">1316px</dimen>
    <dimen name="dm196">1323px</dimen>
    <dimen name="dm197">1330px</dimen>
    <dimen name="dm198">1337px</dimen>
    <dimen name="dm199">1343px</dimen>
    <dimen name="dm200">1350px</dimen>
    <dimen name="dm201">1357px</dimen>
    <dimen name="dm202">1364px</dimen>
    <dimen name="dm203">1370px</dimen>
    <dimen name="dm204">1377px</dimen>
    <dimen name="dm205">1384px</dimen>
    <dimen name="dm206">1391px</dimen>
    <dimen name="dm207">1397px</dimen>
    <dimen name="dm208">1404px</dimen>
    <dimen name="dm209">1411px</dimen>
    <dimen name="dm210">1418px</dimen>
    <dimen name="dm211">1424px</dimen>
    <dimen name="dm212">1431px</dimen>
    <dimen name="dm213">1438px</dimen>
    <dimen name="dm214">1445px</dimen>
    <dimen name="dm215">1451px</dimen>
    <dimen name="dm216">1458px</dimen>
    <dimen name="dm217">1465px</dimen>
    <dimen name="dm218">1472px</dimen>
    <dimen name="dm219">1478px</dimen>
    <dimen name="dm220">1485px</dimen>
    <dimen name="dm221">1492px</dimen>
    <dimen name="dm222">1499px</dimen>
    <dimen name="dm223">1505px</dimen>
    <dimen name="dm224">1512px</dimen>
    <dimen name="dm225">1519px</dimen>
    <dimen name="dm226">1526px</dimen>
    <dimen name="dm227">1532px</dimen>
    <dimen name="dm228">1539px</dimen>
    <dimen name="dm229">1546px</dimen>
    <dimen name="dm230">1553px</dimen>
    <dimen name="dm231">1559px</dimen>
    <dimen name="dm232">1566px</dimen>
    <dimen name="dm233">1573px</dimen>
    <dimen name="dm234">1580px</dimen>
    <dimen name="dm235">1586px</dimen>
    <dimen name="dm236">1593px</dimen>
    <dimen name="dm237">1600px</dimen>
    <dimen name="dm238">1607px</dimen>
    <dimen name="dm239">1613px</dimen>
    <dimen name="dm240">1620px</dimen>
    <dimen name="dm241">1627px</dimen>
    <dimen name="dm242">1634px</dimen>
    <dimen name="dm243">1640px</dimen>
    <dimen name="dm244">1647px</dimen>
    <dimen name="dm245">1654px</dimen>
    <dimen name="dm246">1661px</dimen>
    <dimen name="dm247">1667px</dimen>
    <dimen name="dm248">1674px</dimen>
    <dimen name="dm249">1681px</dimen>
    <dimen name="dm250">1688px</dimen>
    <dimen name="dm251">1694px</dimen>
    <dimen name="dm252">1701px</dimen>
    <dimen name="dm253">1708px</dimen>
    <dimen name="dm254">1715px</dimen>
    <dimen name="dm255">1721px</dimen>
    <dimen name="dm256">1728px</dimen>
    <dimen name="dm257">1735px</dimen>
    <dimen name="dm258">1742px</dimen>
    <dimen name="dm259">1748px</dimen>
    <dimen name="dm260">1755px</dimen>
    <dimen name="dm261">1762px</dimen>
    <dimen name="dm262">1769px</dimen>
    <dimen name="dm263">1775px</dimen>
    <dimen name="dm264">1782px</dimen>
    <dimen name="dm265">1789px</dimen>
    <dimen name="dm266">1796px</dimen>
    <dimen name="dm267">1802px</dimen>
    <dimen name="dm268">1809px</dimen>
    <dimen name="dm269">1816px</dimen>
    <dimen name="dm270">1823px</dimen>
    <dimen name="dm271">1829px</dimen>
    <dimen name="dm272">1836px</dimen>
    <dimen name="dm273">1843px</dimen>
    <dimen name="dm274">1850px</dimen>
    <dimen name="dm275">1856px</dimen>
    <dimen name="dm276">1863px</dimen>
    <dimen name="dm277">1870px</dimen>
    <dimen name="dm278">1877px</dimen>
    <dimen name="dm279">1883px</dimen>
    <dimen name="dm280">1890px</dimen>
    <dimen name="dm281">1897px</dimen>
    <dimen name="dm282">1904px</dimen>
    <dimen name="dm283">1910px</dimen>
    <dimen name="dm284">1917px</dimen>
    <dimen name="dm285">1924px</dimen>
    <dimen name="dm286">1931px</dimen>
    <dimen name="dm287">1937px</dimen>
    <dimen name="dm288">1944px</dimen>
    <dimen name="dm289">1951px</dimen>
    <dimen name="dm290">1958px</dimen>
    <dimen name="dm291">1964px</dimen>
    <dimen name="dm292">1971px</dimen>
    <dimen name="dm293">1978px</dimen>
    <dimen name="dm294">1985px</dimen>
    <dimen name="dm295">1991px</dimen>
    <dimen name="dm296">1998px</dimen>
    <dimen name="dm297">2005px</dimen>
    <dimen name="dm298">2012px</dimen>
    <dimen name="dm299">2018px</dimen>
    <dimen name="dm300">2025px</dimen>
    <dimen name="dm301">2032px</dimen>
    <dimen name="dm302">2039px</dimen>
    <dimen name="dm303">2045px</dimen>
    <dimen name="dm304">2052px</dimen>
    <dimen name="dm305">2059px</dimen>
    <dimen name="dm306">2066px</dimen>
    <dimen name="dm307">2072px</dimen>
    <dimen name="dm308">2079px</dimen>
    <dimen name="dm309">2086px</dimen>
    <dimen name="dm310">2093px</dimen>
    <dimen name="dm311">2099px</dimen>
    <dimen name="dm312">2106px</dimen>
    <dimen name="dm313">2113px</dimen>
    <dimen name="dm314">2120px</dimen>
    <dimen name="dm315">2126px</dimen>
    <dimen name="dm316">2133px</dimen>
    <dimen name="dm317">2140px</dimen>
    <dimen name="dm318">2147px</dimen>
    <dimen name="dm319">2153px</dimen>
    <dimen name="dm320">2160px</dimen>
    <dimen name="dm321">2167px</dimen>
    <dimen name="dm322">2174px</dimen>
    <dimen name="dm323">2180px</dimen>
    <dimen name="dm324">2187px</dimen>
    <dimen name="dm325">2194px</dimen>
    <dimen name="dm326">2201px</dimen>
    <dimen name="dm327">2207px</dimen>
    <dimen name="dm328">2214px</dimen>
    <dimen name="dm329">2221px</dimen>
    <dimen name="dm330">2228px</dimen>
    <dimen name="dm331">2234px</dimen>
    <dimen name="dm332">2241px</dimen>
    <dimen name="dm333">2248px</dimen>
    <dimen name="dm334">2255px</dimen>
    <dimen name="dm335">2261px</dimen>
    <dimen name="dm336">2268px</dimen>
    <dimen name="dm337">2275px</dimen>
    <dimen name="dm338">2282px</dimen>
    <dimen name="dm339">2288px</dimen>
    <dimen name="dm340">2295px</dimen>
    <dimen name="dm341">2302px</dimen>
    <dimen name="dm342">2309px</dimen>
    <dimen name="dm343">2315px</dimen>
    <dimen name="dm344">2322px</dimen>
    <dimen name="dm345">2329px</dimen>
    <dimen name="dm346">2336px</dimen>
    <dimen name="dm347">2342px</dimen>
    <dimen name="dm348">2349px</dimen>
    <dimen name="dm349">2356px</dimen>
    <dimen name="dm350">2363px</dimen>
    <dimen name="dm351">2369px</dimen>
    <dimen name="dm352">2376px</dimen>
    <dimen name="dm353">2383px</dimen>
    <dimen name="dm354">2390px</dimen>
    <dimen name="dm355">2396px</dimen>
    <dimen name="dm356">2403px</dimen>
    <dimen name="dm357">2410px</dimen>
    <dimen name="dm358">2417px</dimen>
    <dimen name="dm359">2423px</dimen>
    <dimen name="dm360">2430px</dimen>
    <dimen name="dm361">2437px</dimen>
    <dimen name="dm362">2444px</dimen>
    <dimen name="dm363">2450px</dimen>
    <dimen name="dm364">2457px</dimen>
    <dimen name="dm365">2464px</dimen>
    <dimen name="dm366">2471px</dimen>
    <dimen name="dm367">2477px</dimen>
    <dimen name="dm368">2484px</dimen>
    <dimen name="dm369">2491px</dimen>
    <dimen name="dm370">2498px</dimen>
    <dimen name="dm371">2504px</dimen>
    <dimen name="dm372">2511px</dimen>
    <dimen name="dm373">2518px</dimen>
    <dimen name="dm374">2525px</dimen>
    <dimen name="dm375">2531px</dimen>
    <dimen name="dm376">2538px</dimen>
    <dimen name="dm377">2545px</dimen>
    <dimen name="dm378">2552px</dimen>
    <dimen name="dm379">2558px</dimen>
    <dimen name="dm380">2565px</dimen>
    <dimen name="dm381">2572px</dimen>
    <dimen name="dm382">2579px</dimen>
    <dimen name="dm383">2585px</dimen>
    <dimen name="dm384">2592px</dimen>
    <dimen name="dm385">2599px</dimen>
    <dimen name="dm386">2606px</dimen>
    <dimen name="dm387">2612px</dimen>
    <dimen name="dm388">2619px</dimen>
    <dimen name="dm389">2626px</dimen>
    <dimen name="dm390">2633px</dimen>
    <dimen name="dm391">2639px</dimen>
    <dimen name="dm392">2646px</dimen>
    <dimen name="dm393">2653px</dimen>
    <dimen name="dm394">2660px</dimen>
    <dimen name="dm395">2666px</dimen>
    <dimen name="dm396">2673px</dimen>
    <dimen name="dm397">2680px</dimen>
    <dimen name="dm398">2687px</dimen>
    <dimen name="dm399">2693px</dimen>
    <dimen name="dm400">2700px</dimen>
    <dimen name="dm401">2707px</dimen>
    <dimen name="dm402">2714px</dimen>
    <dimen name="dm403">2720px</dimen>
    <dimen name="dm404">2727px</dimen>
    <dimen name="dm405">2734px</dimen>
    <dimen name="dm406">2741px</dimen>
    <dimen name="dm407">2747px</dimen>
    <dimen name="dm408">2754px</dimen>
    <dimen name="dm409">2761px</dimen>
    <dimen name="dm410">2768px</dimen>
    <dimen name="dm411">2774px</dimen>
    <dimen name="dm412">2781px</dimen>
    <dimen name="dm413">2788px</dimen>
    <dimen name="dm414">2795px</dimen>
    <dimen name="dm415">2801px</dimen>
    <dimen name="dm416">2808px</dimen>
    <dimen name="dm417">2815px</dimen>
    <dimen name="dm418">2822px</dimen>
    <dimen name="dm419">2828px</dimen>
    <dimen name="dm420">2835px</dimen>
    <dimen name="dm421">2842px</dimen>
    <dimen name="dm422">2849px</dimen>
    <dimen name="dm423">2855px</dimen>
    <dimen name="dm424">2862px</dimen>
    <dimen name="dm425">2869px</dimen>
    <dimen name="dm426">2876px</dimen>
    <dimen name="dm427">2882px</dimen>
    <dimen name="dm428">2889px</dimen>
    <dimen name="dm429">2896px</dimen>
    <dimen name="dm430">2903px</dimen>
    <dimen name="dm431">2909px</dimen>
    <dimen name="dm432">2916px</dimen>
    <dimen name="dm433">2923px</dimen>
    <dimen name="dm434">2930px</dimen>
    <dimen name="dm435">2936px</dimen>
    <dimen name="dm436">2943px</dimen>
    <dimen name="dm437">2950px</dimen>
    <dimen name="dm438">2957px</dimen>
    <dimen name="dm439">2963px</dimen>
    <dimen name="dm440">2970px</dimen>
    <dimen name="dm441">2977px</dimen>
    <dimen name="dm442">2984px</dimen>
    <dimen name="dm443">2990px</dimen>
    <dimen name="dm444">2997px</dimen>
    <dimen name="dm445">3004px</dimen>
    <dimen name="dm446">3011px</dimen>
    <dimen name="dm447">3017px</dimen>
    <dimen name="dm448">3024px</dimen>
    <dimen name="dm449">3031px</dimen>
    <dimen name="dm450">3038px</dimen>
    <dimen name="dm451">3044px</dimen>
    <dimen name="dm452">3051px</dimen>
    <dimen name="dm453">3058px</dimen>
    <dimen name="dm454">3065px</dimen>
    <dimen name="dm455">3071px</dimen>
    <dimen name="dm456">3078px</dimen>
    <dimen name="dm457">3085px</dimen>
    <dimen name="dm458">3092px</dimen>
    <dimen name="dm459">3098px</dimen>
    <dimen name="dm460">3105px</dimen>
    <dimen name="dm461">3112px</dimen>
    <dimen name="dm462">3119px</dimen>
    <dimen name="dm463">3125px</dimen>
    <dimen name="dm464">3132px</dimen>
    <dimen name="dm465">3139px</dimen>
    <dimen name="dm466">3146px</dimen>
    <dimen name="dm467">3152px</dimen>
    <dimen name="dm468">3159px</dimen>
    <dimen name="dm469">3166px</dimen>
    <dimen name="dm470">3173px</dimen>
    <dimen name="dm471">3179px</dimen>
    <dimen name="dm472">3186px</dimen>
    <dimen name="dm473">3193px</dimen>
    <dimen name="dm474">3200px</dimen>
    <dimen name="dm475">3206px</dimen>
    <dimen name="dm476">3213px</dimen>
    <dimen name="dm477">3220px</dimen>
    <dimen name="dm478">3227px</dimen>
    <dimen name="dm479">3233px</dimen>
    <dimen name="dm480">3240px</dimen>
    <dimen name="dm481">3247px</dimen>
    <dimen name="dm482">3254px</dimen>
    <dimen name="dm483">3260px</dimen>
    <dimen name="dm484">3267px</dimen>
    <dimen name="dm485">3274px</dimen>
    <dimen name="dm486">3281px</dimen>
    <dimen name="dm487">3287px</dimen>
    <dimen name="dm488">3294px</dimen>
    <dimen name="dm489">3301px</dimen>
    <dimen name="dm490">3308px</dimen>
    <dimen name="dm491">3314px</dimen>
    <dimen name="dm492">3321px</dimen>
    <dimen name="dm493">3328px</dimen>
    <dimen name="dm494">3335px</dimen>
    <dimen name="dm495">3341px</dimen>
    <dimen name="dm496">3348px</dimen>
    <dimen name="dm497">3355px</dimen>
    <dimen name="dm498">3362px</dimen>
    <dimen name="dm499">3368px</dimen>
    <dimen name="dm500">3375px</dimen>
    <dimen name="dm501">3382px</dimen>
    <dimen name="dm502">3389px</dimen>
    <dimen name="dm503">3395px</dimen>
    <dimen name="dm504">3402px</dimen>
    <dimen name="dm505">3409px</dimen>
    <dimen name="dm506">3416px</dimen>
    <dimen name="dm507">3422px</dimen>
    <dimen name="dm508">3429px</dimen>
    <dimen name="dm509">3436px</dimen>
    <dimen name="dm510">3443px</dimen>
    <dimen name="dm511">3449px</dimen>
    <dimen name="dm512">3456px</dimen>
    <dimen name="dm513">3463px</dimen>
    <dimen name="dm514">3470px</dimen>
    <dimen name="dm515">3476px</dimen>
    <dimen name="dm516">3483px</dimen>
    <dimen name="dm517">3490px</dimen>
    <dimen name="dm518">3497px</dimen>
    <dimen name="dm519">3503px</dimen>
    <dimen name="dm520">3510px</dimen>
    <dimen name="dm521">3517px</dimen>
    <dimen name="dm522">3524px</dimen>
    <dimen name="dm523">3530px</dimen>
    <dimen name="dm524">3537px</dimen>
    <dimen name="dm525">3544px</dimen>
    <dimen name="dm526">3551px</dimen>
    <dimen name="dm527">3557px</dimen>
    <dimen name="dm528">3564px</dimen>
    <dimen name="dm529">3571px</dimen>
    <dimen name="dm530">3578px</dimen>
    <dimen name="dm531">3584px</dimen>
    <dimen name="dm532">3591px</dimen>
    <dimen name="dm533">3598px</dimen>
    <dimen name="dm534">3605px</dimen>
    <dimen name="dm535">3611px</dimen>
    <dimen name="dm536">3618px</dimen>
    <dimen name="dm537">3625px</dimen>
    <dimen name="dm538">3632px</dimen>
    <dimen name="dm539">3638px</dimen>
    <dimen name="dm540">3645px</dimen>
    <dimen name="dm541">3652px</dimen>
    <dimen name="dm542">3659px</dimen>
    <dimen name="dm543">3665px</dimen>
    <dimen name="dm544">3672px</dimen>
    <dimen name="dm545">3679px</dimen>
    <dimen name="dm546">3686px</dimen>
    <dimen name="dm547">3692px</dimen>
    <dimen name="dm548">3699px</dimen>
    <dimen name="dm549">3706px</dimen>
    <dimen name="dm550">3713px</dimen>
    <dimen name="dm551">3719px</dimen>
    <dimen name="dm552">3726px</dimen>
    <dimen name="dm553">3733px</dimen>
    <dimen name="dm554">3740px</dimen>
    <dimen name="dm555">3746px</dimen>
    <dimen name="dm556">3753px</dimen>
    <dimen name="dm557">3760px</dimen>
    <dimen name="dm558">3767px</dimen>
    <dimen name="dm559">3773px</dimen>
    <dimen name="dm560">3780px</dimen>
    <dimen name="dm561">3787px</dimen>
    <dimen name="dm562">3794px</dimen>
    <dimen name="dm563">3800px</dimen>
    <dimen name="dm564">3807px</dimen>
    <dimen name="dm565">3814px</dimen>
    <dimen name="dm566">3821px</dimen>
    <dimen name="dm567">3827px</dimen>
    <dimen name="dm568">3834px</dimen>
    <dimen name="dm569">3841px</dimen>
    <dimen name="dm570">3848px</dimen>
    <dimen name="dm571">3854px</dimen>
    <dimen name="dm572">3861px</dimen>
    <dimen name="dm573">3868px</dimen>
    <dimen name="dm574">3875px</dimen>
    <dimen name="dm575">3881px</dimen>
    <dimen name="dm576">3888px</dimen>
    <dimen name="dm577">3895px</dimen>
    <dimen name="dm578">3902px</dimen>
    <dimen name="dm579">3908px</dimen>
    <dimen name="dm580">3915px</dimen>
    <dimen name="dm581">3922px</dimen>
    <dimen name="dm582">3929px</dimen>
    <dimen name="dm583">3935px</dimen>
    <dimen name="dm584">3942px</dimen>
    <dimen name="dm585">3949px</dimen>
    <dimen name="dm586">3956px</dimen>
    <dimen name="dm587">3962px</dimen>
    <dimen name="dm588">3969px</dimen>
    <dimen name="dm589">3976px</dimen>
    <dimen name="dm590">3983px</dimen>
    <dimen name="dm591">3989px</dimen>
    <dimen name="dm592">3996px</dimen>
    <dimen name="dm593">4003px</dimen>
    <dimen name="dm594">4010px</dimen>
    <dimen name="dm595">4016px</dimen>
    <dimen name="dm596">4023px</dimen>
    <dimen name="dm597">4030px</dimen>
    <dimen name="dm598">4037px</dimen>
    <dimen name="dm599">4043px</dimen>
    <dimen name="dm600">4050px</dimen>
    <dimen name="dm601">4057px</dimen>
    <dimen name="dm602">4064px</dimen>
    <dimen name="dm603">4070px</dimen>
    <dimen name="dm604">4077px</dimen>
    <dimen name="dm605">4084px</dimen>
    <dimen name="dm606">4091px</dimen>
    <dimen name="dm607">4097px</dimen>
    <dimen name="dm608">4104px</dimen>
    <dimen name="dm609">4111px</dimen>
    <dimen name="dm610">4118px</dimen>
    <dimen name="dm611">4124px</dimen>
    <dimen name="dm612">4131px</dimen>
    <dimen name="dm613">4138px</dimen>
    <dimen name="dm614">4145px</dimen>
    <dimen name="dm615">4151px</dimen>
    <dimen name="dm616">4158px</dimen>
    <dimen name="dm617">4165px</dimen>
    <dimen name="dm618">4172px</dimen>
    <dimen name="dm619">4178px</dimen>
    <dimen name="dm620">4185px</dimen>
    <dimen name="dm621">4192px</dimen>
    <dimen name="dm622">4199px</dimen>
    <dimen name="dm623">4205px</dimen>
    <dimen name="dm624">4212px</dimen>
    <dimen name="dm625">4219px</dimen>
    <dimen name="dm626">4226px</dimen>
    <dimen name="dm627">4232px</dimen>
    <dimen name="dm628">4239px</dimen>
    <dimen name="dm629">4246px</dimen>
    <dimen name="dm630">4253px</dimen>
    <dimen name="dm631">4259px</dimen>
    <dimen name="dm632">4266px</dimen>
    <dimen name="dm633">4273px</dimen>
    <dimen name="dm634">4280px</dimen>
    <dimen name="dm635">4286px</dimen>
    <dimen name="dm636">4293px</dimen>
    <dimen name="dm637">4300px</dimen>
    <dimen name="dm638">4307px</dimen>
    <dimen name="dm639">4313px</dimen>
    <dimen name="dm640">4320px</dimen>
    <dimen name="dm641">4327px</dimen>
    <dimen name="dm642">4334px</dimen>
    <dimen name="dm643">4340px</dimen>
    <dimen name="dm644">4347px</dimen>
    <dimen name="dm645">4354px</dimen>
    <dimen name="dm646">4361px</dimen>
    <dimen name="dm647">4367px</dimen>
    <dimen name="dm648">4374px</dimen>
    <dimen name="dm649">4381px</dimen>
    <dimen name="dm650">4388px</dimen>
    <dimen name="dm651">4394px</dimen>
    <dimen name="dm652">4401px</dimen>
    <dimen name="dm653">4408px</dimen>
    <dimen name="dm654">4415px</dimen>
    <dimen name="dm655">4421px</dimen>
    <dimen name="dm656">4428px</dimen>
    <dimen name="dm657">4435px</dimen>
    <dimen name="dm658">4442px</dimen>
    <dimen name="dm659">4448px</dimen>
    <dimen name="dm660">4455px</dimen>
    <dimen name="dm661">4462px</dimen>
    <dimen name="dm662">4469px</dimen>
    <dimen name="dm663">4475px</dimen>
    <dimen name="dm664">4482px</dimen>
    <dimen name="dm665">4489px</dimen>
    <dimen name="dm666">4496px</dimen>
    <dimen name="dm667">4502px</dimen>
    <dimen name="dm668">4509px</dimen>
    <dimen name="dm669">4516px</dimen>
    <dimen name="dm670">4523px</dimen>
    <dimen name="dm671">4529px</dimen>
    <dimen name="dm672">4536px</dimen>
    <dimen name="dm673">4543px</dimen>
    <dimen name="dm674">4550px</dimen>
    <dimen name="dm675">4556px</dimen>
    <dimen name="dm676">4563px</dimen>
    <dimen name="dm677">4570px</dimen>
    <dimen name="dm678">4577px</dimen>
    <dimen name="dm679">4583px</dimen>
    <dimen name="dm680">4590px</dimen>
    <dimen name="dm681">4597px</dimen>
    <dimen name="dm682">4604px</dimen>
    <dimen name="dm683">4610px</dimen>
    <dimen name="dm684">4617px</dimen>
    <dimen name="dm685">4624px</dimen>
    <dimen name="dm686">4631px</dimen>
    <dimen name="dm687">4637px</dimen>
    <dimen name="dm688">4644px</dimen>
    <dimen name="dm689">4651px</dimen>
    <dimen name="dm690">4658px</dimen>
    <dimen name="dm691">4664px</dimen>
    <dimen name="dm692">4671px</dimen>
    <dimen name="dm693">4678px</dimen>
    <dimen name="dm694">4685px</dimen>
    <dimen name="dm695">4691px</dimen>
    <dimen name="dm696">4698px</dimen>
    <dimen name="dm697">4705px</dimen>
    <dimen name="dm698">4712px</dimen>
    <dimen name="dm699">4718px</dimen>
    <dimen name="dm700">4725px</dimen>
    <dimen name="dm701">4732px</dimen>
    <dimen name="dm702">4739px</dimen>
    <dimen name="dm703">4745px</dimen>
    <dimen name="dm704">4752px</dimen>
    <dimen name="dm705">4759px</dimen>
    <dimen name="dm706">4766px</dimen>
    <dimen name="dm707">4772px</dimen>
    <dimen name="dm708">4779px</dimen>
    <dimen name="dm709">4786px</dimen>
    <dimen name="dm710">4793px</dimen>
    <dimen name="dm711">4799px</dimen>
    <dimen name="dm712">4806px</dimen>
    <dimen name="dm713">4813px</dimen>
    <dimen name="dm714">4820px</dimen>
    <dimen name="dm715">4826px</dimen>
    <dimen name="dm716">4833px</dimen>
    <dimen name="dm717">4840px</dimen>
    <dimen name="dm718">4847px</dimen>
    <dimen name="dm719">4853px</dimen>
    <dimen name="dm720">4860px</dimen>
    <dimen name="dm721">4867px</dimen>
    <dimen name="dm722">4874px</dimen>
    <dimen name="dm723">4880px</dimen>
    <dimen name="dm724">4887px</dimen>
    <dimen name="dm725">4894px</dimen>
    <dimen name="dm726">4901px</dimen>
    <dimen name="dm727">4907px</dimen>
    <dimen name="dm728">4914px</dimen>
    <dimen name="dm729">4921px</dimen>
    <dimen name="dm730">4928px</dimen>
    <dimen name="dm731">4934px</dimen>
    <dimen name="dm732">4941px</dimen>
    <dimen name="dm733">4948px</dimen>
    <dimen name="dm734">4955px</dimen>
    <dimen name="dm735">4961px</dimen>
    <dimen name="dm736">4968px</dimen>
    <dimen name="dm737">4975px</dimen>
    <dimen name="dm738">4982px</dimen>
    <dimen name="dm739">4988px</dimen>
    <dimen name="dm740">4995px</dimen>
    <dimen name="dm741">5002px</dimen>
    <dimen name="dm742">5009px</dimen>
    <dimen name="dm743">5015px</dimen>
    <dimen name="dm744">5022px</dimen>
    <dimen name="dm745">5029px</dimen>
    <dimen name="dm746">5036px</dimen>
    <dimen name="dm747">5042px</dimen>
    <dimen name="dm748">5049px</dimen>
    <dimen name="dm749">5056px</dimen>
    <dimen name="dm750">5063px</dimen>
    <dimen name="dm751">5069px</dimen>
    <dimen name="dm752">5076px</dimen>
    <dimen name="dm753">5083px</dimen>
    <dimen name="dm754">5090px</dimen>
    <dimen name="dm755">5096px</dimen>
    <dimen name="dm756">5103px</dimen>
    <dimen name="dm757">5110px</dimen>
    <dimen name="dm758">5117px</dimen>
    <dimen name="dm759">5123px</dimen>
    <dimen name="dm760">5130px</dimen>
    <dimen name="dm761">5137px</dimen>
    <dimen name="dm762">5144px</dimen>
    <dimen name="dm763">5150px</dimen>
    <dimen name="dm764">5157px</dimen>
    <dimen name="dm765">5164px</dimen>
    <dimen name="dm766">5171px</dimen>
    <dimen name="dm767">5177px</dimen>
    <dimen name="dm768">5184px</dimen>
    <dimen name="dm769">5191px</dimen>
    <dimen name="dm770">5198px</dimen>
    <dimen name="dm771">5204px</dimen>
    <dimen name="dm772">5211px</dimen>
    <dimen name="dm773">5218px</dimen>
    <dimen name="dm774">5225px</dimen>
    <dimen name="dm775">5231px</dimen>
    <dimen name="dm776">5238px</dimen>
    <dimen name="dm777">5245px</dimen>
    <dimen name="dm778">5252px</dimen>
    <dimen name="dm779">5258px</dimen>
    <dimen name="dm780">5265px</dimen>
    <dimen name="dm781">5272px</dimen>
    <dimen name="dm782">5279px</dimen>
    <dimen name="dm783">5285px</dimen>
    <dimen name="dm784">5292px</dimen>
    <dimen name="dm785">5299px</dimen>
    <dimen name="dm786">5306px</dimen>
    <dimen name="dm787">5312px</dimen>
    <dimen name="dm788">5319px</dimen>
    <dimen name="dm789">5326px</dimen>
    <dimen name="dm790">5333px</dimen>
    <dimen name="dm791">5339px</dimen>
    <dimen name="dm792">5346px</dimen>
    <dimen name="dm793">5353px</dimen>
    <dimen name="dm794">5360px</dimen>
    <dimen name="dm795">5366px</dimen>
    <dimen name="dm796">5373px</dimen>
    <dimen name="dm797">5380px</dimen>
    <dimen name="dm798">5387px</dimen>
    <dimen name="dm799">5393px</dimen>
    <dimen name="dm800">5400px</dimen>
    <dimen name="dm801">5407px</dimen>
    <dimen name="dm802">5414px</dimen>
    <dimen name="dm803">5420px</dimen>
    <dimen name="dm804">5427px</dimen>
    <dimen name="dm805">5434px</dimen>
    <dimen name="dm806">5441px</dimen>
    <dimen name="dm807">5447px</dimen>
    <dimen name="dm808">5454px</dimen>
    <dimen name="dm809">5461px</dimen>
    <dimen name="dm810">5468px</dimen>
    <dimen name="dm811">5474px</dimen>
    <dimen name="dm812">5481px</dimen>
    <dimen name="dm813">5488px</dimen>
    <dimen name="dm814">5495px</dimen>
    <dimen name="dm815">5501px</dimen>
    <dimen name="dm816">5508px</dimen>
    <dimen name="dm817">5515px</dimen>
    <dimen name="dm818">5522px</dimen>
    <dimen name="dm819">5528px</dimen>
    <dimen name="dm820">5535px</dimen>
    <dimen name="dm821">5542px</dimen>
    <dimen name="dm822">5549px</dimen>
    <dimen name="dm823">5555px</dimen>
    <dimen name="dm824">5562px</dimen>
    <dimen name="dm825">5569px</dimen>
    <dimen name="dm826">5576px</dimen>
    <dimen name="dm827">5582px</dimen>
    <dimen name="dm828">5589px</dimen>
    <dimen name="dm829">5596px</dimen>
    <dimen name="dm830">5603px</dimen>
    <dimen name="dm831">5609px</dimen>
    <dimen name="dm832">5616px</dimen>
    <dimen name="dm833">5623px</dimen>
    <dimen name="dm834">5630px</dimen>
    <dimen name="dm835">5636px</dimen>
    <dimen name="dm836">5643px</dimen>
    <dimen name="dm837">5650px</dimen>
    <dimen name="dm838">5657px</dimen>
    <dimen name="dm839">5663px</dimen>
    <dimen name="dm840">5670px</dimen>
    <dimen name="dm841">5677px</dimen>
    <dimen name="dm842">5684px</dimen>
    <dimen name="dm843">5690px</dimen>
    <dimen name="dm844">5697px</dimen>
    <dimen name="dm845">5704px</dimen>
    <dimen name="dm846">5711px</dimen>
    <dimen name="dm847">5717px</dimen>
    <dimen name="dm848">5724px</dimen>
    <dimen name="dm849">5731px</dimen>
    <dimen name="dm850">5738px</dimen>
    <dimen name="dm851">5744px</dimen>
    <dimen name="dm852">5751px</dimen>
    <dimen name="dm853">5758px</dimen>
    <dimen name="dm854">5765px</dimen>
    <dimen name="dm855">5771px</dimen>
    <dimen name="dm856">5778px</dimen>
    <dimen name="dm857">5785px</dimen>
    <dimen name="dm858">5792px</dimen>
    <dimen name="dm859">5798px</dimen>
    <dimen name="dm860">5805px</dimen>
    <dimen name="dm861">5812px</dimen>
    <dimen name="dm862">5819px</dimen>
    <dimen name="dm863">5825px</dimen>
    <dimen name="dm864">5832px</dimen>
    <dimen name="dm865">5839px</dimen>
    <dimen name="dm866">5846px</dimen>
    <dimen name="dm867">5852px</dimen>
    <dimen name="dm868">5859px</dimen>
    <dimen name="dm869">5866px</dimen>
    <dimen name="dm870">5873px</dimen>
    <dimen name="dm871">5879px</dimen>
    <dimen name="dm872">5886px</dimen>
    <dimen name="dm873">5893px</dimen>
    <dimen name="dm874">5900px</dimen>
    <dimen name="dm875">5906px</dimen>
    <dimen name="dm876">5913px</dimen>
    <dimen name="dm877">5920px</dimen>
    <dimen name="dm878">5927px</dimen>
    <dimen name="dm879">5933px</dimen>
    <dimen name="dm880">5940px</dimen>
    <dimen name="dm881">5947px</dimen>
    <dimen name="dm882">5954px</dimen>
    <dimen name="dm883">5960px</dimen>
    <dimen name="dm884">5967px</dimen>
    <dimen name="dm885">5974px</dimen>
    <dimen name="dm886">5981px</dimen>
    <dimen name="dm887">5987px</dimen>
    <dimen name="dm888">5994px</dimen>
    <dimen name="dm889">6001px</dimen>
    <dimen name="dm890">6008px</dimen>
    <dimen name="dm891">6014px</dimen>
    <dimen name="dm892">6021px</dimen>
    <dimen name="dm893">6028px</dimen>
    <dimen name="dm894">6035px</dimen>
    <dimen name="dm895">6041px</dimen>
    <dimen name="dm896">6048px</dimen>
    <dimen name="dm897">6055px</dimen>
    <dimen name="dm898">6062px</dimen>
    <dimen name="dm899">6068px</dimen>
    <dimen name="dm900">6075px</dimen>
    <dimen name="dm901">6082px</dimen>
    <dimen name="dm902">6089px</dimen>
    <dimen name="dm903">6095px</dimen>
    <dimen name="dm904">6102px</dimen>
    <dimen name="dm905">6109px</dimen>
    <dimen name="dm906">6116px</dimen>
    <dimen name="dm907">6122px</dimen>
    <dimen name="dm908">6129px</dimen>
    <dimen name="dm909">6136px</dimen>
    <dimen name="dm910">6143px</dimen>
    <dimen name="dm911">6149px</dimen>
    <dimen name="dm912">6156px</dimen>
    <dimen name="dm913">6163px</dimen>
    <dimen name="dm914">6170px</dimen>
    <dimen name="dm915">6176px</dimen>
    <dimen name="dm916">6183px</dimen>
    <dimen name="dm917">6190px</dimen>
    <dimen name="dm918">6197px</dimen>
    <dimen name="dm919">6203px</dimen>
    <dimen name="dm920">6210px</dimen>
    <dimen name="dm921">6217px</dimen>
    <dimen name="dm922">6224px</dimen>
    <dimen name="dm923">6230px</dimen>
    <dimen name="dm924">6237px</dimen>
    <dimen name="dm925">6244px</dimen>
    <dimen name="dm926">6251px</dimen>
    <dimen name="dm927">6257px</dimen>
    <dimen name="dm928">6264px</dimen>
    <dimen name="dm929">6271px</dimen>
    <dimen name="dm930">6278px</dimen>
    <dimen name="dm931">6284px</dimen>
    <dimen name="dm932">6291px</dimen>
    <dimen name="dm933">6298px</dimen>
    <dimen name="dm934">6305px</dimen>
    <dimen name="dm935">6311px</dimen>
    <dimen name="dm936">6318px</dimen>
    <dimen name="dm937">6325px</dimen>
    <dimen name="dm938">6332px</dimen>
    <dimen name="dm939">6338px</dimen>
    <dimen name="dm940">6345px</dimen>
    <dimen name="dm941">6352px</dimen>
    <dimen name="dm942">6359px</dimen>
    <dimen name="dm943">6365px</dimen>
    <dimen name="dm944">6372px</dimen>
    <dimen name="dm945">6379px</dimen>
    <dimen name="dm946">6386px</dimen>
    <dimen name="dm947">6392px</dimen>
    <dimen name="dm948">6399px</dimen>
    <dimen name="dm949">6406px</dimen>
    <dimen name="dm950">6413px</dimen>
    <dimen name="dm951">6419px</dimen>
    <dimen name="dm952">6426px</dimen>
    <dimen name="dm953">6433px</dimen>
    <dimen name="dm954">6440px</dimen>
    <dimen name="dm955">6446px</dimen>
    <dimen name="dm956">6453px</dimen>
    <dimen name="dm957">6460px</dimen>
    <dimen name="dm958">6467px</dimen>
    <dimen name="dm959">6473px</dimen>
    <dimen name="dm960">6480px</dimen>
    <dimen name="dm961">6487px</dimen>
    <dimen name="dm962">6494px</dimen>
    <dimen name="dm963">6500px</dimen>
    <dimen name="dm964">6507px</dimen>
    <dimen name="dm965">6514px</dimen>
    <dimen name="dm966">6521px</dimen>
    <dimen name="dm967">6527px</dimen>
    <dimen name="dm968">6534px</dimen>
    <dimen name="dm969">6541px</dimen>
    <dimen name="dm970">6548px</dimen>
    <dimen name="dm971">6554px</dimen>
    <dimen name="dm972">6561px</dimen>
    <dimen name="dm973">6568px</dimen>
    <dimen name="dm974">6575px</dimen>
    <dimen name="dm975">6581px</dimen>
    <dimen name="dm976">6588px</dimen>
    <dimen name="dm977">6595px</dimen>
    <dimen name="dm978">6602px</dimen>
    <dimen name="dm979">6608px</dimen>
    <dimen name="dm980">6615px</dimen>
    <dimen name="dm981">6622px</dimen>
    <dimen name="dm982">6629px</dimen>
    <dimen name="dm983">6635px</dimen>
    <dimen name="dm984">6642px</dimen>
    <dimen name="dm985">6649px</dimen>
    <dimen name="dm986">6656px</dimen>
    <dimen name="dm987">6662px</dimen>
    <dimen name="dm988">6669px</dimen>
    <dimen name="dm989">6676px</dimen>
    <dimen name="dm990">6683px</dimen>
    <dimen name="dm991">6689px</dimen>
    <dimen name="dm992">6696px</dimen>
    <dimen name="dm993">6703px</dimen>
    <dimen name="dm994">6710px</dimen>
    <dimen name="dm995">6716px</dimen>
    <dimen name="dm996">6723px</dimen>
    <dimen name="dm997">6730px</dimen>
    <dimen name="dm998">6737px</dimen>
    <dimen name="dm999">6743px</dimen>

</resources>