<resources>

    <dimen name="dm_200">-337px</dimen>
    <dimen name="dm_199">-335px</dimen>
    <dimen name="dm_198">-333px</dimen>
    <dimen name="dm_197">-331px</dimen>
    <dimen name="dm_196">-330px</dimen>
    <dimen name="dm_195">-328px</dimen>
    <dimen name="dm_194">-326px</dimen>
    <dimen name="dm_193">-325px</dimen>
    <dimen name="dm_192">-323px</dimen>
    <dimen name="dm_191">-321px</dimen>
    <dimen name="dm_190">-320px</dimen>
    <dimen name="dm_189">-318px</dimen>
    <dimen name="dm_188">-316px</dimen>
    <dimen name="dm_187">-315px</dimen>
    <dimen name="dm_186">-313px</dimen>
    <dimen name="dm_185">-311px</dimen>
    <dimen name="dm_184">-310px</dimen>
    <dimen name="dm_183">-308px</dimen>
    <dimen name="dm_182">-306px</dimen>
    <dimen name="dm_181">-304px</dimen>
    <dimen name="dm_180">-303px</dimen>
    <dimen name="dm_179">-301px</dimen>
    <dimen name="dm_178">-299px</dimen>
    <dimen name="dm_177">-298px</dimen>
    <dimen name="dm_176">-296px</dimen>
    <dimen name="dm_175">-294px</dimen>
    <dimen name="dm_174">-293px</dimen>
    <dimen name="dm_173">-291px</dimen>
    <dimen name="dm_172">-289px</dimen>
    <dimen name="dm_171">-288px</dimen>
    <dimen name="dm_170">-286px</dimen>
    <dimen name="dm_169">-284px</dimen>
    <dimen name="dm_168">-283px</dimen>
    <dimen name="dm_167">-281px</dimen>
    <dimen name="dm_166">-279px</dimen>
    <dimen name="dm_165">-277px</dimen>
    <dimen name="dm_164">-276px</dimen>
    <dimen name="dm_163">-274px</dimen>
    <dimen name="dm_162">-272px</dimen>
    <dimen name="dm_161">-271px</dimen>
    <dimen name="dm_160">-269px</dimen>
    <dimen name="dm_159">-267px</dimen>
    <dimen name="dm_158">-266px</dimen>
    <dimen name="dm_157">-264px</dimen>
    <dimen name="dm_156">-262px</dimen>
    <dimen name="dm_155">-261px</dimen>
    <dimen name="dm_154">-259px</dimen>
    <dimen name="dm_153">-257px</dimen>
    <dimen name="dm_152">-256px</dimen>
    <dimen name="dm_151">-254px</dimen>
    <dimen name="dm_150">-252px</dimen>
    <dimen name="dm_149">-250px</dimen>
    <dimen name="dm_148">-249px</dimen>
    <dimen name="dm_147">-247px</dimen>
    <dimen name="dm_146">-245px</dimen>
    <dimen name="dm_145">-244px</dimen>
    <dimen name="dm_144">-242px</dimen>
    <dimen name="dm_143">-240px</dimen>
    <dimen name="dm_142">-239px</dimen>
    <dimen name="dm_141">-237px</dimen>
    <dimen name="dm_140">-235px</dimen>
    <dimen name="dm_139">-234px</dimen>
    <dimen name="dm_138">-232px</dimen>
    <dimen name="dm_137">-230px</dimen>
    <dimen name="dm_136">-229px</dimen>
    <dimen name="dm_135">-227px</dimen>
    <dimen name="dm_134">-225px</dimen>
    <dimen name="dm_133">-223px</dimen>
    <dimen name="dm_132">-222px</dimen>
    <dimen name="dm_131">-220px</dimen>
    <dimen name="dm_130">-218px</dimen>
    <dimen name="dm_129">-217px</dimen>
    <dimen name="dm_128">-215px</dimen>
    <dimen name="dm_127">-213px</dimen>
    <dimen name="dm_126">-212px</dimen>
    <dimen name="dm_125">-210px</dimen>
    <dimen name="dm_124">-208px</dimen>
    <dimen name="dm_123">-207px</dimen>
    <dimen name="dm_122">-205px</dimen>
    <dimen name="dm_121">-203px</dimen>
    <dimen name="dm_120">-202px</dimen>
    <dimen name="dm_119">-200px</dimen>
    <dimen name="dm_118">-198px</dimen>
    <dimen name="dm_117">-196px</dimen>
    <dimen name="dm_116">-195px</dimen>
    <dimen name="dm_115">-193px</dimen>
    <dimen name="dm_114">-191px</dimen>
    <dimen name="dm_113">-190px</dimen>
    <dimen name="dm_112">-188px</dimen>
    <dimen name="dm_111">-186px</dimen>
    <dimen name="dm_110">-185px</dimen>
    <dimen name="dm_109">-183px</dimen>
    <dimen name="dm_108">-181px</dimen>
    <dimen name="dm_107">-180px</dimen>
    <dimen name="dm_106">-178px</dimen>
    <dimen name="dm_105">-176px</dimen>
    <dimen name="dm_104">-175px</dimen>
    <dimen name="dm_103">-173px</dimen>
    <dimen name="dm_102">-171px</dimen>
    <dimen name="dm_101">-169px</dimen>
    <dimen name="dm_100">-168px</dimen>
    <dimen name="dm_099">-166px</dimen>
    <dimen name="dm_098">-164px</dimen>
    <dimen name="dm_097">-163px</dimen>
    <dimen name="dm_096">-161px</dimen>
    <dimen name="dm_095">-159px</dimen>
    <dimen name="dm_094">-158px</dimen>
    <dimen name="dm_093">-156px</dimen>
    <dimen name="dm_092">-154px</dimen>
    <dimen name="dm_091">-153px</dimen>
    <dimen name="dm_090">-151px</dimen>
    <dimen name="dm_089">-149px</dimen>
    <dimen name="dm_088">-148px</dimen>
    <dimen name="dm_087">-146px</dimen>
    <dimen name="dm_086">-144px</dimen>
    <dimen name="dm_085">-142px</dimen>
    <dimen name="dm_084">-141px</dimen>
    <dimen name="dm_083">-139px</dimen>
    <dimen name="dm_082">-137px</dimen>
    <dimen name="dm_081">-136px</dimen>
    <dimen name="dm_080">-134px</dimen>
    <dimen name="dm_079">-132px</dimen>
    <dimen name="dm_078">-131px</dimen>
    <dimen name="dm_077">-129px</dimen>
    <dimen name="dm_076">-127px</dimen>
    <dimen name="dm_075">-126px</dimen>
    <dimen name="dm_074">-124px</dimen>
    <dimen name="dm_073">-122px</dimen>
    <dimen name="dm_072">-121px</dimen>
    <dimen name="dm_071">-119px</dimen>
    <dimen name="dm_070">-117px</dimen>
    <dimen name="dm_069">-115px</dimen>
    <dimen name="dm_068">-114px</dimen>
    <dimen name="dm_067">-112px</dimen>
    <dimen name="dm_066">-110px</dimen>
    <dimen name="dm_065">-109px</dimen>
    <dimen name="dm_064">-107px</dimen>
    <dimen name="dm_063">-105px</dimen>
    <dimen name="dm_062">-104px</dimen>
    <dimen name="dm_061">-102px</dimen>
    <dimen name="dm_060">-100px</dimen>
    <dimen name="dm_059">-99px</dimen>
    <dimen name="dm_058">-97px</dimen>
    <dimen name="dm_057">-95px</dimen>
    <dimen name="dm_056">-94px</dimen>
    <dimen name="dm_055">-92px</dimen>
    <dimen name="dm_054">-90px</dimen>
    <dimen name="dm_053">-88px</dimen>
    <dimen name="dm_052">-87px</dimen>
    <dimen name="dm_051">-85px</dimen>
    <dimen name="dm_050">-83px</dimen>
    <dimen name="dm_049">-82px</dimen>
    <dimen name="dm_048">-80px</dimen>
    <dimen name="dm_047">-78px</dimen>
    <dimen name="dm_046">-77px</dimen>
    <dimen name="dm_045">-75px</dimen>
    <dimen name="dm_044">-73px</dimen>
    <dimen name="dm_043">-72px</dimen>
    <dimen name="dm_042">-70px</dimen>
    <dimen name="dm_041">-68px</dimen>
    <dimen name="dm_040">-67px</dimen>
    <dimen name="dm_039">-65px</dimen>
    <dimen name="dm_038">-63px</dimen>
    <dimen name="dm_037">-61px</dimen>
    <dimen name="dm_036">-60px</dimen>
    <dimen name="dm_035">-58px</dimen>
    <dimen name="dm_034">-56px</dimen>
    <dimen name="dm_033">-55px</dimen>
    <dimen name="dm_032">-53px</dimen>
    <dimen name="dm_031">-51px</dimen>
    <dimen name="dm_030">-50px</dimen>
    <dimen name="dm_029">-48px</dimen>
    <dimen name="dm_028">-46px</dimen>
    <dimen name="dm_027">-45px</dimen>
    <dimen name="dm_026">-43px</dimen>
    <dimen name="dm_025">-41px</dimen>
    <dimen name="dm_024">-40px</dimen>
    <dimen name="dm_023">-38px</dimen>
    <dimen name="dm_022">-36px</dimen>
    <dimen name="dm_021">-34px</dimen>
    <dimen name="dm_020">-33px</dimen>
    <dimen name="dm_019">-31px</dimen>
    <dimen name="dm_018">-29px</dimen>
    <dimen name="dm_017">-28px</dimen>
    <dimen name="dm_016">-26px</dimen>
    <dimen name="dm_015">-24px</dimen>
    <dimen name="dm_014">-23px</dimen>
    <dimen name="dm_013">-21px</dimen>
    <dimen name="dm_012">-19px</dimen>
    <dimen name="dm_011">-18px</dimen>
    <dimen name="dm_010">-16px</dimen>
    <dimen name="dm_009">-14px</dimen>
    <dimen name="dm_008">-13px</dimen>
    <dimen name="dm_007">-11px</dimen>
    <dimen name="dm_006">-9px</dimen>
    <dimen name="dm_005">-7px</dimen>
    <dimen name="dm_004">-6px</dimen>
    <dimen name="dm_003">-4px</dimen>
    <dimen name="dm_002">-2px</dimen>
    <dimen name="dm_001">-1px</dimen>
    <dimen name="dm000">0px</dimen>
    <dimen name="dm001">2px</dimen>
    <dimen name="dm002">3px</dimen>
    <dimen name="dm003">5px</dimen>
    <dimen name="dm004">7px</dimen>
    <dimen name="dm005">8px</dimen>
    <dimen name="dm006">10px</dimen>
    <dimen name="dm007">12px</dimen>
    <dimen name="dm008">14px</dimen>
    <dimen name="dm009">15px</dimen>
    <dimen name="dm010">17px</dimen>
    <dimen name="dm011">19px</dimen>
    <dimen name="dm012">20px</dimen>
    <dimen name="dm013">22px</dimen>
    <dimen name="dm014">24px</dimen>
    <dimen name="dm015">25px</dimen>
    <dimen name="dm016">27px</dimen>
    <dimen name="dm017">29px</dimen>
    <dimen name="dm018">30px</dimen>
    <dimen name="dm019">32px</dimen>
    <dimen name="dm020">34px</dimen>
    <dimen name="dm021">35px</dimen>
    <dimen name="dm022">37px</dimen>
    <dimen name="dm023">39px</dimen>
    <dimen name="dm024">41px</dimen>
    <dimen name="dm025">42px</dimen>
    <dimen name="dm026">44px</dimen>
    <dimen name="dm027">46px</dimen>
    <dimen name="dm028">47px</dimen>
    <dimen name="dm029">49px</dimen>
    <dimen name="dm030">51px</dimen>
    <dimen name="dm031">52px</dimen>
    <dimen name="dm032">54px</dimen>
    <dimen name="dm033">56px</dimen>
    <dimen name="dm034">57px</dimen>
    <dimen name="dm035">59px</dimen>
    <dimen name="dm036">61px</dimen>
    <dimen name="dm037">62px</dimen>
    <dimen name="dm038">64px</dimen>
    <dimen name="dm039">66px</dimen>
    <dimen name="dm040">68px</dimen>
    <dimen name="dm041">69px</dimen>
    <dimen name="dm042">71px</dimen>
    <dimen name="dm043">73px</dimen>
    <dimen name="dm044">74px</dimen>
    <dimen name="dm045">76px</dimen>
    <dimen name="dm046">78px</dimen>
    <dimen name="dm047">79px</dimen>
    <dimen name="dm048">81px</dimen>
    <dimen name="dm049">83px</dimen>
    <dimen name="dm050">84px</dimen>
    <dimen name="dm051">86px</dimen>
    <dimen name="dm052">88px</dimen>
    <dimen name="dm053">89px</dimen>
    <dimen name="dm054">91px</dimen>
    <dimen name="dm055">93px</dimen>
    <dimen name="dm056">95px</dimen>
    <dimen name="dm057">96px</dimen>
    <dimen name="dm058">98px</dimen>
    <dimen name="dm059">100px</dimen>
    <dimen name="dm060">101px</dimen>
    <dimen name="dm061">103px</dimen>
    <dimen name="dm062">105px</dimen>
    <dimen name="dm063">106px</dimen>
    <dimen name="dm064">108px</dimen>
    <dimen name="dm065">110px</dimen>
    <dimen name="dm066">111px</dimen>
    <dimen name="dm067">113px</dimen>
    <dimen name="dm068">115px</dimen>
    <dimen name="dm069">116px</dimen>
    <dimen name="dm070">118px</dimen>
    <dimen name="dm071">120px</dimen>
    <dimen name="dm072">122px</dimen>
    <dimen name="dm073">123px</dimen>
    <dimen name="dm074">125px</dimen>
    <dimen name="dm075">127px</dimen>
    <dimen name="dm076">128px</dimen>
    <dimen name="dm077">130px</dimen>
    <dimen name="dm078">132px</dimen>
    <dimen name="dm079">133px</dimen>
    <dimen name="dm080">135px</dimen>
    <dimen name="dm081">137px</dimen>
    <dimen name="dm082">138px</dimen>
    <dimen name="dm083">140px</dimen>
    <dimen name="dm084">142px</dimen>
    <dimen name="dm085">143px</dimen>
    <dimen name="dm086">145px</dimen>
    <dimen name="dm087">147px</dimen>
    <dimen name="dm088">149px</dimen>
    <dimen name="dm089">150px</dimen>
    <dimen name="dm090">152px</dimen>
    <dimen name="dm091">154px</dimen>
    <dimen name="dm092">155px</dimen>
    <dimen name="dm093">157px</dimen>
    <dimen name="dm094">159px</dimen>
    <dimen name="dm095">160px</dimen>
    <dimen name="dm096">162px</dimen>
    <dimen name="dm097">164px</dimen>
    <dimen name="dm098">165px</dimen>
    <dimen name="dm099">167px</dimen>
    <dimen name="dm100">169px</dimen>
    <dimen name="dm101">170px</dimen>
    <dimen name="dm102">172px</dimen>
    <dimen name="dm103">174px</dimen>
    <dimen name="dm104">176px</dimen>
    <dimen name="dm105">177px</dimen>
    <dimen name="dm106">179px</dimen>
    <dimen name="dm107">181px</dimen>
    <dimen name="dm108">182px</dimen>
    <dimen name="dm109">184px</dimen>
    <dimen name="dm110">186px</dimen>
    <dimen name="dm111">187px</dimen>
    <dimen name="dm112">189px</dimen>
    <dimen name="dm113">191px</dimen>
    <dimen name="dm114">192px</dimen>
    <dimen name="dm115">194px</dimen>
    <dimen name="dm116">196px</dimen>
    <dimen name="dm117">197px</dimen>
    <dimen name="dm118">199px</dimen>
    <dimen name="dm119">201px</dimen>
    <dimen name="dm120">203px</dimen>
    <dimen name="dm121">204px</dimen>
    <dimen name="dm122">206px</dimen>
    <dimen name="dm123">208px</dimen>
    <dimen name="dm124">209px</dimen>
    <dimen name="dm125">211px</dimen>
    <dimen name="dm126">213px</dimen>
    <dimen name="dm127">214px</dimen>
    <dimen name="dm128">216px</dimen>
    <dimen name="dm129">218px</dimen>
    <dimen name="dm130">219px</dimen>
    <dimen name="dm131">221px</dimen>
    <dimen name="dm132">223px</dimen>
    <dimen name="dm133">224px</dimen>
    <dimen name="dm134">226px</dimen>
    <dimen name="dm135">228px</dimen>
    <dimen name="dm136">230px</dimen>
    <dimen name="dm137">231px</dimen>
    <dimen name="dm138">233px</dimen>
    <dimen name="dm139">235px</dimen>
    <dimen name="dm140">236px</dimen>
    <dimen name="dm141">238px</dimen>
    <dimen name="dm142">240px</dimen>
    <dimen name="dm143">241px</dimen>
    <dimen name="dm144">243px</dimen>
    <dimen name="dm145">245px</dimen>
    <dimen name="dm146">246px</dimen>
    <dimen name="dm147">248px</dimen>
    <dimen name="dm148">250px</dimen>
    <dimen name="dm149">251px</dimen>
    <dimen name="dm150">253px</dimen>
    <dimen name="dm151">255px</dimen>
    <dimen name="dm152">257px</dimen>
    <dimen name="dm153">258px</dimen>
    <dimen name="dm154">260px</dimen>
    <dimen name="dm155">262px</dimen>
    <dimen name="dm156">263px</dimen>
    <dimen name="dm157">265px</dimen>
    <dimen name="dm158">267px</dimen>
    <dimen name="dm159">268px</dimen>
    <dimen name="dm160">270px</dimen>
    <dimen name="dm161">272px</dimen>
    <dimen name="dm162">273px</dimen>
    <dimen name="dm163">275px</dimen>
    <dimen name="dm164">277px</dimen>
    <dimen name="dm165">278px</dimen>
    <dimen name="dm166">280px</dimen>
    <dimen name="dm167">282px</dimen>
    <dimen name="dm168">284px</dimen>
    <dimen name="dm169">285px</dimen>
    <dimen name="dm170">287px</dimen>
    <dimen name="dm171">289px</dimen>
    <dimen name="dm172">290px</dimen>
    <dimen name="dm173">292px</dimen>
    <dimen name="dm174">294px</dimen>
    <dimen name="dm175">295px</dimen>
    <dimen name="dm176">297px</dimen>
    <dimen name="dm177">299px</dimen>
    <dimen name="dm178">300px</dimen>
    <dimen name="dm179">302px</dimen>
    <dimen name="dm180">304px</dimen>
    <dimen name="dm181">305px</dimen>
    <dimen name="dm182">307px</dimen>
    <dimen name="dm183">309px</dimen>
    <dimen name="dm184">311px</dimen>
    <dimen name="dm185">312px</dimen>
    <dimen name="dm186">314px</dimen>
    <dimen name="dm187">316px</dimen>
    <dimen name="dm188">317px</dimen>
    <dimen name="dm189">319px</dimen>
    <dimen name="dm190">321px</dimen>
    <dimen name="dm191">322px</dimen>
    <dimen name="dm192">324px</dimen>
    <dimen name="dm193">326px</dimen>
    <dimen name="dm194">327px</dimen>
    <dimen name="dm195">329px</dimen>
    <dimen name="dm196">331px</dimen>
    <dimen name="dm197">332px</dimen>
    <dimen name="dm198">334px</dimen>
    <dimen name="dm199">336px</dimen>
    <dimen name="dm200">338px</dimen>
    <dimen name="dm201">339px</dimen>
    <dimen name="dm202">341px</dimen>
    <dimen name="dm203">343px</dimen>
    <dimen name="dm204">344px</dimen>
    <dimen name="dm205">346px</dimen>
    <dimen name="dm206">348px</dimen>
    <dimen name="dm207">349px</dimen>
    <dimen name="dm208">351px</dimen>
    <dimen name="dm209">353px</dimen>
    <dimen name="dm210">354px</dimen>
    <dimen name="dm211">356px</dimen>
    <dimen name="dm212">358px</dimen>
    <dimen name="dm213">359px</dimen>
    <dimen name="dm214">361px</dimen>
    <dimen name="dm215">363px</dimen>
    <dimen name="dm216">365px</dimen>
    <dimen name="dm217">366px</dimen>
    <dimen name="dm218">368px</dimen>
    <dimen name="dm219">370px</dimen>
    <dimen name="dm220">371px</dimen>
    <dimen name="dm221">373px</dimen>
    <dimen name="dm222">375px</dimen>
    <dimen name="dm223">376px</dimen>
    <dimen name="dm224">378px</dimen>
    <dimen name="dm225">380px</dimen>
    <dimen name="dm226">381px</dimen>
    <dimen name="dm227">383px</dimen>
    <dimen name="dm228">385px</dimen>
    <dimen name="dm229">386px</dimen>
    <dimen name="dm230">388px</dimen>
    <dimen name="dm231">390px</dimen>
    <dimen name="dm232">392px</dimen>
    <dimen name="dm233">393px</dimen>
    <dimen name="dm234">395px</dimen>
    <dimen name="dm235">397px</dimen>
    <dimen name="dm236">398px</dimen>
    <dimen name="dm237">400px</dimen>
    <dimen name="dm238">402px</dimen>
    <dimen name="dm239">403px</dimen>
    <dimen name="dm240">405px</dimen>
    <dimen name="dm241">407px</dimen>
    <dimen name="dm242">408px</dimen>
    <dimen name="dm243">410px</dimen>
    <dimen name="dm244">412px</dimen>
    <dimen name="dm245">413px</dimen>
    <dimen name="dm246">415px</dimen>
    <dimen name="dm247">417px</dimen>
    <dimen name="dm248">419px</dimen>
    <dimen name="dm249">420px</dimen>
    <dimen name="dm250">422px</dimen>
    <dimen name="dm251">424px</dimen>
    <dimen name="dm252">425px</dimen>
    <dimen name="dm253">427px</dimen>
    <dimen name="dm254">429px</dimen>
    <dimen name="dm255">430px</dimen>
    <dimen name="dm256">432px</dimen>
    <dimen name="dm257">434px</dimen>
    <dimen name="dm258">435px</dimen>
    <dimen name="dm259">437px</dimen>
    <dimen name="dm260">439px</dimen>
    <dimen name="dm261">440px</dimen>
    <dimen name="dm262">442px</dimen>
    <dimen name="dm263">444px</dimen>
    <dimen name="dm264">446px</dimen>
    <dimen name="dm265">447px</dimen>
    <dimen name="dm266">449px</dimen>
    <dimen name="dm267">451px</dimen>
    <dimen name="dm268">452px</dimen>
    <dimen name="dm269">454px</dimen>
    <dimen name="dm270">456px</dimen>
    <dimen name="dm271">457px</dimen>
    <dimen name="dm272">459px</dimen>
    <dimen name="dm273">461px</dimen>
    <dimen name="dm274">462px</dimen>
    <dimen name="dm275">464px</dimen>
    <dimen name="dm276">466px</dimen>
    <dimen name="dm277">467px</dimen>
    <dimen name="dm278">469px</dimen>
    <dimen name="dm279">471px</dimen>
    <dimen name="dm280">473px</dimen>
    <dimen name="dm281">474px</dimen>
    <dimen name="dm282">476px</dimen>
    <dimen name="dm283">478px</dimen>
    <dimen name="dm284">479px</dimen>
    <dimen name="dm285">481px</dimen>
    <dimen name="dm286">483px</dimen>
    <dimen name="dm287">484px</dimen>
    <dimen name="dm288">486px</dimen>
    <dimen name="dm289">488px</dimen>
    <dimen name="dm290">489px</dimen>
    <dimen name="dm291">491px</dimen>
    <dimen name="dm292">493px</dimen>
    <dimen name="dm293">494px</dimen>
    <dimen name="dm294">496px</dimen>
    <dimen name="dm295">498px</dimen>
    <dimen name="dm296">500px</dimen>
    <dimen name="dm297">501px</dimen>
    <dimen name="dm298">503px</dimen>
    <dimen name="dm299">505px</dimen>
    <dimen name="dm300">506px</dimen>
    <dimen name="dm301">508px</dimen>
    <dimen name="dm302">510px</dimen>
    <dimen name="dm303">511px</dimen>
    <dimen name="dm304">513px</dimen>
    <dimen name="dm305">515px</dimen>
    <dimen name="dm306">516px</dimen>
    <dimen name="dm307">518px</dimen>
    <dimen name="dm308">520px</dimen>
    <dimen name="dm309">521px</dimen>
    <dimen name="dm310">523px</dimen>
    <dimen name="dm311">525px</dimen>
    <dimen name="dm312">527px</dimen>
    <dimen name="dm313">528px</dimen>
    <dimen name="dm314">530px</dimen>
    <dimen name="dm315">532px</dimen>
    <dimen name="dm316">533px</dimen>
    <dimen name="dm317">535px</dimen>
    <dimen name="dm318">537px</dimen>
    <dimen name="dm319">538px</dimen>
    <dimen name="dm320">540px</dimen>
    <dimen name="dm321">542px</dimen>
    <dimen name="dm322">543px</dimen>
    <dimen name="dm323">545px</dimen>
    <dimen name="dm324">547px</dimen>
    <dimen name="dm325">548px</dimen>
    <dimen name="dm326">550px</dimen>
    <dimen name="dm327">552px</dimen>
    <dimen name="dm328">554px</dimen>
    <dimen name="dm329">555px</dimen>
    <dimen name="dm330">557px</dimen>
    <dimen name="dm331">559px</dimen>
    <dimen name="dm332">560px</dimen>
    <dimen name="dm333">562px</dimen>
    <dimen name="dm334">564px</dimen>
    <dimen name="dm335">565px</dimen>
    <dimen name="dm336">567px</dimen>
    <dimen name="dm337">569px</dimen>
    <dimen name="dm338">570px</dimen>
    <dimen name="dm339">572px</dimen>
    <dimen name="dm340">574px</dimen>
    <dimen name="dm341">575px</dimen>
    <dimen name="dm342">577px</dimen>
    <dimen name="dm343">579px</dimen>
    <dimen name="dm344">581px</dimen>
    <dimen name="dm345">582px</dimen>
    <dimen name="dm346">584px</dimen>
    <dimen name="dm347">586px</dimen>
    <dimen name="dm348">587px</dimen>
    <dimen name="dm349">589px</dimen>
    <dimen name="dm350">591px</dimen>
    <dimen name="dm351">592px</dimen>
    <dimen name="dm352">594px</dimen>
    <dimen name="dm353">596px</dimen>
    <dimen name="dm354">597px</dimen>
    <dimen name="dm355">599px</dimen>
    <dimen name="dm356">601px</dimen>
    <dimen name="dm357">602px</dimen>
    <dimen name="dm358">604px</dimen>
    <dimen name="dm359">606px</dimen>
    <dimen name="dm360">608px</dimen>
    <dimen name="dm361">609px</dimen>
    <dimen name="dm362">611px</dimen>
    <dimen name="dm363">613px</dimen>
    <dimen name="dm364">614px</dimen>
    <dimen name="dm365">616px</dimen>
    <dimen name="dm366">618px</dimen>
    <dimen name="dm367">619px</dimen>
    <dimen name="dm368">621px</dimen>
    <dimen name="dm369">623px</dimen>
    <dimen name="dm370">624px</dimen>
    <dimen name="dm371">626px</dimen>
    <dimen name="dm372">628px</dimen>
    <dimen name="dm373">629px</dimen>
    <dimen name="dm374">631px</dimen>
    <dimen name="dm375">633px</dimen>
    <dimen name="dm376">635px</dimen>
    <dimen name="dm377">636px</dimen>
    <dimen name="dm378">638px</dimen>
    <dimen name="dm379">640px</dimen>
    <dimen name="dm380">641px</dimen>
    <dimen name="dm381">643px</dimen>
    <dimen name="dm382">645px</dimen>
    <dimen name="dm383">646px</dimen>
    <dimen name="dm384">648px</dimen>
    <dimen name="dm385">650px</dimen>
    <dimen name="dm386">651px</dimen>
    <dimen name="dm387">653px</dimen>
    <dimen name="dm388">655px</dimen>
    <dimen name="dm389">656px</dimen>
    <dimen name="dm390">658px</dimen>
    <dimen name="dm391">660px</dimen>
    <dimen name="dm392">662px</dimen>
    <dimen name="dm393">663px</dimen>
    <dimen name="dm394">665px</dimen>
    <dimen name="dm395">667px</dimen>
    <dimen name="dm396">668px</dimen>
    <dimen name="dm397">670px</dimen>
    <dimen name="dm398">672px</dimen>
    <dimen name="dm399">673px</dimen>
    <dimen name="dm400">675px</dimen>
    <dimen name="dm401">677px</dimen>
    <dimen name="dm402">678px</dimen>
    <dimen name="dm403">680px</dimen>
    <dimen name="dm404">682px</dimen>
    <dimen name="dm405">683px</dimen>
    <dimen name="dm406">685px</dimen>
    <dimen name="dm407">687px</dimen>
    <dimen name="dm408">689px</dimen>
    <dimen name="dm409">690px</dimen>
    <dimen name="dm410">692px</dimen>
    <dimen name="dm411">694px</dimen>
    <dimen name="dm412">695px</dimen>
    <dimen name="dm413">697px</dimen>
    <dimen name="dm414">699px</dimen>
    <dimen name="dm415">700px</dimen>
    <dimen name="dm416">702px</dimen>
    <dimen name="dm417">704px</dimen>
    <dimen name="dm418">705px</dimen>
    <dimen name="dm419">707px</dimen>
    <dimen name="dm420">709px</dimen>
    <dimen name="dm421">710px</dimen>
    <dimen name="dm422">712px</dimen>
    <dimen name="dm423">714px</dimen>
    <dimen name="dm424">716px</dimen>
    <dimen name="dm425">717px</dimen>
    <dimen name="dm426">719px</dimen>
    <dimen name="dm427">721px</dimen>
    <dimen name="dm428">722px</dimen>
    <dimen name="dm429">724px</dimen>
    <dimen name="dm430">726px</dimen>
    <dimen name="dm431">727px</dimen>
    <dimen name="dm432">729px</dimen>
    <dimen name="dm433">731px</dimen>
    <dimen name="dm434">732px</dimen>
    <dimen name="dm435">734px</dimen>
    <dimen name="dm436">736px</dimen>
    <dimen name="dm437">737px</dimen>
    <dimen name="dm438">739px</dimen>
    <dimen name="dm439">741px</dimen>
    <dimen name="dm440">743px</dimen>
    <dimen name="dm441">744px</dimen>
    <dimen name="dm442">746px</dimen>
    <dimen name="dm443">748px</dimen>
    <dimen name="dm444">749px</dimen>
    <dimen name="dm445">751px</dimen>
    <dimen name="dm446">753px</dimen>
    <dimen name="dm447">754px</dimen>
    <dimen name="dm448">756px</dimen>
    <dimen name="dm449">758px</dimen>
    <dimen name="dm450">759px</dimen>
    <dimen name="dm451">761px</dimen>
    <dimen name="dm452">763px</dimen>
    <dimen name="dm453">764px</dimen>
    <dimen name="dm454">766px</dimen>
    <dimen name="dm455">768px</dimen>
    <dimen name="dm456">770px</dimen>
    <dimen name="dm457">771px</dimen>
    <dimen name="dm458">773px</dimen>
    <dimen name="dm459">775px</dimen>
    <dimen name="dm460">776px</dimen>
    <dimen name="dm461">778px</dimen>
    <dimen name="dm462">780px</dimen>
    <dimen name="dm463">781px</dimen>
    <dimen name="dm464">783px</dimen>
    <dimen name="dm465">785px</dimen>
    <dimen name="dm466">786px</dimen>
    <dimen name="dm467">788px</dimen>
    <dimen name="dm468">790px</dimen>
    <dimen name="dm469">791px</dimen>
    <dimen name="dm470">793px</dimen>
    <dimen name="dm471">795px</dimen>
    <dimen name="dm472">797px</dimen>
    <dimen name="dm473">798px</dimen>
    <dimen name="dm474">800px</dimen>
    <dimen name="dm475">802px</dimen>
    <dimen name="dm476">803px</dimen>
    <dimen name="dm477">805px</dimen>
    <dimen name="dm478">807px</dimen>
    <dimen name="dm479">808px</dimen>
    <dimen name="dm480">810px</dimen>
    <dimen name="dm481">812px</dimen>
    <dimen name="dm482">813px</dimen>
    <dimen name="dm483">815px</dimen>
    <dimen name="dm484">817px</dimen>
    <dimen name="dm485">818px</dimen>
    <dimen name="dm486">820px</dimen>
    <dimen name="dm487">822px</dimen>
    <dimen name="dm488">824px</dimen>
    <dimen name="dm489">825px</dimen>
    <dimen name="dm490">827px</dimen>
    <dimen name="dm491">829px</dimen>
    <dimen name="dm492">830px</dimen>
    <dimen name="dm493">832px</dimen>
    <dimen name="dm494">834px</dimen>
    <dimen name="dm495">835px</dimen>
    <dimen name="dm496">837px</dimen>
    <dimen name="dm497">839px</dimen>
    <dimen name="dm498">840px</dimen>
    <dimen name="dm499">842px</dimen>
    <dimen name="dm500">844px</dimen>
    <dimen name="dm501">845px</dimen>
    <dimen name="dm502">847px</dimen>
    <dimen name="dm503">849px</dimen>
    <dimen name="dm504">851px</dimen>
    <dimen name="dm505">852px</dimen>
    <dimen name="dm506">854px</dimen>
    <dimen name="dm507">856px</dimen>
    <dimen name="dm508">857px</dimen>
    <dimen name="dm509">859px</dimen>
    <dimen name="dm510">861px</dimen>
    <dimen name="dm511">862px</dimen>
    <dimen name="dm512">864px</dimen>
    <dimen name="dm513">866px</dimen>
    <dimen name="dm514">867px</dimen>
    <dimen name="dm515">869px</dimen>
    <dimen name="dm516">871px</dimen>
    <dimen name="dm517">872px</dimen>
    <dimen name="dm518">874px</dimen>
    <dimen name="dm519">876px</dimen>
    <dimen name="dm520">878px</dimen>
    <dimen name="dm521">879px</dimen>
    <dimen name="dm522">881px</dimen>
    <dimen name="dm523">883px</dimen>
    <dimen name="dm524">884px</dimen>
    <dimen name="dm525">886px</dimen>
    <dimen name="dm526">888px</dimen>
    <dimen name="dm527">889px</dimen>
    <dimen name="dm528">891px</dimen>
    <dimen name="dm529">893px</dimen>
    <dimen name="dm530">894px</dimen>
    <dimen name="dm531">896px</dimen>
    <dimen name="dm532">898px</dimen>
    <dimen name="dm533">899px</dimen>
    <dimen name="dm534">901px</dimen>
    <dimen name="dm535">903px</dimen>
    <dimen name="dm536">905px</dimen>
    <dimen name="dm537">906px</dimen>
    <dimen name="dm538">908px</dimen>
    <dimen name="dm539">910px</dimen>
    <dimen name="dm540">911px</dimen>
    <dimen name="dm541">913px</dimen>
    <dimen name="dm542">915px</dimen>
    <dimen name="dm543">916px</dimen>
    <dimen name="dm544">918px</dimen>
    <dimen name="dm545">920px</dimen>
    <dimen name="dm546">921px</dimen>
    <dimen name="dm547">923px</dimen>
    <dimen name="dm548">925px</dimen>
    <dimen name="dm549">926px</dimen>
    <dimen name="dm550">928px</dimen>
    <dimen name="dm551">930px</dimen>
    <dimen name="dm552">932px</dimen>
    <dimen name="dm553">933px</dimen>
    <dimen name="dm554">935px</dimen>
    <dimen name="dm555">937px</dimen>
    <dimen name="dm556">938px</dimen>
    <dimen name="dm557">940px</dimen>
    <dimen name="dm558">942px</dimen>
    <dimen name="dm559">943px</dimen>
    <dimen name="dm560">945px</dimen>
    <dimen name="dm561">947px</dimen>
    <dimen name="dm562">948px</dimen>
    <dimen name="dm563">950px</dimen>
    <dimen name="dm564">952px</dimen>
    <dimen name="dm565">953px</dimen>
    <dimen name="dm566">955px</dimen>
    <dimen name="dm567">957px</dimen>
    <dimen name="dm568">959px</dimen>
    <dimen name="dm569">960px</dimen>
    <dimen name="dm570">962px</dimen>
    <dimen name="dm571">964px</dimen>
    <dimen name="dm572">965px</dimen>
    <dimen name="dm573">967px</dimen>
    <dimen name="dm574">969px</dimen>
    <dimen name="dm575">970px</dimen>
    <dimen name="dm576">972px</dimen>
    <dimen name="dm577">974px</dimen>
    <dimen name="dm578">975px</dimen>
    <dimen name="dm579">977px</dimen>
    <dimen name="dm580">979px</dimen>
    <dimen name="dm581">980px</dimen>
    <dimen name="dm582">982px</dimen>
    <dimen name="dm583">984px</dimen>
    <dimen name="dm584">986px</dimen>
    <dimen name="dm585">987px</dimen>
    <dimen name="dm586">989px</dimen>
    <dimen name="dm587">991px</dimen>
    <dimen name="dm588">992px</dimen>
    <dimen name="dm589">994px</dimen>
    <dimen name="dm590">996px</dimen>
    <dimen name="dm591">997px</dimen>
    <dimen name="dm592">999px</dimen>
    <dimen name="dm593">1001px</dimen>
    <dimen name="dm594">1002px</dimen>
    <dimen name="dm595">1004px</dimen>
    <dimen name="dm596">1006px</dimen>
    <dimen name="dm597">1007px</dimen>
    <dimen name="dm598">1009px</dimen>
    <dimen name="dm599">1011px</dimen>
    <dimen name="dm600">1013px</dimen>
    <dimen name="dm601">1014px</dimen>
    <dimen name="dm602">1016px</dimen>
    <dimen name="dm603">1018px</dimen>
    <dimen name="dm604">1019px</dimen>
    <dimen name="dm605">1021px</dimen>
    <dimen name="dm606">1023px</dimen>
    <dimen name="dm607">1024px</dimen>
    <dimen name="dm608">1026px</dimen>
    <dimen name="dm609">1028px</dimen>
    <dimen name="dm610">1029px</dimen>
    <dimen name="dm611">1031px</dimen>
    <dimen name="dm612">1033px</dimen>
    <dimen name="dm613">1034px</dimen>
    <dimen name="dm614">1036px</dimen>
    <dimen name="dm615">1038px</dimen>
    <dimen name="dm616">1040px</dimen>
    <dimen name="dm617">1041px</dimen>
    <dimen name="dm618">1043px</dimen>
    <dimen name="dm619">1045px</dimen>
    <dimen name="dm620">1046px</dimen>
    <dimen name="dm621">1048px</dimen>
    <dimen name="dm622">1050px</dimen>
    <dimen name="dm623">1051px</dimen>
    <dimen name="dm624">1053px</dimen>
    <dimen name="dm625">1055px</dimen>
    <dimen name="dm626">1056px</dimen>
    <dimen name="dm627">1058px</dimen>
    <dimen name="dm628">1060px</dimen>
    <dimen name="dm629">1061px</dimen>
    <dimen name="dm630">1063px</dimen>
    <dimen name="dm631">1065px</dimen>
    <dimen name="dm632">1067px</dimen>
    <dimen name="dm633">1068px</dimen>
    <dimen name="dm634">1070px</dimen>
    <dimen name="dm635">1072px</dimen>
    <dimen name="dm636">1073px</dimen>
    <dimen name="dm637">1075px</dimen>
    <dimen name="dm638">1077px</dimen>
    <dimen name="dm639">1078px</dimen>
    <dimen name="dm640">1080px</dimen>
    <dimen name="dm641">1082px</dimen>
    <dimen name="dm642">1083px</dimen>
    <dimen name="dm643">1085px</dimen>
    <dimen name="dm644">1087px</dimen>
    <dimen name="dm645">1088px</dimen>
    <dimen name="dm646">1090px</dimen>
    <dimen name="dm647">1092px</dimen>
    <dimen name="dm648">1094px</dimen>
    <dimen name="dm649">1095px</dimen>
    <dimen name="dm650">1097px</dimen>
    <dimen name="dm651">1099px</dimen>
    <dimen name="dm652">1100px</dimen>
    <dimen name="dm653">1102px</dimen>
    <dimen name="dm654">1104px</dimen>
    <dimen name="dm655">1105px</dimen>
    <dimen name="dm656">1107px</dimen>
    <dimen name="dm657">1109px</dimen>
    <dimen name="dm658">1110px</dimen>
    <dimen name="dm659">1112px</dimen>
    <dimen name="dm660">1114px</dimen>
    <dimen name="dm661">1115px</dimen>
    <dimen name="dm662">1117px</dimen>
    <dimen name="dm663">1119px</dimen>
    <dimen name="dm664">1121px</dimen>
    <dimen name="dm665">1122px</dimen>
    <dimen name="dm666">1124px</dimen>
    <dimen name="dm667">1126px</dimen>
    <dimen name="dm668">1127px</dimen>
    <dimen name="dm669">1129px</dimen>
    <dimen name="dm670">1131px</dimen>
    <dimen name="dm671">1132px</dimen>
    <dimen name="dm672">1134px</dimen>
    <dimen name="dm673">1136px</dimen>
    <dimen name="dm674">1137px</dimen>
    <dimen name="dm675">1139px</dimen>
    <dimen name="dm676">1141px</dimen>
    <dimen name="dm677">1142px</dimen>
    <dimen name="dm678">1144px</dimen>
    <dimen name="dm679">1146px</dimen>
    <dimen name="dm680">1148px</dimen>
    <dimen name="dm681">1149px</dimen>
    <dimen name="dm682">1151px</dimen>
    <dimen name="dm683">1153px</dimen>
    <dimen name="dm684">1154px</dimen>
    <dimen name="dm685">1156px</dimen>
    <dimen name="dm686">1158px</dimen>
    <dimen name="dm687">1159px</dimen>
    <dimen name="dm688">1161px</dimen>
    <dimen name="dm689">1163px</dimen>
    <dimen name="dm690">1164px</dimen>
    <dimen name="dm691">1166px</dimen>
    <dimen name="dm692">1168px</dimen>
    <dimen name="dm693">1169px</dimen>
    <dimen name="dm694">1171px</dimen>
    <dimen name="dm695">1173px</dimen>
    <dimen name="dm696">1175px</dimen>
    <dimen name="dm697">1176px</dimen>
    <dimen name="dm698">1178px</dimen>
    <dimen name="dm699">1180px</dimen>
    <dimen name="dm700">1181px</dimen>
    <dimen name="dm701">1183px</dimen>
    <dimen name="dm702">1185px</dimen>
    <dimen name="dm703">1186px</dimen>
    <dimen name="dm704">1188px</dimen>
    <dimen name="dm705">1190px</dimen>
    <dimen name="dm706">1191px</dimen>
    <dimen name="dm707">1193px</dimen>
    <dimen name="dm708">1195px</dimen>
    <dimen name="dm709">1196px</dimen>
    <dimen name="dm710">1198px</dimen>
    <dimen name="dm711">1200px</dimen>
    <dimen name="dm712">1202px</dimen>
    <dimen name="dm713">1203px</dimen>
    <dimen name="dm714">1205px</dimen>
    <dimen name="dm715">1207px</dimen>
    <dimen name="dm716">1208px</dimen>
    <dimen name="dm717">1210px</dimen>
    <dimen name="dm718">1212px</dimen>
    <dimen name="dm719">1213px</dimen>
    <dimen name="dm720">1215px</dimen>
    <dimen name="dm721">1217px</dimen>
    <dimen name="dm722">1218px</dimen>
    <dimen name="dm723">1220px</dimen>
    <dimen name="dm724">1222px</dimen>
    <dimen name="dm725">1223px</dimen>
    <dimen name="dm726">1225px</dimen>
    <dimen name="dm727">1227px</dimen>
    <dimen name="dm728">1229px</dimen>
    <dimen name="dm729">1230px</dimen>
    <dimen name="dm730">1232px</dimen>
    <dimen name="dm731">1234px</dimen>
    <dimen name="dm732">1235px</dimen>
    <dimen name="dm733">1237px</dimen>
    <dimen name="dm734">1239px</dimen>
    <dimen name="dm735">1240px</dimen>
    <dimen name="dm736">1242px</dimen>
    <dimen name="dm737">1244px</dimen>
    <dimen name="dm738">1245px</dimen>
    <dimen name="dm739">1247px</dimen>
    <dimen name="dm740">1249px</dimen>
    <dimen name="dm741">1250px</dimen>
    <dimen name="dm742">1252px</dimen>
    <dimen name="dm743">1254px</dimen>
    <dimen name="dm744">1256px</dimen>
    <dimen name="dm745">1257px</dimen>
    <dimen name="dm746">1259px</dimen>
    <dimen name="dm747">1261px</dimen>
    <dimen name="dm748">1262px</dimen>
    <dimen name="dm749">1264px</dimen>
    <dimen name="dm750">1266px</dimen>
    <dimen name="dm751">1267px</dimen>
    <dimen name="dm752">1269px</dimen>
    <dimen name="dm753">1271px</dimen>
    <dimen name="dm754">1272px</dimen>
    <dimen name="dm755">1274px</dimen>
    <dimen name="dm756">1276px</dimen>
    <dimen name="dm757">1277px</dimen>
    <dimen name="dm758">1279px</dimen>
    <dimen name="dm759">1281px</dimen>
    <dimen name="dm760">1283px</dimen>
    <dimen name="dm761">1284px</dimen>
    <dimen name="dm762">1286px</dimen>
    <dimen name="dm763">1288px</dimen>
    <dimen name="dm764">1289px</dimen>
    <dimen name="dm765">1291px</dimen>
    <dimen name="dm766">1293px</dimen>
    <dimen name="dm767">1294px</dimen>
    <dimen name="dm768">1296px</dimen>
    <dimen name="dm769">1298px</dimen>
    <dimen name="dm770">1299px</dimen>
    <dimen name="dm771">1301px</dimen>
    <dimen name="dm772">1303px</dimen>
    <dimen name="dm773">1304px</dimen>
    <dimen name="dm774">1306px</dimen>
    <dimen name="dm775">1308px</dimen>
    <dimen name="dm776">1310px</dimen>
    <dimen name="dm777">1311px</dimen>
    <dimen name="dm778">1313px</dimen>
    <dimen name="dm779">1315px</dimen>
    <dimen name="dm780">1316px</dimen>
    <dimen name="dm781">1318px</dimen>
    <dimen name="dm782">1320px</dimen>
    <dimen name="dm783">1321px</dimen>
    <dimen name="dm784">1323px</dimen>
    <dimen name="dm785">1325px</dimen>
    <dimen name="dm786">1326px</dimen>
    <dimen name="dm787">1328px</dimen>
    <dimen name="dm788">1330px</dimen>
    <dimen name="dm789">1331px</dimen>
    <dimen name="dm790">1333px</dimen>
    <dimen name="dm791">1335px</dimen>
    <dimen name="dm792">1337px</dimen>
    <dimen name="dm793">1338px</dimen>
    <dimen name="dm794">1340px</dimen>
    <dimen name="dm795">1342px</dimen>
    <dimen name="dm796">1343px</dimen>
    <dimen name="dm797">1345px</dimen>
    <dimen name="dm798">1347px</dimen>
    <dimen name="dm799">1348px</dimen>
    <dimen name="dm800">1350px</dimen>
    <dimen name="dm801">1352px</dimen>
    <dimen name="dm802">1353px</dimen>
    <dimen name="dm803">1355px</dimen>
    <dimen name="dm804">1357px</dimen>
    <dimen name="dm805">1358px</dimen>
    <dimen name="dm806">1360px</dimen>
    <dimen name="dm807">1362px</dimen>
    <dimen name="dm808">1364px</dimen>
    <dimen name="dm809">1365px</dimen>
    <dimen name="dm810">1367px</dimen>
    <dimen name="dm811">1369px</dimen>
    <dimen name="dm812">1370px</dimen>
    <dimen name="dm813">1372px</dimen>
    <dimen name="dm814">1374px</dimen>
    <dimen name="dm815">1375px</dimen>
    <dimen name="dm816">1377px</dimen>
    <dimen name="dm817">1379px</dimen>
    <dimen name="dm818">1380px</dimen>
    <dimen name="dm819">1382px</dimen>
    <dimen name="dm820">1384px</dimen>
    <dimen name="dm821">1385px</dimen>
    <dimen name="dm822">1387px</dimen>
    <dimen name="dm823">1389px</dimen>
    <dimen name="dm824">1391px</dimen>
    <dimen name="dm825">1392px</dimen>
    <dimen name="dm826">1394px</dimen>
    <dimen name="dm827">1396px</dimen>
    <dimen name="dm828">1397px</dimen>
    <dimen name="dm829">1399px</dimen>
    <dimen name="dm830">1401px</dimen>
    <dimen name="dm831">1402px</dimen>
    <dimen name="dm832">1404px</dimen>
    <dimen name="dm833">1406px</dimen>
    <dimen name="dm834">1407px</dimen>
    <dimen name="dm835">1409px</dimen>
    <dimen name="dm836">1411px</dimen>
    <dimen name="dm837">1412px</dimen>
    <dimen name="dm838">1414px</dimen>
    <dimen name="dm839">1416px</dimen>
    <dimen name="dm840">1418px</dimen>
    <dimen name="dm841">1419px</dimen>
    <dimen name="dm842">1421px</dimen>
    <dimen name="dm843">1423px</dimen>
    <dimen name="dm844">1424px</dimen>
    <dimen name="dm845">1426px</dimen>
    <dimen name="dm846">1428px</dimen>
    <dimen name="dm847">1429px</dimen>
    <dimen name="dm848">1431px</dimen>
    <dimen name="dm849">1433px</dimen>
    <dimen name="dm850">1434px</dimen>
    <dimen name="dm851">1436px</dimen>
    <dimen name="dm852">1438px</dimen>
    <dimen name="dm853">1439px</dimen>
    <dimen name="dm854">1441px</dimen>
    <dimen name="dm855">1443px</dimen>
    <dimen name="dm856">1445px</dimen>
    <dimen name="dm857">1446px</dimen>
    <dimen name="dm858">1448px</dimen>
    <dimen name="dm859">1450px</dimen>
    <dimen name="dm860">1451px</dimen>
    <dimen name="dm861">1453px</dimen>
    <dimen name="dm862">1455px</dimen>
    <dimen name="dm863">1456px</dimen>
    <dimen name="dm864">1458px</dimen>
    <dimen name="dm865">1460px</dimen>
    <dimen name="dm866">1461px</dimen>
    <dimen name="dm867">1463px</dimen>
    <dimen name="dm868">1465px</dimen>
    <dimen name="dm869">1466px</dimen>
    <dimen name="dm870">1468px</dimen>
    <dimen name="dm871">1470px</dimen>
    <dimen name="dm872">1472px</dimen>
    <dimen name="dm873">1473px</dimen>
    <dimen name="dm874">1475px</dimen>
    <dimen name="dm875">1477px</dimen>
    <dimen name="dm876">1478px</dimen>
    <dimen name="dm877">1480px</dimen>
    <dimen name="dm878">1482px</dimen>
    <dimen name="dm879">1483px</dimen>
    <dimen name="dm880">1485px</dimen>
    <dimen name="dm881">1487px</dimen>
    <dimen name="dm882">1488px</dimen>
    <dimen name="dm883">1490px</dimen>
    <dimen name="dm884">1492px</dimen>
    <dimen name="dm885">1493px</dimen>
    <dimen name="dm886">1495px</dimen>
    <dimen name="dm887">1497px</dimen>
    <dimen name="dm888">1499px</dimen>
    <dimen name="dm889">1500px</dimen>
    <dimen name="dm890">1502px</dimen>
    <dimen name="dm891">1504px</dimen>
    <dimen name="dm892">1505px</dimen>
    <dimen name="dm893">1507px</dimen>
    <dimen name="dm894">1509px</dimen>
    <dimen name="dm895">1510px</dimen>
    <dimen name="dm896">1512px</dimen>
    <dimen name="dm897">1514px</dimen>
    <dimen name="dm898">1515px</dimen>
    <dimen name="dm899">1517px</dimen>
    <dimen name="dm900">1519px</dimen>
    <dimen name="dm901">1520px</dimen>
    <dimen name="dm902">1522px</dimen>
    <dimen name="dm903">1524px</dimen>
    <dimen name="dm904">1526px</dimen>
    <dimen name="dm905">1527px</dimen>
    <dimen name="dm906">1529px</dimen>
    <dimen name="dm907">1531px</dimen>
    <dimen name="dm908">1532px</dimen>
    <dimen name="dm909">1534px</dimen>
    <dimen name="dm910">1536px</dimen>
    <dimen name="dm911">1537px</dimen>
    <dimen name="dm912">1539px</dimen>
    <dimen name="dm913">1541px</dimen>
    <dimen name="dm914">1542px</dimen>
    <dimen name="dm915">1544px</dimen>
    <dimen name="dm916">1546px</dimen>
    <dimen name="dm917">1547px</dimen>
    <dimen name="dm918">1549px</dimen>
    <dimen name="dm919">1551px</dimen>
    <dimen name="dm920">1553px</dimen>
    <dimen name="dm921">1554px</dimen>
    <dimen name="dm922">1556px</dimen>
    <dimen name="dm923">1558px</dimen>
    <dimen name="dm924">1559px</dimen>
    <dimen name="dm925">1561px</dimen>
    <dimen name="dm926">1563px</dimen>
    <dimen name="dm927">1564px</dimen>
    <dimen name="dm928">1566px</dimen>
    <dimen name="dm929">1568px</dimen>
    <dimen name="dm930">1569px</dimen>
    <dimen name="dm931">1571px</dimen>
    <dimen name="dm932">1573px</dimen>
    <dimen name="dm933">1574px</dimen>
    <dimen name="dm934">1576px</dimen>
    <dimen name="dm935">1578px</dimen>
    <dimen name="dm936">1580px</dimen>
    <dimen name="dm937">1581px</dimen>
    <dimen name="dm938">1583px</dimen>
    <dimen name="dm939">1585px</dimen>
    <dimen name="dm940">1586px</dimen>
    <dimen name="dm941">1588px</dimen>
    <dimen name="dm942">1590px</dimen>
    <dimen name="dm943">1591px</dimen>
    <dimen name="dm944">1593px</dimen>
    <dimen name="dm945">1595px</dimen>
    <dimen name="dm946">1596px</dimen>
    <dimen name="dm947">1598px</dimen>
    <dimen name="dm948">1600px</dimen>
    <dimen name="dm949">1601px</dimen>
    <dimen name="dm950">1603px</dimen>
    <dimen name="dm951">1605px</dimen>
    <dimen name="dm952">1607px</dimen>
    <dimen name="dm953">1608px</dimen>
    <dimen name="dm954">1610px</dimen>
    <dimen name="dm955">1612px</dimen>
    <dimen name="dm956">1613px</dimen>
    <dimen name="dm957">1615px</dimen>
    <dimen name="dm958">1617px</dimen>
    <dimen name="dm959">1618px</dimen>
    <dimen name="dm960">1620px</dimen>
    <dimen name="dm961">1622px</dimen>
    <dimen name="dm962">1623px</dimen>
    <dimen name="dm963">1625px</dimen>
    <dimen name="dm964">1627px</dimen>
    <dimen name="dm965">1628px</dimen>
    <dimen name="dm966">1630px</dimen>
    <dimen name="dm967">1632px</dimen>
    <dimen name="dm968">1634px</dimen>
    <dimen name="dm969">1635px</dimen>
    <dimen name="dm970">1637px</dimen>
    <dimen name="dm971">1639px</dimen>
    <dimen name="dm972">1640px</dimen>
    <dimen name="dm973">1642px</dimen>
    <dimen name="dm974">1644px</dimen>
    <dimen name="dm975">1645px</dimen>
    <dimen name="dm976">1647px</dimen>
    <dimen name="dm977">1649px</dimen>
    <dimen name="dm978">1650px</dimen>
    <dimen name="dm979">1652px</dimen>
    <dimen name="dm980">1654px</dimen>
    <dimen name="dm981">1655px</dimen>
    <dimen name="dm982">1657px</dimen>
    <dimen name="dm983">1659px</dimen>
    <dimen name="dm984">1661px</dimen>
    <dimen name="dm985">1662px</dimen>
    <dimen name="dm986">1664px</dimen>
    <dimen name="dm987">1666px</dimen>
    <dimen name="dm988">1667px</dimen>
    <dimen name="dm989">1669px</dimen>
    <dimen name="dm990">1671px</dimen>
    <dimen name="dm991">1672px</dimen>
    <dimen name="dm992">1674px</dimen>
    <dimen name="dm993">1676px</dimen>
    <dimen name="dm994">1677px</dimen>
    <dimen name="dm995">1679px</dimen>
    <dimen name="dm996">1681px</dimen>
    <dimen name="dm997">1682px</dimen>
    <dimen name="dm998">1684px</dimen>
    <dimen name="dm999">1686px</dimen>

</resources>