<resources>

    <dimen name="dm_200">-359px</dimen>
    <dimen name="dm_199">-357px</dimen>
    <dimen name="dm_198">-355px</dimen>
    <dimen name="dm_197">-354px</dimen>
    <dimen name="dm_196">-352px</dimen>
    <dimen name="dm_195">-350px</dimen>
    <dimen name="dm_194">-348px</dimen>
    <dimen name="dm_193">-346px</dimen>
    <dimen name="dm_192">-345px</dimen>
    <dimen name="dm_191">-343px</dimen>
    <dimen name="dm_190">-341px</dimen>
    <dimen name="dm_189">-339px</dimen>
    <dimen name="dm_188">-337px</dimen>
    <dimen name="dm_187">-336px</dimen>
    <dimen name="dm_186">-334px</dimen>
    <dimen name="dm_185">-332px</dimen>
    <dimen name="dm_184">-330px</dimen>
    <dimen name="dm_183">-328px</dimen>
    <dimen name="dm_182">-327px</dimen>
    <dimen name="dm_181">-325px</dimen>
    <dimen name="dm_180">-323px</dimen>
    <dimen name="dm_179">-321px</dimen>
    <dimen name="dm_178">-319px</dimen>
    <dimen name="dm_177">-318px</dimen>
    <dimen name="dm_176">-316px</dimen>
    <dimen name="dm_175">-314px</dimen>
    <dimen name="dm_174">-312px</dimen>
    <dimen name="dm_173">-310px</dimen>
    <dimen name="dm_172">-309px</dimen>
    <dimen name="dm_171">-307px</dimen>
    <dimen name="dm_170">-305px</dimen>
    <dimen name="dm_169">-303px</dimen>
    <dimen name="dm_168">-301px</dimen>
    <dimen name="dm_167">-300px</dimen>
    <dimen name="dm_166">-298px</dimen>
    <dimen name="dm_165">-296px</dimen>
    <dimen name="dm_164">-294px</dimen>
    <dimen name="dm_163">-292px</dimen>
    <dimen name="dm_162">-291px</dimen>
    <dimen name="dm_161">-289px</dimen>
    <dimen name="dm_160">-287px</dimen>
    <dimen name="dm_159">-285px</dimen>
    <dimen name="dm_158">-283px</dimen>
    <dimen name="dm_157">-282px</dimen>
    <dimen name="dm_156">-280px</dimen>
    <dimen name="dm_155">-278px</dimen>
    <dimen name="dm_154">-276px</dimen>
    <dimen name="dm_153">-274px</dimen>
    <dimen name="dm_152">-273px</dimen>
    <dimen name="dm_151">-271px</dimen>
    <dimen name="dm_150">-269px</dimen>
    <dimen name="dm_149">-267px</dimen>
    <dimen name="dm_148">-265px</dimen>
    <dimen name="dm_147">-264px</dimen>
    <dimen name="dm_146">-262px</dimen>
    <dimen name="dm_145">-260px</dimen>
    <dimen name="dm_144">-258px</dimen>
    <dimen name="dm_143">-256px</dimen>
    <dimen name="dm_142">-255px</dimen>
    <dimen name="dm_141">-253px</dimen>
    <dimen name="dm_140">-251px</dimen>
    <dimen name="dm_139">-249px</dimen>
    <dimen name="dm_138">-247px</dimen>
    <dimen name="dm_137">-246px</dimen>
    <dimen name="dm_136">-244px</dimen>
    <dimen name="dm_135">-242px</dimen>
    <dimen name="dm_134">-240px</dimen>
    <dimen name="dm_133">-238px</dimen>
    <dimen name="dm_132">-237px</dimen>
    <dimen name="dm_131">-235px</dimen>
    <dimen name="dm_130">-233px</dimen>
    <dimen name="dm_129">-231px</dimen>
    <dimen name="dm_128">-229px</dimen>
    <dimen name="dm_127">-228px</dimen>
    <dimen name="dm_126">-226px</dimen>
    <dimen name="dm_125">-224px</dimen>
    <dimen name="dm_124">-222px</dimen>
    <dimen name="dm_123">-220px</dimen>
    <dimen name="dm_122">-219px</dimen>
    <dimen name="dm_121">-217px</dimen>
    <dimen name="dm_120">-215px</dimen>
    <dimen name="dm_119">-213px</dimen>
    <dimen name="dm_118">-211px</dimen>
    <dimen name="dm_117">-210px</dimen>
    <dimen name="dm_116">-208px</dimen>
    <dimen name="dm_115">-206px</dimen>
    <dimen name="dm_114">-204px</dimen>
    <dimen name="dm_113">-202px</dimen>
    <dimen name="dm_112">-201px</dimen>
    <dimen name="dm_111">-199px</dimen>
    <dimen name="dm_110">-197px</dimen>
    <dimen name="dm_109">-195px</dimen>
    <dimen name="dm_108">-193px</dimen>
    <dimen name="dm_107">-192px</dimen>
    <dimen name="dm_106">-190px</dimen>
    <dimen name="dm_105">-188px</dimen>
    <dimen name="dm_104">-186px</dimen>
    <dimen name="dm_103">-184px</dimen>
    <dimen name="dm_102">-183px</dimen>
    <dimen name="dm_101">-181px</dimen>
    <dimen name="dm_100">-179px</dimen>
    <dimen name="dm_099">-177px</dimen>
    <dimen name="dm_098">-175px</dimen>
    <dimen name="dm_097">-174px</dimen>
    <dimen name="dm_096">-172px</dimen>
    <dimen name="dm_095">-170px</dimen>
    <dimen name="dm_094">-168px</dimen>
    <dimen name="dm_093">-166px</dimen>
    <dimen name="dm_092">-165px</dimen>
    <dimen name="dm_091">-163px</dimen>
    <dimen name="dm_090">-161px</dimen>
    <dimen name="dm_089">-159px</dimen>
    <dimen name="dm_088">-157px</dimen>
    <dimen name="dm_087">-156px</dimen>
    <dimen name="dm_086">-154px</dimen>
    <dimen name="dm_085">-152px</dimen>
    <dimen name="dm_084">-150px</dimen>
    <dimen name="dm_083">-148px</dimen>
    <dimen name="dm_082">-147px</dimen>
    <dimen name="dm_081">-145px</dimen>
    <dimen name="dm_080">-143px</dimen>
    <dimen name="dm_079">-141px</dimen>
    <dimen name="dm_078">-139px</dimen>
    <dimen name="dm_077">-138px</dimen>
    <dimen name="dm_076">-136px</dimen>
    <dimen name="dm_075">-134px</dimen>
    <dimen name="dm_074">-132px</dimen>
    <dimen name="dm_073">-130px</dimen>
    <dimen name="dm_072">-129px</dimen>
    <dimen name="dm_071">-127px</dimen>
    <dimen name="dm_070">-125px</dimen>
    <dimen name="dm_069">-123px</dimen>
    <dimen name="dm_068">-121px</dimen>
    <dimen name="dm_067">-120px</dimen>
    <dimen name="dm_066">-118px</dimen>
    <dimen name="dm_065">-116px</dimen>
    <dimen name="dm_064">-114px</dimen>
    <dimen name="dm_063">-112px</dimen>
    <dimen name="dm_062">-111px</dimen>
    <dimen name="dm_061">-109px</dimen>
    <dimen name="dm_060">-107px</dimen>
    <dimen name="dm_059">-105px</dimen>
    <dimen name="dm_058">-103px</dimen>
    <dimen name="dm_057">-102px</dimen>
    <dimen name="dm_056">-100px</dimen>
    <dimen name="dm_055">-98px</dimen>
    <dimen name="dm_054">-96px</dimen>
    <dimen name="dm_053">-94px</dimen>
    <dimen name="dm_052">-93px</dimen>
    <dimen name="dm_051">-91px</dimen>
    <dimen name="dm_050">-89px</dimen>
    <dimen name="dm_049">-87px</dimen>
    <dimen name="dm_048">-85px</dimen>
    <dimen name="dm_047">-84px</dimen>
    <dimen name="dm_046">-82px</dimen>
    <dimen name="dm_045">-80px</dimen>
    <dimen name="dm_044">-78px</dimen>
    <dimen name="dm_043">-76px</dimen>
    <dimen name="dm_042">-75px</dimen>
    <dimen name="dm_041">-73px</dimen>
    <dimen name="dm_040">-71px</dimen>
    <dimen name="dm_039">-69px</dimen>
    <dimen name="dm_038">-67px</dimen>
    <dimen name="dm_037">-66px</dimen>
    <dimen name="dm_036">-64px</dimen>
    <dimen name="dm_035">-62px</dimen>
    <dimen name="dm_034">-60px</dimen>
    <dimen name="dm_033">-58px</dimen>
    <dimen name="dm_032">-57px</dimen>
    <dimen name="dm_031">-55px</dimen>
    <dimen name="dm_030">-53px</dimen>
    <dimen name="dm_029">-51px</dimen>
    <dimen name="dm_028">-49px</dimen>
    <dimen name="dm_027">-48px</dimen>
    <dimen name="dm_026">-46px</dimen>
    <dimen name="dm_025">-44px</dimen>
    <dimen name="dm_024">-42px</dimen>
    <dimen name="dm_023">-40px</dimen>
    <dimen name="dm_022">-39px</dimen>
    <dimen name="dm_021">-37px</dimen>
    <dimen name="dm_020">-35px</dimen>
    <dimen name="dm_019">-33px</dimen>
    <dimen name="dm_018">-31px</dimen>
    <dimen name="dm_017">-30px</dimen>
    <dimen name="dm_016">-28px</dimen>
    <dimen name="dm_015">-26px</dimen>
    <dimen name="dm_014">-24px</dimen>
    <dimen name="dm_013">-22px</dimen>
    <dimen name="dm_012">-21px</dimen>
    <dimen name="dm_011">-19px</dimen>
    <dimen name="dm_010">-17px</dimen>
    <dimen name="dm_009">-15px</dimen>
    <dimen name="dm_008">-13px</dimen>
    <dimen name="dm_007">-12px</dimen>
    <dimen name="dm_006">-10px</dimen>
    <dimen name="dm_005">-8px</dimen>
    <dimen name="dm_004">-6px</dimen>
    <dimen name="dm_003">-4px</dimen>
    <dimen name="dm_002">-3px</dimen>
    <dimen name="dm_001">-1px</dimen>
    <dimen name="dm000">0px</dimen>
    <dimen name="dm001">2px</dimen>
    <dimen name="dm002">4px</dimen>
    <dimen name="dm003">5px</dimen>
    <dimen name="dm004">7px</dimen>
    <dimen name="dm005">9px</dimen>
    <dimen name="dm006">11px</dimen>
    <dimen name="dm007">13px</dimen>
    <dimen name="dm008">14px</dimen>
    <dimen name="dm009">16px</dimen>
    <dimen name="dm010">18px</dimen>
    <dimen name="dm011">20px</dimen>
    <dimen name="dm012">22px</dimen>
    <dimen name="dm013">23px</dimen>
    <dimen name="dm014">25px</dimen>
    <dimen name="dm015">27px</dimen>
    <dimen name="dm016">29px</dimen>
    <dimen name="dm017">31px</dimen>
    <dimen name="dm018">32px</dimen>
    <dimen name="dm019">34px</dimen>
    <dimen name="dm020">36px</dimen>
    <dimen name="dm021">38px</dimen>
    <dimen name="dm022">40px</dimen>
    <dimen name="dm023">41px</dimen>
    <dimen name="dm024">43px</dimen>
    <dimen name="dm025">45px</dimen>
    <dimen name="dm026">47px</dimen>
    <dimen name="dm027">49px</dimen>
    <dimen name="dm028">50px</dimen>
    <dimen name="dm029">52px</dimen>
    <dimen name="dm030">54px</dimen>
    <dimen name="dm031">56px</dimen>
    <dimen name="dm032">58px</dimen>
    <dimen name="dm033">59px</dimen>
    <dimen name="dm034">61px</dimen>
    <dimen name="dm035">63px</dimen>
    <dimen name="dm036">65px</dimen>
    <dimen name="dm037">67px</dimen>
    <dimen name="dm038">68px</dimen>
    <dimen name="dm039">70px</dimen>
    <dimen name="dm040">72px</dimen>
    <dimen name="dm041">74px</dimen>
    <dimen name="dm042">76px</dimen>
    <dimen name="dm043">77px</dimen>
    <dimen name="dm044">79px</dimen>
    <dimen name="dm045">81px</dimen>
    <dimen name="dm046">83px</dimen>
    <dimen name="dm047">85px</dimen>
    <dimen name="dm048">86px</dimen>
    <dimen name="dm049">88px</dimen>
    <dimen name="dm050">90px</dimen>
    <dimen name="dm051">92px</dimen>
    <dimen name="dm052">94px</dimen>
    <dimen name="dm053">95px</dimen>
    <dimen name="dm054">97px</dimen>
    <dimen name="dm055">99px</dimen>
    <dimen name="dm056">101px</dimen>
    <dimen name="dm057">103px</dimen>
    <dimen name="dm058">104px</dimen>
    <dimen name="dm059">106px</dimen>
    <dimen name="dm060">108px</dimen>
    <dimen name="dm061">110px</dimen>
    <dimen name="dm062">112px</dimen>
    <dimen name="dm063">113px</dimen>
    <dimen name="dm064">115px</dimen>
    <dimen name="dm065">117px</dimen>
    <dimen name="dm066">119px</dimen>
    <dimen name="dm067">121px</dimen>
    <dimen name="dm068">122px</dimen>
    <dimen name="dm069">124px</dimen>
    <dimen name="dm070">126px</dimen>
    <dimen name="dm071">128px</dimen>
    <dimen name="dm072">130px</dimen>
    <dimen name="dm073">131px</dimen>
    <dimen name="dm074">133px</dimen>
    <dimen name="dm075">135px</dimen>
    <dimen name="dm076">137px</dimen>
    <dimen name="dm077">139px</dimen>
    <dimen name="dm078">140px</dimen>
    <dimen name="dm079">142px</dimen>
    <dimen name="dm080">144px</dimen>
    <dimen name="dm081">146px</dimen>
    <dimen name="dm082">148px</dimen>
    <dimen name="dm083">149px</dimen>
    <dimen name="dm084">151px</dimen>
    <dimen name="dm085">153px</dimen>
    <dimen name="dm086">155px</dimen>
    <dimen name="dm087">157px</dimen>
    <dimen name="dm088">158px</dimen>
    <dimen name="dm089">160px</dimen>
    <dimen name="dm090">162px</dimen>
    <dimen name="dm091">164px</dimen>
    <dimen name="dm092">166px</dimen>
    <dimen name="dm093">167px</dimen>
    <dimen name="dm094">169px</dimen>
    <dimen name="dm095">171px</dimen>
    <dimen name="dm096">173px</dimen>
    <dimen name="dm097">175px</dimen>
    <dimen name="dm098">176px</dimen>
    <dimen name="dm099">178px</dimen>
    <dimen name="dm100">180px</dimen>
    <dimen name="dm101">182px</dimen>
    <dimen name="dm102">184px</dimen>
    <dimen name="dm103">185px</dimen>
    <dimen name="dm104">187px</dimen>
    <dimen name="dm105">189px</dimen>
    <dimen name="dm106">191px</dimen>
    <dimen name="dm107">193px</dimen>
    <dimen name="dm108">194px</dimen>
    <dimen name="dm109">196px</dimen>
    <dimen name="dm110">198px</dimen>
    <dimen name="dm111">200px</dimen>
    <dimen name="dm112">202px</dimen>
    <dimen name="dm113">203px</dimen>
    <dimen name="dm114">205px</dimen>
    <dimen name="dm115">207px</dimen>
    <dimen name="dm116">209px</dimen>
    <dimen name="dm117">211px</dimen>
    <dimen name="dm118">212px</dimen>
    <dimen name="dm119">214px</dimen>
    <dimen name="dm120">216px</dimen>
    <dimen name="dm121">218px</dimen>
    <dimen name="dm122">220px</dimen>
    <dimen name="dm123">221px</dimen>
    <dimen name="dm124">223px</dimen>
    <dimen name="dm125">225px</dimen>
    <dimen name="dm126">227px</dimen>
    <dimen name="dm127">229px</dimen>
    <dimen name="dm128">230px</dimen>
    <dimen name="dm129">232px</dimen>
    <dimen name="dm130">234px</dimen>
    <dimen name="dm131">236px</dimen>
    <dimen name="dm132">238px</dimen>
    <dimen name="dm133">239px</dimen>
    <dimen name="dm134">241px</dimen>
    <dimen name="dm135">243px</dimen>
    <dimen name="dm136">245px</dimen>
    <dimen name="dm137">247px</dimen>
    <dimen name="dm138">248px</dimen>
    <dimen name="dm139">250px</dimen>
    <dimen name="dm140">252px</dimen>
    <dimen name="dm141">254px</dimen>
    <dimen name="dm142">256px</dimen>
    <dimen name="dm143">257px</dimen>
    <dimen name="dm144">259px</dimen>
    <dimen name="dm145">261px</dimen>
    <dimen name="dm146">263px</dimen>
    <dimen name="dm147">265px</dimen>
    <dimen name="dm148">266px</dimen>
    <dimen name="dm149">268px</dimen>
    <dimen name="dm150">270px</dimen>
    <dimen name="dm151">272px</dimen>
    <dimen name="dm152">274px</dimen>
    <dimen name="dm153">275px</dimen>
    <dimen name="dm154">277px</dimen>
    <dimen name="dm155">279px</dimen>
    <dimen name="dm156">281px</dimen>
    <dimen name="dm157">283px</dimen>
    <dimen name="dm158">284px</dimen>
    <dimen name="dm159">286px</dimen>
    <dimen name="dm160">288px</dimen>
    <dimen name="dm161">290px</dimen>
    <dimen name="dm162">292px</dimen>
    <dimen name="dm163">293px</dimen>
    <dimen name="dm164">295px</dimen>
    <dimen name="dm165">297px</dimen>
    <dimen name="dm166">299px</dimen>
    <dimen name="dm167">301px</dimen>
    <dimen name="dm168">302px</dimen>
    <dimen name="dm169">304px</dimen>
    <dimen name="dm170">306px</dimen>
    <dimen name="dm171">308px</dimen>
    <dimen name="dm172">310px</dimen>
    <dimen name="dm173">311px</dimen>
    <dimen name="dm174">313px</dimen>
    <dimen name="dm175">315px</dimen>
    <dimen name="dm176">317px</dimen>
    <dimen name="dm177">319px</dimen>
    <dimen name="dm178">320px</dimen>
    <dimen name="dm179">322px</dimen>
    <dimen name="dm180">324px</dimen>
    <dimen name="dm181">326px</dimen>
    <dimen name="dm182">328px</dimen>
    <dimen name="dm183">329px</dimen>
    <dimen name="dm184">331px</dimen>
    <dimen name="dm185">333px</dimen>
    <dimen name="dm186">335px</dimen>
    <dimen name="dm187">337px</dimen>
    <dimen name="dm188">338px</dimen>
    <dimen name="dm189">340px</dimen>
    <dimen name="dm190">342px</dimen>
    <dimen name="dm191">344px</dimen>
    <dimen name="dm192">346px</dimen>
    <dimen name="dm193">347px</dimen>
    <dimen name="dm194">349px</dimen>
    <dimen name="dm195">351px</dimen>
    <dimen name="dm196">353px</dimen>
    <dimen name="dm197">355px</dimen>
    <dimen name="dm198">356px</dimen>
    <dimen name="dm199">358px</dimen>
    <dimen name="dm200">360px</dimen>
    <dimen name="dm201">362px</dimen>
    <dimen name="dm202">364px</dimen>
    <dimen name="dm203">365px</dimen>
    <dimen name="dm204">367px</dimen>
    <dimen name="dm205">369px</dimen>
    <dimen name="dm206">371px</dimen>
    <dimen name="dm207">373px</dimen>
    <dimen name="dm208">374px</dimen>
    <dimen name="dm209">376px</dimen>
    <dimen name="dm210">378px</dimen>
    <dimen name="dm211">380px</dimen>
    <dimen name="dm212">382px</dimen>
    <dimen name="dm213">383px</dimen>
    <dimen name="dm214">385px</dimen>
    <dimen name="dm215">387px</dimen>
    <dimen name="dm216">389px</dimen>
    <dimen name="dm217">391px</dimen>
    <dimen name="dm218">392px</dimen>
    <dimen name="dm219">394px</dimen>
    <dimen name="dm220">396px</dimen>
    <dimen name="dm221">398px</dimen>
    <dimen name="dm222">400px</dimen>
    <dimen name="dm223">401px</dimen>
    <dimen name="dm224">403px</dimen>
    <dimen name="dm225">405px</dimen>
    <dimen name="dm226">407px</dimen>
    <dimen name="dm227">409px</dimen>
    <dimen name="dm228">410px</dimen>
    <dimen name="dm229">412px</dimen>
    <dimen name="dm230">414px</dimen>
    <dimen name="dm231">416px</dimen>
    <dimen name="dm232">418px</dimen>
    <dimen name="dm233">419px</dimen>
    <dimen name="dm234">421px</dimen>
    <dimen name="dm235">423px</dimen>
    <dimen name="dm236">425px</dimen>
    <dimen name="dm237">427px</dimen>
    <dimen name="dm238">428px</dimen>
    <dimen name="dm239">430px</dimen>
    <dimen name="dm240">432px</dimen>
    <dimen name="dm241">434px</dimen>
    <dimen name="dm242">436px</dimen>
    <dimen name="dm243">437px</dimen>
    <dimen name="dm244">439px</dimen>
    <dimen name="dm245">441px</dimen>
    <dimen name="dm246">443px</dimen>
    <dimen name="dm247">445px</dimen>
    <dimen name="dm248">446px</dimen>
    <dimen name="dm249">448px</dimen>
    <dimen name="dm250">450px</dimen>
    <dimen name="dm251">452px</dimen>
    <dimen name="dm252">454px</dimen>
    <dimen name="dm253">455px</dimen>
    <dimen name="dm254">457px</dimen>
    <dimen name="dm255">459px</dimen>
    <dimen name="dm256">461px</dimen>
    <dimen name="dm257">463px</dimen>
    <dimen name="dm258">464px</dimen>
    <dimen name="dm259">466px</dimen>
    <dimen name="dm260">468px</dimen>
    <dimen name="dm261">470px</dimen>
    <dimen name="dm262">472px</dimen>
    <dimen name="dm263">473px</dimen>
    <dimen name="dm264">475px</dimen>
    <dimen name="dm265">477px</dimen>
    <dimen name="dm266">479px</dimen>
    <dimen name="dm267">481px</dimen>
    <dimen name="dm268">482px</dimen>
    <dimen name="dm269">484px</dimen>
    <dimen name="dm270">486px</dimen>
    <dimen name="dm271">488px</dimen>
    <dimen name="dm272">490px</dimen>
    <dimen name="dm273">491px</dimen>
    <dimen name="dm274">493px</dimen>
    <dimen name="dm275">495px</dimen>
    <dimen name="dm276">497px</dimen>
    <dimen name="dm277">499px</dimen>
    <dimen name="dm278">500px</dimen>
    <dimen name="dm279">502px</dimen>
    <dimen name="dm280">504px</dimen>
    <dimen name="dm281">506px</dimen>
    <dimen name="dm282">508px</dimen>
    <dimen name="dm283">509px</dimen>
    <dimen name="dm284">511px</dimen>
    <dimen name="dm285">513px</dimen>
    <dimen name="dm286">515px</dimen>
    <dimen name="dm287">517px</dimen>
    <dimen name="dm288">518px</dimen>
    <dimen name="dm289">520px</dimen>
    <dimen name="dm290">522px</dimen>
    <dimen name="dm291">524px</dimen>
    <dimen name="dm292">526px</dimen>
    <dimen name="dm293">527px</dimen>
    <dimen name="dm294">529px</dimen>
    <dimen name="dm295">531px</dimen>
    <dimen name="dm296">533px</dimen>
    <dimen name="dm297">535px</dimen>
    <dimen name="dm298">536px</dimen>
    <dimen name="dm299">538px</dimen>
    <dimen name="dm300">540px</dimen>
    <dimen name="dm301">542px</dimen>
    <dimen name="dm302">544px</dimen>
    <dimen name="dm303">545px</dimen>
    <dimen name="dm304">547px</dimen>
    <dimen name="dm305">549px</dimen>
    <dimen name="dm306">551px</dimen>
    <dimen name="dm307">553px</dimen>
    <dimen name="dm308">554px</dimen>
    <dimen name="dm309">556px</dimen>
    <dimen name="dm310">558px</dimen>
    <dimen name="dm311">560px</dimen>
    <dimen name="dm312">562px</dimen>
    <dimen name="dm313">563px</dimen>
    <dimen name="dm314">565px</dimen>
    <dimen name="dm315">567px</dimen>
    <dimen name="dm316">569px</dimen>
    <dimen name="dm317">571px</dimen>
    <dimen name="dm318">572px</dimen>
    <dimen name="dm319">574px</dimen>
    <dimen name="dm320">576px</dimen>
    <dimen name="dm321">578px</dimen>
    <dimen name="dm322">580px</dimen>
    <dimen name="dm323">581px</dimen>
    <dimen name="dm324">583px</dimen>
    <dimen name="dm325">585px</dimen>
    <dimen name="dm326">587px</dimen>
    <dimen name="dm327">589px</dimen>
    <dimen name="dm328">590px</dimen>
    <dimen name="dm329">592px</dimen>
    <dimen name="dm330">594px</dimen>
    <dimen name="dm331">596px</dimen>
    <dimen name="dm332">598px</dimen>
    <dimen name="dm333">599px</dimen>
    <dimen name="dm334">601px</dimen>
    <dimen name="dm335">603px</dimen>
    <dimen name="dm336">605px</dimen>
    <dimen name="dm337">607px</dimen>
    <dimen name="dm338">608px</dimen>
    <dimen name="dm339">610px</dimen>
    <dimen name="dm340">612px</dimen>
    <dimen name="dm341">614px</dimen>
    <dimen name="dm342">616px</dimen>
    <dimen name="dm343">617px</dimen>
    <dimen name="dm344">619px</dimen>
    <dimen name="dm345">621px</dimen>
    <dimen name="dm346">623px</dimen>
    <dimen name="dm347">625px</dimen>
    <dimen name="dm348">626px</dimen>
    <dimen name="dm349">628px</dimen>
    <dimen name="dm350">630px</dimen>
    <dimen name="dm351">632px</dimen>
    <dimen name="dm352">634px</dimen>
    <dimen name="dm353">635px</dimen>
    <dimen name="dm354">637px</dimen>
    <dimen name="dm355">639px</dimen>
    <dimen name="dm356">641px</dimen>
    <dimen name="dm357">643px</dimen>
    <dimen name="dm358">644px</dimen>
    <dimen name="dm359">646px</dimen>
    <dimen name="dm360">648px</dimen>
    <dimen name="dm361">650px</dimen>
    <dimen name="dm362">652px</dimen>
    <dimen name="dm363">653px</dimen>
    <dimen name="dm364">655px</dimen>
    <dimen name="dm365">657px</dimen>
    <dimen name="dm366">659px</dimen>
    <dimen name="dm367">661px</dimen>
    <dimen name="dm368">662px</dimen>
    <dimen name="dm369">664px</dimen>
    <dimen name="dm370">666px</dimen>
    <dimen name="dm371">668px</dimen>
    <dimen name="dm372">670px</dimen>
    <dimen name="dm373">671px</dimen>
    <dimen name="dm374">673px</dimen>
    <dimen name="dm375">675px</dimen>
    <dimen name="dm376">677px</dimen>
    <dimen name="dm377">679px</dimen>
    <dimen name="dm378">680px</dimen>
    <dimen name="dm379">682px</dimen>
    <dimen name="dm380">684px</dimen>
    <dimen name="dm381">686px</dimen>
    <dimen name="dm382">688px</dimen>
    <dimen name="dm383">689px</dimen>
    <dimen name="dm384">691px</dimen>
    <dimen name="dm385">693px</dimen>
    <dimen name="dm386">695px</dimen>
    <dimen name="dm387">697px</dimen>
    <dimen name="dm388">698px</dimen>
    <dimen name="dm389">700px</dimen>
    <dimen name="dm390">702px</dimen>
    <dimen name="dm391">704px</dimen>
    <dimen name="dm392">706px</dimen>
    <dimen name="dm393">707px</dimen>
    <dimen name="dm394">709px</dimen>
    <dimen name="dm395">711px</dimen>
    <dimen name="dm396">713px</dimen>
    <dimen name="dm397">715px</dimen>
    <dimen name="dm398">716px</dimen>
    <dimen name="dm399">718px</dimen>
    <dimen name="dm400">720px</dimen>
    <dimen name="dm401">722px</dimen>
    <dimen name="dm402">724px</dimen>
    <dimen name="dm403">725px</dimen>
    <dimen name="dm404">727px</dimen>
    <dimen name="dm405">729px</dimen>
    <dimen name="dm406">731px</dimen>
    <dimen name="dm407">733px</dimen>
    <dimen name="dm408">734px</dimen>
    <dimen name="dm409">736px</dimen>
    <dimen name="dm410">738px</dimen>
    <dimen name="dm411">740px</dimen>
    <dimen name="dm412">742px</dimen>
    <dimen name="dm413">743px</dimen>
    <dimen name="dm414">745px</dimen>
    <dimen name="dm415">747px</dimen>
    <dimen name="dm416">749px</dimen>
    <dimen name="dm417">751px</dimen>
    <dimen name="dm418">752px</dimen>
    <dimen name="dm419">754px</dimen>
    <dimen name="dm420">756px</dimen>
    <dimen name="dm421">758px</dimen>
    <dimen name="dm422">760px</dimen>
    <dimen name="dm423">761px</dimen>
    <dimen name="dm424">763px</dimen>
    <dimen name="dm425">765px</dimen>
    <dimen name="dm426">767px</dimen>
    <dimen name="dm427">769px</dimen>
    <dimen name="dm428">770px</dimen>
    <dimen name="dm429">772px</dimen>
    <dimen name="dm430">774px</dimen>
    <dimen name="dm431">776px</dimen>
    <dimen name="dm432">778px</dimen>
    <dimen name="dm433">779px</dimen>
    <dimen name="dm434">781px</dimen>
    <dimen name="dm435">783px</dimen>
    <dimen name="dm436">785px</dimen>
    <dimen name="dm437">787px</dimen>
    <dimen name="dm438">788px</dimen>
    <dimen name="dm439">790px</dimen>
    <dimen name="dm440">792px</dimen>
    <dimen name="dm441">794px</dimen>
    <dimen name="dm442">796px</dimen>
    <dimen name="dm443">797px</dimen>
    <dimen name="dm444">799px</dimen>
    <dimen name="dm445">801px</dimen>
    <dimen name="dm446">803px</dimen>
    <dimen name="dm447">805px</dimen>
    <dimen name="dm448">806px</dimen>
    <dimen name="dm449">808px</dimen>
    <dimen name="dm450">810px</dimen>
    <dimen name="dm451">812px</dimen>
    <dimen name="dm452">814px</dimen>
    <dimen name="dm453">815px</dimen>
    <dimen name="dm454">817px</dimen>
    <dimen name="dm455">819px</dimen>
    <dimen name="dm456">821px</dimen>
    <dimen name="dm457">823px</dimen>
    <dimen name="dm458">824px</dimen>
    <dimen name="dm459">826px</dimen>
    <dimen name="dm460">828px</dimen>
    <dimen name="dm461">830px</dimen>
    <dimen name="dm462">832px</dimen>
    <dimen name="dm463">833px</dimen>
    <dimen name="dm464">835px</dimen>
    <dimen name="dm465">837px</dimen>
    <dimen name="dm466">839px</dimen>
    <dimen name="dm467">841px</dimen>
    <dimen name="dm468">842px</dimen>
    <dimen name="dm469">844px</dimen>
    <dimen name="dm470">846px</dimen>
    <dimen name="dm471">848px</dimen>
    <dimen name="dm472">850px</dimen>
    <dimen name="dm473">851px</dimen>
    <dimen name="dm474">853px</dimen>
    <dimen name="dm475">855px</dimen>
    <dimen name="dm476">857px</dimen>
    <dimen name="dm477">859px</dimen>
    <dimen name="dm478">860px</dimen>
    <dimen name="dm479">862px</dimen>
    <dimen name="dm480">864px</dimen>
    <dimen name="dm481">866px</dimen>
    <dimen name="dm482">868px</dimen>
    <dimen name="dm483">869px</dimen>
    <dimen name="dm484">871px</dimen>
    <dimen name="dm485">873px</dimen>
    <dimen name="dm486">875px</dimen>
    <dimen name="dm487">877px</dimen>
    <dimen name="dm488">878px</dimen>
    <dimen name="dm489">880px</dimen>
    <dimen name="dm490">882px</dimen>
    <dimen name="dm491">884px</dimen>
    <dimen name="dm492">886px</dimen>
    <dimen name="dm493">887px</dimen>
    <dimen name="dm494">889px</dimen>
    <dimen name="dm495">891px</dimen>
    <dimen name="dm496">893px</dimen>
    <dimen name="dm497">895px</dimen>
    <dimen name="dm498">896px</dimen>
    <dimen name="dm499">898px</dimen>
    <dimen name="dm500">900px</dimen>
    <dimen name="dm501">902px</dimen>
    <dimen name="dm502">904px</dimen>
    <dimen name="dm503">905px</dimen>
    <dimen name="dm504">907px</dimen>
    <dimen name="dm505">909px</dimen>
    <dimen name="dm506">911px</dimen>
    <dimen name="dm507">913px</dimen>
    <dimen name="dm508">914px</dimen>
    <dimen name="dm509">916px</dimen>
    <dimen name="dm510">918px</dimen>
    <dimen name="dm511">920px</dimen>
    <dimen name="dm512">922px</dimen>
    <dimen name="dm513">923px</dimen>
    <dimen name="dm514">925px</dimen>
    <dimen name="dm515">927px</dimen>
    <dimen name="dm516">929px</dimen>
    <dimen name="dm517">931px</dimen>
    <dimen name="dm518">932px</dimen>
    <dimen name="dm519">934px</dimen>
    <dimen name="dm520">936px</dimen>
    <dimen name="dm521">938px</dimen>
    <dimen name="dm522">940px</dimen>
    <dimen name="dm523">941px</dimen>
    <dimen name="dm524">943px</dimen>
    <dimen name="dm525">945px</dimen>
    <dimen name="dm526">947px</dimen>
    <dimen name="dm527">949px</dimen>
    <dimen name="dm528">950px</dimen>
    <dimen name="dm529">952px</dimen>
    <dimen name="dm530">954px</dimen>
    <dimen name="dm531">956px</dimen>
    <dimen name="dm532">958px</dimen>
    <dimen name="dm533">959px</dimen>
    <dimen name="dm534">961px</dimen>
    <dimen name="dm535">963px</dimen>
    <dimen name="dm536">965px</dimen>
    <dimen name="dm537">967px</dimen>
    <dimen name="dm538">968px</dimen>
    <dimen name="dm539">970px</dimen>
    <dimen name="dm540">972px</dimen>
    <dimen name="dm541">974px</dimen>
    <dimen name="dm542">976px</dimen>
    <dimen name="dm543">977px</dimen>
    <dimen name="dm544">979px</dimen>
    <dimen name="dm545">981px</dimen>
    <dimen name="dm546">983px</dimen>
    <dimen name="dm547">985px</dimen>
    <dimen name="dm548">986px</dimen>
    <dimen name="dm549">988px</dimen>
    <dimen name="dm550">990px</dimen>
    <dimen name="dm551">992px</dimen>
    <dimen name="dm552">994px</dimen>
    <dimen name="dm553">995px</dimen>
    <dimen name="dm554">997px</dimen>
    <dimen name="dm555">999px</dimen>
    <dimen name="dm556">1001px</dimen>
    <dimen name="dm557">1003px</dimen>
    <dimen name="dm558">1004px</dimen>
    <dimen name="dm559">1006px</dimen>
    <dimen name="dm560">1008px</dimen>
    <dimen name="dm561">1010px</dimen>
    <dimen name="dm562">1012px</dimen>
    <dimen name="dm563">1013px</dimen>
    <dimen name="dm564">1015px</dimen>
    <dimen name="dm565">1017px</dimen>
    <dimen name="dm566">1019px</dimen>
    <dimen name="dm567">1021px</dimen>
    <dimen name="dm568">1022px</dimen>
    <dimen name="dm569">1024px</dimen>
    <dimen name="dm570">1026px</dimen>
    <dimen name="dm571">1028px</dimen>
    <dimen name="dm572">1030px</dimen>
    <dimen name="dm573">1031px</dimen>
    <dimen name="dm574">1033px</dimen>
    <dimen name="dm575">1035px</dimen>
    <dimen name="dm576">1037px</dimen>
    <dimen name="dm577">1039px</dimen>
    <dimen name="dm578">1040px</dimen>
    <dimen name="dm579">1042px</dimen>
    <dimen name="dm580">1044px</dimen>
    <dimen name="dm581">1046px</dimen>
    <dimen name="dm582">1048px</dimen>
    <dimen name="dm583">1049px</dimen>
    <dimen name="dm584">1051px</dimen>
    <dimen name="dm585">1053px</dimen>
    <dimen name="dm586">1055px</dimen>
    <dimen name="dm587">1057px</dimen>
    <dimen name="dm588">1058px</dimen>
    <dimen name="dm589">1060px</dimen>
    <dimen name="dm590">1062px</dimen>
    <dimen name="dm591">1064px</dimen>
    <dimen name="dm592">1066px</dimen>
    <dimen name="dm593">1067px</dimen>
    <dimen name="dm594">1069px</dimen>
    <dimen name="dm595">1071px</dimen>
    <dimen name="dm596">1073px</dimen>
    <dimen name="dm597">1075px</dimen>
    <dimen name="dm598">1076px</dimen>
    <dimen name="dm599">1078px</dimen>
    <dimen name="dm600">1080px</dimen>
    <dimen name="dm601">1082px</dimen>
    <dimen name="dm602">1084px</dimen>
    <dimen name="dm603">1085px</dimen>
    <dimen name="dm604">1087px</dimen>
    <dimen name="dm605">1089px</dimen>
    <dimen name="dm606">1091px</dimen>
    <dimen name="dm607">1093px</dimen>
    <dimen name="dm608">1094px</dimen>
    <dimen name="dm609">1096px</dimen>
    <dimen name="dm610">1098px</dimen>
    <dimen name="dm611">1100px</dimen>
    <dimen name="dm612">1102px</dimen>
    <dimen name="dm613">1103px</dimen>
    <dimen name="dm614">1105px</dimen>
    <dimen name="dm615">1107px</dimen>
    <dimen name="dm616">1109px</dimen>
    <dimen name="dm617">1111px</dimen>
    <dimen name="dm618">1112px</dimen>
    <dimen name="dm619">1114px</dimen>
    <dimen name="dm620">1116px</dimen>
    <dimen name="dm621">1118px</dimen>
    <dimen name="dm622">1120px</dimen>
    <dimen name="dm623">1121px</dimen>
    <dimen name="dm624">1123px</dimen>
    <dimen name="dm625">1125px</dimen>
    <dimen name="dm626">1127px</dimen>
    <dimen name="dm627">1129px</dimen>
    <dimen name="dm628">1130px</dimen>
    <dimen name="dm629">1132px</dimen>
    <dimen name="dm630">1134px</dimen>
    <dimen name="dm631">1136px</dimen>
    <dimen name="dm632">1138px</dimen>
    <dimen name="dm633">1139px</dimen>
    <dimen name="dm634">1141px</dimen>
    <dimen name="dm635">1143px</dimen>
    <dimen name="dm636">1145px</dimen>
    <dimen name="dm637">1147px</dimen>
    <dimen name="dm638">1148px</dimen>
    <dimen name="dm639">1150px</dimen>
    <dimen name="dm640">1152px</dimen>
    <dimen name="dm641">1154px</dimen>
    <dimen name="dm642">1156px</dimen>
    <dimen name="dm643">1157px</dimen>
    <dimen name="dm644">1159px</dimen>
    <dimen name="dm645">1161px</dimen>
    <dimen name="dm646">1163px</dimen>
    <dimen name="dm647">1165px</dimen>
    <dimen name="dm648">1166px</dimen>
    <dimen name="dm649">1168px</dimen>
    <dimen name="dm650">1170px</dimen>
    <dimen name="dm651">1172px</dimen>
    <dimen name="dm652">1174px</dimen>
    <dimen name="dm653">1175px</dimen>
    <dimen name="dm654">1177px</dimen>
    <dimen name="dm655">1179px</dimen>
    <dimen name="dm656">1181px</dimen>
    <dimen name="dm657">1183px</dimen>
    <dimen name="dm658">1184px</dimen>
    <dimen name="dm659">1186px</dimen>
    <dimen name="dm660">1188px</dimen>
    <dimen name="dm661">1190px</dimen>
    <dimen name="dm662">1192px</dimen>
    <dimen name="dm663">1193px</dimen>
    <dimen name="dm664">1195px</dimen>
    <dimen name="dm665">1197px</dimen>
    <dimen name="dm666">1199px</dimen>
    <dimen name="dm667">1201px</dimen>
    <dimen name="dm668">1202px</dimen>
    <dimen name="dm669">1204px</dimen>
    <dimen name="dm670">1206px</dimen>
    <dimen name="dm671">1208px</dimen>
    <dimen name="dm672">1210px</dimen>
    <dimen name="dm673">1211px</dimen>
    <dimen name="dm674">1213px</dimen>
    <dimen name="dm675">1215px</dimen>
    <dimen name="dm676">1217px</dimen>
    <dimen name="dm677">1219px</dimen>
    <dimen name="dm678">1220px</dimen>
    <dimen name="dm679">1222px</dimen>
    <dimen name="dm680">1224px</dimen>
    <dimen name="dm681">1226px</dimen>
    <dimen name="dm682">1228px</dimen>
    <dimen name="dm683">1229px</dimen>
    <dimen name="dm684">1231px</dimen>
    <dimen name="dm685">1233px</dimen>
    <dimen name="dm686">1235px</dimen>
    <dimen name="dm687">1237px</dimen>
    <dimen name="dm688">1238px</dimen>
    <dimen name="dm689">1240px</dimen>
    <dimen name="dm690">1242px</dimen>
    <dimen name="dm691">1244px</dimen>
    <dimen name="dm692">1246px</dimen>
    <dimen name="dm693">1247px</dimen>
    <dimen name="dm694">1249px</dimen>
    <dimen name="dm695">1251px</dimen>
    <dimen name="dm696">1253px</dimen>
    <dimen name="dm697">1255px</dimen>
    <dimen name="dm698">1256px</dimen>
    <dimen name="dm699">1258px</dimen>
    <dimen name="dm700">1260px</dimen>
    <dimen name="dm701">1262px</dimen>
    <dimen name="dm702">1264px</dimen>
    <dimen name="dm703">1265px</dimen>
    <dimen name="dm704">1267px</dimen>
    <dimen name="dm705">1269px</dimen>
    <dimen name="dm706">1271px</dimen>
    <dimen name="dm707">1273px</dimen>
    <dimen name="dm708">1274px</dimen>
    <dimen name="dm709">1276px</dimen>
    <dimen name="dm710">1278px</dimen>
    <dimen name="dm711">1280px</dimen>
    <dimen name="dm712">1282px</dimen>
    <dimen name="dm713">1283px</dimen>
    <dimen name="dm714">1285px</dimen>
    <dimen name="dm715">1287px</dimen>
    <dimen name="dm716">1289px</dimen>
    <dimen name="dm717">1291px</dimen>
    <dimen name="dm718">1292px</dimen>
    <dimen name="dm719">1294px</dimen>
    <dimen name="dm720">1296px</dimen>
    <dimen name="dm721">1298px</dimen>
    <dimen name="dm722">1300px</dimen>
    <dimen name="dm723">1301px</dimen>
    <dimen name="dm724">1303px</dimen>
    <dimen name="dm725">1305px</dimen>
    <dimen name="dm726">1307px</dimen>
    <dimen name="dm727">1309px</dimen>
    <dimen name="dm728">1310px</dimen>
    <dimen name="dm729">1312px</dimen>
    <dimen name="dm730">1314px</dimen>
    <dimen name="dm731">1316px</dimen>
    <dimen name="dm732">1318px</dimen>
    <dimen name="dm733">1319px</dimen>
    <dimen name="dm734">1321px</dimen>
    <dimen name="dm735">1323px</dimen>
    <dimen name="dm736">1325px</dimen>
    <dimen name="dm737">1327px</dimen>
    <dimen name="dm738">1328px</dimen>
    <dimen name="dm739">1330px</dimen>
    <dimen name="dm740">1332px</dimen>
    <dimen name="dm741">1334px</dimen>
    <dimen name="dm742">1336px</dimen>
    <dimen name="dm743">1337px</dimen>
    <dimen name="dm744">1339px</dimen>
    <dimen name="dm745">1341px</dimen>
    <dimen name="dm746">1343px</dimen>
    <dimen name="dm747">1345px</dimen>
    <dimen name="dm748">1346px</dimen>
    <dimen name="dm749">1348px</dimen>
    <dimen name="dm750">1350px</dimen>
    <dimen name="dm751">1352px</dimen>
    <dimen name="dm752">1354px</dimen>
    <dimen name="dm753">1355px</dimen>
    <dimen name="dm754">1357px</dimen>
    <dimen name="dm755">1359px</dimen>
    <dimen name="dm756">1361px</dimen>
    <dimen name="dm757">1363px</dimen>
    <dimen name="dm758">1364px</dimen>
    <dimen name="dm759">1366px</dimen>
    <dimen name="dm760">1368px</dimen>
    <dimen name="dm761">1370px</dimen>
    <dimen name="dm762">1372px</dimen>
    <dimen name="dm763">1373px</dimen>
    <dimen name="dm764">1375px</dimen>
    <dimen name="dm765">1377px</dimen>
    <dimen name="dm766">1379px</dimen>
    <dimen name="dm767">1381px</dimen>
    <dimen name="dm768">1382px</dimen>
    <dimen name="dm769">1384px</dimen>
    <dimen name="dm770">1386px</dimen>
    <dimen name="dm771">1388px</dimen>
    <dimen name="dm772">1390px</dimen>
    <dimen name="dm773">1391px</dimen>
    <dimen name="dm774">1393px</dimen>
    <dimen name="dm775">1395px</dimen>
    <dimen name="dm776">1397px</dimen>
    <dimen name="dm777">1399px</dimen>
    <dimen name="dm778">1400px</dimen>
    <dimen name="dm779">1402px</dimen>
    <dimen name="dm780">1404px</dimen>
    <dimen name="dm781">1406px</dimen>
    <dimen name="dm782">1408px</dimen>
    <dimen name="dm783">1409px</dimen>
    <dimen name="dm784">1411px</dimen>
    <dimen name="dm785">1413px</dimen>
    <dimen name="dm786">1415px</dimen>
    <dimen name="dm787">1417px</dimen>
    <dimen name="dm788">1418px</dimen>
    <dimen name="dm789">1420px</dimen>
    <dimen name="dm790">1422px</dimen>
    <dimen name="dm791">1424px</dimen>
    <dimen name="dm792">1426px</dimen>
    <dimen name="dm793">1427px</dimen>
    <dimen name="dm794">1429px</dimen>
    <dimen name="dm795">1431px</dimen>
    <dimen name="dm796">1433px</dimen>
    <dimen name="dm797">1435px</dimen>
    <dimen name="dm798">1436px</dimen>
    <dimen name="dm799">1438px</dimen>
    <dimen name="dm800">1440px</dimen>
    <dimen name="dm801">1442px</dimen>
    <dimen name="dm802">1444px</dimen>
    <dimen name="dm803">1445px</dimen>
    <dimen name="dm804">1447px</dimen>
    <dimen name="dm805">1449px</dimen>
    <dimen name="dm806">1451px</dimen>
    <dimen name="dm807">1453px</dimen>
    <dimen name="dm808">1454px</dimen>
    <dimen name="dm809">1456px</dimen>
    <dimen name="dm810">1458px</dimen>
    <dimen name="dm811">1460px</dimen>
    <dimen name="dm812">1462px</dimen>
    <dimen name="dm813">1463px</dimen>
    <dimen name="dm814">1465px</dimen>
    <dimen name="dm815">1467px</dimen>
    <dimen name="dm816">1469px</dimen>
    <dimen name="dm817">1471px</dimen>
    <dimen name="dm818">1472px</dimen>
    <dimen name="dm819">1474px</dimen>
    <dimen name="dm820">1476px</dimen>
    <dimen name="dm821">1478px</dimen>
    <dimen name="dm822">1480px</dimen>
    <dimen name="dm823">1481px</dimen>
    <dimen name="dm824">1483px</dimen>
    <dimen name="dm825">1485px</dimen>
    <dimen name="dm826">1487px</dimen>
    <dimen name="dm827">1489px</dimen>
    <dimen name="dm828">1490px</dimen>
    <dimen name="dm829">1492px</dimen>
    <dimen name="dm830">1494px</dimen>
    <dimen name="dm831">1496px</dimen>
    <dimen name="dm832">1498px</dimen>
    <dimen name="dm833">1499px</dimen>
    <dimen name="dm834">1501px</dimen>
    <dimen name="dm835">1503px</dimen>
    <dimen name="dm836">1505px</dimen>
    <dimen name="dm837">1507px</dimen>
    <dimen name="dm838">1508px</dimen>
    <dimen name="dm839">1510px</dimen>
    <dimen name="dm840">1512px</dimen>
    <dimen name="dm841">1514px</dimen>
    <dimen name="dm842">1516px</dimen>
    <dimen name="dm843">1517px</dimen>
    <dimen name="dm844">1519px</dimen>
    <dimen name="dm845">1521px</dimen>
    <dimen name="dm846">1523px</dimen>
    <dimen name="dm847">1525px</dimen>
    <dimen name="dm848">1526px</dimen>
    <dimen name="dm849">1528px</dimen>
    <dimen name="dm850">1530px</dimen>
    <dimen name="dm851">1532px</dimen>
    <dimen name="dm852">1534px</dimen>
    <dimen name="dm853">1535px</dimen>
    <dimen name="dm854">1537px</dimen>
    <dimen name="dm855">1539px</dimen>
    <dimen name="dm856">1541px</dimen>
    <dimen name="dm857">1543px</dimen>
    <dimen name="dm858">1544px</dimen>
    <dimen name="dm859">1546px</dimen>
    <dimen name="dm860">1548px</dimen>
    <dimen name="dm861">1550px</dimen>
    <dimen name="dm862">1552px</dimen>
    <dimen name="dm863">1553px</dimen>
    <dimen name="dm864">1555px</dimen>
    <dimen name="dm865">1557px</dimen>
    <dimen name="dm866">1559px</dimen>
    <dimen name="dm867">1561px</dimen>
    <dimen name="dm868">1562px</dimen>
    <dimen name="dm869">1564px</dimen>
    <dimen name="dm870">1566px</dimen>
    <dimen name="dm871">1568px</dimen>
    <dimen name="dm872">1570px</dimen>
    <dimen name="dm873">1571px</dimen>
    <dimen name="dm874">1573px</dimen>
    <dimen name="dm875">1575px</dimen>
    <dimen name="dm876">1577px</dimen>
    <dimen name="dm877">1579px</dimen>
    <dimen name="dm878">1580px</dimen>
    <dimen name="dm879">1582px</dimen>
    <dimen name="dm880">1584px</dimen>
    <dimen name="dm881">1586px</dimen>
    <dimen name="dm882">1588px</dimen>
    <dimen name="dm883">1589px</dimen>
    <dimen name="dm884">1591px</dimen>
    <dimen name="dm885">1593px</dimen>
    <dimen name="dm886">1595px</dimen>
    <dimen name="dm887">1597px</dimen>
    <dimen name="dm888">1598px</dimen>
    <dimen name="dm889">1600px</dimen>
    <dimen name="dm890">1602px</dimen>
    <dimen name="dm891">1604px</dimen>
    <dimen name="dm892">1606px</dimen>
    <dimen name="dm893">1607px</dimen>
    <dimen name="dm894">1609px</dimen>
    <dimen name="dm895">1611px</dimen>
    <dimen name="dm896">1613px</dimen>
    <dimen name="dm897">1615px</dimen>
    <dimen name="dm898">1616px</dimen>
    <dimen name="dm899">1618px</dimen>
    <dimen name="dm900">1620px</dimen>
    <dimen name="dm901">1622px</dimen>
    <dimen name="dm902">1624px</dimen>
    <dimen name="dm903">1625px</dimen>
    <dimen name="dm904">1627px</dimen>
    <dimen name="dm905">1629px</dimen>
    <dimen name="dm906">1631px</dimen>
    <dimen name="dm907">1633px</dimen>
    <dimen name="dm908">1634px</dimen>
    <dimen name="dm909">1636px</dimen>
    <dimen name="dm910">1638px</dimen>
    <dimen name="dm911">1640px</dimen>
    <dimen name="dm912">1642px</dimen>
    <dimen name="dm913">1643px</dimen>
    <dimen name="dm914">1645px</dimen>
    <dimen name="dm915">1647px</dimen>
    <dimen name="dm916">1649px</dimen>
    <dimen name="dm917">1651px</dimen>
    <dimen name="dm918">1652px</dimen>
    <dimen name="dm919">1654px</dimen>
    <dimen name="dm920">1656px</dimen>
    <dimen name="dm921">1658px</dimen>
    <dimen name="dm922">1660px</dimen>
    <dimen name="dm923">1661px</dimen>
    <dimen name="dm924">1663px</dimen>
    <dimen name="dm925">1665px</dimen>
    <dimen name="dm926">1667px</dimen>
    <dimen name="dm927">1669px</dimen>
    <dimen name="dm928">1670px</dimen>
    <dimen name="dm929">1672px</dimen>
    <dimen name="dm930">1674px</dimen>
    <dimen name="dm931">1676px</dimen>
    <dimen name="dm932">1678px</dimen>
    <dimen name="dm933">1679px</dimen>
    <dimen name="dm934">1681px</dimen>
    <dimen name="dm935">1683px</dimen>
    <dimen name="dm936">1685px</dimen>
    <dimen name="dm937">1687px</dimen>
    <dimen name="dm938">1688px</dimen>
    <dimen name="dm939">1690px</dimen>
    <dimen name="dm940">1692px</dimen>
    <dimen name="dm941">1694px</dimen>
    <dimen name="dm942">1696px</dimen>
    <dimen name="dm943">1697px</dimen>
    <dimen name="dm944">1699px</dimen>
    <dimen name="dm945">1701px</dimen>
    <dimen name="dm946">1703px</dimen>
    <dimen name="dm947">1705px</dimen>
    <dimen name="dm948">1706px</dimen>
    <dimen name="dm949">1708px</dimen>
    <dimen name="dm950">1710px</dimen>
    <dimen name="dm951">1712px</dimen>
    <dimen name="dm952">1714px</dimen>
    <dimen name="dm953">1715px</dimen>
    <dimen name="dm954">1717px</dimen>
    <dimen name="dm955">1719px</dimen>
    <dimen name="dm956">1721px</dimen>
    <dimen name="dm957">1723px</dimen>
    <dimen name="dm958">1724px</dimen>
    <dimen name="dm959">1726px</dimen>
    <dimen name="dm960">1728px</dimen>
    <dimen name="dm961">1730px</dimen>
    <dimen name="dm962">1732px</dimen>
    <dimen name="dm963">1733px</dimen>
    <dimen name="dm964">1735px</dimen>
    <dimen name="dm965">1737px</dimen>
    <dimen name="dm966">1739px</dimen>
    <dimen name="dm967">1741px</dimen>
    <dimen name="dm968">1742px</dimen>
    <dimen name="dm969">1744px</dimen>
    <dimen name="dm970">1746px</dimen>
    <dimen name="dm971">1748px</dimen>
    <dimen name="dm972">1750px</dimen>
    <dimen name="dm973">1751px</dimen>
    <dimen name="dm974">1753px</dimen>
    <dimen name="dm975">1755px</dimen>
    <dimen name="dm976">1757px</dimen>
    <dimen name="dm977">1759px</dimen>
    <dimen name="dm978">1760px</dimen>
    <dimen name="dm979">1762px</dimen>
    <dimen name="dm980">1764px</dimen>
    <dimen name="dm981">1766px</dimen>
    <dimen name="dm982">1768px</dimen>
    <dimen name="dm983">1769px</dimen>
    <dimen name="dm984">1771px</dimen>
    <dimen name="dm985">1773px</dimen>
    <dimen name="dm986">1775px</dimen>
    <dimen name="dm987">1777px</dimen>
    <dimen name="dm988">1778px</dimen>
    <dimen name="dm989">1780px</dimen>
    <dimen name="dm990">1782px</dimen>
    <dimen name="dm991">1784px</dimen>
    <dimen name="dm992">1786px</dimen>
    <dimen name="dm993">1787px</dimen>
    <dimen name="dm994">1789px</dimen>
    <dimen name="dm995">1791px</dimen>
    <dimen name="dm996">1793px</dimen>
    <dimen name="dm997">1795px</dimen>
    <dimen name="dm998">1796px</dimen>
    <dimen name="dm999">1798px</dimen>

</resources>