<resources>

    <dimen name="dm_200">-99px</dimen>
    <dimen name="dm_199">-99px</dimen>
    <dimen name="dm_198">-98px</dimen>
    <dimen name="dm_197">-98px</dimen>
    <dimen name="dm_196">-97px</dimen>
    <dimen name="dm_195">-97px</dimen>
    <dimen name="dm_194">-96px</dimen>
    <dimen name="dm_193">-96px</dimen>
    <dimen name="dm_192">-95px</dimen>
    <dimen name="dm_191">-95px</dimen>
    <dimen name="dm_190">-94px</dimen>
    <dimen name="dm_189">-94px</dimen>
    <dimen name="dm_188">-93px</dimen>
    <dimen name="dm_187">-93px</dimen>
    <dimen name="dm_186">-92px</dimen>
    <dimen name="dm_185">-92px</dimen>
    <dimen name="dm_184">-91px</dimen>
    <dimen name="dm_183">-91px</dimen>
    <dimen name="dm_182">-90px</dimen>
    <dimen name="dm_181">-90px</dimen>
    <dimen name="dm_180">-89px</dimen>
    <dimen name="dm_179">-89px</dimen>
    <dimen name="dm_178">-88px</dimen>
    <dimen name="dm_177">-88px</dimen>
    <dimen name="dm_176">-87px</dimen>
    <dimen name="dm_175">-87px</dimen>
    <dimen name="dm_174">-86px</dimen>
    <dimen name="dm_173">-86px</dimen>
    <dimen name="dm_172">-85px</dimen>
    <dimen name="dm_171">-85px</dimen>
    <dimen name="dm_170">-84px</dimen>
    <dimen name="dm_169">-84px</dimen>
    <dimen name="dm_168">-83px</dimen>
    <dimen name="dm_167">-83px</dimen>
    <dimen name="dm_166">-82px</dimen>
    <dimen name="dm_165">-82px</dimen>
    <dimen name="dm_164">-81px</dimen>
    <dimen name="dm_163">-81px</dimen>
    <dimen name="dm_162">-80px</dimen>
    <dimen name="dm_161">-80px</dimen>
    <dimen name="dm_160">-79px</dimen>
    <dimen name="dm_159">-79px</dimen>
    <dimen name="dm_158">-78px</dimen>
    <dimen name="dm_157">-78px</dimen>
    <dimen name="dm_156">-77px</dimen>
    <dimen name="dm_155">-77px</dimen>
    <dimen name="dm_154">-76px</dimen>
    <dimen name="dm_153">-76px</dimen>
    <dimen name="dm_152">-75px</dimen>
    <dimen name="dm_151">-75px</dimen>
    <dimen name="dm_150">-74px</dimen>
    <dimen name="dm_149">-74px</dimen>
    <dimen name="dm_148">-73px</dimen>
    <dimen name="dm_147">-73px</dimen>
    <dimen name="dm_146">-72px</dimen>
    <dimen name="dm_145">-72px</dimen>
    <dimen name="dm_144">-71px</dimen>
    <dimen name="dm_143">-71px</dimen>
    <dimen name="dm_142">-70px</dimen>
    <dimen name="dm_141">-70px</dimen>
    <dimen name="dm_140">-69px</dimen>
    <dimen name="dm_139">-69px</dimen>
    <dimen name="dm_138">-68px</dimen>
    <dimen name="dm_137">-68px</dimen>
    <dimen name="dm_136">-67px</dimen>
    <dimen name="dm_135">-67px</dimen>
    <dimen name="dm_134">-66px</dimen>
    <dimen name="dm_133">-66px</dimen>
    <dimen name="dm_132">-65px</dimen>
    <dimen name="dm_131">-65px</dimen>
    <dimen name="dm_130">-64px</dimen>
    <dimen name="dm_129">-64px</dimen>
    <dimen name="dm_128">-63px</dimen>
    <dimen name="dm_127">-63px</dimen>
    <dimen name="dm_126">-62px</dimen>
    <dimen name="dm_125">-62px</dimen>
    <dimen name="dm_124">-61px</dimen>
    <dimen name="dm_123">-61px</dimen>
    <dimen name="dm_122">-60px</dimen>
    <dimen name="dm_121">-60px</dimen>
    <dimen name="dm_120">-59px</dimen>
    <dimen name="dm_119">-59px</dimen>
    <dimen name="dm_118">-58px</dimen>
    <dimen name="dm_117">-58px</dimen>
    <dimen name="dm_116">-57px</dimen>
    <dimen name="dm_115">-57px</dimen>
    <dimen name="dm_114">-56px</dimen>
    <dimen name="dm_113">-56px</dimen>
    <dimen name="dm_112">-55px</dimen>
    <dimen name="dm_111">-55px</dimen>
    <dimen name="dm_110">-54px</dimen>
    <dimen name="dm_109">-54px</dimen>
    <dimen name="dm_108">-53px</dimen>
    <dimen name="dm_107">-53px</dimen>
    <dimen name="dm_106">-52px</dimen>
    <dimen name="dm_105">-52px</dimen>
    <dimen name="dm_104">-51px</dimen>
    <dimen name="dm_103">-51px</dimen>
    <dimen name="dm_102">-50px</dimen>
    <dimen name="dm_101">-50px</dimen>
    <dimen name="dm_100">-49px</dimen>
    <dimen name="dm_099">-49px</dimen>
    <dimen name="dm_098">-48px</dimen>
    <dimen name="dm_097">-48px</dimen>
    <dimen name="dm_096">-47px</dimen>
    <dimen name="dm_095">-47px</dimen>
    <dimen name="dm_094">-46px</dimen>
    <dimen name="dm_093">-46px</dimen>
    <dimen name="dm_092">-45px</dimen>
    <dimen name="dm_091">-45px</dimen>
    <dimen name="dm_090">-44px</dimen>
    <dimen name="dm_089">-44px</dimen>
    <dimen name="dm_088">-43px</dimen>
    <dimen name="dm_087">-43px</dimen>
    <dimen name="dm_086">-42px</dimen>
    <dimen name="dm_085">-42px</dimen>
    <dimen name="dm_084">-41px</dimen>
    <dimen name="dm_083">-41px</dimen>
    <dimen name="dm_082">-40px</dimen>
    <dimen name="dm_081">-40px</dimen>
    <dimen name="dm_080">-39px</dimen>
    <dimen name="dm_079">-39px</dimen>
    <dimen name="dm_078">-38px</dimen>
    <dimen name="dm_077">-38px</dimen>
    <dimen name="dm_076">-37px</dimen>
    <dimen name="dm_075">-37px</dimen>
    <dimen name="dm_074">-36px</dimen>
    <dimen name="dm_073">-36px</dimen>
    <dimen name="dm_072">-35px</dimen>
    <dimen name="dm_071">-35px</dimen>
    <dimen name="dm_070">-34px</dimen>
    <dimen name="dm_069">-34px</dimen>
    <dimen name="dm_068">-33px</dimen>
    <dimen name="dm_067">-33px</dimen>
    <dimen name="dm_066">-32px</dimen>
    <dimen name="dm_065">-32px</dimen>
    <dimen name="dm_064">-31px</dimen>
    <dimen name="dm_063">-31px</dimen>
    <dimen name="dm_062">-30px</dimen>
    <dimen name="dm_061">-30px</dimen>
    <dimen name="dm_060">-29px</dimen>
    <dimen name="dm_059">-29px</dimen>
    <dimen name="dm_058">-28px</dimen>
    <dimen name="dm_057">-28px</dimen>
    <dimen name="dm_056">-27px</dimen>
    <dimen name="dm_055">-27px</dimen>
    <dimen name="dm_054">-26px</dimen>
    <dimen name="dm_053">-26px</dimen>
    <dimen name="dm_052">-25px</dimen>
    <dimen name="dm_051">-25px</dimen>
    <dimen name="dm_050">-24px</dimen>
    <dimen name="dm_049">-24px</dimen>
    <dimen name="dm_048">-23px</dimen>
    <dimen name="dm_047">-23px</dimen>
    <dimen name="dm_046">-22px</dimen>
    <dimen name="dm_045">-22px</dimen>
    <dimen name="dm_044">-21px</dimen>
    <dimen name="dm_043">-21px</dimen>
    <dimen name="dm_042">-20px</dimen>
    <dimen name="dm_041">-20px</dimen>
    <dimen name="dm_040">-19px</dimen>
    <dimen name="dm_039">-19px</dimen>
    <dimen name="dm_038">-18px</dimen>
    <dimen name="dm_037">-18px</dimen>
    <dimen name="dm_036">-17px</dimen>
    <dimen name="dm_035">-17px</dimen>
    <dimen name="dm_034">-16px</dimen>
    <dimen name="dm_033">-16px</dimen>
    <dimen name="dm_032">-15px</dimen>
    <dimen name="dm_031">-15px</dimen>
    <dimen name="dm_030">-14px</dimen>
    <dimen name="dm_029">-14px</dimen>
    <dimen name="dm_028">-13px</dimen>
    <dimen name="dm_027">-13px</dimen>
    <dimen name="dm_026">-12px</dimen>
    <dimen name="dm_025">-12px</dimen>
    <dimen name="dm_024">-11px</dimen>
    <dimen name="dm_023">-11px</dimen>
    <dimen name="dm_022">-10px</dimen>
    <dimen name="dm_021">-10px</dimen>
    <dimen name="dm_020">-9px</dimen>
    <dimen name="dm_019">-9px</dimen>
    <dimen name="dm_018">-8px</dimen>
    <dimen name="dm_017">-8px</dimen>
    <dimen name="dm_016">-7px</dimen>
    <dimen name="dm_015">-7px</dimen>
    <dimen name="dm_014">-6px</dimen>
    <dimen name="dm_013">-6px</dimen>
    <dimen name="dm_012">-5px</dimen>
    <dimen name="dm_011">-5px</dimen>
    <dimen name="dm_010">-4px</dimen>
    <dimen name="dm_009">-4px</dimen>
    <dimen name="dm_008">-3px</dimen>
    <dimen name="dm_007">-3px</dimen>
    <dimen name="dm_006">-2px</dimen>
    <dimen name="dm_005">-2px</dimen>
    <dimen name="dm_004">-1px</dimen>
    <dimen name="dm_003">-1px</dimen>
    <dimen name="dm_002">-1px</dimen>
    <dimen name="dm_001">-1px</dimen>
    <dimen name="dm000">0px</dimen>
    <dimen name="dm001">1px</dimen>
    <dimen name="dm002">1px</dimen>
    <dimen name="dm003">2px</dimen>
    <dimen name="dm004">2px</dimen>
    <dimen name="dm005">3px</dimen>
    <dimen name="dm006">3px</dimen>
    <dimen name="dm007">4px</dimen>
    <dimen name="dm008">4px</dimen>
    <dimen name="dm009">5px</dimen>
    <dimen name="dm010">5px</dimen>
    <dimen name="dm011">6px</dimen>
    <dimen name="dm012">6px</dimen>
    <dimen name="dm013">7px</dimen>
    <dimen name="dm014">7px</dimen>
    <dimen name="dm015">8px</dimen>
    <dimen name="dm016">8px</dimen>
    <dimen name="dm017">9px</dimen>
    <dimen name="dm018">9px</dimen>
    <dimen name="dm019">10px</dimen>
    <dimen name="dm020">10px</dimen>
    <dimen name="dm021">11px</dimen>
    <dimen name="dm022">11px</dimen>
    <dimen name="dm023">12px</dimen>
    <dimen name="dm024">12px</dimen>
    <dimen name="dm025">13px</dimen>
    <dimen name="dm026">13px</dimen>
    <dimen name="dm027">14px</dimen>
    <dimen name="dm028">14px</dimen>
    <dimen name="dm029">15px</dimen>
    <dimen name="dm030">15px</dimen>
    <dimen name="dm031">16px</dimen>
    <dimen name="dm032">16px</dimen>
    <dimen name="dm033">17px</dimen>
    <dimen name="dm034">17px</dimen>
    <dimen name="dm035">18px</dimen>
    <dimen name="dm036">18px</dimen>
    <dimen name="dm037">19px</dimen>
    <dimen name="dm038">19px</dimen>
    <dimen name="dm039">20px</dimen>
    <dimen name="dm040">20px</dimen>
    <dimen name="dm041">21px</dimen>
    <dimen name="dm042">21px</dimen>
    <dimen name="dm043">22px</dimen>
    <dimen name="dm044">22px</dimen>
    <dimen name="dm045">23px</dimen>
    <dimen name="dm046">23px</dimen>
    <dimen name="dm047">24px</dimen>
    <dimen name="dm048">24px</dimen>
    <dimen name="dm049">25px</dimen>
    <dimen name="dm050">25px</dimen>
    <dimen name="dm051">26px</dimen>
    <dimen name="dm052">26px</dimen>
    <dimen name="dm053">27px</dimen>
    <dimen name="dm054">27px</dimen>
    <dimen name="dm055">28px</dimen>
    <dimen name="dm056">28px</dimen>
    <dimen name="dm057">29px</dimen>
    <dimen name="dm058">29px</dimen>
    <dimen name="dm059">30px</dimen>
    <dimen name="dm060">30px</dimen>
    <dimen name="dm061">31px</dimen>
    <dimen name="dm062">31px</dimen>
    <dimen name="dm063">32px</dimen>
    <dimen name="dm064">32px</dimen>
    <dimen name="dm065">33px</dimen>
    <dimen name="dm066">33px</dimen>
    <dimen name="dm067">34px</dimen>
    <dimen name="dm068">34px</dimen>
    <dimen name="dm069">35px</dimen>
    <dimen name="dm070">35px</dimen>
    <dimen name="dm071">36px</dimen>
    <dimen name="dm072">36px</dimen>
    <dimen name="dm073">37px</dimen>
    <dimen name="dm074">37px</dimen>
    <dimen name="dm075">38px</dimen>
    <dimen name="dm076">38px</dimen>
    <dimen name="dm077">39px</dimen>
    <dimen name="dm078">39px</dimen>
    <dimen name="dm079">40px</dimen>
    <dimen name="dm080">40px</dimen>
    <dimen name="dm081">41px</dimen>
    <dimen name="dm082">41px</dimen>
    <dimen name="dm083">42px</dimen>
    <dimen name="dm084">42px</dimen>
    <dimen name="dm085">43px</dimen>
    <dimen name="dm086">43px</dimen>
    <dimen name="dm087">44px</dimen>
    <dimen name="dm088">44px</dimen>
    <dimen name="dm089">45px</dimen>
    <dimen name="dm090">45px</dimen>
    <dimen name="dm091">46px</dimen>
    <dimen name="dm092">46px</dimen>
    <dimen name="dm093">47px</dimen>
    <dimen name="dm094">47px</dimen>
    <dimen name="dm095">48px</dimen>
    <dimen name="dm096">48px</dimen>
    <dimen name="dm097">49px</dimen>
    <dimen name="dm098">49px</dimen>
    <dimen name="dm099">50px</dimen>
    <dimen name="dm100">50px</dimen>
    <dimen name="dm101">51px</dimen>
    <dimen name="dm102">51px</dimen>
    <dimen name="dm103">52px</dimen>
    <dimen name="dm104">52px</dimen>
    <dimen name="dm105">53px</dimen>
    <dimen name="dm106">53px</dimen>
    <dimen name="dm107">54px</dimen>
    <dimen name="dm108">54px</dimen>
    <dimen name="dm109">55px</dimen>
    <dimen name="dm110">55px</dimen>
    <dimen name="dm111">56px</dimen>
    <dimen name="dm112">56px</dimen>
    <dimen name="dm113">57px</dimen>
    <dimen name="dm114">57px</dimen>
    <dimen name="dm115">58px</dimen>
    <dimen name="dm116">58px</dimen>
    <dimen name="dm117">59px</dimen>
    <dimen name="dm118">59px</dimen>
    <dimen name="dm119">60px</dimen>
    <dimen name="dm120">60px</dimen>
    <dimen name="dm121">61px</dimen>
    <dimen name="dm122">61px</dimen>
    <dimen name="dm123">62px</dimen>
    <dimen name="dm124">62px</dimen>
    <dimen name="dm125">63px</dimen>
    <dimen name="dm126">63px</dimen>
    <dimen name="dm127">64px</dimen>
    <dimen name="dm128">64px</dimen>
    <dimen name="dm129">65px</dimen>
    <dimen name="dm130">65px</dimen>
    <dimen name="dm131">66px</dimen>
    <dimen name="dm132">66px</dimen>
    <dimen name="dm133">67px</dimen>
    <dimen name="dm134">67px</dimen>
    <dimen name="dm135">68px</dimen>
    <dimen name="dm136">68px</dimen>
    <dimen name="dm137">69px</dimen>
    <dimen name="dm138">69px</dimen>
    <dimen name="dm139">70px</dimen>
    <dimen name="dm140">70px</dimen>
    <dimen name="dm141">71px</dimen>
    <dimen name="dm142">71px</dimen>
    <dimen name="dm143">72px</dimen>
    <dimen name="dm144">72px</dimen>
    <dimen name="dm145">73px</dimen>
    <dimen name="dm146">73px</dimen>
    <dimen name="dm147">74px</dimen>
    <dimen name="dm148">74px</dimen>
    <dimen name="dm149">75px</dimen>
    <dimen name="dm150">75px</dimen>
    <dimen name="dm151">76px</dimen>
    <dimen name="dm152">76px</dimen>
    <dimen name="dm153">77px</dimen>
    <dimen name="dm154">77px</dimen>
    <dimen name="dm155">78px</dimen>
    <dimen name="dm156">78px</dimen>
    <dimen name="dm157">79px</dimen>
    <dimen name="dm158">79px</dimen>
    <dimen name="dm159">80px</dimen>
    <dimen name="dm160">80px</dimen>
    <dimen name="dm161">81px</dimen>
    <dimen name="dm162">81px</dimen>
    <dimen name="dm163">82px</dimen>
    <dimen name="dm164">82px</dimen>
    <dimen name="dm165">83px</dimen>
    <dimen name="dm166">83px</dimen>
    <dimen name="dm167">84px</dimen>
    <dimen name="dm168">84px</dimen>
    <dimen name="dm169">85px</dimen>
    <dimen name="dm170">85px</dimen>
    <dimen name="dm171">86px</dimen>
    <dimen name="dm172">86px</dimen>
    <dimen name="dm173">87px</dimen>
    <dimen name="dm174">87px</dimen>
    <dimen name="dm175">88px</dimen>
    <dimen name="dm176">88px</dimen>
    <dimen name="dm177">89px</dimen>
    <dimen name="dm178">89px</dimen>
    <dimen name="dm179">90px</dimen>
    <dimen name="dm180">90px</dimen>
    <dimen name="dm181">91px</dimen>
    <dimen name="dm182">91px</dimen>
    <dimen name="dm183">92px</dimen>
    <dimen name="dm184">92px</dimen>
    <dimen name="dm185">93px</dimen>
    <dimen name="dm186">93px</dimen>
    <dimen name="dm187">94px</dimen>
    <dimen name="dm188">94px</dimen>
    <dimen name="dm189">95px</dimen>
    <dimen name="dm190">95px</dimen>
    <dimen name="dm191">96px</dimen>
    <dimen name="dm192">96px</dimen>
    <dimen name="dm193">97px</dimen>
    <dimen name="dm194">97px</dimen>
    <dimen name="dm195">98px</dimen>
    <dimen name="dm196">98px</dimen>
    <dimen name="dm197">99px</dimen>
    <dimen name="dm198">99px</dimen>
    <dimen name="dm199">100px</dimen>
    <dimen name="dm200">100px</dimen>
    <dimen name="dm201">101px</dimen>
    <dimen name="dm202">101px</dimen>
    <dimen name="dm203">102px</dimen>
    <dimen name="dm204">102px</dimen>
    <dimen name="dm205">103px</dimen>
    <dimen name="dm206">103px</dimen>
    <dimen name="dm207">104px</dimen>
    <dimen name="dm208">104px</dimen>
    <dimen name="dm209">105px</dimen>
    <dimen name="dm210">105px</dimen>
    <dimen name="dm211">106px</dimen>
    <dimen name="dm212">106px</dimen>
    <dimen name="dm213">107px</dimen>
    <dimen name="dm214">107px</dimen>
    <dimen name="dm215">108px</dimen>
    <dimen name="dm216">108px</dimen>
    <dimen name="dm217">109px</dimen>
    <dimen name="dm218">109px</dimen>
    <dimen name="dm219">110px</dimen>
    <dimen name="dm220">110px</dimen>
    <dimen name="dm221">111px</dimen>
    <dimen name="dm222">111px</dimen>
    <dimen name="dm223">112px</dimen>
    <dimen name="dm224">112px</dimen>
    <dimen name="dm225">113px</dimen>
    <dimen name="dm226">113px</dimen>
    <dimen name="dm227">114px</dimen>
    <dimen name="dm228">114px</dimen>
    <dimen name="dm229">115px</dimen>
    <dimen name="dm230">115px</dimen>
    <dimen name="dm231">116px</dimen>
    <dimen name="dm232">116px</dimen>
    <dimen name="dm233">117px</dimen>
    <dimen name="dm234">117px</dimen>
    <dimen name="dm235">118px</dimen>
    <dimen name="dm236">118px</dimen>
    <dimen name="dm237">119px</dimen>
    <dimen name="dm238">119px</dimen>
    <dimen name="dm239">120px</dimen>
    <dimen name="dm240">120px</dimen>
    <dimen name="dm241">121px</dimen>
    <dimen name="dm242">121px</dimen>
    <dimen name="dm243">122px</dimen>
    <dimen name="dm244">122px</dimen>
    <dimen name="dm245">123px</dimen>
    <dimen name="dm246">123px</dimen>
    <dimen name="dm247">124px</dimen>
    <dimen name="dm248">124px</dimen>
    <dimen name="dm249">125px</dimen>
    <dimen name="dm250">125px</dimen>
    <dimen name="dm251">126px</dimen>
    <dimen name="dm252">126px</dimen>
    <dimen name="dm253">127px</dimen>
    <dimen name="dm254">127px</dimen>
    <dimen name="dm255">128px</dimen>
    <dimen name="dm256">128px</dimen>
    <dimen name="dm257">129px</dimen>
    <dimen name="dm258">129px</dimen>
    <dimen name="dm259">130px</dimen>
    <dimen name="dm260">130px</dimen>
    <dimen name="dm261">131px</dimen>
    <dimen name="dm262">131px</dimen>
    <dimen name="dm263">132px</dimen>
    <dimen name="dm264">132px</dimen>
    <dimen name="dm265">133px</dimen>
    <dimen name="dm266">133px</dimen>
    <dimen name="dm267">134px</dimen>
    <dimen name="dm268">134px</dimen>
    <dimen name="dm269">135px</dimen>
    <dimen name="dm270">135px</dimen>
    <dimen name="dm271">136px</dimen>
    <dimen name="dm272">136px</dimen>
    <dimen name="dm273">137px</dimen>
    <dimen name="dm274">137px</dimen>
    <dimen name="dm275">138px</dimen>
    <dimen name="dm276">138px</dimen>
    <dimen name="dm277">139px</dimen>
    <dimen name="dm278">139px</dimen>
    <dimen name="dm279">140px</dimen>
    <dimen name="dm280">140px</dimen>
    <dimen name="dm281">141px</dimen>
    <dimen name="dm282">141px</dimen>
    <dimen name="dm283">142px</dimen>
    <dimen name="dm284">142px</dimen>
    <dimen name="dm285">143px</dimen>
    <dimen name="dm286">143px</dimen>
    <dimen name="dm287">144px</dimen>
    <dimen name="dm288">144px</dimen>
    <dimen name="dm289">145px</dimen>
    <dimen name="dm290">145px</dimen>
    <dimen name="dm291">146px</dimen>
    <dimen name="dm292">146px</dimen>
    <dimen name="dm293">147px</dimen>
    <dimen name="dm294">147px</dimen>
    <dimen name="dm295">148px</dimen>
    <dimen name="dm296">148px</dimen>
    <dimen name="dm297">149px</dimen>
    <dimen name="dm298">149px</dimen>
    <dimen name="dm299">150px</dimen>
    <dimen name="dm300">150px</dimen>
    <dimen name="dm301">151px</dimen>
    <dimen name="dm302">151px</dimen>
    <dimen name="dm303">152px</dimen>
    <dimen name="dm304">152px</dimen>
    <dimen name="dm305">153px</dimen>
    <dimen name="dm306">153px</dimen>
    <dimen name="dm307">154px</dimen>
    <dimen name="dm308">154px</dimen>
    <dimen name="dm309">155px</dimen>
    <dimen name="dm310">155px</dimen>
    <dimen name="dm311">156px</dimen>
    <dimen name="dm312">156px</dimen>
    <dimen name="dm313">157px</dimen>
    <dimen name="dm314">157px</dimen>
    <dimen name="dm315">158px</dimen>
    <dimen name="dm316">158px</dimen>
    <dimen name="dm317">159px</dimen>
    <dimen name="dm318">159px</dimen>
    <dimen name="dm319">160px</dimen>
    <dimen name="dm320">160px</dimen>
    <dimen name="dm321">161px</dimen>
    <dimen name="dm322">161px</dimen>
    <dimen name="dm323">162px</dimen>
    <dimen name="dm324">162px</dimen>
    <dimen name="dm325">163px</dimen>
    <dimen name="dm326">163px</dimen>
    <dimen name="dm327">164px</dimen>
    <dimen name="dm328">164px</dimen>
    <dimen name="dm329">165px</dimen>
    <dimen name="dm330">165px</dimen>
    <dimen name="dm331">166px</dimen>
    <dimen name="dm332">166px</dimen>
    <dimen name="dm333">167px</dimen>
    <dimen name="dm334">167px</dimen>
    <dimen name="dm335">168px</dimen>
    <dimen name="dm336">168px</dimen>
    <dimen name="dm337">169px</dimen>
    <dimen name="dm338">169px</dimen>
    <dimen name="dm339">170px</dimen>
    <dimen name="dm340">170px</dimen>
    <dimen name="dm341">171px</dimen>
    <dimen name="dm342">171px</dimen>
    <dimen name="dm343">172px</dimen>
    <dimen name="dm344">172px</dimen>
    <dimen name="dm345">173px</dimen>
    <dimen name="dm346">173px</dimen>
    <dimen name="dm347">174px</dimen>
    <dimen name="dm348">174px</dimen>
    <dimen name="dm349">175px</dimen>
    <dimen name="dm350">175px</dimen>
    <dimen name="dm351">176px</dimen>
    <dimen name="dm352">176px</dimen>
    <dimen name="dm353">177px</dimen>
    <dimen name="dm354">177px</dimen>
    <dimen name="dm355">178px</dimen>
    <dimen name="dm356">178px</dimen>
    <dimen name="dm357">179px</dimen>
    <dimen name="dm358">179px</dimen>
    <dimen name="dm359">180px</dimen>
    <dimen name="dm360">180px</dimen>
    <dimen name="dm361">181px</dimen>
    <dimen name="dm362">181px</dimen>
    <dimen name="dm363">182px</dimen>
    <dimen name="dm364">182px</dimen>
    <dimen name="dm365">183px</dimen>
    <dimen name="dm366">183px</dimen>
    <dimen name="dm367">184px</dimen>
    <dimen name="dm368">184px</dimen>
    <dimen name="dm369">185px</dimen>
    <dimen name="dm370">185px</dimen>
    <dimen name="dm371">186px</dimen>
    <dimen name="dm372">186px</dimen>
    <dimen name="dm373">187px</dimen>
    <dimen name="dm374">187px</dimen>
    <dimen name="dm375">188px</dimen>
    <dimen name="dm376">188px</dimen>
    <dimen name="dm377">189px</dimen>
    <dimen name="dm378">189px</dimen>
    <dimen name="dm379">190px</dimen>
    <dimen name="dm380">190px</dimen>
    <dimen name="dm381">191px</dimen>
    <dimen name="dm382">191px</dimen>
    <dimen name="dm383">192px</dimen>
    <dimen name="dm384">192px</dimen>
    <dimen name="dm385">193px</dimen>
    <dimen name="dm386">193px</dimen>
    <dimen name="dm387">194px</dimen>
    <dimen name="dm388">194px</dimen>
    <dimen name="dm389">195px</dimen>
    <dimen name="dm390">195px</dimen>
    <dimen name="dm391">196px</dimen>
    <dimen name="dm392">196px</dimen>
    <dimen name="dm393">197px</dimen>
    <dimen name="dm394">197px</dimen>
    <dimen name="dm395">198px</dimen>
    <dimen name="dm396">198px</dimen>
    <dimen name="dm397">199px</dimen>
    <dimen name="dm398">199px</dimen>
    <dimen name="dm399">200px</dimen>
    <dimen name="dm400">200px</dimen>
    <dimen name="dm401">201px</dimen>
    <dimen name="dm402">201px</dimen>
    <dimen name="dm403">202px</dimen>
    <dimen name="dm404">202px</dimen>
    <dimen name="dm405">203px</dimen>
    <dimen name="dm406">203px</dimen>
    <dimen name="dm407">204px</dimen>
    <dimen name="dm408">204px</dimen>
    <dimen name="dm409">205px</dimen>
    <dimen name="dm410">205px</dimen>
    <dimen name="dm411">206px</dimen>
    <dimen name="dm412">206px</dimen>
    <dimen name="dm413">207px</dimen>
    <dimen name="dm414">207px</dimen>
    <dimen name="dm415">208px</dimen>
    <dimen name="dm416">208px</dimen>
    <dimen name="dm417">209px</dimen>
    <dimen name="dm418">209px</dimen>
    <dimen name="dm419">210px</dimen>
    <dimen name="dm420">210px</dimen>
    <dimen name="dm421">211px</dimen>
    <dimen name="dm422">211px</dimen>
    <dimen name="dm423">212px</dimen>
    <dimen name="dm424">212px</dimen>
    <dimen name="dm425">213px</dimen>
    <dimen name="dm426">213px</dimen>
    <dimen name="dm427">214px</dimen>
    <dimen name="dm428">214px</dimen>
    <dimen name="dm429">215px</dimen>
    <dimen name="dm430">215px</dimen>
    <dimen name="dm431">216px</dimen>
    <dimen name="dm432">216px</dimen>
    <dimen name="dm433">217px</dimen>
    <dimen name="dm434">217px</dimen>
    <dimen name="dm435">218px</dimen>
    <dimen name="dm436">218px</dimen>
    <dimen name="dm437">219px</dimen>
    <dimen name="dm438">219px</dimen>
    <dimen name="dm439">220px</dimen>
    <dimen name="dm440">220px</dimen>
    <dimen name="dm441">221px</dimen>
    <dimen name="dm442">221px</dimen>
    <dimen name="dm443">222px</dimen>
    <dimen name="dm444">222px</dimen>
    <dimen name="dm445">223px</dimen>
    <dimen name="dm446">223px</dimen>
    <dimen name="dm447">224px</dimen>
    <dimen name="dm448">224px</dimen>
    <dimen name="dm449">225px</dimen>
    <dimen name="dm450">225px</dimen>
    <dimen name="dm451">226px</dimen>
    <dimen name="dm452">226px</dimen>
    <dimen name="dm453">227px</dimen>
    <dimen name="dm454">227px</dimen>
    <dimen name="dm455">228px</dimen>
    <dimen name="dm456">228px</dimen>
    <dimen name="dm457">229px</dimen>
    <dimen name="dm458">229px</dimen>
    <dimen name="dm459">230px</dimen>
    <dimen name="dm460">230px</dimen>
    <dimen name="dm461">231px</dimen>
    <dimen name="dm462">231px</dimen>
    <dimen name="dm463">232px</dimen>
    <dimen name="dm464">232px</dimen>
    <dimen name="dm465">233px</dimen>
    <dimen name="dm466">233px</dimen>
    <dimen name="dm467">234px</dimen>
    <dimen name="dm468">234px</dimen>
    <dimen name="dm469">235px</dimen>
    <dimen name="dm470">235px</dimen>
    <dimen name="dm471">236px</dimen>
    <dimen name="dm472">236px</dimen>
    <dimen name="dm473">237px</dimen>
    <dimen name="dm474">237px</dimen>
    <dimen name="dm475">238px</dimen>
    <dimen name="dm476">238px</dimen>
    <dimen name="dm477">239px</dimen>
    <dimen name="dm478">239px</dimen>
    <dimen name="dm479">240px</dimen>
    <dimen name="dm480">240px</dimen>
    <dimen name="dm481">241px</dimen>
    <dimen name="dm482">241px</dimen>
    <dimen name="dm483">242px</dimen>
    <dimen name="dm484">242px</dimen>
    <dimen name="dm485">243px</dimen>
    <dimen name="dm486">243px</dimen>
    <dimen name="dm487">244px</dimen>
    <dimen name="dm488">244px</dimen>
    <dimen name="dm489">245px</dimen>
    <dimen name="dm490">245px</dimen>
    <dimen name="dm491">246px</dimen>
    <dimen name="dm492">246px</dimen>
    <dimen name="dm493">247px</dimen>
    <dimen name="dm494">247px</dimen>
    <dimen name="dm495">248px</dimen>
    <dimen name="dm496">248px</dimen>
    <dimen name="dm497">249px</dimen>
    <dimen name="dm498">249px</dimen>
    <dimen name="dm499">250px</dimen>
    <dimen name="dm500">250px</dimen>
    <dimen name="dm501">251px</dimen>
    <dimen name="dm502">251px</dimen>
    <dimen name="dm503">252px</dimen>
    <dimen name="dm504">252px</dimen>
    <dimen name="dm505">253px</dimen>
    <dimen name="dm506">253px</dimen>
    <dimen name="dm507">254px</dimen>
    <dimen name="dm508">254px</dimen>
    <dimen name="dm509">255px</dimen>
    <dimen name="dm510">255px</dimen>
    <dimen name="dm511">256px</dimen>
    <dimen name="dm512">256px</dimen>
    <dimen name="dm513">257px</dimen>
    <dimen name="dm514">257px</dimen>
    <dimen name="dm515">258px</dimen>
    <dimen name="dm516">258px</dimen>
    <dimen name="dm517">259px</dimen>
    <dimen name="dm518">259px</dimen>
    <dimen name="dm519">260px</dimen>
    <dimen name="dm520">260px</dimen>
    <dimen name="dm521">261px</dimen>
    <dimen name="dm522">261px</dimen>
    <dimen name="dm523">262px</dimen>
    <dimen name="dm524">262px</dimen>
    <dimen name="dm525">263px</dimen>
    <dimen name="dm526">263px</dimen>
    <dimen name="dm527">264px</dimen>
    <dimen name="dm528">264px</dimen>
    <dimen name="dm529">265px</dimen>
    <dimen name="dm530">265px</dimen>
    <dimen name="dm531">266px</dimen>
    <dimen name="dm532">266px</dimen>
    <dimen name="dm533">267px</dimen>
    <dimen name="dm534">267px</dimen>
    <dimen name="dm535">268px</dimen>
    <dimen name="dm536">268px</dimen>
    <dimen name="dm537">269px</dimen>
    <dimen name="dm538">269px</dimen>
    <dimen name="dm539">270px</dimen>
    <dimen name="dm540">270px</dimen>
    <dimen name="dm541">271px</dimen>
    <dimen name="dm542">271px</dimen>
    <dimen name="dm543">272px</dimen>
    <dimen name="dm544">272px</dimen>
    <dimen name="dm545">273px</dimen>
    <dimen name="dm546">273px</dimen>
    <dimen name="dm547">274px</dimen>
    <dimen name="dm548">274px</dimen>
    <dimen name="dm549">275px</dimen>
    <dimen name="dm550">275px</dimen>
    <dimen name="dm551">276px</dimen>
    <dimen name="dm552">276px</dimen>
    <dimen name="dm553">277px</dimen>
    <dimen name="dm554">277px</dimen>
    <dimen name="dm555">278px</dimen>
    <dimen name="dm556">278px</dimen>
    <dimen name="dm557">279px</dimen>
    <dimen name="dm558">279px</dimen>
    <dimen name="dm559">280px</dimen>
    <dimen name="dm560">280px</dimen>
    <dimen name="dm561">281px</dimen>
    <dimen name="dm562">281px</dimen>
    <dimen name="dm563">282px</dimen>
    <dimen name="dm564">282px</dimen>
    <dimen name="dm565">283px</dimen>
    <dimen name="dm566">283px</dimen>
    <dimen name="dm567">284px</dimen>
    <dimen name="dm568">284px</dimen>
    <dimen name="dm569">285px</dimen>
    <dimen name="dm570">285px</dimen>
    <dimen name="dm571">286px</dimen>
    <dimen name="dm572">286px</dimen>
    <dimen name="dm573">287px</dimen>
    <dimen name="dm574">287px</dimen>
    <dimen name="dm575">288px</dimen>
    <dimen name="dm576">288px</dimen>
    <dimen name="dm577">289px</dimen>
    <dimen name="dm578">289px</dimen>
    <dimen name="dm579">290px</dimen>
    <dimen name="dm580">290px</dimen>
    <dimen name="dm581">291px</dimen>
    <dimen name="dm582">291px</dimen>
    <dimen name="dm583">292px</dimen>
    <dimen name="dm584">292px</dimen>
    <dimen name="dm585">293px</dimen>
    <dimen name="dm586">293px</dimen>
    <dimen name="dm587">294px</dimen>
    <dimen name="dm588">294px</dimen>
    <dimen name="dm589">295px</dimen>
    <dimen name="dm590">295px</dimen>
    <dimen name="dm591">296px</dimen>
    <dimen name="dm592">296px</dimen>
    <dimen name="dm593">297px</dimen>
    <dimen name="dm594">297px</dimen>
    <dimen name="dm595">298px</dimen>
    <dimen name="dm596">298px</dimen>
    <dimen name="dm597">299px</dimen>
    <dimen name="dm598">299px</dimen>
    <dimen name="dm599">300px</dimen>
    <dimen name="dm600">300px</dimen>
    <dimen name="dm601">301px</dimen>
    <dimen name="dm602">301px</dimen>
    <dimen name="dm603">302px</dimen>
    <dimen name="dm604">302px</dimen>
    <dimen name="dm605">303px</dimen>
    <dimen name="dm606">303px</dimen>
    <dimen name="dm607">304px</dimen>
    <dimen name="dm608">304px</dimen>
    <dimen name="dm609">305px</dimen>
    <dimen name="dm610">305px</dimen>
    <dimen name="dm611">306px</dimen>
    <dimen name="dm612">306px</dimen>
    <dimen name="dm613">307px</dimen>
    <dimen name="dm614">307px</dimen>
    <dimen name="dm615">308px</dimen>
    <dimen name="dm616">308px</dimen>
    <dimen name="dm617">309px</dimen>
    <dimen name="dm618">309px</dimen>
    <dimen name="dm619">310px</dimen>
    <dimen name="dm620">310px</dimen>
    <dimen name="dm621">311px</dimen>
    <dimen name="dm622">311px</dimen>
    <dimen name="dm623">312px</dimen>
    <dimen name="dm624">312px</dimen>
    <dimen name="dm625">313px</dimen>
    <dimen name="dm626">313px</dimen>
    <dimen name="dm627">314px</dimen>
    <dimen name="dm628">314px</dimen>
    <dimen name="dm629">315px</dimen>
    <dimen name="dm630">315px</dimen>
    <dimen name="dm631">316px</dimen>
    <dimen name="dm632">316px</dimen>
    <dimen name="dm633">317px</dimen>
    <dimen name="dm634">317px</dimen>
    <dimen name="dm635">318px</dimen>
    <dimen name="dm636">318px</dimen>
    <dimen name="dm637">319px</dimen>
    <dimen name="dm638">319px</dimen>
    <dimen name="dm639">320px</dimen>
    <dimen name="dm640">320px</dimen>
    <dimen name="dm641">321px</dimen>
    <dimen name="dm642">321px</dimen>
    <dimen name="dm643">322px</dimen>
    <dimen name="dm644">322px</dimen>
    <dimen name="dm645">323px</dimen>
    <dimen name="dm646">323px</dimen>
    <dimen name="dm647">324px</dimen>
    <dimen name="dm648">324px</dimen>
    <dimen name="dm649">325px</dimen>
    <dimen name="dm650">325px</dimen>
    <dimen name="dm651">326px</dimen>
    <dimen name="dm652">326px</dimen>
    <dimen name="dm653">327px</dimen>
    <dimen name="dm654">327px</dimen>
    <dimen name="dm655">328px</dimen>
    <dimen name="dm656">328px</dimen>
    <dimen name="dm657">329px</dimen>
    <dimen name="dm658">329px</dimen>
    <dimen name="dm659">330px</dimen>
    <dimen name="dm660">330px</dimen>
    <dimen name="dm661">331px</dimen>
    <dimen name="dm662">331px</dimen>
    <dimen name="dm663">332px</dimen>
    <dimen name="dm664">332px</dimen>
    <dimen name="dm665">333px</dimen>
    <dimen name="dm666">333px</dimen>
    <dimen name="dm667">334px</dimen>
    <dimen name="dm668">334px</dimen>
    <dimen name="dm669">335px</dimen>
    <dimen name="dm670">335px</dimen>
    <dimen name="dm671">336px</dimen>
    <dimen name="dm672">336px</dimen>
    <dimen name="dm673">337px</dimen>
    <dimen name="dm674">337px</dimen>
    <dimen name="dm675">338px</dimen>
    <dimen name="dm676">338px</dimen>
    <dimen name="dm677">339px</dimen>
    <dimen name="dm678">339px</dimen>
    <dimen name="dm679">340px</dimen>
    <dimen name="dm680">340px</dimen>
    <dimen name="dm681">341px</dimen>
    <dimen name="dm682">341px</dimen>
    <dimen name="dm683">342px</dimen>
    <dimen name="dm684">342px</dimen>
    <dimen name="dm685">343px</dimen>
    <dimen name="dm686">343px</dimen>
    <dimen name="dm687">344px</dimen>
    <dimen name="dm688">344px</dimen>
    <dimen name="dm689">345px</dimen>
    <dimen name="dm690">345px</dimen>
    <dimen name="dm691">346px</dimen>
    <dimen name="dm692">346px</dimen>
    <dimen name="dm693">347px</dimen>
    <dimen name="dm694">347px</dimen>
    <dimen name="dm695">348px</dimen>
    <dimen name="dm696">348px</dimen>
    <dimen name="dm697">349px</dimen>
    <dimen name="dm698">349px</dimen>
    <dimen name="dm699">350px</dimen>
    <dimen name="dm700">350px</dimen>
    <dimen name="dm701">351px</dimen>
    <dimen name="dm702">351px</dimen>
    <dimen name="dm703">352px</dimen>
    <dimen name="dm704">352px</dimen>
    <dimen name="dm705">353px</dimen>
    <dimen name="dm706">353px</dimen>
    <dimen name="dm707">354px</dimen>
    <dimen name="dm708">354px</dimen>
    <dimen name="dm709">355px</dimen>
    <dimen name="dm710">355px</dimen>
    <dimen name="dm711">356px</dimen>
    <dimen name="dm712">356px</dimen>
    <dimen name="dm713">357px</dimen>
    <dimen name="dm714">357px</dimen>
    <dimen name="dm715">358px</dimen>
    <dimen name="dm716">358px</dimen>
    <dimen name="dm717">359px</dimen>
    <dimen name="dm718">359px</dimen>
    <dimen name="dm719">360px</dimen>
    <dimen name="dm720">360px</dimen>
    <dimen name="dm721">361px</dimen>
    <dimen name="dm722">361px</dimen>
    <dimen name="dm723">362px</dimen>
    <dimen name="dm724">362px</dimen>
    <dimen name="dm725">363px</dimen>
    <dimen name="dm726">363px</dimen>
    <dimen name="dm727">364px</dimen>
    <dimen name="dm728">364px</dimen>
    <dimen name="dm729">365px</dimen>
    <dimen name="dm730">365px</dimen>
    <dimen name="dm731">366px</dimen>
    <dimen name="dm732">366px</dimen>
    <dimen name="dm733">367px</dimen>
    <dimen name="dm734">367px</dimen>
    <dimen name="dm735">368px</dimen>
    <dimen name="dm736">368px</dimen>
    <dimen name="dm737">369px</dimen>
    <dimen name="dm738">369px</dimen>
    <dimen name="dm739">370px</dimen>
    <dimen name="dm740">370px</dimen>
    <dimen name="dm741">371px</dimen>
    <dimen name="dm742">371px</dimen>
    <dimen name="dm743">372px</dimen>
    <dimen name="dm744">372px</dimen>
    <dimen name="dm745">373px</dimen>
    <dimen name="dm746">373px</dimen>
    <dimen name="dm747">374px</dimen>
    <dimen name="dm748">374px</dimen>
    <dimen name="dm749">375px</dimen>
    <dimen name="dm750">375px</dimen>
    <dimen name="dm751">376px</dimen>
    <dimen name="dm752">376px</dimen>
    <dimen name="dm753">377px</dimen>
    <dimen name="dm754">377px</dimen>
    <dimen name="dm755">378px</dimen>
    <dimen name="dm756">378px</dimen>
    <dimen name="dm757">379px</dimen>
    <dimen name="dm758">379px</dimen>
    <dimen name="dm759">380px</dimen>
    <dimen name="dm760">380px</dimen>
    <dimen name="dm761">381px</dimen>
    <dimen name="dm762">381px</dimen>
    <dimen name="dm763">382px</dimen>
    <dimen name="dm764">382px</dimen>
    <dimen name="dm765">383px</dimen>
    <dimen name="dm766">383px</dimen>
    <dimen name="dm767">384px</dimen>
    <dimen name="dm768">384px</dimen>
    <dimen name="dm769">385px</dimen>
    <dimen name="dm770">385px</dimen>
    <dimen name="dm771">386px</dimen>
    <dimen name="dm772">386px</dimen>
    <dimen name="dm773">387px</dimen>
    <dimen name="dm774">387px</dimen>
    <dimen name="dm775">388px</dimen>
    <dimen name="dm776">388px</dimen>
    <dimen name="dm777">389px</dimen>
    <dimen name="dm778">389px</dimen>
    <dimen name="dm779">390px</dimen>
    <dimen name="dm780">390px</dimen>
    <dimen name="dm781">391px</dimen>
    <dimen name="dm782">391px</dimen>
    <dimen name="dm783">392px</dimen>
    <dimen name="dm784">392px</dimen>
    <dimen name="dm785">393px</dimen>
    <dimen name="dm786">393px</dimen>
    <dimen name="dm787">394px</dimen>
    <dimen name="dm788">394px</dimen>
    <dimen name="dm789">395px</dimen>
    <dimen name="dm790">395px</dimen>
    <dimen name="dm791">396px</dimen>
    <dimen name="dm792">396px</dimen>
    <dimen name="dm793">397px</dimen>
    <dimen name="dm794">397px</dimen>
    <dimen name="dm795">398px</dimen>
    <dimen name="dm796">398px</dimen>
    <dimen name="dm797">399px</dimen>
    <dimen name="dm798">399px</dimen>
    <dimen name="dm799">400px</dimen>
    <dimen name="dm800">400px</dimen>
    <dimen name="dm801">401px</dimen>
    <dimen name="dm802">401px</dimen>
    <dimen name="dm803">402px</dimen>
    <dimen name="dm804">402px</dimen>
    <dimen name="dm805">403px</dimen>
    <dimen name="dm806">403px</dimen>
    <dimen name="dm807">404px</dimen>
    <dimen name="dm808">404px</dimen>
    <dimen name="dm809">405px</dimen>
    <dimen name="dm810">405px</dimen>
    <dimen name="dm811">406px</dimen>
    <dimen name="dm812">406px</dimen>
    <dimen name="dm813">407px</dimen>
    <dimen name="dm814">407px</dimen>
    <dimen name="dm815">408px</dimen>
    <dimen name="dm816">408px</dimen>
    <dimen name="dm817">409px</dimen>
    <dimen name="dm818">409px</dimen>
    <dimen name="dm819">410px</dimen>
    <dimen name="dm820">410px</dimen>
    <dimen name="dm821">411px</dimen>
    <dimen name="dm822">411px</dimen>
    <dimen name="dm823">412px</dimen>
    <dimen name="dm824">412px</dimen>
    <dimen name="dm825">413px</dimen>
    <dimen name="dm826">413px</dimen>
    <dimen name="dm827">414px</dimen>
    <dimen name="dm828">414px</dimen>
    <dimen name="dm829">415px</dimen>
    <dimen name="dm830">415px</dimen>
    <dimen name="dm831">416px</dimen>
    <dimen name="dm832">416px</dimen>
    <dimen name="dm833">417px</dimen>
    <dimen name="dm834">417px</dimen>
    <dimen name="dm835">418px</dimen>
    <dimen name="dm836">418px</dimen>
    <dimen name="dm837">419px</dimen>
    <dimen name="dm838">419px</dimen>
    <dimen name="dm839">420px</dimen>
    <dimen name="dm840">420px</dimen>
    <dimen name="dm841">421px</dimen>
    <dimen name="dm842">421px</dimen>
    <dimen name="dm843">422px</dimen>
    <dimen name="dm844">422px</dimen>
    <dimen name="dm845">423px</dimen>
    <dimen name="dm846">423px</dimen>
    <dimen name="dm847">424px</dimen>
    <dimen name="dm848">424px</dimen>
    <dimen name="dm849">425px</dimen>
    <dimen name="dm850">425px</dimen>
    <dimen name="dm851">426px</dimen>
    <dimen name="dm852">426px</dimen>
    <dimen name="dm853">427px</dimen>
    <dimen name="dm854">427px</dimen>
    <dimen name="dm855">428px</dimen>
    <dimen name="dm856">428px</dimen>
    <dimen name="dm857">429px</dimen>
    <dimen name="dm858">429px</dimen>
    <dimen name="dm859">430px</dimen>
    <dimen name="dm860">430px</dimen>
    <dimen name="dm861">431px</dimen>
    <dimen name="dm862">431px</dimen>
    <dimen name="dm863">432px</dimen>
    <dimen name="dm864">432px</dimen>
    <dimen name="dm865">433px</dimen>
    <dimen name="dm866">433px</dimen>
    <dimen name="dm867">434px</dimen>
    <dimen name="dm868">434px</dimen>
    <dimen name="dm869">435px</dimen>
    <dimen name="dm870">435px</dimen>
    <dimen name="dm871">436px</dimen>
    <dimen name="dm872">436px</dimen>
    <dimen name="dm873">437px</dimen>
    <dimen name="dm874">437px</dimen>
    <dimen name="dm875">438px</dimen>
    <dimen name="dm876">438px</dimen>
    <dimen name="dm877">439px</dimen>
    <dimen name="dm878">439px</dimen>
    <dimen name="dm879">440px</dimen>
    <dimen name="dm880">440px</dimen>
    <dimen name="dm881">441px</dimen>
    <dimen name="dm882">441px</dimen>
    <dimen name="dm883">442px</dimen>
    <dimen name="dm884">442px</dimen>
    <dimen name="dm885">443px</dimen>
    <dimen name="dm886">443px</dimen>
    <dimen name="dm887">444px</dimen>
    <dimen name="dm888">444px</dimen>
    <dimen name="dm889">445px</dimen>
    <dimen name="dm890">445px</dimen>
    <dimen name="dm891">446px</dimen>
    <dimen name="dm892">446px</dimen>
    <dimen name="dm893">447px</dimen>
    <dimen name="dm894">447px</dimen>
    <dimen name="dm895">448px</dimen>
    <dimen name="dm896">448px</dimen>
    <dimen name="dm897">449px</dimen>
    <dimen name="dm898">449px</dimen>
    <dimen name="dm899">450px</dimen>
    <dimen name="dm900">450px</dimen>
    <dimen name="dm901">451px</dimen>
    <dimen name="dm902">451px</dimen>
    <dimen name="dm903">452px</dimen>
    <dimen name="dm904">452px</dimen>
    <dimen name="dm905">453px</dimen>
    <dimen name="dm906">453px</dimen>
    <dimen name="dm907">454px</dimen>
    <dimen name="dm908">454px</dimen>
    <dimen name="dm909">455px</dimen>
    <dimen name="dm910">455px</dimen>
    <dimen name="dm911">456px</dimen>
    <dimen name="dm912">456px</dimen>
    <dimen name="dm913">457px</dimen>
    <dimen name="dm914">457px</dimen>
    <dimen name="dm915">458px</dimen>
    <dimen name="dm916">458px</dimen>
    <dimen name="dm917">459px</dimen>
    <dimen name="dm918">459px</dimen>
    <dimen name="dm919">460px</dimen>
    <dimen name="dm920">460px</dimen>
    <dimen name="dm921">461px</dimen>
    <dimen name="dm922">461px</dimen>
    <dimen name="dm923">462px</dimen>
    <dimen name="dm924">462px</dimen>
    <dimen name="dm925">463px</dimen>
    <dimen name="dm926">463px</dimen>
    <dimen name="dm927">464px</dimen>
    <dimen name="dm928">464px</dimen>
    <dimen name="dm929">465px</dimen>
    <dimen name="dm930">465px</dimen>
    <dimen name="dm931">466px</dimen>
    <dimen name="dm932">466px</dimen>
    <dimen name="dm933">467px</dimen>
    <dimen name="dm934">467px</dimen>
    <dimen name="dm935">468px</dimen>
    <dimen name="dm936">468px</dimen>
    <dimen name="dm937">469px</dimen>
    <dimen name="dm938">469px</dimen>
    <dimen name="dm939">470px</dimen>
    <dimen name="dm940">470px</dimen>
    <dimen name="dm941">471px</dimen>
    <dimen name="dm942">471px</dimen>
    <dimen name="dm943">472px</dimen>
    <dimen name="dm944">472px</dimen>
    <dimen name="dm945">473px</dimen>
    <dimen name="dm946">473px</dimen>
    <dimen name="dm947">474px</dimen>
    <dimen name="dm948">474px</dimen>
    <dimen name="dm949">475px</dimen>
    <dimen name="dm950">475px</dimen>
    <dimen name="dm951">476px</dimen>
    <dimen name="dm952">476px</dimen>
    <dimen name="dm953">477px</dimen>
    <dimen name="dm954">477px</dimen>
    <dimen name="dm955">478px</dimen>
    <dimen name="dm956">478px</dimen>
    <dimen name="dm957">479px</dimen>
    <dimen name="dm958">479px</dimen>
    <dimen name="dm959">480px</dimen>
    <dimen name="dm960">480px</dimen>
    <dimen name="dm961">481px</dimen>
    <dimen name="dm962">481px</dimen>
    <dimen name="dm963">482px</dimen>
    <dimen name="dm964">482px</dimen>
    <dimen name="dm965">483px</dimen>
    <dimen name="dm966">483px</dimen>
    <dimen name="dm967">484px</dimen>
    <dimen name="dm968">484px</dimen>
    <dimen name="dm969">485px</dimen>
    <dimen name="dm970">485px</dimen>
    <dimen name="dm971">486px</dimen>
    <dimen name="dm972">486px</dimen>
    <dimen name="dm973">487px</dimen>
    <dimen name="dm974">487px</dimen>
    <dimen name="dm975">488px</dimen>
    <dimen name="dm976">488px</dimen>
    <dimen name="dm977">489px</dimen>
    <dimen name="dm978">489px</dimen>
    <dimen name="dm979">490px</dimen>
    <dimen name="dm980">490px</dimen>
    <dimen name="dm981">491px</dimen>
    <dimen name="dm982">491px</dimen>
    <dimen name="dm983">492px</dimen>
    <dimen name="dm984">492px</dimen>
    <dimen name="dm985">493px</dimen>
    <dimen name="dm986">493px</dimen>
    <dimen name="dm987">494px</dimen>
    <dimen name="dm988">494px</dimen>
    <dimen name="dm989">495px</dimen>
    <dimen name="dm990">495px</dimen>
    <dimen name="dm991">496px</dimen>
    <dimen name="dm992">496px</dimen>
    <dimen name="dm993">497px</dimen>
    <dimen name="dm994">497px</dimen>
    <dimen name="dm995">498px</dimen>
    <dimen name="dm996">498px</dimen>
    <dimen name="dm997">499px</dimen>
    <dimen name="dm998">499px</dimen>
    <dimen name="dm999">500px</dimen>

</resources>