<resources>

    <dimen name="dm_200">-269px</dimen>
    <dimen name="dm_199">-268px</dimen>
    <dimen name="dm_198">-266px</dimen>
    <dimen name="dm_197">-265px</dimen>
    <dimen name="dm_196">-264px</dimen>
    <dimen name="dm_195">-262px</dimen>
    <dimen name="dm_194">-261px</dimen>
    <dimen name="dm_193">-260px</dimen>
    <dimen name="dm_192">-258px</dimen>
    <dimen name="dm_191">-257px</dimen>
    <dimen name="dm_190">-256px</dimen>
    <dimen name="dm_189">-254px</dimen>
    <dimen name="dm_188">-253px</dimen>
    <dimen name="dm_187">-251px</dimen>
    <dimen name="dm_186">-250px</dimen>
    <dimen name="dm_185">-249px</dimen>
    <dimen name="dm_184">-247px</dimen>
    <dimen name="dm_183">-246px</dimen>
    <dimen name="dm_182">-245px</dimen>
    <dimen name="dm_181">-243px</dimen>
    <dimen name="dm_180">-242px</dimen>
    <dimen name="dm_179">-241px</dimen>
    <dimen name="dm_178">-239px</dimen>
    <dimen name="dm_177">-238px</dimen>
    <dimen name="dm_176">-237px</dimen>
    <dimen name="dm_175">-235px</dimen>
    <dimen name="dm_174">-234px</dimen>
    <dimen name="dm_173">-233px</dimen>
    <dimen name="dm_172">-231px</dimen>
    <dimen name="dm_171">-230px</dimen>
    <dimen name="dm_170">-229px</dimen>
    <dimen name="dm_169">-227px</dimen>
    <dimen name="dm_168">-226px</dimen>
    <dimen name="dm_167">-224px</dimen>
    <dimen name="dm_166">-223px</dimen>
    <dimen name="dm_165">-222px</dimen>
    <dimen name="dm_164">-220px</dimen>
    <dimen name="dm_163">-219px</dimen>
    <dimen name="dm_162">-218px</dimen>
    <dimen name="dm_161">-216px</dimen>
    <dimen name="dm_160">-215px</dimen>
    <dimen name="dm_159">-214px</dimen>
    <dimen name="dm_158">-212px</dimen>
    <dimen name="dm_157">-211px</dimen>
    <dimen name="dm_156">-210px</dimen>
    <dimen name="dm_155">-208px</dimen>
    <dimen name="dm_154">-207px</dimen>
    <dimen name="dm_153">-206px</dimen>
    <dimen name="dm_152">-204px</dimen>
    <dimen name="dm_151">-203px</dimen>
    <dimen name="dm_150">-202px</dimen>
    <dimen name="dm_149">-200px</dimen>
    <dimen name="dm_148">-199px</dimen>
    <dimen name="dm_147">-197px</dimen>
    <dimen name="dm_146">-196px</dimen>
    <dimen name="dm_145">-195px</dimen>
    <dimen name="dm_144">-193px</dimen>
    <dimen name="dm_143">-192px</dimen>
    <dimen name="dm_142">-191px</dimen>
    <dimen name="dm_141">-189px</dimen>
    <dimen name="dm_140">-188px</dimen>
    <dimen name="dm_139">-187px</dimen>
    <dimen name="dm_138">-185px</dimen>
    <dimen name="dm_137">-184px</dimen>
    <dimen name="dm_136">-183px</dimen>
    <dimen name="dm_135">-181px</dimen>
    <dimen name="dm_134">-180px</dimen>
    <dimen name="dm_133">-179px</dimen>
    <dimen name="dm_132">-177px</dimen>
    <dimen name="dm_131">-176px</dimen>
    <dimen name="dm_130">-175px</dimen>
    <dimen name="dm_129">-173px</dimen>
    <dimen name="dm_128">-172px</dimen>
    <dimen name="dm_127">-170px</dimen>
    <dimen name="dm_126">-169px</dimen>
    <dimen name="dm_125">-168px</dimen>
    <dimen name="dm_124">-166px</dimen>
    <dimen name="dm_123">-165px</dimen>
    <dimen name="dm_122">-164px</dimen>
    <dimen name="dm_121">-162px</dimen>
    <dimen name="dm_120">-161px</dimen>
    <dimen name="dm_119">-160px</dimen>
    <dimen name="dm_118">-158px</dimen>
    <dimen name="dm_117">-157px</dimen>
    <dimen name="dm_116">-156px</dimen>
    <dimen name="dm_115">-154px</dimen>
    <dimen name="dm_114">-153px</dimen>
    <dimen name="dm_113">-152px</dimen>
    <dimen name="dm_112">-150px</dimen>
    <dimen name="dm_111">-149px</dimen>
    <dimen name="dm_110">-148px</dimen>
    <dimen name="dm_109">-146px</dimen>
    <dimen name="dm_108">-145px</dimen>
    <dimen name="dm_107">-143px</dimen>
    <dimen name="dm_106">-142px</dimen>
    <dimen name="dm_105">-141px</dimen>
    <dimen name="dm_104">-139px</dimen>
    <dimen name="dm_103">-138px</dimen>
    <dimen name="dm_102">-137px</dimen>
    <dimen name="dm_101">-135px</dimen>
    <dimen name="dm_100">-134px</dimen>
    <dimen name="dm_099">-133px</dimen>
    <dimen name="dm_098">-131px</dimen>
    <dimen name="dm_097">-130px</dimen>
    <dimen name="dm_096">-129px</dimen>
    <dimen name="dm_095">-127px</dimen>
    <dimen name="dm_094">-126px</dimen>
    <dimen name="dm_093">-125px</dimen>
    <dimen name="dm_092">-123px</dimen>
    <dimen name="dm_091">-122px</dimen>
    <dimen name="dm_090">-121px</dimen>
    <dimen name="dm_089">-119px</dimen>
    <dimen name="dm_088">-118px</dimen>
    <dimen name="dm_087">-116px</dimen>
    <dimen name="dm_086">-115px</dimen>
    <dimen name="dm_085">-114px</dimen>
    <dimen name="dm_084">-112px</dimen>
    <dimen name="dm_083">-111px</dimen>
    <dimen name="dm_082">-110px</dimen>
    <dimen name="dm_081">-108px</dimen>
    <dimen name="dm_080">-107px</dimen>
    <dimen name="dm_079">-106px</dimen>
    <dimen name="dm_078">-104px</dimen>
    <dimen name="dm_077">-103px</dimen>
    <dimen name="dm_076">-102px</dimen>
    <dimen name="dm_075">-100px</dimen>
    <dimen name="dm_074">-99px</dimen>
    <dimen name="dm_073">-98px</dimen>
    <dimen name="dm_072">-96px</dimen>
    <dimen name="dm_071">-95px</dimen>
    <dimen name="dm_070">-94px</dimen>
    <dimen name="dm_069">-92px</dimen>
    <dimen name="dm_068">-91px</dimen>
    <dimen name="dm_067">-89px</dimen>
    <dimen name="dm_066">-88px</dimen>
    <dimen name="dm_065">-87px</dimen>
    <dimen name="dm_064">-85px</dimen>
    <dimen name="dm_063">-84px</dimen>
    <dimen name="dm_062">-83px</dimen>
    <dimen name="dm_061">-81px</dimen>
    <dimen name="dm_060">-80px</dimen>
    <dimen name="dm_059">-79px</dimen>
    <dimen name="dm_058">-77px</dimen>
    <dimen name="dm_057">-76px</dimen>
    <dimen name="dm_056">-75px</dimen>
    <dimen name="dm_055">-73px</dimen>
    <dimen name="dm_054">-72px</dimen>
    <dimen name="dm_053">-71px</dimen>
    <dimen name="dm_052">-69px</dimen>
    <dimen name="dm_051">-68px</dimen>
    <dimen name="dm_050">-67px</dimen>
    <dimen name="dm_049">-65px</dimen>
    <dimen name="dm_048">-64px</dimen>
    <dimen name="dm_047">-62px</dimen>
    <dimen name="dm_046">-61px</dimen>
    <dimen name="dm_045">-60px</dimen>
    <dimen name="dm_044">-58px</dimen>
    <dimen name="dm_043">-57px</dimen>
    <dimen name="dm_042">-56px</dimen>
    <dimen name="dm_041">-54px</dimen>
    <dimen name="dm_040">-53px</dimen>
    <dimen name="dm_039">-52px</dimen>
    <dimen name="dm_038">-50px</dimen>
    <dimen name="dm_037">-49px</dimen>
    <dimen name="dm_036">-48px</dimen>
    <dimen name="dm_035">-46px</dimen>
    <dimen name="dm_034">-45px</dimen>
    <dimen name="dm_033">-44px</dimen>
    <dimen name="dm_032">-42px</dimen>
    <dimen name="dm_031">-41px</dimen>
    <dimen name="dm_030">-40px</dimen>
    <dimen name="dm_029">-38px</dimen>
    <dimen name="dm_028">-37px</dimen>
    <dimen name="dm_027">-35px</dimen>
    <dimen name="dm_026">-34px</dimen>
    <dimen name="dm_025">-33px</dimen>
    <dimen name="dm_024">-31px</dimen>
    <dimen name="dm_023">-30px</dimen>
    <dimen name="dm_022">-29px</dimen>
    <dimen name="dm_021">-27px</dimen>
    <dimen name="dm_020">-26px</dimen>
    <dimen name="dm_019">-25px</dimen>
    <dimen name="dm_018">-23px</dimen>
    <dimen name="dm_017">-22px</dimen>
    <dimen name="dm_016">-21px</dimen>
    <dimen name="dm_015">-19px</dimen>
    <dimen name="dm_014">-18px</dimen>
    <dimen name="dm_013">-17px</dimen>
    <dimen name="dm_012">-15px</dimen>
    <dimen name="dm_011">-14px</dimen>
    <dimen name="dm_010">-13px</dimen>
    <dimen name="dm_009">-11px</dimen>
    <dimen name="dm_008">-10px</dimen>
    <dimen name="dm_007">-8px</dimen>
    <dimen name="dm_006">-7px</dimen>
    <dimen name="dm_005">-6px</dimen>
    <dimen name="dm_004">-4px</dimen>
    <dimen name="dm_003">-3px</dimen>
    <dimen name="dm_002">-2px</dimen>
    <dimen name="dm_001">-1px</dimen>
    <dimen name="dm000">0px</dimen>
    <dimen name="dm001">1px</dimen>
    <dimen name="dm002">3px</dimen>
    <dimen name="dm003">4px</dimen>
    <dimen name="dm004">5px</dimen>
    <dimen name="dm005">7px</dimen>
    <dimen name="dm006">8px</dimen>
    <dimen name="dm007">9px</dimen>
    <dimen name="dm008">11px</dimen>
    <dimen name="dm009">12px</dimen>
    <dimen name="dm010">14px</dimen>
    <dimen name="dm011">15px</dimen>
    <dimen name="dm012">16px</dimen>
    <dimen name="dm013">18px</dimen>
    <dimen name="dm014">19px</dimen>
    <dimen name="dm015">20px</dimen>
    <dimen name="dm016">22px</dimen>
    <dimen name="dm017">23px</dimen>
    <dimen name="dm018">24px</dimen>
    <dimen name="dm019">26px</dimen>
    <dimen name="dm020">27px</dimen>
    <dimen name="dm021">28px</dimen>
    <dimen name="dm022">30px</dimen>
    <dimen name="dm023">31px</dimen>
    <dimen name="dm024">32px</dimen>
    <dimen name="dm025">34px</dimen>
    <dimen name="dm026">35px</dimen>
    <dimen name="dm027">36px</dimen>
    <dimen name="dm028">38px</dimen>
    <dimen name="dm029">39px</dimen>
    <dimen name="dm030">41px</dimen>
    <dimen name="dm031">42px</dimen>
    <dimen name="dm032">43px</dimen>
    <dimen name="dm033">45px</dimen>
    <dimen name="dm034">46px</dimen>
    <dimen name="dm035">47px</dimen>
    <dimen name="dm036">49px</dimen>
    <dimen name="dm037">50px</dimen>
    <dimen name="dm038">51px</dimen>
    <dimen name="dm039">53px</dimen>
    <dimen name="dm040">54px</dimen>
    <dimen name="dm041">55px</dimen>
    <dimen name="dm042">57px</dimen>
    <dimen name="dm043">58px</dimen>
    <dimen name="dm044">59px</dimen>
    <dimen name="dm045">61px</dimen>
    <dimen name="dm046">62px</dimen>
    <dimen name="dm047">63px</dimen>
    <dimen name="dm048">65px</dimen>
    <dimen name="dm049">66px</dimen>
    <dimen name="dm050">68px</dimen>
    <dimen name="dm051">69px</dimen>
    <dimen name="dm052">70px</dimen>
    <dimen name="dm053">72px</dimen>
    <dimen name="dm054">73px</dimen>
    <dimen name="dm055">74px</dimen>
    <dimen name="dm056">76px</dimen>
    <dimen name="dm057">77px</dimen>
    <dimen name="dm058">78px</dimen>
    <dimen name="dm059">80px</dimen>
    <dimen name="dm060">81px</dimen>
    <dimen name="dm061">82px</dimen>
    <dimen name="dm062">84px</dimen>
    <dimen name="dm063">85px</dimen>
    <dimen name="dm064">86px</dimen>
    <dimen name="dm065">88px</dimen>
    <dimen name="dm066">89px</dimen>
    <dimen name="dm067">90px</dimen>
    <dimen name="dm068">92px</dimen>
    <dimen name="dm069">93px</dimen>
    <dimen name="dm070">95px</dimen>
    <dimen name="dm071">96px</dimen>
    <dimen name="dm072">97px</dimen>
    <dimen name="dm073">99px</dimen>
    <dimen name="dm074">100px</dimen>
    <dimen name="dm075">101px</dimen>
    <dimen name="dm076">103px</dimen>
    <dimen name="dm077">104px</dimen>
    <dimen name="dm078">105px</dimen>
    <dimen name="dm079">107px</dimen>
    <dimen name="dm080">108px</dimen>
    <dimen name="dm081">109px</dimen>
    <dimen name="dm082">111px</dimen>
    <dimen name="dm083">112px</dimen>
    <dimen name="dm084">113px</dimen>
    <dimen name="dm085">115px</dimen>
    <dimen name="dm086">116px</dimen>
    <dimen name="dm087">117px</dimen>
    <dimen name="dm088">119px</dimen>
    <dimen name="dm089">120px</dimen>
    <dimen name="dm090">122px</dimen>
    <dimen name="dm091">123px</dimen>
    <dimen name="dm092">124px</dimen>
    <dimen name="dm093">126px</dimen>
    <dimen name="dm094">127px</dimen>
    <dimen name="dm095">128px</dimen>
    <dimen name="dm096">130px</dimen>
    <dimen name="dm097">131px</dimen>
    <dimen name="dm098">132px</dimen>
    <dimen name="dm099">134px</dimen>
    <dimen name="dm100">135px</dimen>
    <dimen name="dm101">136px</dimen>
    <dimen name="dm102">138px</dimen>
    <dimen name="dm103">139px</dimen>
    <dimen name="dm104">140px</dimen>
    <dimen name="dm105">142px</dimen>
    <dimen name="dm106">143px</dimen>
    <dimen name="dm107">144px</dimen>
    <dimen name="dm108">146px</dimen>
    <dimen name="dm109">147px</dimen>
    <dimen name="dm110">149px</dimen>
    <dimen name="dm111">150px</dimen>
    <dimen name="dm112">151px</dimen>
    <dimen name="dm113">153px</dimen>
    <dimen name="dm114">154px</dimen>
    <dimen name="dm115">155px</dimen>
    <dimen name="dm116">157px</dimen>
    <dimen name="dm117">158px</dimen>
    <dimen name="dm118">159px</dimen>
    <dimen name="dm119">161px</dimen>
    <dimen name="dm120">162px</dimen>
    <dimen name="dm121">163px</dimen>
    <dimen name="dm122">165px</dimen>
    <dimen name="dm123">166px</dimen>
    <dimen name="dm124">167px</dimen>
    <dimen name="dm125">169px</dimen>
    <dimen name="dm126">170px</dimen>
    <dimen name="dm127">171px</dimen>
    <dimen name="dm128">173px</dimen>
    <dimen name="dm129">174px</dimen>
    <dimen name="dm130">176px</dimen>
    <dimen name="dm131">177px</dimen>
    <dimen name="dm132">178px</dimen>
    <dimen name="dm133">180px</dimen>
    <dimen name="dm134">181px</dimen>
    <dimen name="dm135">182px</dimen>
    <dimen name="dm136">184px</dimen>
    <dimen name="dm137">185px</dimen>
    <dimen name="dm138">186px</dimen>
    <dimen name="dm139">188px</dimen>
    <dimen name="dm140">189px</dimen>
    <dimen name="dm141">190px</dimen>
    <dimen name="dm142">192px</dimen>
    <dimen name="dm143">193px</dimen>
    <dimen name="dm144">194px</dimen>
    <dimen name="dm145">196px</dimen>
    <dimen name="dm146">197px</dimen>
    <dimen name="dm147">198px</dimen>
    <dimen name="dm148">200px</dimen>
    <dimen name="dm149">201px</dimen>
    <dimen name="dm150">203px</dimen>
    <dimen name="dm151">204px</dimen>
    <dimen name="dm152">205px</dimen>
    <dimen name="dm153">207px</dimen>
    <dimen name="dm154">208px</dimen>
    <dimen name="dm155">209px</dimen>
    <dimen name="dm156">211px</dimen>
    <dimen name="dm157">212px</dimen>
    <dimen name="dm158">213px</dimen>
    <dimen name="dm159">215px</dimen>
    <dimen name="dm160">216px</dimen>
    <dimen name="dm161">217px</dimen>
    <dimen name="dm162">219px</dimen>
    <dimen name="dm163">220px</dimen>
    <dimen name="dm164">221px</dimen>
    <dimen name="dm165">223px</dimen>
    <dimen name="dm166">224px</dimen>
    <dimen name="dm167">225px</dimen>
    <dimen name="dm168">227px</dimen>
    <dimen name="dm169">228px</dimen>
    <dimen name="dm170">230px</dimen>
    <dimen name="dm171">231px</dimen>
    <dimen name="dm172">232px</dimen>
    <dimen name="dm173">234px</dimen>
    <dimen name="dm174">235px</dimen>
    <dimen name="dm175">236px</dimen>
    <dimen name="dm176">238px</dimen>
    <dimen name="dm177">239px</dimen>
    <dimen name="dm178">240px</dimen>
    <dimen name="dm179">242px</dimen>
    <dimen name="dm180">243px</dimen>
    <dimen name="dm181">244px</dimen>
    <dimen name="dm182">246px</dimen>
    <dimen name="dm183">247px</dimen>
    <dimen name="dm184">248px</dimen>
    <dimen name="dm185">250px</dimen>
    <dimen name="dm186">251px</dimen>
    <dimen name="dm187">252px</dimen>
    <dimen name="dm188">254px</dimen>
    <dimen name="dm189">255px</dimen>
    <dimen name="dm190">257px</dimen>
    <dimen name="dm191">258px</dimen>
    <dimen name="dm192">259px</dimen>
    <dimen name="dm193">261px</dimen>
    <dimen name="dm194">262px</dimen>
    <dimen name="dm195">263px</dimen>
    <dimen name="dm196">265px</dimen>
    <dimen name="dm197">266px</dimen>
    <dimen name="dm198">267px</dimen>
    <dimen name="dm199">269px</dimen>
    <dimen name="dm200">270px</dimen>
    <dimen name="dm201">271px</dimen>
    <dimen name="dm202">273px</dimen>
    <dimen name="dm203">274px</dimen>
    <dimen name="dm204">275px</dimen>
    <dimen name="dm205">277px</dimen>
    <dimen name="dm206">278px</dimen>
    <dimen name="dm207">279px</dimen>
    <dimen name="dm208">281px</dimen>
    <dimen name="dm209">282px</dimen>
    <dimen name="dm210">284px</dimen>
    <dimen name="dm211">285px</dimen>
    <dimen name="dm212">286px</dimen>
    <dimen name="dm213">288px</dimen>
    <dimen name="dm214">289px</dimen>
    <dimen name="dm215">290px</dimen>
    <dimen name="dm216">292px</dimen>
    <dimen name="dm217">293px</dimen>
    <dimen name="dm218">294px</dimen>
    <dimen name="dm219">296px</dimen>
    <dimen name="dm220">297px</dimen>
    <dimen name="dm221">298px</dimen>
    <dimen name="dm222">300px</dimen>
    <dimen name="dm223">301px</dimen>
    <dimen name="dm224">302px</dimen>
    <dimen name="dm225">304px</dimen>
    <dimen name="dm226">305px</dimen>
    <dimen name="dm227">306px</dimen>
    <dimen name="dm228">308px</dimen>
    <dimen name="dm229">309px</dimen>
    <dimen name="dm230">311px</dimen>
    <dimen name="dm231">312px</dimen>
    <dimen name="dm232">313px</dimen>
    <dimen name="dm233">315px</dimen>
    <dimen name="dm234">316px</dimen>
    <dimen name="dm235">317px</dimen>
    <dimen name="dm236">319px</dimen>
    <dimen name="dm237">320px</dimen>
    <dimen name="dm238">321px</dimen>
    <dimen name="dm239">323px</dimen>
    <dimen name="dm240">324px</dimen>
    <dimen name="dm241">325px</dimen>
    <dimen name="dm242">327px</dimen>
    <dimen name="dm243">328px</dimen>
    <dimen name="dm244">329px</dimen>
    <dimen name="dm245">331px</dimen>
    <dimen name="dm246">332px</dimen>
    <dimen name="dm247">333px</dimen>
    <dimen name="dm248">335px</dimen>
    <dimen name="dm249">336px</dimen>
    <dimen name="dm250">338px</dimen>
    <dimen name="dm251">339px</dimen>
    <dimen name="dm252">340px</dimen>
    <dimen name="dm253">342px</dimen>
    <dimen name="dm254">343px</dimen>
    <dimen name="dm255">344px</dimen>
    <dimen name="dm256">346px</dimen>
    <dimen name="dm257">347px</dimen>
    <dimen name="dm258">348px</dimen>
    <dimen name="dm259">350px</dimen>
    <dimen name="dm260">351px</dimen>
    <dimen name="dm261">352px</dimen>
    <dimen name="dm262">354px</dimen>
    <dimen name="dm263">355px</dimen>
    <dimen name="dm264">356px</dimen>
    <dimen name="dm265">358px</dimen>
    <dimen name="dm266">359px</dimen>
    <dimen name="dm267">360px</dimen>
    <dimen name="dm268">362px</dimen>
    <dimen name="dm269">363px</dimen>
    <dimen name="dm270">365px</dimen>
    <dimen name="dm271">366px</dimen>
    <dimen name="dm272">367px</dimen>
    <dimen name="dm273">369px</dimen>
    <dimen name="dm274">370px</dimen>
    <dimen name="dm275">371px</dimen>
    <dimen name="dm276">373px</dimen>
    <dimen name="dm277">374px</dimen>
    <dimen name="dm278">375px</dimen>
    <dimen name="dm279">377px</dimen>
    <dimen name="dm280">378px</dimen>
    <dimen name="dm281">379px</dimen>
    <dimen name="dm282">381px</dimen>
    <dimen name="dm283">382px</dimen>
    <dimen name="dm284">383px</dimen>
    <dimen name="dm285">385px</dimen>
    <dimen name="dm286">386px</dimen>
    <dimen name="dm287">387px</dimen>
    <dimen name="dm288">389px</dimen>
    <dimen name="dm289">390px</dimen>
    <dimen name="dm290">392px</dimen>
    <dimen name="dm291">393px</dimen>
    <dimen name="dm292">394px</dimen>
    <dimen name="dm293">396px</dimen>
    <dimen name="dm294">397px</dimen>
    <dimen name="dm295">398px</dimen>
    <dimen name="dm296">400px</dimen>
    <dimen name="dm297">401px</dimen>
    <dimen name="dm298">402px</dimen>
    <dimen name="dm299">404px</dimen>
    <dimen name="dm300">405px</dimen>
    <dimen name="dm301">406px</dimen>
    <dimen name="dm302">408px</dimen>
    <dimen name="dm303">409px</dimen>
    <dimen name="dm304">410px</dimen>
    <dimen name="dm305">412px</dimen>
    <dimen name="dm306">413px</dimen>
    <dimen name="dm307">414px</dimen>
    <dimen name="dm308">416px</dimen>
    <dimen name="dm309">417px</dimen>
    <dimen name="dm310">419px</dimen>
    <dimen name="dm311">420px</dimen>
    <dimen name="dm312">421px</dimen>
    <dimen name="dm313">423px</dimen>
    <dimen name="dm314">424px</dimen>
    <dimen name="dm315">425px</dimen>
    <dimen name="dm316">427px</dimen>
    <dimen name="dm317">428px</dimen>
    <dimen name="dm318">429px</dimen>
    <dimen name="dm319">431px</dimen>
    <dimen name="dm320">432px</dimen>
    <dimen name="dm321">433px</dimen>
    <dimen name="dm322">435px</dimen>
    <dimen name="dm323">436px</dimen>
    <dimen name="dm324">437px</dimen>
    <dimen name="dm325">439px</dimen>
    <dimen name="dm326">440px</dimen>
    <dimen name="dm327">441px</dimen>
    <dimen name="dm328">443px</dimen>
    <dimen name="dm329">444px</dimen>
    <dimen name="dm330">446px</dimen>
    <dimen name="dm331">447px</dimen>
    <dimen name="dm332">448px</dimen>
    <dimen name="dm333">450px</dimen>
    <dimen name="dm334">451px</dimen>
    <dimen name="dm335">452px</dimen>
    <dimen name="dm336">454px</dimen>
    <dimen name="dm337">455px</dimen>
    <dimen name="dm338">456px</dimen>
    <dimen name="dm339">458px</dimen>
    <dimen name="dm340">459px</dimen>
    <dimen name="dm341">460px</dimen>
    <dimen name="dm342">462px</dimen>
    <dimen name="dm343">463px</dimen>
    <dimen name="dm344">464px</dimen>
    <dimen name="dm345">466px</dimen>
    <dimen name="dm346">467px</dimen>
    <dimen name="dm347">468px</dimen>
    <dimen name="dm348">470px</dimen>
    <dimen name="dm349">471px</dimen>
    <dimen name="dm350">473px</dimen>
    <dimen name="dm351">474px</dimen>
    <dimen name="dm352">475px</dimen>
    <dimen name="dm353">477px</dimen>
    <dimen name="dm354">478px</dimen>
    <dimen name="dm355">479px</dimen>
    <dimen name="dm356">481px</dimen>
    <dimen name="dm357">482px</dimen>
    <dimen name="dm358">483px</dimen>
    <dimen name="dm359">485px</dimen>
    <dimen name="dm360">486px</dimen>
    <dimen name="dm361">487px</dimen>
    <dimen name="dm362">489px</dimen>
    <dimen name="dm363">490px</dimen>
    <dimen name="dm364">491px</dimen>
    <dimen name="dm365">493px</dimen>
    <dimen name="dm366">494px</dimen>
    <dimen name="dm367">495px</dimen>
    <dimen name="dm368">497px</dimen>
    <dimen name="dm369">498px</dimen>
    <dimen name="dm370">500px</dimen>
    <dimen name="dm371">501px</dimen>
    <dimen name="dm372">502px</dimen>
    <dimen name="dm373">504px</dimen>
    <dimen name="dm374">505px</dimen>
    <dimen name="dm375">506px</dimen>
    <dimen name="dm376">508px</dimen>
    <dimen name="dm377">509px</dimen>
    <dimen name="dm378">510px</dimen>
    <dimen name="dm379">512px</dimen>
    <dimen name="dm380">513px</dimen>
    <dimen name="dm381">514px</dimen>
    <dimen name="dm382">516px</dimen>
    <dimen name="dm383">517px</dimen>
    <dimen name="dm384">518px</dimen>
    <dimen name="dm385">520px</dimen>
    <dimen name="dm386">521px</dimen>
    <dimen name="dm387">522px</dimen>
    <dimen name="dm388">524px</dimen>
    <dimen name="dm389">525px</dimen>
    <dimen name="dm390">527px</dimen>
    <dimen name="dm391">528px</dimen>
    <dimen name="dm392">529px</dimen>
    <dimen name="dm393">531px</dimen>
    <dimen name="dm394">532px</dimen>
    <dimen name="dm395">533px</dimen>
    <dimen name="dm396">535px</dimen>
    <dimen name="dm397">536px</dimen>
    <dimen name="dm398">537px</dimen>
    <dimen name="dm399">539px</dimen>
    <dimen name="dm400">540px</dimen>
    <dimen name="dm401">541px</dimen>
    <dimen name="dm402">543px</dimen>
    <dimen name="dm403">544px</dimen>
    <dimen name="dm404">545px</dimen>
    <dimen name="dm405">547px</dimen>
    <dimen name="dm406">548px</dimen>
    <dimen name="dm407">549px</dimen>
    <dimen name="dm408">551px</dimen>
    <dimen name="dm409">552px</dimen>
    <dimen name="dm410">554px</dimen>
    <dimen name="dm411">555px</dimen>
    <dimen name="dm412">556px</dimen>
    <dimen name="dm413">558px</dimen>
    <dimen name="dm414">559px</dimen>
    <dimen name="dm415">560px</dimen>
    <dimen name="dm416">562px</dimen>
    <dimen name="dm417">563px</dimen>
    <dimen name="dm418">564px</dimen>
    <dimen name="dm419">566px</dimen>
    <dimen name="dm420">567px</dimen>
    <dimen name="dm421">568px</dimen>
    <dimen name="dm422">570px</dimen>
    <dimen name="dm423">571px</dimen>
    <dimen name="dm424">572px</dimen>
    <dimen name="dm425">574px</dimen>
    <dimen name="dm426">575px</dimen>
    <dimen name="dm427">576px</dimen>
    <dimen name="dm428">578px</dimen>
    <dimen name="dm429">579px</dimen>
    <dimen name="dm430">581px</dimen>
    <dimen name="dm431">582px</dimen>
    <dimen name="dm432">583px</dimen>
    <dimen name="dm433">585px</dimen>
    <dimen name="dm434">586px</dimen>
    <dimen name="dm435">587px</dimen>
    <dimen name="dm436">589px</dimen>
    <dimen name="dm437">590px</dimen>
    <dimen name="dm438">591px</dimen>
    <dimen name="dm439">593px</dimen>
    <dimen name="dm440">594px</dimen>
    <dimen name="dm441">595px</dimen>
    <dimen name="dm442">597px</dimen>
    <dimen name="dm443">598px</dimen>
    <dimen name="dm444">599px</dimen>
    <dimen name="dm445">601px</dimen>
    <dimen name="dm446">602px</dimen>
    <dimen name="dm447">603px</dimen>
    <dimen name="dm448">605px</dimen>
    <dimen name="dm449">606px</dimen>
    <dimen name="dm450">608px</dimen>
    <dimen name="dm451">609px</dimen>
    <dimen name="dm452">610px</dimen>
    <dimen name="dm453">612px</dimen>
    <dimen name="dm454">613px</dimen>
    <dimen name="dm455">614px</dimen>
    <dimen name="dm456">616px</dimen>
    <dimen name="dm457">617px</dimen>
    <dimen name="dm458">618px</dimen>
    <dimen name="dm459">620px</dimen>
    <dimen name="dm460">621px</dimen>
    <dimen name="dm461">622px</dimen>
    <dimen name="dm462">624px</dimen>
    <dimen name="dm463">625px</dimen>
    <dimen name="dm464">626px</dimen>
    <dimen name="dm465">628px</dimen>
    <dimen name="dm466">629px</dimen>
    <dimen name="dm467">630px</dimen>
    <dimen name="dm468">632px</dimen>
    <dimen name="dm469">633px</dimen>
    <dimen name="dm470">635px</dimen>
    <dimen name="dm471">636px</dimen>
    <dimen name="dm472">637px</dimen>
    <dimen name="dm473">639px</dimen>
    <dimen name="dm474">640px</dimen>
    <dimen name="dm475">641px</dimen>
    <dimen name="dm476">643px</dimen>
    <dimen name="dm477">644px</dimen>
    <dimen name="dm478">645px</dimen>
    <dimen name="dm479">647px</dimen>
    <dimen name="dm480">648px</dimen>
    <dimen name="dm481">649px</dimen>
    <dimen name="dm482">651px</dimen>
    <dimen name="dm483">652px</dimen>
    <dimen name="dm484">653px</dimen>
    <dimen name="dm485">655px</dimen>
    <dimen name="dm486">656px</dimen>
    <dimen name="dm487">657px</dimen>
    <dimen name="dm488">659px</dimen>
    <dimen name="dm489">660px</dimen>
    <dimen name="dm490">662px</dimen>
    <dimen name="dm491">663px</dimen>
    <dimen name="dm492">664px</dimen>
    <dimen name="dm493">666px</dimen>
    <dimen name="dm494">667px</dimen>
    <dimen name="dm495">668px</dimen>
    <dimen name="dm496">670px</dimen>
    <dimen name="dm497">671px</dimen>
    <dimen name="dm498">672px</dimen>
    <dimen name="dm499">674px</dimen>
    <dimen name="dm500">675px</dimen>
    <dimen name="dm501">676px</dimen>
    <dimen name="dm502">678px</dimen>
    <dimen name="dm503">679px</dimen>
    <dimen name="dm504">680px</dimen>
    <dimen name="dm505">682px</dimen>
    <dimen name="dm506">683px</dimen>
    <dimen name="dm507">684px</dimen>
    <dimen name="dm508">686px</dimen>
    <dimen name="dm509">687px</dimen>
    <dimen name="dm510">689px</dimen>
    <dimen name="dm511">690px</dimen>
    <dimen name="dm512">691px</dimen>
    <dimen name="dm513">693px</dimen>
    <dimen name="dm514">694px</dimen>
    <dimen name="dm515">695px</dimen>
    <dimen name="dm516">697px</dimen>
    <dimen name="dm517">698px</dimen>
    <dimen name="dm518">699px</dimen>
    <dimen name="dm519">701px</dimen>
    <dimen name="dm520">702px</dimen>
    <dimen name="dm521">703px</dimen>
    <dimen name="dm522">705px</dimen>
    <dimen name="dm523">706px</dimen>
    <dimen name="dm524">707px</dimen>
    <dimen name="dm525">709px</dimen>
    <dimen name="dm526">710px</dimen>
    <dimen name="dm527">711px</dimen>
    <dimen name="dm528">713px</dimen>
    <dimen name="dm529">714px</dimen>
    <dimen name="dm530">716px</dimen>
    <dimen name="dm531">717px</dimen>
    <dimen name="dm532">718px</dimen>
    <dimen name="dm533">720px</dimen>
    <dimen name="dm534">721px</dimen>
    <dimen name="dm535">722px</dimen>
    <dimen name="dm536">724px</dimen>
    <dimen name="dm537">725px</dimen>
    <dimen name="dm538">726px</dimen>
    <dimen name="dm539">728px</dimen>
    <dimen name="dm540">729px</dimen>
    <dimen name="dm541">730px</dimen>
    <dimen name="dm542">732px</dimen>
    <dimen name="dm543">733px</dimen>
    <dimen name="dm544">734px</dimen>
    <dimen name="dm545">736px</dimen>
    <dimen name="dm546">737px</dimen>
    <dimen name="dm547">738px</dimen>
    <dimen name="dm548">740px</dimen>
    <dimen name="dm549">741px</dimen>
    <dimen name="dm550">743px</dimen>
    <dimen name="dm551">744px</dimen>
    <dimen name="dm552">745px</dimen>
    <dimen name="dm553">747px</dimen>
    <dimen name="dm554">748px</dimen>
    <dimen name="dm555">749px</dimen>
    <dimen name="dm556">751px</dimen>
    <dimen name="dm557">752px</dimen>
    <dimen name="dm558">753px</dimen>
    <dimen name="dm559">755px</dimen>
    <dimen name="dm560">756px</dimen>
    <dimen name="dm561">757px</dimen>
    <dimen name="dm562">759px</dimen>
    <dimen name="dm563">760px</dimen>
    <dimen name="dm564">761px</dimen>
    <dimen name="dm565">763px</dimen>
    <dimen name="dm566">764px</dimen>
    <dimen name="dm567">765px</dimen>
    <dimen name="dm568">767px</dimen>
    <dimen name="dm569">768px</dimen>
    <dimen name="dm570">770px</dimen>
    <dimen name="dm571">771px</dimen>
    <dimen name="dm572">772px</dimen>
    <dimen name="dm573">774px</dimen>
    <dimen name="dm574">775px</dimen>
    <dimen name="dm575">776px</dimen>
    <dimen name="dm576">778px</dimen>
    <dimen name="dm577">779px</dimen>
    <dimen name="dm578">780px</dimen>
    <dimen name="dm579">782px</dimen>
    <dimen name="dm580">783px</dimen>
    <dimen name="dm581">784px</dimen>
    <dimen name="dm582">786px</dimen>
    <dimen name="dm583">787px</dimen>
    <dimen name="dm584">788px</dimen>
    <dimen name="dm585">790px</dimen>
    <dimen name="dm586">791px</dimen>
    <dimen name="dm587">792px</dimen>
    <dimen name="dm588">794px</dimen>
    <dimen name="dm589">795px</dimen>
    <dimen name="dm590">797px</dimen>
    <dimen name="dm591">798px</dimen>
    <dimen name="dm592">799px</dimen>
    <dimen name="dm593">801px</dimen>
    <dimen name="dm594">802px</dimen>
    <dimen name="dm595">803px</dimen>
    <dimen name="dm596">805px</dimen>
    <dimen name="dm597">806px</dimen>
    <dimen name="dm598">807px</dimen>
    <dimen name="dm599">809px</dimen>
    <dimen name="dm600">810px</dimen>
    <dimen name="dm601">811px</dimen>
    <dimen name="dm602">813px</dimen>
    <dimen name="dm603">814px</dimen>
    <dimen name="dm604">815px</dimen>
    <dimen name="dm605">817px</dimen>
    <dimen name="dm606">818px</dimen>
    <dimen name="dm607">819px</dimen>
    <dimen name="dm608">821px</dimen>
    <dimen name="dm609">822px</dimen>
    <dimen name="dm610">824px</dimen>
    <dimen name="dm611">825px</dimen>
    <dimen name="dm612">826px</dimen>
    <dimen name="dm613">828px</dimen>
    <dimen name="dm614">829px</dimen>
    <dimen name="dm615">830px</dimen>
    <dimen name="dm616">832px</dimen>
    <dimen name="dm617">833px</dimen>
    <dimen name="dm618">834px</dimen>
    <dimen name="dm619">836px</dimen>
    <dimen name="dm620">837px</dimen>
    <dimen name="dm621">838px</dimen>
    <dimen name="dm622">840px</dimen>
    <dimen name="dm623">841px</dimen>
    <dimen name="dm624">842px</dimen>
    <dimen name="dm625">844px</dimen>
    <dimen name="dm626">845px</dimen>
    <dimen name="dm627">846px</dimen>
    <dimen name="dm628">848px</dimen>
    <dimen name="dm629">849px</dimen>
    <dimen name="dm630">851px</dimen>
    <dimen name="dm631">852px</dimen>
    <dimen name="dm632">853px</dimen>
    <dimen name="dm633">855px</dimen>
    <dimen name="dm634">856px</dimen>
    <dimen name="dm635">857px</dimen>
    <dimen name="dm636">859px</dimen>
    <dimen name="dm637">860px</dimen>
    <dimen name="dm638">861px</dimen>
    <dimen name="dm639">863px</dimen>
    <dimen name="dm640">864px</dimen>
    <dimen name="dm641">865px</dimen>
    <dimen name="dm642">867px</dimen>
    <dimen name="dm643">868px</dimen>
    <dimen name="dm644">869px</dimen>
    <dimen name="dm645">871px</dimen>
    <dimen name="dm646">872px</dimen>
    <dimen name="dm647">873px</dimen>
    <dimen name="dm648">875px</dimen>
    <dimen name="dm649">876px</dimen>
    <dimen name="dm650">878px</dimen>
    <dimen name="dm651">879px</dimen>
    <dimen name="dm652">880px</dimen>
    <dimen name="dm653">882px</dimen>
    <dimen name="dm654">883px</dimen>
    <dimen name="dm655">884px</dimen>
    <dimen name="dm656">886px</dimen>
    <dimen name="dm657">887px</dimen>
    <dimen name="dm658">888px</dimen>
    <dimen name="dm659">890px</dimen>
    <dimen name="dm660">891px</dimen>
    <dimen name="dm661">892px</dimen>
    <dimen name="dm662">894px</dimen>
    <dimen name="dm663">895px</dimen>
    <dimen name="dm664">896px</dimen>
    <dimen name="dm665">898px</dimen>
    <dimen name="dm666">899px</dimen>
    <dimen name="dm667">900px</dimen>
    <dimen name="dm668">902px</dimen>
    <dimen name="dm669">903px</dimen>
    <dimen name="dm670">905px</dimen>
    <dimen name="dm671">906px</dimen>
    <dimen name="dm672">907px</dimen>
    <dimen name="dm673">909px</dimen>
    <dimen name="dm674">910px</dimen>
    <dimen name="dm675">911px</dimen>
    <dimen name="dm676">913px</dimen>
    <dimen name="dm677">914px</dimen>
    <dimen name="dm678">915px</dimen>
    <dimen name="dm679">917px</dimen>
    <dimen name="dm680">918px</dimen>
    <dimen name="dm681">919px</dimen>
    <dimen name="dm682">921px</dimen>
    <dimen name="dm683">922px</dimen>
    <dimen name="dm684">923px</dimen>
    <dimen name="dm685">925px</dimen>
    <dimen name="dm686">926px</dimen>
    <dimen name="dm687">927px</dimen>
    <dimen name="dm688">929px</dimen>
    <dimen name="dm689">930px</dimen>
    <dimen name="dm690">932px</dimen>
    <dimen name="dm691">933px</dimen>
    <dimen name="dm692">934px</dimen>
    <dimen name="dm693">936px</dimen>
    <dimen name="dm694">937px</dimen>
    <dimen name="dm695">938px</dimen>
    <dimen name="dm696">940px</dimen>
    <dimen name="dm697">941px</dimen>
    <dimen name="dm698">942px</dimen>
    <dimen name="dm699">944px</dimen>
    <dimen name="dm700">945px</dimen>
    <dimen name="dm701">946px</dimen>
    <dimen name="dm702">948px</dimen>
    <dimen name="dm703">949px</dimen>
    <dimen name="dm704">950px</dimen>
    <dimen name="dm705">952px</dimen>
    <dimen name="dm706">953px</dimen>
    <dimen name="dm707">954px</dimen>
    <dimen name="dm708">956px</dimen>
    <dimen name="dm709">957px</dimen>
    <dimen name="dm710">959px</dimen>
    <dimen name="dm711">960px</dimen>
    <dimen name="dm712">961px</dimen>
    <dimen name="dm713">963px</dimen>
    <dimen name="dm714">964px</dimen>
    <dimen name="dm715">965px</dimen>
    <dimen name="dm716">967px</dimen>
    <dimen name="dm717">968px</dimen>
    <dimen name="dm718">969px</dimen>
    <dimen name="dm719">971px</dimen>
    <dimen name="dm720">972px</dimen>
    <dimen name="dm721">973px</dimen>
    <dimen name="dm722">975px</dimen>
    <dimen name="dm723">976px</dimen>
    <dimen name="dm724">977px</dimen>
    <dimen name="dm725">979px</dimen>
    <dimen name="dm726">980px</dimen>
    <dimen name="dm727">981px</dimen>
    <dimen name="dm728">983px</dimen>
    <dimen name="dm729">984px</dimen>
    <dimen name="dm730">986px</dimen>
    <dimen name="dm731">987px</dimen>
    <dimen name="dm732">988px</dimen>
    <dimen name="dm733">990px</dimen>
    <dimen name="dm734">991px</dimen>
    <dimen name="dm735">992px</dimen>
    <dimen name="dm736">994px</dimen>
    <dimen name="dm737">995px</dimen>
    <dimen name="dm738">996px</dimen>
    <dimen name="dm739">998px</dimen>
    <dimen name="dm740">999px</dimen>
    <dimen name="dm741">1000px</dimen>
    <dimen name="dm742">1002px</dimen>
    <dimen name="dm743">1003px</dimen>
    <dimen name="dm744">1004px</dimen>
    <dimen name="dm745">1006px</dimen>
    <dimen name="dm746">1007px</dimen>
    <dimen name="dm747">1008px</dimen>
    <dimen name="dm748">1010px</dimen>
    <dimen name="dm749">1011px</dimen>
    <dimen name="dm750">1013px</dimen>
    <dimen name="dm751">1014px</dimen>
    <dimen name="dm752">1015px</dimen>
    <dimen name="dm753">1017px</dimen>
    <dimen name="dm754">1018px</dimen>
    <dimen name="dm755">1019px</dimen>
    <dimen name="dm756">1021px</dimen>
    <dimen name="dm757">1022px</dimen>
    <dimen name="dm758">1023px</dimen>
    <dimen name="dm759">1025px</dimen>
    <dimen name="dm760">1026px</dimen>
    <dimen name="dm761">1027px</dimen>
    <dimen name="dm762">1029px</dimen>
    <dimen name="dm763">1030px</dimen>
    <dimen name="dm764">1031px</dimen>
    <dimen name="dm765">1033px</dimen>
    <dimen name="dm766">1034px</dimen>
    <dimen name="dm767">1035px</dimen>
    <dimen name="dm768">1037px</dimen>
    <dimen name="dm769">1038px</dimen>
    <dimen name="dm770">1040px</dimen>
    <dimen name="dm771">1041px</dimen>
    <dimen name="dm772">1042px</dimen>
    <dimen name="dm773">1044px</dimen>
    <dimen name="dm774">1045px</dimen>
    <dimen name="dm775">1046px</dimen>
    <dimen name="dm776">1048px</dimen>
    <dimen name="dm777">1049px</dimen>
    <dimen name="dm778">1050px</dimen>
    <dimen name="dm779">1052px</dimen>
    <dimen name="dm780">1053px</dimen>
    <dimen name="dm781">1054px</dimen>
    <dimen name="dm782">1056px</dimen>
    <dimen name="dm783">1057px</dimen>
    <dimen name="dm784">1058px</dimen>
    <dimen name="dm785">1060px</dimen>
    <dimen name="dm786">1061px</dimen>
    <dimen name="dm787">1062px</dimen>
    <dimen name="dm788">1064px</dimen>
    <dimen name="dm789">1065px</dimen>
    <dimen name="dm790">1067px</dimen>
    <dimen name="dm791">1068px</dimen>
    <dimen name="dm792">1069px</dimen>
    <dimen name="dm793">1071px</dimen>
    <dimen name="dm794">1072px</dimen>
    <dimen name="dm795">1073px</dimen>
    <dimen name="dm796">1075px</dimen>
    <dimen name="dm797">1076px</dimen>
    <dimen name="dm798">1077px</dimen>
    <dimen name="dm799">1079px</dimen>
    <dimen name="dm800">1080px</dimen>
    <dimen name="dm801">1081px</dimen>
    <dimen name="dm802">1083px</dimen>
    <dimen name="dm803">1084px</dimen>
    <dimen name="dm804">1085px</dimen>
    <dimen name="dm805">1087px</dimen>
    <dimen name="dm806">1088px</dimen>
    <dimen name="dm807">1089px</dimen>
    <dimen name="dm808">1091px</dimen>
    <dimen name="dm809">1092px</dimen>
    <dimen name="dm810">1094px</dimen>
    <dimen name="dm811">1095px</dimen>
    <dimen name="dm812">1096px</dimen>
    <dimen name="dm813">1098px</dimen>
    <dimen name="dm814">1099px</dimen>
    <dimen name="dm815">1100px</dimen>
    <dimen name="dm816">1102px</dimen>
    <dimen name="dm817">1103px</dimen>
    <dimen name="dm818">1104px</dimen>
    <dimen name="dm819">1106px</dimen>
    <dimen name="dm820">1107px</dimen>
    <dimen name="dm821">1108px</dimen>
    <dimen name="dm822">1110px</dimen>
    <dimen name="dm823">1111px</dimen>
    <dimen name="dm824">1112px</dimen>
    <dimen name="dm825">1114px</dimen>
    <dimen name="dm826">1115px</dimen>
    <dimen name="dm827">1116px</dimen>
    <dimen name="dm828">1118px</dimen>
    <dimen name="dm829">1119px</dimen>
    <dimen name="dm830">1121px</dimen>
    <dimen name="dm831">1122px</dimen>
    <dimen name="dm832">1123px</dimen>
    <dimen name="dm833">1125px</dimen>
    <dimen name="dm834">1126px</dimen>
    <dimen name="dm835">1127px</dimen>
    <dimen name="dm836">1129px</dimen>
    <dimen name="dm837">1130px</dimen>
    <dimen name="dm838">1131px</dimen>
    <dimen name="dm839">1133px</dimen>
    <dimen name="dm840">1134px</dimen>
    <dimen name="dm841">1135px</dimen>
    <dimen name="dm842">1137px</dimen>
    <dimen name="dm843">1138px</dimen>
    <dimen name="dm844">1139px</dimen>
    <dimen name="dm845">1141px</dimen>
    <dimen name="dm846">1142px</dimen>
    <dimen name="dm847">1143px</dimen>
    <dimen name="dm848">1145px</dimen>
    <dimen name="dm849">1146px</dimen>
    <dimen name="dm850">1148px</dimen>
    <dimen name="dm851">1149px</dimen>
    <dimen name="dm852">1150px</dimen>
    <dimen name="dm853">1152px</dimen>
    <dimen name="dm854">1153px</dimen>
    <dimen name="dm855">1154px</dimen>
    <dimen name="dm856">1156px</dimen>
    <dimen name="dm857">1157px</dimen>
    <dimen name="dm858">1158px</dimen>
    <dimen name="dm859">1160px</dimen>
    <dimen name="dm860">1161px</dimen>
    <dimen name="dm861">1162px</dimen>
    <dimen name="dm862">1164px</dimen>
    <dimen name="dm863">1165px</dimen>
    <dimen name="dm864">1166px</dimen>
    <dimen name="dm865">1168px</dimen>
    <dimen name="dm866">1169px</dimen>
    <dimen name="dm867">1170px</dimen>
    <dimen name="dm868">1172px</dimen>
    <dimen name="dm869">1173px</dimen>
    <dimen name="dm870">1175px</dimen>
    <dimen name="dm871">1176px</dimen>
    <dimen name="dm872">1177px</dimen>
    <dimen name="dm873">1179px</dimen>
    <dimen name="dm874">1180px</dimen>
    <dimen name="dm875">1181px</dimen>
    <dimen name="dm876">1183px</dimen>
    <dimen name="dm877">1184px</dimen>
    <dimen name="dm878">1185px</dimen>
    <dimen name="dm879">1187px</dimen>
    <dimen name="dm880">1188px</dimen>
    <dimen name="dm881">1189px</dimen>
    <dimen name="dm882">1191px</dimen>
    <dimen name="dm883">1192px</dimen>
    <dimen name="dm884">1193px</dimen>
    <dimen name="dm885">1195px</dimen>
    <dimen name="dm886">1196px</dimen>
    <dimen name="dm887">1197px</dimen>
    <dimen name="dm888">1199px</dimen>
    <dimen name="dm889">1200px</dimen>
    <dimen name="dm890">1202px</dimen>
    <dimen name="dm891">1203px</dimen>
    <dimen name="dm892">1204px</dimen>
    <dimen name="dm893">1206px</dimen>
    <dimen name="dm894">1207px</dimen>
    <dimen name="dm895">1208px</dimen>
    <dimen name="dm896">1210px</dimen>
    <dimen name="dm897">1211px</dimen>
    <dimen name="dm898">1212px</dimen>
    <dimen name="dm899">1214px</dimen>
    <dimen name="dm900">1215px</dimen>
    <dimen name="dm901">1216px</dimen>
    <dimen name="dm902">1218px</dimen>
    <dimen name="dm903">1219px</dimen>
    <dimen name="dm904">1220px</dimen>
    <dimen name="dm905">1222px</dimen>
    <dimen name="dm906">1223px</dimen>
    <dimen name="dm907">1224px</dimen>
    <dimen name="dm908">1226px</dimen>
    <dimen name="dm909">1227px</dimen>
    <dimen name="dm910">1229px</dimen>
    <dimen name="dm911">1230px</dimen>
    <dimen name="dm912">1231px</dimen>
    <dimen name="dm913">1233px</dimen>
    <dimen name="dm914">1234px</dimen>
    <dimen name="dm915">1235px</dimen>
    <dimen name="dm916">1237px</dimen>
    <dimen name="dm917">1238px</dimen>
    <dimen name="dm918">1239px</dimen>
    <dimen name="dm919">1241px</dimen>
    <dimen name="dm920">1242px</dimen>
    <dimen name="dm921">1243px</dimen>
    <dimen name="dm922">1245px</dimen>
    <dimen name="dm923">1246px</dimen>
    <dimen name="dm924">1247px</dimen>
    <dimen name="dm925">1249px</dimen>
    <dimen name="dm926">1250px</dimen>
    <dimen name="dm927">1251px</dimen>
    <dimen name="dm928">1253px</dimen>
    <dimen name="dm929">1254px</dimen>
    <dimen name="dm930">1256px</dimen>
    <dimen name="dm931">1257px</dimen>
    <dimen name="dm932">1258px</dimen>
    <dimen name="dm933">1260px</dimen>
    <dimen name="dm934">1261px</dimen>
    <dimen name="dm935">1262px</dimen>
    <dimen name="dm936">1264px</dimen>
    <dimen name="dm937">1265px</dimen>
    <dimen name="dm938">1266px</dimen>
    <dimen name="dm939">1268px</dimen>
    <dimen name="dm940">1269px</dimen>
    <dimen name="dm941">1270px</dimen>
    <dimen name="dm942">1272px</dimen>
    <dimen name="dm943">1273px</dimen>
    <dimen name="dm944">1274px</dimen>
    <dimen name="dm945">1276px</dimen>
    <dimen name="dm946">1277px</dimen>
    <dimen name="dm947">1278px</dimen>
    <dimen name="dm948">1280px</dimen>
    <dimen name="dm949">1281px</dimen>
    <dimen name="dm950">1283px</dimen>
    <dimen name="dm951">1284px</dimen>
    <dimen name="dm952">1285px</dimen>
    <dimen name="dm953">1287px</dimen>
    <dimen name="dm954">1288px</dimen>
    <dimen name="dm955">1289px</dimen>
    <dimen name="dm956">1291px</dimen>
    <dimen name="dm957">1292px</dimen>
    <dimen name="dm958">1293px</dimen>
    <dimen name="dm959">1295px</dimen>
    <dimen name="dm960">1296px</dimen>
    <dimen name="dm961">1297px</dimen>
    <dimen name="dm962">1299px</dimen>
    <dimen name="dm963">1300px</dimen>
    <dimen name="dm964">1301px</dimen>
    <dimen name="dm965">1303px</dimen>
    <dimen name="dm966">1304px</dimen>
    <dimen name="dm967">1305px</dimen>
    <dimen name="dm968">1307px</dimen>
    <dimen name="dm969">1308px</dimen>
    <dimen name="dm970">1310px</dimen>
    <dimen name="dm971">1311px</dimen>
    <dimen name="dm972">1312px</dimen>
    <dimen name="dm973">1314px</dimen>
    <dimen name="dm974">1315px</dimen>
    <dimen name="dm975">1316px</dimen>
    <dimen name="dm976">1318px</dimen>
    <dimen name="dm977">1319px</dimen>
    <dimen name="dm978">1320px</dimen>
    <dimen name="dm979">1322px</dimen>
    <dimen name="dm980">1323px</dimen>
    <dimen name="dm981">1324px</dimen>
    <dimen name="dm982">1326px</dimen>
    <dimen name="dm983">1327px</dimen>
    <dimen name="dm984">1328px</dimen>
    <dimen name="dm985">1330px</dimen>
    <dimen name="dm986">1331px</dimen>
    <dimen name="dm987">1332px</dimen>
    <dimen name="dm988">1334px</dimen>
    <dimen name="dm989">1335px</dimen>
    <dimen name="dm990">1337px</dimen>
    <dimen name="dm991">1338px</dimen>
    <dimen name="dm992">1339px</dimen>
    <dimen name="dm993">1341px</dimen>
    <dimen name="dm994">1342px</dimen>
    <dimen name="dm995">1343px</dimen>
    <dimen name="dm996">1345px</dimen>
    <dimen name="dm997">1346px</dimen>
    <dimen name="dm998">1347px</dimen>
    <dimen name="dm999">1349px</dimen>

</resources>