<resources>

    <dimen name="dm_200">-187px</dimen>
    <dimen name="dm_199">-186px</dimen>
    <dimen name="dm_198">-185px</dimen>
    <dimen name="dm_197">-184px</dimen>
    <dimen name="dm_196">-183px</dimen>
    <dimen name="dm_195">-182px</dimen>
    <dimen name="dm_194">-181px</dimen>
    <dimen name="dm_193">-180px</dimen>
    <dimen name="dm_192">-179px</dimen>
    <dimen name="dm_191">-178px</dimen>
    <dimen name="dm_190">-177px</dimen>
    <dimen name="dm_189">-176px</dimen>
    <dimen name="dm_188">-175px</dimen>
    <dimen name="dm_187">-174px</dimen>
    <dimen name="dm_186">-173px</dimen>
    <dimen name="dm_185">-172px</dimen>
    <dimen name="dm_184">-172px</dimen>
    <dimen name="dm_183">-171px</dimen>
    <dimen name="dm_182">-170px</dimen>
    <dimen name="dm_181">-169px</dimen>
    <dimen name="dm_180">-168px</dimen>
    <dimen name="dm_179">-167px</dimen>
    <dimen name="dm_178">-166px</dimen>
    <dimen name="dm_177">-165px</dimen>
    <dimen name="dm_176">-164px</dimen>
    <dimen name="dm_175">-163px</dimen>
    <dimen name="dm_174">-162px</dimen>
    <dimen name="dm_173">-161px</dimen>
    <dimen name="dm_172">-160px</dimen>
    <dimen name="dm_171">-159px</dimen>
    <dimen name="dm_170">-158px</dimen>
    <dimen name="dm_169">-157px</dimen>
    <dimen name="dm_168">-157px</dimen>
    <dimen name="dm_167">-156px</dimen>
    <dimen name="dm_166">-155px</dimen>
    <dimen name="dm_165">-154px</dimen>
    <dimen name="dm_164">-153px</dimen>
    <dimen name="dm_163">-152px</dimen>
    <dimen name="dm_162">-151px</dimen>
    <dimen name="dm_161">-150px</dimen>
    <dimen name="dm_160">-149px</dimen>
    <dimen name="dm_159">-148px</dimen>
    <dimen name="dm_158">-147px</dimen>
    <dimen name="dm_157">-146px</dimen>
    <dimen name="dm_156">-145px</dimen>
    <dimen name="dm_155">-144px</dimen>
    <dimen name="dm_154">-143px</dimen>
    <dimen name="dm_153">-142px</dimen>
    <dimen name="dm_152">-142px</dimen>
    <dimen name="dm_151">-141px</dimen>
    <dimen name="dm_150">-140px</dimen>
    <dimen name="dm_149">-139px</dimen>
    <dimen name="dm_148">-138px</dimen>
    <dimen name="dm_147">-137px</dimen>
    <dimen name="dm_146">-136px</dimen>
    <dimen name="dm_145">-135px</dimen>
    <dimen name="dm_144">-134px</dimen>
    <dimen name="dm_143">-133px</dimen>
    <dimen name="dm_142">-132px</dimen>
    <dimen name="dm_141">-131px</dimen>
    <dimen name="dm_140">-130px</dimen>
    <dimen name="dm_139">-129px</dimen>
    <dimen name="dm_138">-128px</dimen>
    <dimen name="dm_137">-127px</dimen>
    <dimen name="dm_136">-127px</dimen>
    <dimen name="dm_135">-126px</dimen>
    <dimen name="dm_134">-125px</dimen>
    <dimen name="dm_133">-124px</dimen>
    <dimen name="dm_132">-123px</dimen>
    <dimen name="dm_131">-122px</dimen>
    <dimen name="dm_130">-121px</dimen>
    <dimen name="dm_129">-120px</dimen>
    <dimen name="dm_128">-119px</dimen>
    <dimen name="dm_127">-118px</dimen>
    <dimen name="dm_126">-117px</dimen>
    <dimen name="dm_125">-116px</dimen>
    <dimen name="dm_124">-115px</dimen>
    <dimen name="dm_123">-114px</dimen>
    <dimen name="dm_122">-113px</dimen>
    <dimen name="dm_121">-112px</dimen>
    <dimen name="dm_120">-112px</dimen>
    <dimen name="dm_119">-111px</dimen>
    <dimen name="dm_118">-110px</dimen>
    <dimen name="dm_117">-109px</dimen>
    <dimen name="dm_116">-108px</dimen>
    <dimen name="dm_115">-107px</dimen>
    <dimen name="dm_114">-106px</dimen>
    <dimen name="dm_113">-105px</dimen>
    <dimen name="dm_112">-104px</dimen>
    <dimen name="dm_111">-103px</dimen>
    <dimen name="dm_110">-102px</dimen>
    <dimen name="dm_109">-101px</dimen>
    <dimen name="dm_108">-100px</dimen>
    <dimen name="dm_107">-99px</dimen>
    <dimen name="dm_106">-98px</dimen>
    <dimen name="dm_105">-97px</dimen>
    <dimen name="dm_104">-97px</dimen>
    <dimen name="dm_103">-96px</dimen>
    <dimen name="dm_102">-95px</dimen>
    <dimen name="dm_101">-94px</dimen>
    <dimen name="dm_100">-93px</dimen>
    <dimen name="dm_099">-92px</dimen>
    <dimen name="dm_098">-91px</dimen>
    <dimen name="dm_097">-90px</dimen>
    <dimen name="dm_096">-89px</dimen>
    <dimen name="dm_095">-88px</dimen>
    <dimen name="dm_094">-87px</dimen>
    <dimen name="dm_093">-86px</dimen>
    <dimen name="dm_092">-85px</dimen>
    <dimen name="dm_091">-84px</dimen>
    <dimen name="dm_090">-83px</dimen>
    <dimen name="dm_089">-82px</dimen>
    <dimen name="dm_088">-82px</dimen>
    <dimen name="dm_087">-81px</dimen>
    <dimen name="dm_086">-80px</dimen>
    <dimen name="dm_085">-79px</dimen>
    <dimen name="dm_084">-78px</dimen>
    <dimen name="dm_083">-77px</dimen>
    <dimen name="dm_082">-76px</dimen>
    <dimen name="dm_081">-75px</dimen>
    <dimen name="dm_080">-74px</dimen>
    <dimen name="dm_079">-73px</dimen>
    <dimen name="dm_078">-72px</dimen>
    <dimen name="dm_077">-71px</dimen>
    <dimen name="dm_076">-70px</dimen>
    <dimen name="dm_075">-69px</dimen>
    <dimen name="dm_074">-68px</dimen>
    <dimen name="dm_073">-67px</dimen>
    <dimen name="dm_072">-67px</dimen>
    <dimen name="dm_071">-66px</dimen>
    <dimen name="dm_070">-65px</dimen>
    <dimen name="dm_069">-64px</dimen>
    <dimen name="dm_068">-63px</dimen>
    <dimen name="dm_067">-62px</dimen>
    <dimen name="dm_066">-61px</dimen>
    <dimen name="dm_065">-60px</dimen>
    <dimen name="dm_064">-59px</dimen>
    <dimen name="dm_063">-58px</dimen>
    <dimen name="dm_062">-57px</dimen>
    <dimen name="dm_061">-56px</dimen>
    <dimen name="dm_060">-55px</dimen>
    <dimen name="dm_059">-54px</dimen>
    <dimen name="dm_058">-53px</dimen>
    <dimen name="dm_057">-52px</dimen>
    <dimen name="dm_056">-52px</dimen>
    <dimen name="dm_055">-51px</dimen>
    <dimen name="dm_054">-50px</dimen>
    <dimen name="dm_053">-49px</dimen>
    <dimen name="dm_052">-48px</dimen>
    <dimen name="dm_051">-47px</dimen>
    <dimen name="dm_050">-46px</dimen>
    <dimen name="dm_049">-45px</dimen>
    <dimen name="dm_048">-44px</dimen>
    <dimen name="dm_047">-43px</dimen>
    <dimen name="dm_046">-42px</dimen>
    <dimen name="dm_045">-41px</dimen>
    <dimen name="dm_044">-40px</dimen>
    <dimen name="dm_043">-39px</dimen>
    <dimen name="dm_042">-38px</dimen>
    <dimen name="dm_041">-37px</dimen>
    <dimen name="dm_040">-37px</dimen>
    <dimen name="dm_039">-36px</dimen>
    <dimen name="dm_038">-35px</dimen>
    <dimen name="dm_037">-34px</dimen>
    <dimen name="dm_036">-33px</dimen>
    <dimen name="dm_035">-32px</dimen>
    <dimen name="dm_034">-31px</dimen>
    <dimen name="dm_033">-30px</dimen>
    <dimen name="dm_032">-29px</dimen>
    <dimen name="dm_031">-28px</dimen>
    <dimen name="dm_030">-27px</dimen>
    <dimen name="dm_029">-26px</dimen>
    <dimen name="dm_028">-25px</dimen>
    <dimen name="dm_027">-24px</dimen>
    <dimen name="dm_026">-23px</dimen>
    <dimen name="dm_025">-22px</dimen>
    <dimen name="dm_024">-22px</dimen>
    <dimen name="dm_023">-21px</dimen>
    <dimen name="dm_022">-20px</dimen>
    <dimen name="dm_021">-19px</dimen>
    <dimen name="dm_020">-18px</dimen>
    <dimen name="dm_019">-17px</dimen>
    <dimen name="dm_018">-16px</dimen>
    <dimen name="dm_017">-15px</dimen>
    <dimen name="dm_016">-14px</dimen>
    <dimen name="dm_015">-13px</dimen>
    <dimen name="dm_014">-12px</dimen>
    <dimen name="dm_013">-11px</dimen>
    <dimen name="dm_012">-10px</dimen>
    <dimen name="dm_011">-9px</dimen>
    <dimen name="dm_010">-8px</dimen>
    <dimen name="dm_009">-7px</dimen>
    <dimen name="dm_008">-7px</dimen>
    <dimen name="dm_007">-6px</dimen>
    <dimen name="dm_006">-5px</dimen>
    <dimen name="dm_005">-4px</dimen>
    <dimen name="dm_004">-3px</dimen>
    <dimen name="dm_003">-2px</dimen>
    <dimen name="dm_002">-1px</dimen>
    <dimen name="dm_001">-1px</dimen>
    <dimen name="dm000">0px</dimen>
    <dimen name="dm001">1px</dimen>
    <dimen name="dm002">2px</dimen>
    <dimen name="dm003">3px</dimen>
    <dimen name="dm004">4px</dimen>
    <dimen name="dm005">5px</dimen>
    <dimen name="dm006">6px</dimen>
    <dimen name="dm007">7px</dimen>
    <dimen name="dm008">8px</dimen>
    <dimen name="dm009">8px</dimen>
    <dimen name="dm010">9px</dimen>
    <dimen name="dm011">10px</dimen>
    <dimen name="dm012">11px</dimen>
    <dimen name="dm013">12px</dimen>
    <dimen name="dm014">13px</dimen>
    <dimen name="dm015">14px</dimen>
    <dimen name="dm016">15px</dimen>
    <dimen name="dm017">16px</dimen>
    <dimen name="dm018">17px</dimen>
    <dimen name="dm019">18px</dimen>
    <dimen name="dm020">19px</dimen>
    <dimen name="dm021">20px</dimen>
    <dimen name="dm022">21px</dimen>
    <dimen name="dm023">22px</dimen>
    <dimen name="dm024">23px</dimen>
    <dimen name="dm025">23px</dimen>
    <dimen name="dm026">24px</dimen>
    <dimen name="dm027">25px</dimen>
    <dimen name="dm028">26px</dimen>
    <dimen name="dm029">27px</dimen>
    <dimen name="dm030">28px</dimen>
    <dimen name="dm031">29px</dimen>
    <dimen name="dm032">30px</dimen>
    <dimen name="dm033">31px</dimen>
    <dimen name="dm034">32px</dimen>
    <dimen name="dm035">33px</dimen>
    <dimen name="dm036">34px</dimen>
    <dimen name="dm037">35px</dimen>
    <dimen name="dm038">36px</dimen>
    <dimen name="dm039">37px</dimen>
    <dimen name="dm040">38px</dimen>
    <dimen name="dm041">38px</dimen>
    <dimen name="dm042">39px</dimen>
    <dimen name="dm043">40px</dimen>
    <dimen name="dm044">41px</dimen>
    <dimen name="dm045">42px</dimen>
    <dimen name="dm046">43px</dimen>
    <dimen name="dm047">44px</dimen>
    <dimen name="dm048">45px</dimen>
    <dimen name="dm049">46px</dimen>
    <dimen name="dm050">47px</dimen>
    <dimen name="dm051">48px</dimen>
    <dimen name="dm052">49px</dimen>
    <dimen name="dm053">50px</dimen>
    <dimen name="dm054">51px</dimen>
    <dimen name="dm055">52px</dimen>
    <dimen name="dm056">53px</dimen>
    <dimen name="dm057">53px</dimen>
    <dimen name="dm058">54px</dimen>
    <dimen name="dm059">55px</dimen>
    <dimen name="dm060">56px</dimen>
    <dimen name="dm061">57px</dimen>
    <dimen name="dm062">58px</dimen>
    <dimen name="dm063">59px</dimen>
    <dimen name="dm064">60px</dimen>
    <dimen name="dm065">61px</dimen>
    <dimen name="dm066">62px</dimen>
    <dimen name="dm067">63px</dimen>
    <dimen name="dm068">64px</dimen>
    <dimen name="dm069">65px</dimen>
    <dimen name="dm070">66px</dimen>
    <dimen name="dm071">67px</dimen>
    <dimen name="dm072">68px</dimen>
    <dimen name="dm073">68px</dimen>
    <dimen name="dm074">69px</dimen>
    <dimen name="dm075">70px</dimen>
    <dimen name="dm076">71px</dimen>
    <dimen name="dm077">72px</dimen>
    <dimen name="dm078">73px</dimen>
    <dimen name="dm079">74px</dimen>
    <dimen name="dm080">75px</dimen>
    <dimen name="dm081">76px</dimen>
    <dimen name="dm082">77px</dimen>
    <dimen name="dm083">78px</dimen>
    <dimen name="dm084">79px</dimen>
    <dimen name="dm085">80px</dimen>
    <dimen name="dm086">81px</dimen>
    <dimen name="dm087">82px</dimen>
    <dimen name="dm088">83px</dimen>
    <dimen name="dm089">83px</dimen>
    <dimen name="dm090">84px</dimen>
    <dimen name="dm091">85px</dimen>
    <dimen name="dm092">86px</dimen>
    <dimen name="dm093">87px</dimen>
    <dimen name="dm094">88px</dimen>
    <dimen name="dm095">89px</dimen>
    <dimen name="dm096">90px</dimen>
    <dimen name="dm097">91px</dimen>
    <dimen name="dm098">92px</dimen>
    <dimen name="dm099">93px</dimen>
    <dimen name="dm100">94px</dimen>
    <dimen name="dm101">95px</dimen>
    <dimen name="dm102">96px</dimen>
    <dimen name="dm103">97px</dimen>
    <dimen name="dm104">98px</dimen>
    <dimen name="dm105">98px</dimen>
    <dimen name="dm106">99px</dimen>
    <dimen name="dm107">100px</dimen>
    <dimen name="dm108">101px</dimen>
    <dimen name="dm109">102px</dimen>
    <dimen name="dm110">103px</dimen>
    <dimen name="dm111">104px</dimen>
    <dimen name="dm112">105px</dimen>
    <dimen name="dm113">106px</dimen>
    <dimen name="dm114">107px</dimen>
    <dimen name="dm115">108px</dimen>
    <dimen name="dm116">109px</dimen>
    <dimen name="dm117">110px</dimen>
    <dimen name="dm118">111px</dimen>
    <dimen name="dm119">112px</dimen>
    <dimen name="dm120">113px</dimen>
    <dimen name="dm121">113px</dimen>
    <dimen name="dm122">114px</dimen>
    <dimen name="dm123">115px</dimen>
    <dimen name="dm124">116px</dimen>
    <dimen name="dm125">117px</dimen>
    <dimen name="dm126">118px</dimen>
    <dimen name="dm127">119px</dimen>
    <dimen name="dm128">120px</dimen>
    <dimen name="dm129">121px</dimen>
    <dimen name="dm130">122px</dimen>
    <dimen name="dm131">123px</dimen>
    <dimen name="dm132">124px</dimen>
    <dimen name="dm133">125px</dimen>
    <dimen name="dm134">126px</dimen>
    <dimen name="dm135">127px</dimen>
    <dimen name="dm136">128px</dimen>
    <dimen name="dm137">128px</dimen>
    <dimen name="dm138">129px</dimen>
    <dimen name="dm139">130px</dimen>
    <dimen name="dm140">131px</dimen>
    <dimen name="dm141">132px</dimen>
    <dimen name="dm142">133px</dimen>
    <dimen name="dm143">134px</dimen>
    <dimen name="dm144">135px</dimen>
    <dimen name="dm145">136px</dimen>
    <dimen name="dm146">137px</dimen>
    <dimen name="dm147">138px</dimen>
    <dimen name="dm148">139px</dimen>
    <dimen name="dm149">140px</dimen>
    <dimen name="dm150">141px</dimen>
    <dimen name="dm151">142px</dimen>
    <dimen name="dm152">143px</dimen>
    <dimen name="dm153">143px</dimen>
    <dimen name="dm154">144px</dimen>
    <dimen name="dm155">145px</dimen>
    <dimen name="dm156">146px</dimen>
    <dimen name="dm157">147px</dimen>
    <dimen name="dm158">148px</dimen>
    <dimen name="dm159">149px</dimen>
    <dimen name="dm160">150px</dimen>
    <dimen name="dm161">151px</dimen>
    <dimen name="dm162">152px</dimen>
    <dimen name="dm163">153px</dimen>
    <dimen name="dm164">154px</dimen>
    <dimen name="dm165">155px</dimen>
    <dimen name="dm166">156px</dimen>
    <dimen name="dm167">157px</dimen>
    <dimen name="dm168">158px</dimen>
    <dimen name="dm169">158px</dimen>
    <dimen name="dm170">159px</dimen>
    <dimen name="dm171">160px</dimen>
    <dimen name="dm172">161px</dimen>
    <dimen name="dm173">162px</dimen>
    <dimen name="dm174">163px</dimen>
    <dimen name="dm175">164px</dimen>
    <dimen name="dm176">165px</dimen>
    <dimen name="dm177">166px</dimen>
    <dimen name="dm178">167px</dimen>
    <dimen name="dm179">168px</dimen>
    <dimen name="dm180">169px</dimen>
    <dimen name="dm181">170px</dimen>
    <dimen name="dm182">171px</dimen>
    <dimen name="dm183">172px</dimen>
    <dimen name="dm184">173px</dimen>
    <dimen name="dm185">173px</dimen>
    <dimen name="dm186">174px</dimen>
    <dimen name="dm187">175px</dimen>
    <dimen name="dm188">176px</dimen>
    <dimen name="dm189">177px</dimen>
    <dimen name="dm190">178px</dimen>
    <dimen name="dm191">179px</dimen>
    <dimen name="dm192">180px</dimen>
    <dimen name="dm193">181px</dimen>
    <dimen name="dm194">182px</dimen>
    <dimen name="dm195">183px</dimen>
    <dimen name="dm196">184px</dimen>
    <dimen name="dm197">185px</dimen>
    <dimen name="dm198">186px</dimen>
    <dimen name="dm199">187px</dimen>
    <dimen name="dm200">188px</dimen>
    <dimen name="dm201">188px</dimen>
    <dimen name="dm202">189px</dimen>
    <dimen name="dm203">190px</dimen>
    <dimen name="dm204">191px</dimen>
    <dimen name="dm205">192px</dimen>
    <dimen name="dm206">193px</dimen>
    <dimen name="dm207">194px</dimen>
    <dimen name="dm208">195px</dimen>
    <dimen name="dm209">196px</dimen>
    <dimen name="dm210">197px</dimen>
    <dimen name="dm211">198px</dimen>
    <dimen name="dm212">199px</dimen>
    <dimen name="dm213">200px</dimen>
    <dimen name="dm214">201px</dimen>
    <dimen name="dm215">202px</dimen>
    <dimen name="dm216">203px</dimen>
    <dimen name="dm217">203px</dimen>
    <dimen name="dm218">204px</dimen>
    <dimen name="dm219">205px</dimen>
    <dimen name="dm220">206px</dimen>
    <dimen name="dm221">207px</dimen>
    <dimen name="dm222">208px</dimen>
    <dimen name="dm223">209px</dimen>
    <dimen name="dm224">210px</dimen>
    <dimen name="dm225">211px</dimen>
    <dimen name="dm226">212px</dimen>
    <dimen name="dm227">213px</dimen>
    <dimen name="dm228">214px</dimen>
    <dimen name="dm229">215px</dimen>
    <dimen name="dm230">216px</dimen>
    <dimen name="dm231">217px</dimen>
    <dimen name="dm232">218px</dimen>
    <dimen name="dm233">218px</dimen>
    <dimen name="dm234">219px</dimen>
    <dimen name="dm235">220px</dimen>
    <dimen name="dm236">221px</dimen>
    <dimen name="dm237">222px</dimen>
    <dimen name="dm238">223px</dimen>
    <dimen name="dm239">224px</dimen>
    <dimen name="dm240">225px</dimen>
    <dimen name="dm241">226px</dimen>
    <dimen name="dm242">227px</dimen>
    <dimen name="dm243">228px</dimen>
    <dimen name="dm244">229px</dimen>
    <dimen name="dm245">230px</dimen>
    <dimen name="dm246">231px</dimen>
    <dimen name="dm247">232px</dimen>
    <dimen name="dm248">233px</dimen>
    <dimen name="dm249">233px</dimen>
    <dimen name="dm250">234px</dimen>
    <dimen name="dm251">235px</dimen>
    <dimen name="dm252">236px</dimen>
    <dimen name="dm253">237px</dimen>
    <dimen name="dm254">238px</dimen>
    <dimen name="dm255">239px</dimen>
    <dimen name="dm256">240px</dimen>
    <dimen name="dm257">241px</dimen>
    <dimen name="dm258">242px</dimen>
    <dimen name="dm259">243px</dimen>
    <dimen name="dm260">244px</dimen>
    <dimen name="dm261">245px</dimen>
    <dimen name="dm262">246px</dimen>
    <dimen name="dm263">247px</dimen>
    <dimen name="dm264">248px</dimen>
    <dimen name="dm265">248px</dimen>
    <dimen name="dm266">249px</dimen>
    <dimen name="dm267">250px</dimen>
    <dimen name="dm268">251px</dimen>
    <dimen name="dm269">252px</dimen>
    <dimen name="dm270">253px</dimen>
    <dimen name="dm271">254px</dimen>
    <dimen name="dm272">255px</dimen>
    <dimen name="dm273">256px</dimen>
    <dimen name="dm274">257px</dimen>
    <dimen name="dm275">258px</dimen>
    <dimen name="dm276">259px</dimen>
    <dimen name="dm277">260px</dimen>
    <dimen name="dm278">261px</dimen>
    <dimen name="dm279">262px</dimen>
    <dimen name="dm280">263px</dimen>
    <dimen name="dm281">263px</dimen>
    <dimen name="dm282">264px</dimen>
    <dimen name="dm283">265px</dimen>
    <dimen name="dm284">266px</dimen>
    <dimen name="dm285">267px</dimen>
    <dimen name="dm286">268px</dimen>
    <dimen name="dm287">269px</dimen>
    <dimen name="dm288">270px</dimen>
    <dimen name="dm289">271px</dimen>
    <dimen name="dm290">272px</dimen>
    <dimen name="dm291">273px</dimen>
    <dimen name="dm292">274px</dimen>
    <dimen name="dm293">275px</dimen>
    <dimen name="dm294">276px</dimen>
    <dimen name="dm295">277px</dimen>
    <dimen name="dm296">278px</dimen>
    <dimen name="dm297">278px</dimen>
    <dimen name="dm298">279px</dimen>
    <dimen name="dm299">280px</dimen>
    <dimen name="dm300">281px</dimen>
    <dimen name="dm301">282px</dimen>
    <dimen name="dm302">283px</dimen>
    <dimen name="dm303">284px</dimen>
    <dimen name="dm304">285px</dimen>
    <dimen name="dm305">286px</dimen>
    <dimen name="dm306">287px</dimen>
    <dimen name="dm307">288px</dimen>
    <dimen name="dm308">289px</dimen>
    <dimen name="dm309">290px</dimen>
    <dimen name="dm310">291px</dimen>
    <dimen name="dm311">292px</dimen>
    <dimen name="dm312">293px</dimen>
    <dimen name="dm313">293px</dimen>
    <dimen name="dm314">294px</dimen>
    <dimen name="dm315">295px</dimen>
    <dimen name="dm316">296px</dimen>
    <dimen name="dm317">297px</dimen>
    <dimen name="dm318">298px</dimen>
    <dimen name="dm319">299px</dimen>
    <dimen name="dm320">300px</dimen>
    <dimen name="dm321">301px</dimen>
    <dimen name="dm322">302px</dimen>
    <dimen name="dm323">303px</dimen>
    <dimen name="dm324">304px</dimen>
    <dimen name="dm325">305px</dimen>
    <dimen name="dm326">306px</dimen>
    <dimen name="dm327">307px</dimen>
    <dimen name="dm328">308px</dimen>
    <dimen name="dm329">308px</dimen>
    <dimen name="dm330">309px</dimen>
    <dimen name="dm331">310px</dimen>
    <dimen name="dm332">311px</dimen>
    <dimen name="dm333">312px</dimen>
    <dimen name="dm334">313px</dimen>
    <dimen name="dm335">314px</dimen>
    <dimen name="dm336">315px</dimen>
    <dimen name="dm337">316px</dimen>
    <dimen name="dm338">317px</dimen>
    <dimen name="dm339">318px</dimen>
    <dimen name="dm340">319px</dimen>
    <dimen name="dm341">320px</dimen>
    <dimen name="dm342">321px</dimen>
    <dimen name="dm343">322px</dimen>
    <dimen name="dm344">323px</dimen>
    <dimen name="dm345">323px</dimen>
    <dimen name="dm346">324px</dimen>
    <dimen name="dm347">325px</dimen>
    <dimen name="dm348">326px</dimen>
    <dimen name="dm349">327px</dimen>
    <dimen name="dm350">328px</dimen>
    <dimen name="dm351">329px</dimen>
    <dimen name="dm352">330px</dimen>
    <dimen name="dm353">331px</dimen>
    <dimen name="dm354">332px</dimen>
    <dimen name="dm355">333px</dimen>
    <dimen name="dm356">334px</dimen>
    <dimen name="dm357">335px</dimen>
    <dimen name="dm358">336px</dimen>
    <dimen name="dm359">337px</dimen>
    <dimen name="dm360">338px</dimen>
    <dimen name="dm361">338px</dimen>
    <dimen name="dm362">339px</dimen>
    <dimen name="dm363">340px</dimen>
    <dimen name="dm364">341px</dimen>
    <dimen name="dm365">342px</dimen>
    <dimen name="dm366">343px</dimen>
    <dimen name="dm367">344px</dimen>
    <dimen name="dm368">345px</dimen>
    <dimen name="dm369">346px</dimen>
    <dimen name="dm370">347px</dimen>
    <dimen name="dm371">348px</dimen>
    <dimen name="dm372">349px</dimen>
    <dimen name="dm373">350px</dimen>
    <dimen name="dm374">351px</dimen>
    <dimen name="dm375">352px</dimen>
    <dimen name="dm376">353px</dimen>
    <dimen name="dm377">353px</dimen>
    <dimen name="dm378">354px</dimen>
    <dimen name="dm379">355px</dimen>
    <dimen name="dm380">356px</dimen>
    <dimen name="dm381">357px</dimen>
    <dimen name="dm382">358px</dimen>
    <dimen name="dm383">359px</dimen>
    <dimen name="dm384">360px</dimen>
    <dimen name="dm385">361px</dimen>
    <dimen name="dm386">362px</dimen>
    <dimen name="dm387">363px</dimen>
    <dimen name="dm388">364px</dimen>
    <dimen name="dm389">365px</dimen>
    <dimen name="dm390">366px</dimen>
    <dimen name="dm391">367px</dimen>
    <dimen name="dm392">368px</dimen>
    <dimen name="dm393">368px</dimen>
    <dimen name="dm394">369px</dimen>
    <dimen name="dm395">370px</dimen>
    <dimen name="dm396">371px</dimen>
    <dimen name="dm397">372px</dimen>
    <dimen name="dm398">373px</dimen>
    <dimen name="dm399">374px</dimen>
    <dimen name="dm400">375px</dimen>
    <dimen name="dm401">376px</dimen>
    <dimen name="dm402">377px</dimen>
    <dimen name="dm403">378px</dimen>
    <dimen name="dm404">379px</dimen>
    <dimen name="dm405">380px</dimen>
    <dimen name="dm406">381px</dimen>
    <dimen name="dm407">382px</dimen>
    <dimen name="dm408">383px</dimen>
    <dimen name="dm409">383px</dimen>
    <dimen name="dm410">384px</dimen>
    <dimen name="dm411">385px</dimen>
    <dimen name="dm412">386px</dimen>
    <dimen name="dm413">387px</dimen>
    <dimen name="dm414">388px</dimen>
    <dimen name="dm415">389px</dimen>
    <dimen name="dm416">390px</dimen>
    <dimen name="dm417">391px</dimen>
    <dimen name="dm418">392px</dimen>
    <dimen name="dm419">393px</dimen>
    <dimen name="dm420">394px</dimen>
    <dimen name="dm421">395px</dimen>
    <dimen name="dm422">396px</dimen>
    <dimen name="dm423">397px</dimen>
    <dimen name="dm424">398px</dimen>
    <dimen name="dm425">398px</dimen>
    <dimen name="dm426">399px</dimen>
    <dimen name="dm427">400px</dimen>
    <dimen name="dm428">401px</dimen>
    <dimen name="dm429">402px</dimen>
    <dimen name="dm430">403px</dimen>
    <dimen name="dm431">404px</dimen>
    <dimen name="dm432">405px</dimen>
    <dimen name="dm433">406px</dimen>
    <dimen name="dm434">407px</dimen>
    <dimen name="dm435">408px</dimen>
    <dimen name="dm436">409px</dimen>
    <dimen name="dm437">410px</dimen>
    <dimen name="dm438">411px</dimen>
    <dimen name="dm439">412px</dimen>
    <dimen name="dm440">413px</dimen>
    <dimen name="dm441">413px</dimen>
    <dimen name="dm442">414px</dimen>
    <dimen name="dm443">415px</dimen>
    <dimen name="dm444">416px</dimen>
    <dimen name="dm445">417px</dimen>
    <dimen name="dm446">418px</dimen>
    <dimen name="dm447">419px</dimen>
    <dimen name="dm448">420px</dimen>
    <dimen name="dm449">421px</dimen>
    <dimen name="dm450">422px</dimen>
    <dimen name="dm451">423px</dimen>
    <dimen name="dm452">424px</dimen>
    <dimen name="dm453">425px</dimen>
    <dimen name="dm454">426px</dimen>
    <dimen name="dm455">427px</dimen>
    <dimen name="dm456">428px</dimen>
    <dimen name="dm457">428px</dimen>
    <dimen name="dm458">429px</dimen>
    <dimen name="dm459">430px</dimen>
    <dimen name="dm460">431px</dimen>
    <dimen name="dm461">432px</dimen>
    <dimen name="dm462">433px</dimen>
    <dimen name="dm463">434px</dimen>
    <dimen name="dm464">435px</dimen>
    <dimen name="dm465">436px</dimen>
    <dimen name="dm466">437px</dimen>
    <dimen name="dm467">438px</dimen>
    <dimen name="dm468">439px</dimen>
    <dimen name="dm469">440px</dimen>
    <dimen name="dm470">441px</dimen>
    <dimen name="dm471">442px</dimen>
    <dimen name="dm472">443px</dimen>
    <dimen name="dm473">443px</dimen>
    <dimen name="dm474">444px</dimen>
    <dimen name="dm475">445px</dimen>
    <dimen name="dm476">446px</dimen>
    <dimen name="dm477">447px</dimen>
    <dimen name="dm478">448px</dimen>
    <dimen name="dm479">449px</dimen>
    <dimen name="dm480">450px</dimen>
    <dimen name="dm481">451px</dimen>
    <dimen name="dm482">452px</dimen>
    <dimen name="dm483">453px</dimen>
    <dimen name="dm484">454px</dimen>
    <dimen name="dm485">455px</dimen>
    <dimen name="dm486">456px</dimen>
    <dimen name="dm487">457px</dimen>
    <dimen name="dm488">458px</dimen>
    <dimen name="dm489">458px</dimen>
    <dimen name="dm490">459px</dimen>
    <dimen name="dm491">460px</dimen>
    <dimen name="dm492">461px</dimen>
    <dimen name="dm493">462px</dimen>
    <dimen name="dm494">463px</dimen>
    <dimen name="dm495">464px</dimen>
    <dimen name="dm496">465px</dimen>
    <dimen name="dm497">466px</dimen>
    <dimen name="dm498">467px</dimen>
    <dimen name="dm499">468px</dimen>
    <dimen name="dm500">469px</dimen>
    <dimen name="dm501">470px</dimen>
    <dimen name="dm502">471px</dimen>
    <dimen name="dm503">472px</dimen>
    <dimen name="dm504">473px</dimen>
    <dimen name="dm505">473px</dimen>
    <dimen name="dm506">474px</dimen>
    <dimen name="dm507">475px</dimen>
    <dimen name="dm508">476px</dimen>
    <dimen name="dm509">477px</dimen>
    <dimen name="dm510">478px</dimen>
    <dimen name="dm511">479px</dimen>
    <dimen name="dm512">480px</dimen>
    <dimen name="dm513">481px</dimen>
    <dimen name="dm514">482px</dimen>
    <dimen name="dm515">483px</dimen>
    <dimen name="dm516">484px</dimen>
    <dimen name="dm517">485px</dimen>
    <dimen name="dm518">486px</dimen>
    <dimen name="dm519">487px</dimen>
    <dimen name="dm520">488px</dimen>
    <dimen name="dm521">488px</dimen>
    <dimen name="dm522">489px</dimen>
    <dimen name="dm523">490px</dimen>
    <dimen name="dm524">491px</dimen>
    <dimen name="dm525">492px</dimen>
    <dimen name="dm526">493px</dimen>
    <dimen name="dm527">494px</dimen>
    <dimen name="dm528">495px</dimen>
    <dimen name="dm529">496px</dimen>
    <dimen name="dm530">497px</dimen>
    <dimen name="dm531">498px</dimen>
    <dimen name="dm532">499px</dimen>
    <dimen name="dm533">500px</dimen>
    <dimen name="dm534">501px</dimen>
    <dimen name="dm535">502px</dimen>
    <dimen name="dm536">503px</dimen>
    <dimen name="dm537">503px</dimen>
    <dimen name="dm538">504px</dimen>
    <dimen name="dm539">505px</dimen>
    <dimen name="dm540">506px</dimen>
    <dimen name="dm541">507px</dimen>
    <dimen name="dm542">508px</dimen>
    <dimen name="dm543">509px</dimen>
    <dimen name="dm544">510px</dimen>
    <dimen name="dm545">511px</dimen>
    <dimen name="dm546">512px</dimen>
    <dimen name="dm547">513px</dimen>
    <dimen name="dm548">514px</dimen>
    <dimen name="dm549">515px</dimen>
    <dimen name="dm550">516px</dimen>
    <dimen name="dm551">517px</dimen>
    <dimen name="dm552">518px</dimen>
    <dimen name="dm553">518px</dimen>
    <dimen name="dm554">519px</dimen>
    <dimen name="dm555">520px</dimen>
    <dimen name="dm556">521px</dimen>
    <dimen name="dm557">522px</dimen>
    <dimen name="dm558">523px</dimen>
    <dimen name="dm559">524px</dimen>
    <dimen name="dm560">525px</dimen>
    <dimen name="dm561">526px</dimen>
    <dimen name="dm562">527px</dimen>
    <dimen name="dm563">528px</dimen>
    <dimen name="dm564">529px</dimen>
    <dimen name="dm565">530px</dimen>
    <dimen name="dm566">531px</dimen>
    <dimen name="dm567">532px</dimen>
    <dimen name="dm568">533px</dimen>
    <dimen name="dm569">533px</dimen>
    <dimen name="dm570">534px</dimen>
    <dimen name="dm571">535px</dimen>
    <dimen name="dm572">536px</dimen>
    <dimen name="dm573">537px</dimen>
    <dimen name="dm574">538px</dimen>
    <dimen name="dm575">539px</dimen>
    <dimen name="dm576">540px</dimen>
    <dimen name="dm577">541px</dimen>
    <dimen name="dm578">542px</dimen>
    <dimen name="dm579">543px</dimen>
    <dimen name="dm580">544px</dimen>
    <dimen name="dm581">545px</dimen>
    <dimen name="dm582">546px</dimen>
    <dimen name="dm583">547px</dimen>
    <dimen name="dm584">548px</dimen>
    <dimen name="dm585">548px</dimen>
    <dimen name="dm586">549px</dimen>
    <dimen name="dm587">550px</dimen>
    <dimen name="dm588">551px</dimen>
    <dimen name="dm589">552px</dimen>
    <dimen name="dm590">553px</dimen>
    <dimen name="dm591">554px</dimen>
    <dimen name="dm592">555px</dimen>
    <dimen name="dm593">556px</dimen>
    <dimen name="dm594">557px</dimen>
    <dimen name="dm595">558px</dimen>
    <dimen name="dm596">559px</dimen>
    <dimen name="dm597">560px</dimen>
    <dimen name="dm598">561px</dimen>
    <dimen name="dm599">562px</dimen>
    <dimen name="dm600">563px</dimen>
    <dimen name="dm601">563px</dimen>
    <dimen name="dm602">564px</dimen>
    <dimen name="dm603">565px</dimen>
    <dimen name="dm604">566px</dimen>
    <dimen name="dm605">567px</dimen>
    <dimen name="dm606">568px</dimen>
    <dimen name="dm607">569px</dimen>
    <dimen name="dm608">570px</dimen>
    <dimen name="dm609">571px</dimen>
    <dimen name="dm610">572px</dimen>
    <dimen name="dm611">573px</dimen>
    <dimen name="dm612">574px</dimen>
    <dimen name="dm613">575px</dimen>
    <dimen name="dm614">576px</dimen>
    <dimen name="dm615">577px</dimen>
    <dimen name="dm616">578px</dimen>
    <dimen name="dm617">578px</dimen>
    <dimen name="dm618">579px</dimen>
    <dimen name="dm619">580px</dimen>
    <dimen name="dm620">581px</dimen>
    <dimen name="dm621">582px</dimen>
    <dimen name="dm622">583px</dimen>
    <dimen name="dm623">584px</dimen>
    <dimen name="dm624">585px</dimen>
    <dimen name="dm625">586px</dimen>
    <dimen name="dm626">587px</dimen>
    <dimen name="dm627">588px</dimen>
    <dimen name="dm628">589px</dimen>
    <dimen name="dm629">590px</dimen>
    <dimen name="dm630">591px</dimen>
    <dimen name="dm631">592px</dimen>
    <dimen name="dm632">593px</dimen>
    <dimen name="dm633">593px</dimen>
    <dimen name="dm634">594px</dimen>
    <dimen name="dm635">595px</dimen>
    <dimen name="dm636">596px</dimen>
    <dimen name="dm637">597px</dimen>
    <dimen name="dm638">598px</dimen>
    <dimen name="dm639">599px</dimen>
    <dimen name="dm640">600px</dimen>
    <dimen name="dm641">601px</dimen>
    <dimen name="dm642">602px</dimen>
    <dimen name="dm643">603px</dimen>
    <dimen name="dm644">604px</dimen>
    <dimen name="dm645">605px</dimen>
    <dimen name="dm646">606px</dimen>
    <dimen name="dm647">607px</dimen>
    <dimen name="dm648">608px</dimen>
    <dimen name="dm649">608px</dimen>
    <dimen name="dm650">609px</dimen>
    <dimen name="dm651">610px</dimen>
    <dimen name="dm652">611px</dimen>
    <dimen name="dm653">612px</dimen>
    <dimen name="dm654">613px</dimen>
    <dimen name="dm655">614px</dimen>
    <dimen name="dm656">615px</dimen>
    <dimen name="dm657">616px</dimen>
    <dimen name="dm658">617px</dimen>
    <dimen name="dm659">618px</dimen>
    <dimen name="dm660">619px</dimen>
    <dimen name="dm661">620px</dimen>
    <dimen name="dm662">621px</dimen>
    <dimen name="dm663">622px</dimen>
    <dimen name="dm664">623px</dimen>
    <dimen name="dm665">623px</dimen>
    <dimen name="dm666">624px</dimen>
    <dimen name="dm667">625px</dimen>
    <dimen name="dm668">626px</dimen>
    <dimen name="dm669">627px</dimen>
    <dimen name="dm670">628px</dimen>
    <dimen name="dm671">629px</dimen>
    <dimen name="dm672">630px</dimen>
    <dimen name="dm673">631px</dimen>
    <dimen name="dm674">632px</dimen>
    <dimen name="dm675">633px</dimen>
    <dimen name="dm676">634px</dimen>
    <dimen name="dm677">635px</dimen>
    <dimen name="dm678">636px</dimen>
    <dimen name="dm679">637px</dimen>
    <dimen name="dm680">638px</dimen>
    <dimen name="dm681">638px</dimen>
    <dimen name="dm682">639px</dimen>
    <dimen name="dm683">640px</dimen>
    <dimen name="dm684">641px</dimen>
    <dimen name="dm685">642px</dimen>
    <dimen name="dm686">643px</dimen>
    <dimen name="dm687">644px</dimen>
    <dimen name="dm688">645px</dimen>
    <dimen name="dm689">646px</dimen>
    <dimen name="dm690">647px</dimen>
    <dimen name="dm691">648px</dimen>
    <dimen name="dm692">649px</dimen>
    <dimen name="dm693">650px</dimen>
    <dimen name="dm694">651px</dimen>
    <dimen name="dm695">652px</dimen>
    <dimen name="dm696">653px</dimen>
    <dimen name="dm697">653px</dimen>
    <dimen name="dm698">654px</dimen>
    <dimen name="dm699">655px</dimen>
    <dimen name="dm700">656px</dimen>
    <dimen name="dm701">657px</dimen>
    <dimen name="dm702">658px</dimen>
    <dimen name="dm703">659px</dimen>
    <dimen name="dm704">660px</dimen>
    <dimen name="dm705">661px</dimen>
    <dimen name="dm706">662px</dimen>
    <dimen name="dm707">663px</dimen>
    <dimen name="dm708">664px</dimen>
    <dimen name="dm709">665px</dimen>
    <dimen name="dm710">666px</dimen>
    <dimen name="dm711">667px</dimen>
    <dimen name="dm712">668px</dimen>
    <dimen name="dm713">668px</dimen>
    <dimen name="dm714">669px</dimen>
    <dimen name="dm715">670px</dimen>
    <dimen name="dm716">671px</dimen>
    <dimen name="dm717">672px</dimen>
    <dimen name="dm718">673px</dimen>
    <dimen name="dm719">674px</dimen>
    <dimen name="dm720">675px</dimen>
    <dimen name="dm721">676px</dimen>
    <dimen name="dm722">677px</dimen>
    <dimen name="dm723">678px</dimen>
    <dimen name="dm724">679px</dimen>
    <dimen name="dm725">680px</dimen>
    <dimen name="dm726">681px</dimen>
    <dimen name="dm727">682px</dimen>
    <dimen name="dm728">683px</dimen>
    <dimen name="dm729">683px</dimen>
    <dimen name="dm730">684px</dimen>
    <dimen name="dm731">685px</dimen>
    <dimen name="dm732">686px</dimen>
    <dimen name="dm733">687px</dimen>
    <dimen name="dm734">688px</dimen>
    <dimen name="dm735">689px</dimen>
    <dimen name="dm736">690px</dimen>
    <dimen name="dm737">691px</dimen>
    <dimen name="dm738">692px</dimen>
    <dimen name="dm739">693px</dimen>
    <dimen name="dm740">694px</dimen>
    <dimen name="dm741">695px</dimen>
    <dimen name="dm742">696px</dimen>
    <dimen name="dm743">697px</dimen>
    <dimen name="dm744">698px</dimen>
    <dimen name="dm745">698px</dimen>
    <dimen name="dm746">699px</dimen>
    <dimen name="dm747">700px</dimen>
    <dimen name="dm748">701px</dimen>
    <dimen name="dm749">702px</dimen>
    <dimen name="dm750">703px</dimen>
    <dimen name="dm751">704px</dimen>
    <dimen name="dm752">705px</dimen>
    <dimen name="dm753">706px</dimen>
    <dimen name="dm754">707px</dimen>
    <dimen name="dm755">708px</dimen>
    <dimen name="dm756">709px</dimen>
    <dimen name="dm757">710px</dimen>
    <dimen name="dm758">711px</dimen>
    <dimen name="dm759">712px</dimen>
    <dimen name="dm760">713px</dimen>
    <dimen name="dm761">713px</dimen>
    <dimen name="dm762">714px</dimen>
    <dimen name="dm763">715px</dimen>
    <dimen name="dm764">716px</dimen>
    <dimen name="dm765">717px</dimen>
    <dimen name="dm766">718px</dimen>
    <dimen name="dm767">719px</dimen>
    <dimen name="dm768">720px</dimen>
    <dimen name="dm769">721px</dimen>
    <dimen name="dm770">722px</dimen>
    <dimen name="dm771">723px</dimen>
    <dimen name="dm772">724px</dimen>
    <dimen name="dm773">725px</dimen>
    <dimen name="dm774">726px</dimen>
    <dimen name="dm775">727px</dimen>
    <dimen name="dm776">728px</dimen>
    <dimen name="dm777">728px</dimen>
    <dimen name="dm778">729px</dimen>
    <dimen name="dm779">730px</dimen>
    <dimen name="dm780">731px</dimen>
    <dimen name="dm781">732px</dimen>
    <dimen name="dm782">733px</dimen>
    <dimen name="dm783">734px</dimen>
    <dimen name="dm784">735px</dimen>
    <dimen name="dm785">736px</dimen>
    <dimen name="dm786">737px</dimen>
    <dimen name="dm787">738px</dimen>
    <dimen name="dm788">739px</dimen>
    <dimen name="dm789">740px</dimen>
    <dimen name="dm790">741px</dimen>
    <dimen name="dm791">742px</dimen>
    <dimen name="dm792">743px</dimen>
    <dimen name="dm793">743px</dimen>
    <dimen name="dm794">744px</dimen>
    <dimen name="dm795">745px</dimen>
    <dimen name="dm796">746px</dimen>
    <dimen name="dm797">747px</dimen>
    <dimen name="dm798">748px</dimen>
    <dimen name="dm799">749px</dimen>
    <dimen name="dm800">750px</dimen>
    <dimen name="dm801">751px</dimen>
    <dimen name="dm802">752px</dimen>
    <dimen name="dm803">753px</dimen>
    <dimen name="dm804">754px</dimen>
    <dimen name="dm805">755px</dimen>
    <dimen name="dm806">756px</dimen>
    <dimen name="dm807">757px</dimen>
    <dimen name="dm808">758px</dimen>
    <dimen name="dm809">758px</dimen>
    <dimen name="dm810">759px</dimen>
    <dimen name="dm811">760px</dimen>
    <dimen name="dm812">761px</dimen>
    <dimen name="dm813">762px</dimen>
    <dimen name="dm814">763px</dimen>
    <dimen name="dm815">764px</dimen>
    <dimen name="dm816">765px</dimen>
    <dimen name="dm817">766px</dimen>
    <dimen name="dm818">767px</dimen>
    <dimen name="dm819">768px</dimen>
    <dimen name="dm820">769px</dimen>
    <dimen name="dm821">770px</dimen>
    <dimen name="dm822">771px</dimen>
    <dimen name="dm823">772px</dimen>
    <dimen name="dm824">773px</dimen>
    <dimen name="dm825">773px</dimen>
    <dimen name="dm826">774px</dimen>
    <dimen name="dm827">775px</dimen>
    <dimen name="dm828">776px</dimen>
    <dimen name="dm829">777px</dimen>
    <dimen name="dm830">778px</dimen>
    <dimen name="dm831">779px</dimen>
    <dimen name="dm832">780px</dimen>
    <dimen name="dm833">781px</dimen>
    <dimen name="dm834">782px</dimen>
    <dimen name="dm835">783px</dimen>
    <dimen name="dm836">784px</dimen>
    <dimen name="dm837">785px</dimen>
    <dimen name="dm838">786px</dimen>
    <dimen name="dm839">787px</dimen>
    <dimen name="dm840">788px</dimen>
    <dimen name="dm841">788px</dimen>
    <dimen name="dm842">789px</dimen>
    <dimen name="dm843">790px</dimen>
    <dimen name="dm844">791px</dimen>
    <dimen name="dm845">792px</dimen>
    <dimen name="dm846">793px</dimen>
    <dimen name="dm847">794px</dimen>
    <dimen name="dm848">795px</dimen>
    <dimen name="dm849">796px</dimen>
    <dimen name="dm850">797px</dimen>
    <dimen name="dm851">798px</dimen>
    <dimen name="dm852">799px</dimen>
    <dimen name="dm853">800px</dimen>
    <dimen name="dm854">801px</dimen>
    <dimen name="dm855">802px</dimen>
    <dimen name="dm856">803px</dimen>
    <dimen name="dm857">803px</dimen>
    <dimen name="dm858">804px</dimen>
    <dimen name="dm859">805px</dimen>
    <dimen name="dm860">806px</dimen>
    <dimen name="dm861">807px</dimen>
    <dimen name="dm862">808px</dimen>
    <dimen name="dm863">809px</dimen>
    <dimen name="dm864">810px</dimen>
    <dimen name="dm865">811px</dimen>
    <dimen name="dm866">812px</dimen>
    <dimen name="dm867">813px</dimen>
    <dimen name="dm868">814px</dimen>
    <dimen name="dm869">815px</dimen>
    <dimen name="dm870">816px</dimen>
    <dimen name="dm871">817px</dimen>
    <dimen name="dm872">818px</dimen>
    <dimen name="dm873">818px</dimen>
    <dimen name="dm874">819px</dimen>
    <dimen name="dm875">820px</dimen>
    <dimen name="dm876">821px</dimen>
    <dimen name="dm877">822px</dimen>
    <dimen name="dm878">823px</dimen>
    <dimen name="dm879">824px</dimen>
    <dimen name="dm880">825px</dimen>
    <dimen name="dm881">826px</dimen>
    <dimen name="dm882">827px</dimen>
    <dimen name="dm883">828px</dimen>
    <dimen name="dm884">829px</dimen>
    <dimen name="dm885">830px</dimen>
    <dimen name="dm886">831px</dimen>
    <dimen name="dm887">832px</dimen>
    <dimen name="dm888">833px</dimen>
    <dimen name="dm889">833px</dimen>
    <dimen name="dm890">834px</dimen>
    <dimen name="dm891">835px</dimen>
    <dimen name="dm892">836px</dimen>
    <dimen name="dm893">837px</dimen>
    <dimen name="dm894">838px</dimen>
    <dimen name="dm895">839px</dimen>
    <dimen name="dm896">840px</dimen>
    <dimen name="dm897">841px</dimen>
    <dimen name="dm898">842px</dimen>
    <dimen name="dm899">843px</dimen>
    <dimen name="dm900">844px</dimen>
    <dimen name="dm901">845px</dimen>
    <dimen name="dm902">846px</dimen>
    <dimen name="dm903">847px</dimen>
    <dimen name="dm904">848px</dimen>
    <dimen name="dm905">848px</dimen>
    <dimen name="dm906">849px</dimen>
    <dimen name="dm907">850px</dimen>
    <dimen name="dm908">851px</dimen>
    <dimen name="dm909">852px</dimen>
    <dimen name="dm910">853px</dimen>
    <dimen name="dm911">854px</dimen>
    <dimen name="dm912">855px</dimen>
    <dimen name="dm913">856px</dimen>
    <dimen name="dm914">857px</dimen>
    <dimen name="dm915">858px</dimen>
    <dimen name="dm916">859px</dimen>
    <dimen name="dm917">860px</dimen>
    <dimen name="dm918">861px</dimen>
    <dimen name="dm919">862px</dimen>
    <dimen name="dm920">863px</dimen>
    <dimen name="dm921">863px</dimen>
    <dimen name="dm922">864px</dimen>
    <dimen name="dm923">865px</dimen>
    <dimen name="dm924">866px</dimen>
    <dimen name="dm925">867px</dimen>
    <dimen name="dm926">868px</dimen>
    <dimen name="dm927">869px</dimen>
    <dimen name="dm928">870px</dimen>
    <dimen name="dm929">871px</dimen>
    <dimen name="dm930">872px</dimen>
    <dimen name="dm931">873px</dimen>
    <dimen name="dm932">874px</dimen>
    <dimen name="dm933">875px</dimen>
    <dimen name="dm934">876px</dimen>
    <dimen name="dm935">877px</dimen>
    <dimen name="dm936">878px</dimen>
    <dimen name="dm937">878px</dimen>
    <dimen name="dm938">879px</dimen>
    <dimen name="dm939">880px</dimen>
    <dimen name="dm940">881px</dimen>
    <dimen name="dm941">882px</dimen>
    <dimen name="dm942">883px</dimen>
    <dimen name="dm943">884px</dimen>
    <dimen name="dm944">885px</dimen>
    <dimen name="dm945">886px</dimen>
    <dimen name="dm946">887px</dimen>
    <dimen name="dm947">888px</dimen>
    <dimen name="dm948">889px</dimen>
    <dimen name="dm949">890px</dimen>
    <dimen name="dm950">891px</dimen>
    <dimen name="dm951">892px</dimen>
    <dimen name="dm952">893px</dimen>
    <dimen name="dm953">893px</dimen>
    <dimen name="dm954">894px</dimen>
    <dimen name="dm955">895px</dimen>
    <dimen name="dm956">896px</dimen>
    <dimen name="dm957">897px</dimen>
    <dimen name="dm958">898px</dimen>
    <dimen name="dm959">899px</dimen>
    <dimen name="dm960">900px</dimen>
    <dimen name="dm961">901px</dimen>
    <dimen name="dm962">902px</dimen>
    <dimen name="dm963">903px</dimen>
    <dimen name="dm964">904px</dimen>
    <dimen name="dm965">905px</dimen>
    <dimen name="dm966">906px</dimen>
    <dimen name="dm967">907px</dimen>
    <dimen name="dm968">908px</dimen>
    <dimen name="dm969">908px</dimen>
    <dimen name="dm970">909px</dimen>
    <dimen name="dm971">910px</dimen>
    <dimen name="dm972">911px</dimen>
    <dimen name="dm973">912px</dimen>
    <dimen name="dm974">913px</dimen>
    <dimen name="dm975">914px</dimen>
    <dimen name="dm976">915px</dimen>
    <dimen name="dm977">916px</dimen>
    <dimen name="dm978">917px</dimen>
    <dimen name="dm979">918px</dimen>
    <dimen name="dm980">919px</dimen>
    <dimen name="dm981">920px</dimen>
    <dimen name="dm982">921px</dimen>
    <dimen name="dm983">922px</dimen>
    <dimen name="dm984">923px</dimen>
    <dimen name="dm985">923px</dimen>
    <dimen name="dm986">924px</dimen>
    <dimen name="dm987">925px</dimen>
    <dimen name="dm988">926px</dimen>
    <dimen name="dm989">927px</dimen>
    <dimen name="dm990">928px</dimen>
    <dimen name="dm991">929px</dimen>
    <dimen name="dm992">930px</dimen>
    <dimen name="dm993">931px</dimen>
    <dimen name="dm994">932px</dimen>
    <dimen name="dm995">933px</dimen>
    <dimen name="dm996">934px</dimen>
    <dimen name="dm997">935px</dimen>
    <dimen name="dm998">936px</dimen>
    <dimen name="dm999">937px</dimen>

</resources>