<resources>

    <dimen name="dm_200">-149px</dimen>
    <dimen name="dm_199">-148px</dimen>
    <dimen name="dm_198">-148px</dimen>
    <dimen name="dm_197">-147px</dimen>
    <dimen name="dm_196">-146px</dimen>
    <dimen name="dm_195">-145px</dimen>
    <dimen name="dm_194">-145px</dimen>
    <dimen name="dm_193">-144px</dimen>
    <dimen name="dm_192">-143px</dimen>
    <dimen name="dm_191">-142px</dimen>
    <dimen name="dm_190">-142px</dimen>
    <dimen name="dm_189">-141px</dimen>
    <dimen name="dm_188">-140px</dimen>
    <dimen name="dm_187">-139px</dimen>
    <dimen name="dm_186">-139px</dimen>
    <dimen name="dm_185">-138px</dimen>
    <dimen name="dm_184">-137px</dimen>
    <dimen name="dm_183">-136px</dimen>
    <dimen name="dm_182">-136px</dimen>
    <dimen name="dm_181">-135px</dimen>
    <dimen name="dm_180">-134px</dimen>
    <dimen name="dm_179">-133px</dimen>
    <dimen name="dm_178">-133px</dimen>
    <dimen name="dm_177">-132px</dimen>
    <dimen name="dm_176">-131px</dimen>
    <dimen name="dm_175">-130px</dimen>
    <dimen name="dm_174">-130px</dimen>
    <dimen name="dm_173">-129px</dimen>
    <dimen name="dm_172">-128px</dimen>
    <dimen name="dm_171">-127px</dimen>
    <dimen name="dm_170">-127px</dimen>
    <dimen name="dm_169">-126px</dimen>
    <dimen name="dm_168">-125px</dimen>
    <dimen name="dm_167">-124px</dimen>
    <dimen name="dm_166">-124px</dimen>
    <dimen name="dm_165">-123px</dimen>
    <dimen name="dm_164">-122px</dimen>
    <dimen name="dm_163">-121px</dimen>
    <dimen name="dm_162">-121px</dimen>
    <dimen name="dm_161">-120px</dimen>
    <dimen name="dm_160">-119px</dimen>
    <dimen name="dm_159">-118px</dimen>
    <dimen name="dm_158">-118px</dimen>
    <dimen name="dm_157">-117px</dimen>
    <dimen name="dm_156">-116px</dimen>
    <dimen name="dm_155">-115px</dimen>
    <dimen name="dm_154">-115px</dimen>
    <dimen name="dm_153">-114px</dimen>
    <dimen name="dm_152">-113px</dimen>
    <dimen name="dm_151">-112px</dimen>
    <dimen name="dm_150">-112px</dimen>
    <dimen name="dm_149">-111px</dimen>
    <dimen name="dm_148">-110px</dimen>
    <dimen name="dm_147">-109px</dimen>
    <dimen name="dm_146">-109px</dimen>
    <dimen name="dm_145">-108px</dimen>
    <dimen name="dm_144">-107px</dimen>
    <dimen name="dm_143">-106px</dimen>
    <dimen name="dm_142">-106px</dimen>
    <dimen name="dm_141">-105px</dimen>
    <dimen name="dm_140">-104px</dimen>
    <dimen name="dm_139">-103px</dimen>
    <dimen name="dm_138">-103px</dimen>
    <dimen name="dm_137">-102px</dimen>
    <dimen name="dm_136">-101px</dimen>
    <dimen name="dm_135">-100px</dimen>
    <dimen name="dm_134">-100px</dimen>
    <dimen name="dm_133">-99px</dimen>
    <dimen name="dm_132">-98px</dimen>
    <dimen name="dm_131">-97px</dimen>
    <dimen name="dm_130">-97px</dimen>
    <dimen name="dm_129">-96px</dimen>
    <dimen name="dm_128">-95px</dimen>
    <dimen name="dm_127">-94px</dimen>
    <dimen name="dm_126">-94px</dimen>
    <dimen name="dm_125">-93px</dimen>
    <dimen name="dm_124">-92px</dimen>
    <dimen name="dm_123">-91px</dimen>
    <dimen name="dm_122">-91px</dimen>
    <dimen name="dm_121">-90px</dimen>
    <dimen name="dm_120">-89px</dimen>
    <dimen name="dm_119">-88px</dimen>
    <dimen name="dm_118">-88px</dimen>
    <dimen name="dm_117">-87px</dimen>
    <dimen name="dm_116">-86px</dimen>
    <dimen name="dm_115">-85px</dimen>
    <dimen name="dm_114">-85px</dimen>
    <dimen name="dm_113">-84px</dimen>
    <dimen name="dm_112">-83px</dimen>
    <dimen name="dm_111">-82px</dimen>
    <dimen name="dm_110">-82px</dimen>
    <dimen name="dm_109">-81px</dimen>
    <dimen name="dm_108">-80px</dimen>
    <dimen name="dm_107">-79px</dimen>
    <dimen name="dm_106">-79px</dimen>
    <dimen name="dm_105">-78px</dimen>
    <dimen name="dm_104">-77px</dimen>
    <dimen name="dm_103">-76px</dimen>
    <dimen name="dm_102">-76px</dimen>
    <dimen name="dm_101">-75px</dimen>
    <dimen name="dm_100">-74px</dimen>
    <dimen name="dm_099">-73px</dimen>
    <dimen name="dm_098">-73px</dimen>
    <dimen name="dm_097">-72px</dimen>
    <dimen name="dm_096">-71px</dimen>
    <dimen name="dm_095">-70px</dimen>
    <dimen name="dm_094">-70px</dimen>
    <dimen name="dm_093">-69px</dimen>
    <dimen name="dm_092">-68px</dimen>
    <dimen name="dm_091">-67px</dimen>
    <dimen name="dm_090">-67px</dimen>
    <dimen name="dm_089">-66px</dimen>
    <dimen name="dm_088">-65px</dimen>
    <dimen name="dm_087">-64px</dimen>
    <dimen name="dm_086">-64px</dimen>
    <dimen name="dm_085">-63px</dimen>
    <dimen name="dm_084">-62px</dimen>
    <dimen name="dm_083">-61px</dimen>
    <dimen name="dm_082">-61px</dimen>
    <dimen name="dm_081">-60px</dimen>
    <dimen name="dm_080">-59px</dimen>
    <dimen name="dm_079">-58px</dimen>
    <dimen name="dm_078">-58px</dimen>
    <dimen name="dm_077">-57px</dimen>
    <dimen name="dm_076">-56px</dimen>
    <dimen name="dm_075">-55px</dimen>
    <dimen name="dm_074">-55px</dimen>
    <dimen name="dm_073">-54px</dimen>
    <dimen name="dm_072">-53px</dimen>
    <dimen name="dm_071">-52px</dimen>
    <dimen name="dm_070">-52px</dimen>
    <dimen name="dm_069">-51px</dimen>
    <dimen name="dm_068">-50px</dimen>
    <dimen name="dm_067">-49px</dimen>
    <dimen name="dm_066">-49px</dimen>
    <dimen name="dm_065">-48px</dimen>
    <dimen name="dm_064">-47px</dimen>
    <dimen name="dm_063">-46px</dimen>
    <dimen name="dm_062">-46px</dimen>
    <dimen name="dm_061">-45px</dimen>
    <dimen name="dm_060">-44px</dimen>
    <dimen name="dm_059">-43px</dimen>
    <dimen name="dm_058">-43px</dimen>
    <dimen name="dm_057">-42px</dimen>
    <dimen name="dm_056">-41px</dimen>
    <dimen name="dm_055">-40px</dimen>
    <dimen name="dm_054">-40px</dimen>
    <dimen name="dm_053">-39px</dimen>
    <dimen name="dm_052">-38px</dimen>
    <dimen name="dm_051">-37px</dimen>
    <dimen name="dm_050">-37px</dimen>
    <dimen name="dm_049">-36px</dimen>
    <dimen name="dm_048">-35px</dimen>
    <dimen name="dm_047">-34px</dimen>
    <dimen name="dm_046">-34px</dimen>
    <dimen name="dm_045">-33px</dimen>
    <dimen name="dm_044">-32px</dimen>
    <dimen name="dm_043">-31px</dimen>
    <dimen name="dm_042">-31px</dimen>
    <dimen name="dm_041">-30px</dimen>
    <dimen name="dm_040">-29px</dimen>
    <dimen name="dm_039">-28px</dimen>
    <dimen name="dm_038">-28px</dimen>
    <dimen name="dm_037">-27px</dimen>
    <dimen name="dm_036">-26px</dimen>
    <dimen name="dm_035">-25px</dimen>
    <dimen name="dm_034">-25px</dimen>
    <dimen name="dm_033">-24px</dimen>
    <dimen name="dm_032">-23px</dimen>
    <dimen name="dm_031">-22px</dimen>
    <dimen name="dm_030">-22px</dimen>
    <dimen name="dm_029">-21px</dimen>
    <dimen name="dm_028">-20px</dimen>
    <dimen name="dm_027">-19px</dimen>
    <dimen name="dm_026">-19px</dimen>
    <dimen name="dm_025">-18px</dimen>
    <dimen name="dm_024">-17px</dimen>
    <dimen name="dm_023">-16px</dimen>
    <dimen name="dm_022">-16px</dimen>
    <dimen name="dm_021">-15px</dimen>
    <dimen name="dm_020">-14px</dimen>
    <dimen name="dm_019">-13px</dimen>
    <dimen name="dm_018">-13px</dimen>
    <dimen name="dm_017">-12px</dimen>
    <dimen name="dm_016">-11px</dimen>
    <dimen name="dm_015">-10px</dimen>
    <dimen name="dm_014">-10px</dimen>
    <dimen name="dm_013">-9px</dimen>
    <dimen name="dm_012">-8px</dimen>
    <dimen name="dm_011">-7px</dimen>
    <dimen name="dm_010">-7px</dimen>
    <dimen name="dm_009">-6px</dimen>
    <dimen name="dm_008">-5px</dimen>
    <dimen name="dm_007">-4px</dimen>
    <dimen name="dm_006">-4px</dimen>
    <dimen name="dm_005">-3px</dimen>
    <dimen name="dm_004">-2px</dimen>
    <dimen name="dm_003">-1px</dimen>
    <dimen name="dm_002">-1px</dimen>
    <dimen name="dm_001">-1px</dimen>
    <dimen name="dm000">0px</dimen>
    <dimen name="dm001">1px</dimen>
    <dimen name="dm002">2px</dimen>
    <dimen name="dm003">2px</dimen>
    <dimen name="dm004">3px</dimen>
    <dimen name="dm005">4px</dimen>
    <dimen name="dm006">5px</dimen>
    <dimen name="dm007">5px</dimen>
    <dimen name="dm008">6px</dimen>
    <dimen name="dm009">7px</dimen>
    <dimen name="dm010">8px</dimen>
    <dimen name="dm011">8px</dimen>
    <dimen name="dm012">9px</dimen>
    <dimen name="dm013">10px</dimen>
    <dimen name="dm014">11px</dimen>
    <dimen name="dm015">11px</dimen>
    <dimen name="dm016">12px</dimen>
    <dimen name="dm017">13px</dimen>
    <dimen name="dm018">14px</dimen>
    <dimen name="dm019">14px</dimen>
    <dimen name="dm020">15px</dimen>
    <dimen name="dm021">16px</dimen>
    <dimen name="dm022">17px</dimen>
    <dimen name="dm023">17px</dimen>
    <dimen name="dm024">18px</dimen>
    <dimen name="dm025">19px</dimen>
    <dimen name="dm026">20px</dimen>
    <dimen name="dm027">20px</dimen>
    <dimen name="dm028">21px</dimen>
    <dimen name="dm029">22px</dimen>
    <dimen name="dm030">23px</dimen>
    <dimen name="dm031">23px</dimen>
    <dimen name="dm032">24px</dimen>
    <dimen name="dm033">25px</dimen>
    <dimen name="dm034">26px</dimen>
    <dimen name="dm035">26px</dimen>
    <dimen name="dm036">27px</dimen>
    <dimen name="dm037">28px</dimen>
    <dimen name="dm038">29px</dimen>
    <dimen name="dm039">29px</dimen>
    <dimen name="dm040">30px</dimen>
    <dimen name="dm041">31px</dimen>
    <dimen name="dm042">32px</dimen>
    <dimen name="dm043">32px</dimen>
    <dimen name="dm044">33px</dimen>
    <dimen name="dm045">34px</dimen>
    <dimen name="dm046">35px</dimen>
    <dimen name="dm047">35px</dimen>
    <dimen name="dm048">36px</dimen>
    <dimen name="dm049">37px</dimen>
    <dimen name="dm050">38px</dimen>
    <dimen name="dm051">38px</dimen>
    <dimen name="dm052">39px</dimen>
    <dimen name="dm053">40px</dimen>
    <dimen name="dm054">41px</dimen>
    <dimen name="dm055">41px</dimen>
    <dimen name="dm056">42px</dimen>
    <dimen name="dm057">43px</dimen>
    <dimen name="dm058">44px</dimen>
    <dimen name="dm059">44px</dimen>
    <dimen name="dm060">45px</dimen>
    <dimen name="dm061">46px</dimen>
    <dimen name="dm062">47px</dimen>
    <dimen name="dm063">47px</dimen>
    <dimen name="dm064">48px</dimen>
    <dimen name="dm065">49px</dimen>
    <dimen name="dm066">50px</dimen>
    <dimen name="dm067">50px</dimen>
    <dimen name="dm068">51px</dimen>
    <dimen name="dm069">52px</dimen>
    <dimen name="dm070">53px</dimen>
    <dimen name="dm071">53px</dimen>
    <dimen name="dm072">54px</dimen>
    <dimen name="dm073">55px</dimen>
    <dimen name="dm074">56px</dimen>
    <dimen name="dm075">56px</dimen>
    <dimen name="dm076">57px</dimen>
    <dimen name="dm077">58px</dimen>
    <dimen name="dm078">59px</dimen>
    <dimen name="dm079">59px</dimen>
    <dimen name="dm080">60px</dimen>
    <dimen name="dm081">61px</dimen>
    <dimen name="dm082">62px</dimen>
    <dimen name="dm083">62px</dimen>
    <dimen name="dm084">63px</dimen>
    <dimen name="dm085">64px</dimen>
    <dimen name="dm086">65px</dimen>
    <dimen name="dm087">65px</dimen>
    <dimen name="dm088">66px</dimen>
    <dimen name="dm089">67px</dimen>
    <dimen name="dm090">68px</dimen>
    <dimen name="dm091">68px</dimen>
    <dimen name="dm092">69px</dimen>
    <dimen name="dm093">70px</dimen>
    <dimen name="dm094">71px</dimen>
    <dimen name="dm095">71px</dimen>
    <dimen name="dm096">72px</dimen>
    <dimen name="dm097">73px</dimen>
    <dimen name="dm098">74px</dimen>
    <dimen name="dm099">74px</dimen>
    <dimen name="dm100">75px</dimen>
    <dimen name="dm101">76px</dimen>
    <dimen name="dm102">77px</dimen>
    <dimen name="dm103">77px</dimen>
    <dimen name="dm104">78px</dimen>
    <dimen name="dm105">79px</dimen>
    <dimen name="dm106">80px</dimen>
    <dimen name="dm107">80px</dimen>
    <dimen name="dm108">81px</dimen>
    <dimen name="dm109">82px</dimen>
    <dimen name="dm110">83px</dimen>
    <dimen name="dm111">83px</dimen>
    <dimen name="dm112">84px</dimen>
    <dimen name="dm113">85px</dimen>
    <dimen name="dm114">86px</dimen>
    <dimen name="dm115">86px</dimen>
    <dimen name="dm116">87px</dimen>
    <dimen name="dm117">88px</dimen>
    <dimen name="dm118">89px</dimen>
    <dimen name="dm119">89px</dimen>
    <dimen name="dm120">90px</dimen>
    <dimen name="dm121">91px</dimen>
    <dimen name="dm122">92px</dimen>
    <dimen name="dm123">92px</dimen>
    <dimen name="dm124">93px</dimen>
    <dimen name="dm125">94px</dimen>
    <dimen name="dm126">95px</dimen>
    <dimen name="dm127">95px</dimen>
    <dimen name="dm128">96px</dimen>
    <dimen name="dm129">97px</dimen>
    <dimen name="dm130">98px</dimen>
    <dimen name="dm131">98px</dimen>
    <dimen name="dm132">99px</dimen>
    <dimen name="dm133">100px</dimen>
    <dimen name="dm134">101px</dimen>
    <dimen name="dm135">101px</dimen>
    <dimen name="dm136">102px</dimen>
    <dimen name="dm137">103px</dimen>
    <dimen name="dm138">104px</dimen>
    <dimen name="dm139">104px</dimen>
    <dimen name="dm140">105px</dimen>
    <dimen name="dm141">106px</dimen>
    <dimen name="dm142">107px</dimen>
    <dimen name="dm143">107px</dimen>
    <dimen name="dm144">108px</dimen>
    <dimen name="dm145">109px</dimen>
    <dimen name="dm146">110px</dimen>
    <dimen name="dm147">110px</dimen>
    <dimen name="dm148">111px</dimen>
    <dimen name="dm149">112px</dimen>
    <dimen name="dm150">113px</dimen>
    <dimen name="dm151">113px</dimen>
    <dimen name="dm152">114px</dimen>
    <dimen name="dm153">115px</dimen>
    <dimen name="dm154">116px</dimen>
    <dimen name="dm155">116px</dimen>
    <dimen name="dm156">117px</dimen>
    <dimen name="dm157">118px</dimen>
    <dimen name="dm158">119px</dimen>
    <dimen name="dm159">119px</dimen>
    <dimen name="dm160">120px</dimen>
    <dimen name="dm161">121px</dimen>
    <dimen name="dm162">122px</dimen>
    <dimen name="dm163">122px</dimen>
    <dimen name="dm164">123px</dimen>
    <dimen name="dm165">124px</dimen>
    <dimen name="dm166">125px</dimen>
    <dimen name="dm167">125px</dimen>
    <dimen name="dm168">126px</dimen>
    <dimen name="dm169">127px</dimen>
    <dimen name="dm170">128px</dimen>
    <dimen name="dm171">128px</dimen>
    <dimen name="dm172">129px</dimen>
    <dimen name="dm173">130px</dimen>
    <dimen name="dm174">131px</dimen>
    <dimen name="dm175">131px</dimen>
    <dimen name="dm176">132px</dimen>
    <dimen name="dm177">133px</dimen>
    <dimen name="dm178">134px</dimen>
    <dimen name="dm179">134px</dimen>
    <dimen name="dm180">135px</dimen>
    <dimen name="dm181">136px</dimen>
    <dimen name="dm182">137px</dimen>
    <dimen name="dm183">137px</dimen>
    <dimen name="dm184">138px</dimen>
    <dimen name="dm185">139px</dimen>
    <dimen name="dm186">140px</dimen>
    <dimen name="dm187">140px</dimen>
    <dimen name="dm188">141px</dimen>
    <dimen name="dm189">142px</dimen>
    <dimen name="dm190">143px</dimen>
    <dimen name="dm191">143px</dimen>
    <dimen name="dm192">144px</dimen>
    <dimen name="dm193">145px</dimen>
    <dimen name="dm194">146px</dimen>
    <dimen name="dm195">146px</dimen>
    <dimen name="dm196">147px</dimen>
    <dimen name="dm197">148px</dimen>
    <dimen name="dm198">149px</dimen>
    <dimen name="dm199">149px</dimen>
    <dimen name="dm200">150px</dimen>
    <dimen name="dm201">151px</dimen>
    <dimen name="dm202">152px</dimen>
    <dimen name="dm203">152px</dimen>
    <dimen name="dm204">153px</dimen>
    <dimen name="dm205">154px</dimen>
    <dimen name="dm206">155px</dimen>
    <dimen name="dm207">155px</dimen>
    <dimen name="dm208">156px</dimen>
    <dimen name="dm209">157px</dimen>
    <dimen name="dm210">158px</dimen>
    <dimen name="dm211">158px</dimen>
    <dimen name="dm212">159px</dimen>
    <dimen name="dm213">160px</dimen>
    <dimen name="dm214">161px</dimen>
    <dimen name="dm215">161px</dimen>
    <dimen name="dm216">162px</dimen>
    <dimen name="dm217">163px</dimen>
    <dimen name="dm218">164px</dimen>
    <dimen name="dm219">164px</dimen>
    <dimen name="dm220">165px</dimen>
    <dimen name="dm221">166px</dimen>
    <dimen name="dm222">167px</dimen>
    <dimen name="dm223">167px</dimen>
    <dimen name="dm224">168px</dimen>
    <dimen name="dm225">169px</dimen>
    <dimen name="dm226">170px</dimen>
    <dimen name="dm227">170px</dimen>
    <dimen name="dm228">171px</dimen>
    <dimen name="dm229">172px</dimen>
    <dimen name="dm230">173px</dimen>
    <dimen name="dm231">173px</dimen>
    <dimen name="dm232">174px</dimen>
    <dimen name="dm233">175px</dimen>
    <dimen name="dm234">176px</dimen>
    <dimen name="dm235">176px</dimen>
    <dimen name="dm236">177px</dimen>
    <dimen name="dm237">178px</dimen>
    <dimen name="dm238">179px</dimen>
    <dimen name="dm239">179px</dimen>
    <dimen name="dm240">180px</dimen>
    <dimen name="dm241">181px</dimen>
    <dimen name="dm242">182px</dimen>
    <dimen name="dm243">182px</dimen>
    <dimen name="dm244">183px</dimen>
    <dimen name="dm245">184px</dimen>
    <dimen name="dm246">185px</dimen>
    <dimen name="dm247">185px</dimen>
    <dimen name="dm248">186px</dimen>
    <dimen name="dm249">187px</dimen>
    <dimen name="dm250">188px</dimen>
    <dimen name="dm251">188px</dimen>
    <dimen name="dm252">189px</dimen>
    <dimen name="dm253">190px</dimen>
    <dimen name="dm254">191px</dimen>
    <dimen name="dm255">191px</dimen>
    <dimen name="dm256">192px</dimen>
    <dimen name="dm257">193px</dimen>
    <dimen name="dm258">194px</dimen>
    <dimen name="dm259">194px</dimen>
    <dimen name="dm260">195px</dimen>
    <dimen name="dm261">196px</dimen>
    <dimen name="dm262">197px</dimen>
    <dimen name="dm263">197px</dimen>
    <dimen name="dm264">198px</dimen>
    <dimen name="dm265">199px</dimen>
    <dimen name="dm266">200px</dimen>
    <dimen name="dm267">200px</dimen>
    <dimen name="dm268">201px</dimen>
    <dimen name="dm269">202px</dimen>
    <dimen name="dm270">203px</dimen>
    <dimen name="dm271">203px</dimen>
    <dimen name="dm272">204px</dimen>
    <dimen name="dm273">205px</dimen>
    <dimen name="dm274">206px</dimen>
    <dimen name="dm275">206px</dimen>
    <dimen name="dm276">207px</dimen>
    <dimen name="dm277">208px</dimen>
    <dimen name="dm278">209px</dimen>
    <dimen name="dm279">209px</dimen>
    <dimen name="dm280">210px</dimen>
    <dimen name="dm281">211px</dimen>
    <dimen name="dm282">212px</dimen>
    <dimen name="dm283">212px</dimen>
    <dimen name="dm284">213px</dimen>
    <dimen name="dm285">214px</dimen>
    <dimen name="dm286">215px</dimen>
    <dimen name="dm287">215px</dimen>
    <dimen name="dm288">216px</dimen>
    <dimen name="dm289">217px</dimen>
    <dimen name="dm290">218px</dimen>
    <dimen name="dm291">218px</dimen>
    <dimen name="dm292">219px</dimen>
    <dimen name="dm293">220px</dimen>
    <dimen name="dm294">221px</dimen>
    <dimen name="dm295">221px</dimen>
    <dimen name="dm296">222px</dimen>
    <dimen name="dm297">223px</dimen>
    <dimen name="dm298">224px</dimen>
    <dimen name="dm299">224px</dimen>
    <dimen name="dm300">225px</dimen>
    <dimen name="dm301">226px</dimen>
    <dimen name="dm302">227px</dimen>
    <dimen name="dm303">227px</dimen>
    <dimen name="dm304">228px</dimen>
    <dimen name="dm305">229px</dimen>
    <dimen name="dm306">230px</dimen>
    <dimen name="dm307">230px</dimen>
    <dimen name="dm308">231px</dimen>
    <dimen name="dm309">232px</dimen>
    <dimen name="dm310">233px</dimen>
    <dimen name="dm311">233px</dimen>
    <dimen name="dm312">234px</dimen>
    <dimen name="dm313">235px</dimen>
    <dimen name="dm314">236px</dimen>
    <dimen name="dm315">236px</dimen>
    <dimen name="dm316">237px</dimen>
    <dimen name="dm317">238px</dimen>
    <dimen name="dm318">239px</dimen>
    <dimen name="dm319">239px</dimen>
    <dimen name="dm320">240px</dimen>
    <dimen name="dm321">241px</dimen>
    <dimen name="dm322">242px</dimen>
    <dimen name="dm323">242px</dimen>
    <dimen name="dm324">243px</dimen>
    <dimen name="dm325">244px</dimen>
    <dimen name="dm326">245px</dimen>
    <dimen name="dm327">245px</dimen>
    <dimen name="dm328">246px</dimen>
    <dimen name="dm329">247px</dimen>
    <dimen name="dm330">248px</dimen>
    <dimen name="dm331">248px</dimen>
    <dimen name="dm332">249px</dimen>
    <dimen name="dm333">250px</dimen>
    <dimen name="dm334">251px</dimen>
    <dimen name="dm335">251px</dimen>
    <dimen name="dm336">252px</dimen>
    <dimen name="dm337">253px</dimen>
    <dimen name="dm338">254px</dimen>
    <dimen name="dm339">254px</dimen>
    <dimen name="dm340">255px</dimen>
    <dimen name="dm341">256px</dimen>
    <dimen name="dm342">257px</dimen>
    <dimen name="dm343">257px</dimen>
    <dimen name="dm344">258px</dimen>
    <dimen name="dm345">259px</dimen>
    <dimen name="dm346">260px</dimen>
    <dimen name="dm347">260px</dimen>
    <dimen name="dm348">261px</dimen>
    <dimen name="dm349">262px</dimen>
    <dimen name="dm350">263px</dimen>
    <dimen name="dm351">263px</dimen>
    <dimen name="dm352">264px</dimen>
    <dimen name="dm353">265px</dimen>
    <dimen name="dm354">266px</dimen>
    <dimen name="dm355">266px</dimen>
    <dimen name="dm356">267px</dimen>
    <dimen name="dm357">268px</dimen>
    <dimen name="dm358">269px</dimen>
    <dimen name="dm359">269px</dimen>
    <dimen name="dm360">270px</dimen>
    <dimen name="dm361">271px</dimen>
    <dimen name="dm362">272px</dimen>
    <dimen name="dm363">272px</dimen>
    <dimen name="dm364">273px</dimen>
    <dimen name="dm365">274px</dimen>
    <dimen name="dm366">275px</dimen>
    <dimen name="dm367">275px</dimen>
    <dimen name="dm368">276px</dimen>
    <dimen name="dm369">277px</dimen>
    <dimen name="dm370">278px</dimen>
    <dimen name="dm371">278px</dimen>
    <dimen name="dm372">279px</dimen>
    <dimen name="dm373">280px</dimen>
    <dimen name="dm374">281px</dimen>
    <dimen name="dm375">281px</dimen>
    <dimen name="dm376">282px</dimen>
    <dimen name="dm377">283px</dimen>
    <dimen name="dm378">284px</dimen>
    <dimen name="dm379">284px</dimen>
    <dimen name="dm380">285px</dimen>
    <dimen name="dm381">286px</dimen>
    <dimen name="dm382">287px</dimen>
    <dimen name="dm383">287px</dimen>
    <dimen name="dm384">288px</dimen>
    <dimen name="dm385">289px</dimen>
    <dimen name="dm386">290px</dimen>
    <dimen name="dm387">290px</dimen>
    <dimen name="dm388">291px</dimen>
    <dimen name="dm389">292px</dimen>
    <dimen name="dm390">293px</dimen>
    <dimen name="dm391">293px</dimen>
    <dimen name="dm392">294px</dimen>
    <dimen name="dm393">295px</dimen>
    <dimen name="dm394">296px</dimen>
    <dimen name="dm395">296px</dimen>
    <dimen name="dm396">297px</dimen>
    <dimen name="dm397">298px</dimen>
    <dimen name="dm398">299px</dimen>
    <dimen name="dm399">299px</dimen>
    <dimen name="dm400">300px</dimen>
    <dimen name="dm401">301px</dimen>
    <dimen name="dm402">302px</dimen>
    <dimen name="dm403">302px</dimen>
    <dimen name="dm404">303px</dimen>
    <dimen name="dm405">304px</dimen>
    <dimen name="dm406">305px</dimen>
    <dimen name="dm407">305px</dimen>
    <dimen name="dm408">306px</dimen>
    <dimen name="dm409">307px</dimen>
    <dimen name="dm410">308px</dimen>
    <dimen name="dm411">308px</dimen>
    <dimen name="dm412">309px</dimen>
    <dimen name="dm413">310px</dimen>
    <dimen name="dm414">311px</dimen>
    <dimen name="dm415">311px</dimen>
    <dimen name="dm416">312px</dimen>
    <dimen name="dm417">313px</dimen>
    <dimen name="dm418">314px</dimen>
    <dimen name="dm419">314px</dimen>
    <dimen name="dm420">315px</dimen>
    <dimen name="dm421">316px</dimen>
    <dimen name="dm422">317px</dimen>
    <dimen name="dm423">317px</dimen>
    <dimen name="dm424">318px</dimen>
    <dimen name="dm425">319px</dimen>
    <dimen name="dm426">320px</dimen>
    <dimen name="dm427">320px</dimen>
    <dimen name="dm428">321px</dimen>
    <dimen name="dm429">322px</dimen>
    <dimen name="dm430">323px</dimen>
    <dimen name="dm431">323px</dimen>
    <dimen name="dm432">324px</dimen>
    <dimen name="dm433">325px</dimen>
    <dimen name="dm434">326px</dimen>
    <dimen name="dm435">326px</dimen>
    <dimen name="dm436">327px</dimen>
    <dimen name="dm437">328px</dimen>
    <dimen name="dm438">329px</dimen>
    <dimen name="dm439">329px</dimen>
    <dimen name="dm440">330px</dimen>
    <dimen name="dm441">331px</dimen>
    <dimen name="dm442">332px</dimen>
    <dimen name="dm443">332px</dimen>
    <dimen name="dm444">333px</dimen>
    <dimen name="dm445">334px</dimen>
    <dimen name="dm446">335px</dimen>
    <dimen name="dm447">335px</dimen>
    <dimen name="dm448">336px</dimen>
    <dimen name="dm449">337px</dimen>
    <dimen name="dm450">338px</dimen>
    <dimen name="dm451">338px</dimen>
    <dimen name="dm452">339px</dimen>
    <dimen name="dm453">340px</dimen>
    <dimen name="dm454">341px</dimen>
    <dimen name="dm455">341px</dimen>
    <dimen name="dm456">342px</dimen>
    <dimen name="dm457">343px</dimen>
    <dimen name="dm458">344px</dimen>
    <dimen name="dm459">344px</dimen>
    <dimen name="dm460">345px</dimen>
    <dimen name="dm461">346px</dimen>
    <dimen name="dm462">347px</dimen>
    <dimen name="dm463">347px</dimen>
    <dimen name="dm464">348px</dimen>
    <dimen name="dm465">349px</dimen>
    <dimen name="dm466">350px</dimen>
    <dimen name="dm467">350px</dimen>
    <dimen name="dm468">351px</dimen>
    <dimen name="dm469">352px</dimen>
    <dimen name="dm470">353px</dimen>
    <dimen name="dm471">353px</dimen>
    <dimen name="dm472">354px</dimen>
    <dimen name="dm473">355px</dimen>
    <dimen name="dm474">356px</dimen>
    <dimen name="dm475">356px</dimen>
    <dimen name="dm476">357px</dimen>
    <dimen name="dm477">358px</dimen>
    <dimen name="dm478">359px</dimen>
    <dimen name="dm479">359px</dimen>
    <dimen name="dm480">360px</dimen>
    <dimen name="dm481">361px</dimen>
    <dimen name="dm482">362px</dimen>
    <dimen name="dm483">362px</dimen>
    <dimen name="dm484">363px</dimen>
    <dimen name="dm485">364px</dimen>
    <dimen name="dm486">365px</dimen>
    <dimen name="dm487">365px</dimen>
    <dimen name="dm488">366px</dimen>
    <dimen name="dm489">367px</dimen>
    <dimen name="dm490">368px</dimen>
    <dimen name="dm491">368px</dimen>
    <dimen name="dm492">369px</dimen>
    <dimen name="dm493">370px</dimen>
    <dimen name="dm494">371px</dimen>
    <dimen name="dm495">371px</dimen>
    <dimen name="dm496">372px</dimen>
    <dimen name="dm497">373px</dimen>
    <dimen name="dm498">374px</dimen>
    <dimen name="dm499">374px</dimen>
    <dimen name="dm500">375px</dimen>
    <dimen name="dm501">376px</dimen>
    <dimen name="dm502">377px</dimen>
    <dimen name="dm503">377px</dimen>
    <dimen name="dm504">378px</dimen>
    <dimen name="dm505">379px</dimen>
    <dimen name="dm506">380px</dimen>
    <dimen name="dm507">380px</dimen>
    <dimen name="dm508">381px</dimen>
    <dimen name="dm509">382px</dimen>
    <dimen name="dm510">383px</dimen>
    <dimen name="dm511">383px</dimen>
    <dimen name="dm512">384px</dimen>
    <dimen name="dm513">385px</dimen>
    <dimen name="dm514">386px</dimen>
    <dimen name="dm515">386px</dimen>
    <dimen name="dm516">387px</dimen>
    <dimen name="dm517">388px</dimen>
    <dimen name="dm518">389px</dimen>
    <dimen name="dm519">389px</dimen>
    <dimen name="dm520">390px</dimen>
    <dimen name="dm521">391px</dimen>
    <dimen name="dm522">392px</dimen>
    <dimen name="dm523">392px</dimen>
    <dimen name="dm524">393px</dimen>
    <dimen name="dm525">394px</dimen>
    <dimen name="dm526">395px</dimen>
    <dimen name="dm527">395px</dimen>
    <dimen name="dm528">396px</dimen>
    <dimen name="dm529">397px</dimen>
    <dimen name="dm530">398px</dimen>
    <dimen name="dm531">398px</dimen>
    <dimen name="dm532">399px</dimen>
    <dimen name="dm533">400px</dimen>
    <dimen name="dm534">401px</dimen>
    <dimen name="dm535">401px</dimen>
    <dimen name="dm536">402px</dimen>
    <dimen name="dm537">403px</dimen>
    <dimen name="dm538">404px</dimen>
    <dimen name="dm539">404px</dimen>
    <dimen name="dm540">405px</dimen>
    <dimen name="dm541">406px</dimen>
    <dimen name="dm542">407px</dimen>
    <dimen name="dm543">407px</dimen>
    <dimen name="dm544">408px</dimen>
    <dimen name="dm545">409px</dimen>
    <dimen name="dm546">410px</dimen>
    <dimen name="dm547">410px</dimen>
    <dimen name="dm548">411px</dimen>
    <dimen name="dm549">412px</dimen>
    <dimen name="dm550">413px</dimen>
    <dimen name="dm551">413px</dimen>
    <dimen name="dm552">414px</dimen>
    <dimen name="dm553">415px</dimen>
    <dimen name="dm554">416px</dimen>
    <dimen name="dm555">416px</dimen>
    <dimen name="dm556">417px</dimen>
    <dimen name="dm557">418px</dimen>
    <dimen name="dm558">419px</dimen>
    <dimen name="dm559">419px</dimen>
    <dimen name="dm560">420px</dimen>
    <dimen name="dm561">421px</dimen>
    <dimen name="dm562">422px</dimen>
    <dimen name="dm563">422px</dimen>
    <dimen name="dm564">423px</dimen>
    <dimen name="dm565">424px</dimen>
    <dimen name="dm566">425px</dimen>
    <dimen name="dm567">425px</dimen>
    <dimen name="dm568">426px</dimen>
    <dimen name="dm569">427px</dimen>
    <dimen name="dm570">428px</dimen>
    <dimen name="dm571">428px</dimen>
    <dimen name="dm572">429px</dimen>
    <dimen name="dm573">430px</dimen>
    <dimen name="dm574">431px</dimen>
    <dimen name="dm575">431px</dimen>
    <dimen name="dm576">432px</dimen>
    <dimen name="dm577">433px</dimen>
    <dimen name="dm578">434px</dimen>
    <dimen name="dm579">434px</dimen>
    <dimen name="dm580">435px</dimen>
    <dimen name="dm581">436px</dimen>
    <dimen name="dm582">437px</dimen>
    <dimen name="dm583">437px</dimen>
    <dimen name="dm584">438px</dimen>
    <dimen name="dm585">439px</dimen>
    <dimen name="dm586">440px</dimen>
    <dimen name="dm587">440px</dimen>
    <dimen name="dm588">441px</dimen>
    <dimen name="dm589">442px</dimen>
    <dimen name="dm590">443px</dimen>
    <dimen name="dm591">443px</dimen>
    <dimen name="dm592">444px</dimen>
    <dimen name="dm593">445px</dimen>
    <dimen name="dm594">446px</dimen>
    <dimen name="dm595">446px</dimen>
    <dimen name="dm596">447px</dimen>
    <dimen name="dm597">448px</dimen>
    <dimen name="dm598">449px</dimen>
    <dimen name="dm599">449px</dimen>
    <dimen name="dm600">450px</dimen>
    <dimen name="dm601">451px</dimen>
    <dimen name="dm602">452px</dimen>
    <dimen name="dm603">452px</dimen>
    <dimen name="dm604">453px</dimen>
    <dimen name="dm605">454px</dimen>
    <dimen name="dm606">455px</dimen>
    <dimen name="dm607">455px</dimen>
    <dimen name="dm608">456px</dimen>
    <dimen name="dm609">457px</dimen>
    <dimen name="dm610">458px</dimen>
    <dimen name="dm611">458px</dimen>
    <dimen name="dm612">459px</dimen>
    <dimen name="dm613">460px</dimen>
    <dimen name="dm614">461px</dimen>
    <dimen name="dm615">461px</dimen>
    <dimen name="dm616">462px</dimen>
    <dimen name="dm617">463px</dimen>
    <dimen name="dm618">464px</dimen>
    <dimen name="dm619">464px</dimen>
    <dimen name="dm620">465px</dimen>
    <dimen name="dm621">466px</dimen>
    <dimen name="dm622">467px</dimen>
    <dimen name="dm623">467px</dimen>
    <dimen name="dm624">468px</dimen>
    <dimen name="dm625">469px</dimen>
    <dimen name="dm626">470px</dimen>
    <dimen name="dm627">470px</dimen>
    <dimen name="dm628">471px</dimen>
    <dimen name="dm629">472px</dimen>
    <dimen name="dm630">473px</dimen>
    <dimen name="dm631">473px</dimen>
    <dimen name="dm632">474px</dimen>
    <dimen name="dm633">475px</dimen>
    <dimen name="dm634">476px</dimen>
    <dimen name="dm635">476px</dimen>
    <dimen name="dm636">477px</dimen>
    <dimen name="dm637">478px</dimen>
    <dimen name="dm638">479px</dimen>
    <dimen name="dm639">479px</dimen>
    <dimen name="dm640">480px</dimen>
    <dimen name="dm641">481px</dimen>
    <dimen name="dm642">482px</dimen>
    <dimen name="dm643">482px</dimen>
    <dimen name="dm644">483px</dimen>
    <dimen name="dm645">484px</dimen>
    <dimen name="dm646">485px</dimen>
    <dimen name="dm647">485px</dimen>
    <dimen name="dm648">486px</dimen>
    <dimen name="dm649">487px</dimen>
    <dimen name="dm650">488px</dimen>
    <dimen name="dm651">488px</dimen>
    <dimen name="dm652">489px</dimen>
    <dimen name="dm653">490px</dimen>
    <dimen name="dm654">491px</dimen>
    <dimen name="dm655">491px</dimen>
    <dimen name="dm656">492px</dimen>
    <dimen name="dm657">493px</dimen>
    <dimen name="dm658">494px</dimen>
    <dimen name="dm659">494px</dimen>
    <dimen name="dm660">495px</dimen>
    <dimen name="dm661">496px</dimen>
    <dimen name="dm662">497px</dimen>
    <dimen name="dm663">497px</dimen>
    <dimen name="dm664">498px</dimen>
    <dimen name="dm665">499px</dimen>
    <dimen name="dm666">500px</dimen>
    <dimen name="dm667">500px</dimen>
    <dimen name="dm668">501px</dimen>
    <dimen name="dm669">502px</dimen>
    <dimen name="dm670">503px</dimen>
    <dimen name="dm671">503px</dimen>
    <dimen name="dm672">504px</dimen>
    <dimen name="dm673">505px</dimen>
    <dimen name="dm674">506px</dimen>
    <dimen name="dm675">506px</dimen>
    <dimen name="dm676">507px</dimen>
    <dimen name="dm677">508px</dimen>
    <dimen name="dm678">509px</dimen>
    <dimen name="dm679">509px</dimen>
    <dimen name="dm680">510px</dimen>
    <dimen name="dm681">511px</dimen>
    <dimen name="dm682">512px</dimen>
    <dimen name="dm683">512px</dimen>
    <dimen name="dm684">513px</dimen>
    <dimen name="dm685">514px</dimen>
    <dimen name="dm686">515px</dimen>
    <dimen name="dm687">515px</dimen>
    <dimen name="dm688">516px</dimen>
    <dimen name="dm689">517px</dimen>
    <dimen name="dm690">518px</dimen>
    <dimen name="dm691">518px</dimen>
    <dimen name="dm692">519px</dimen>
    <dimen name="dm693">520px</dimen>
    <dimen name="dm694">521px</dimen>
    <dimen name="dm695">521px</dimen>
    <dimen name="dm696">522px</dimen>
    <dimen name="dm697">523px</dimen>
    <dimen name="dm698">524px</dimen>
    <dimen name="dm699">524px</dimen>
    <dimen name="dm700">525px</dimen>
    <dimen name="dm701">526px</dimen>
    <dimen name="dm702">527px</dimen>
    <dimen name="dm703">527px</dimen>
    <dimen name="dm704">528px</dimen>
    <dimen name="dm705">529px</dimen>
    <dimen name="dm706">530px</dimen>
    <dimen name="dm707">530px</dimen>
    <dimen name="dm708">531px</dimen>
    <dimen name="dm709">532px</dimen>
    <dimen name="dm710">533px</dimen>
    <dimen name="dm711">533px</dimen>
    <dimen name="dm712">534px</dimen>
    <dimen name="dm713">535px</dimen>
    <dimen name="dm714">536px</dimen>
    <dimen name="dm715">536px</dimen>
    <dimen name="dm716">537px</dimen>
    <dimen name="dm717">538px</dimen>
    <dimen name="dm718">539px</dimen>
    <dimen name="dm719">539px</dimen>
    <dimen name="dm720">540px</dimen>
    <dimen name="dm721">541px</dimen>
    <dimen name="dm722">542px</dimen>
    <dimen name="dm723">542px</dimen>
    <dimen name="dm724">543px</dimen>
    <dimen name="dm725">544px</dimen>
    <dimen name="dm726">545px</dimen>
    <dimen name="dm727">545px</dimen>
    <dimen name="dm728">546px</dimen>
    <dimen name="dm729">547px</dimen>
    <dimen name="dm730">548px</dimen>
    <dimen name="dm731">548px</dimen>
    <dimen name="dm732">549px</dimen>
    <dimen name="dm733">550px</dimen>
    <dimen name="dm734">551px</dimen>
    <dimen name="dm735">551px</dimen>
    <dimen name="dm736">552px</dimen>
    <dimen name="dm737">553px</dimen>
    <dimen name="dm738">554px</dimen>
    <dimen name="dm739">554px</dimen>
    <dimen name="dm740">555px</dimen>
    <dimen name="dm741">556px</dimen>
    <dimen name="dm742">557px</dimen>
    <dimen name="dm743">557px</dimen>
    <dimen name="dm744">558px</dimen>
    <dimen name="dm745">559px</dimen>
    <dimen name="dm746">560px</dimen>
    <dimen name="dm747">560px</dimen>
    <dimen name="dm748">561px</dimen>
    <dimen name="dm749">562px</dimen>
    <dimen name="dm750">563px</dimen>
    <dimen name="dm751">563px</dimen>
    <dimen name="dm752">564px</dimen>
    <dimen name="dm753">565px</dimen>
    <dimen name="dm754">566px</dimen>
    <dimen name="dm755">566px</dimen>
    <dimen name="dm756">567px</dimen>
    <dimen name="dm757">568px</dimen>
    <dimen name="dm758">569px</dimen>
    <dimen name="dm759">569px</dimen>
    <dimen name="dm760">570px</dimen>
    <dimen name="dm761">571px</dimen>
    <dimen name="dm762">572px</dimen>
    <dimen name="dm763">572px</dimen>
    <dimen name="dm764">573px</dimen>
    <dimen name="dm765">574px</dimen>
    <dimen name="dm766">575px</dimen>
    <dimen name="dm767">575px</dimen>
    <dimen name="dm768">576px</dimen>
    <dimen name="dm769">577px</dimen>
    <dimen name="dm770">578px</dimen>
    <dimen name="dm771">578px</dimen>
    <dimen name="dm772">579px</dimen>
    <dimen name="dm773">580px</dimen>
    <dimen name="dm774">581px</dimen>
    <dimen name="dm775">581px</dimen>
    <dimen name="dm776">582px</dimen>
    <dimen name="dm777">583px</dimen>
    <dimen name="dm778">584px</dimen>
    <dimen name="dm779">584px</dimen>
    <dimen name="dm780">585px</dimen>
    <dimen name="dm781">586px</dimen>
    <dimen name="dm782">587px</dimen>
    <dimen name="dm783">587px</dimen>
    <dimen name="dm784">588px</dimen>
    <dimen name="dm785">589px</dimen>
    <dimen name="dm786">590px</dimen>
    <dimen name="dm787">590px</dimen>
    <dimen name="dm788">591px</dimen>
    <dimen name="dm789">592px</dimen>
    <dimen name="dm790">593px</dimen>
    <dimen name="dm791">593px</dimen>
    <dimen name="dm792">594px</dimen>
    <dimen name="dm793">595px</dimen>
    <dimen name="dm794">596px</dimen>
    <dimen name="dm795">596px</dimen>
    <dimen name="dm796">597px</dimen>
    <dimen name="dm797">598px</dimen>
    <dimen name="dm798">599px</dimen>
    <dimen name="dm799">599px</dimen>
    <dimen name="dm800">600px</dimen>
    <dimen name="dm801">601px</dimen>
    <dimen name="dm802">602px</dimen>
    <dimen name="dm803">602px</dimen>
    <dimen name="dm804">603px</dimen>
    <dimen name="dm805">604px</dimen>
    <dimen name="dm806">605px</dimen>
    <dimen name="dm807">605px</dimen>
    <dimen name="dm808">606px</dimen>
    <dimen name="dm809">607px</dimen>
    <dimen name="dm810">608px</dimen>
    <dimen name="dm811">608px</dimen>
    <dimen name="dm812">609px</dimen>
    <dimen name="dm813">610px</dimen>
    <dimen name="dm814">611px</dimen>
    <dimen name="dm815">611px</dimen>
    <dimen name="dm816">612px</dimen>
    <dimen name="dm817">613px</dimen>
    <dimen name="dm818">614px</dimen>
    <dimen name="dm819">614px</dimen>
    <dimen name="dm820">615px</dimen>
    <dimen name="dm821">616px</dimen>
    <dimen name="dm822">617px</dimen>
    <dimen name="dm823">617px</dimen>
    <dimen name="dm824">618px</dimen>
    <dimen name="dm825">619px</dimen>
    <dimen name="dm826">620px</dimen>
    <dimen name="dm827">620px</dimen>
    <dimen name="dm828">621px</dimen>
    <dimen name="dm829">622px</dimen>
    <dimen name="dm830">623px</dimen>
    <dimen name="dm831">623px</dimen>
    <dimen name="dm832">624px</dimen>
    <dimen name="dm833">625px</dimen>
    <dimen name="dm834">626px</dimen>
    <dimen name="dm835">626px</dimen>
    <dimen name="dm836">627px</dimen>
    <dimen name="dm837">628px</dimen>
    <dimen name="dm838">629px</dimen>
    <dimen name="dm839">629px</dimen>
    <dimen name="dm840">630px</dimen>
    <dimen name="dm841">631px</dimen>
    <dimen name="dm842">632px</dimen>
    <dimen name="dm843">632px</dimen>
    <dimen name="dm844">633px</dimen>
    <dimen name="dm845">634px</dimen>
    <dimen name="dm846">635px</dimen>
    <dimen name="dm847">635px</dimen>
    <dimen name="dm848">636px</dimen>
    <dimen name="dm849">637px</dimen>
    <dimen name="dm850">638px</dimen>
    <dimen name="dm851">638px</dimen>
    <dimen name="dm852">639px</dimen>
    <dimen name="dm853">640px</dimen>
    <dimen name="dm854">641px</dimen>
    <dimen name="dm855">641px</dimen>
    <dimen name="dm856">642px</dimen>
    <dimen name="dm857">643px</dimen>
    <dimen name="dm858">644px</dimen>
    <dimen name="dm859">644px</dimen>
    <dimen name="dm860">645px</dimen>
    <dimen name="dm861">646px</dimen>
    <dimen name="dm862">647px</dimen>
    <dimen name="dm863">647px</dimen>
    <dimen name="dm864">648px</dimen>
    <dimen name="dm865">649px</dimen>
    <dimen name="dm866">650px</dimen>
    <dimen name="dm867">650px</dimen>
    <dimen name="dm868">651px</dimen>
    <dimen name="dm869">652px</dimen>
    <dimen name="dm870">653px</dimen>
    <dimen name="dm871">653px</dimen>
    <dimen name="dm872">654px</dimen>
    <dimen name="dm873">655px</dimen>
    <dimen name="dm874">656px</dimen>
    <dimen name="dm875">656px</dimen>
    <dimen name="dm876">657px</dimen>
    <dimen name="dm877">658px</dimen>
    <dimen name="dm878">659px</dimen>
    <dimen name="dm879">659px</dimen>
    <dimen name="dm880">660px</dimen>
    <dimen name="dm881">661px</dimen>
    <dimen name="dm882">662px</dimen>
    <dimen name="dm883">662px</dimen>
    <dimen name="dm884">663px</dimen>
    <dimen name="dm885">664px</dimen>
    <dimen name="dm886">665px</dimen>
    <dimen name="dm887">665px</dimen>
    <dimen name="dm888">666px</dimen>
    <dimen name="dm889">667px</dimen>
    <dimen name="dm890">668px</dimen>
    <dimen name="dm891">668px</dimen>
    <dimen name="dm892">669px</dimen>
    <dimen name="dm893">670px</dimen>
    <dimen name="dm894">671px</dimen>
    <dimen name="dm895">671px</dimen>
    <dimen name="dm896">672px</dimen>
    <dimen name="dm897">673px</dimen>
    <dimen name="dm898">674px</dimen>
    <dimen name="dm899">674px</dimen>
    <dimen name="dm900">675px</dimen>
    <dimen name="dm901">676px</dimen>
    <dimen name="dm902">677px</dimen>
    <dimen name="dm903">677px</dimen>
    <dimen name="dm904">678px</dimen>
    <dimen name="dm905">679px</dimen>
    <dimen name="dm906">680px</dimen>
    <dimen name="dm907">680px</dimen>
    <dimen name="dm908">681px</dimen>
    <dimen name="dm909">682px</dimen>
    <dimen name="dm910">683px</dimen>
    <dimen name="dm911">683px</dimen>
    <dimen name="dm912">684px</dimen>
    <dimen name="dm913">685px</dimen>
    <dimen name="dm914">686px</dimen>
    <dimen name="dm915">686px</dimen>
    <dimen name="dm916">687px</dimen>
    <dimen name="dm917">688px</dimen>
    <dimen name="dm918">689px</dimen>
    <dimen name="dm919">689px</dimen>
    <dimen name="dm920">690px</dimen>
    <dimen name="dm921">691px</dimen>
    <dimen name="dm922">692px</dimen>
    <dimen name="dm923">692px</dimen>
    <dimen name="dm924">693px</dimen>
    <dimen name="dm925">694px</dimen>
    <dimen name="dm926">695px</dimen>
    <dimen name="dm927">695px</dimen>
    <dimen name="dm928">696px</dimen>
    <dimen name="dm929">697px</dimen>
    <dimen name="dm930">698px</dimen>
    <dimen name="dm931">698px</dimen>
    <dimen name="dm932">699px</dimen>
    <dimen name="dm933">700px</dimen>
    <dimen name="dm934">701px</dimen>
    <dimen name="dm935">701px</dimen>
    <dimen name="dm936">702px</dimen>
    <dimen name="dm937">703px</dimen>
    <dimen name="dm938">704px</dimen>
    <dimen name="dm939">704px</dimen>
    <dimen name="dm940">705px</dimen>
    <dimen name="dm941">706px</dimen>
    <dimen name="dm942">707px</dimen>
    <dimen name="dm943">707px</dimen>
    <dimen name="dm944">708px</dimen>
    <dimen name="dm945">709px</dimen>
    <dimen name="dm946">710px</dimen>
    <dimen name="dm947">710px</dimen>
    <dimen name="dm948">711px</dimen>
    <dimen name="dm949">712px</dimen>
    <dimen name="dm950">713px</dimen>
    <dimen name="dm951">713px</dimen>
    <dimen name="dm952">714px</dimen>
    <dimen name="dm953">715px</dimen>
    <dimen name="dm954">716px</dimen>
    <dimen name="dm955">716px</dimen>
    <dimen name="dm956">717px</dimen>
    <dimen name="dm957">718px</dimen>
    <dimen name="dm958">719px</dimen>
    <dimen name="dm959">719px</dimen>
    <dimen name="dm960">720px</dimen>
    <dimen name="dm961">721px</dimen>
    <dimen name="dm962">722px</dimen>
    <dimen name="dm963">722px</dimen>
    <dimen name="dm964">723px</dimen>
    <dimen name="dm965">724px</dimen>
    <dimen name="dm966">725px</dimen>
    <dimen name="dm967">725px</dimen>
    <dimen name="dm968">726px</dimen>
    <dimen name="dm969">727px</dimen>
    <dimen name="dm970">728px</dimen>
    <dimen name="dm971">728px</dimen>
    <dimen name="dm972">729px</dimen>
    <dimen name="dm973">730px</dimen>
    <dimen name="dm974">731px</dimen>
    <dimen name="dm975">731px</dimen>
    <dimen name="dm976">732px</dimen>
    <dimen name="dm977">733px</dimen>
    <dimen name="dm978">734px</dimen>
    <dimen name="dm979">734px</dimen>
    <dimen name="dm980">735px</dimen>
    <dimen name="dm981">736px</dimen>
    <dimen name="dm982">737px</dimen>
    <dimen name="dm983">737px</dimen>
    <dimen name="dm984">738px</dimen>
    <dimen name="dm985">739px</dimen>
    <dimen name="dm986">740px</dimen>
    <dimen name="dm987">740px</dimen>
    <dimen name="dm988">741px</dimen>
    <dimen name="dm989">742px</dimen>
    <dimen name="dm990">743px</dimen>
    <dimen name="dm991">743px</dimen>
    <dimen name="dm992">744px</dimen>
    <dimen name="dm993">745px</dimen>
    <dimen name="dm994">746px</dimen>
    <dimen name="dm995">746px</dimen>
    <dimen name="dm996">747px</dimen>
    <dimen name="dm997">748px</dimen>
    <dimen name="dm998">749px</dimen>
    <dimen name="dm999">749px</dimen>

</resources>