<resources>

    <dimen name="dm_200">-674px</dimen>
    <dimen name="dm_199">-671px</dimen>
    <dimen name="dm_198">-667px</dimen>
    <dimen name="dm_197">-664px</dimen>
    <dimen name="dm_196">-661px</dimen>
    <dimen name="dm_195">-657px</dimen>
    <dimen name="dm_194">-654px</dimen>
    <dimen name="dm_193">-650px</dimen>
    <dimen name="dm_192">-647px</dimen>
    <dimen name="dm_191">-644px</dimen>
    <dimen name="dm_190">-640px</dimen>
    <dimen name="dm_189">-637px</dimen>
    <dimen name="dm_188">-634px</dimen>
    <dimen name="dm_187">-630px</dimen>
    <dimen name="dm_186">-627px</dimen>
    <dimen name="dm_185">-623px</dimen>
    <dimen name="dm_184">-620px</dimen>
    <dimen name="dm_183">-617px</dimen>
    <dimen name="dm_182">-613px</dimen>
    <dimen name="dm_181">-610px</dimen>
    <dimen name="dm_180">-607px</dimen>
    <dimen name="dm_179">-603px</dimen>
    <dimen name="dm_178">-600px</dimen>
    <dimen name="dm_177">-596px</dimen>
    <dimen name="dm_176">-593px</dimen>
    <dimen name="dm_175">-590px</dimen>
    <dimen name="dm_174">-586px</dimen>
    <dimen name="dm_173">-583px</dimen>
    <dimen name="dm_172">-580px</dimen>
    <dimen name="dm_171">-576px</dimen>
    <dimen name="dm_170">-573px</dimen>
    <dimen name="dm_169">-569px</dimen>
    <dimen name="dm_168">-566px</dimen>
    <dimen name="dm_167">-563px</dimen>
    <dimen name="dm_166">-559px</dimen>
    <dimen name="dm_165">-556px</dimen>
    <dimen name="dm_164">-553px</dimen>
    <dimen name="dm_163">-549px</dimen>
    <dimen name="dm_162">-546px</dimen>
    <dimen name="dm_161">-542px</dimen>
    <dimen name="dm_160">-539px</dimen>
    <dimen name="dm_159">-536px</dimen>
    <dimen name="dm_158">-532px</dimen>
    <dimen name="dm_157">-529px</dimen>
    <dimen name="dm_156">-526px</dimen>
    <dimen name="dm_155">-522px</dimen>
    <dimen name="dm_154">-519px</dimen>
    <dimen name="dm_153">-515px</dimen>
    <dimen name="dm_152">-512px</dimen>
    <dimen name="dm_151">-509px</dimen>
    <dimen name="dm_150">-505px</dimen>
    <dimen name="dm_149">-502px</dimen>
    <dimen name="dm_148">-499px</dimen>
    <dimen name="dm_147">-495px</dimen>
    <dimen name="dm_146">-492px</dimen>
    <dimen name="dm_145">-488px</dimen>
    <dimen name="dm_144">-485px</dimen>
    <dimen name="dm_143">-482px</dimen>
    <dimen name="dm_142">-478px</dimen>
    <dimen name="dm_141">-475px</dimen>
    <dimen name="dm_140">-472px</dimen>
    <dimen name="dm_139">-468px</dimen>
    <dimen name="dm_138">-465px</dimen>
    <dimen name="dm_137">-461px</dimen>
    <dimen name="dm_136">-458px</dimen>
    <dimen name="dm_135">-455px</dimen>
    <dimen name="dm_134">-451px</dimen>
    <dimen name="dm_133">-448px</dimen>
    <dimen name="dm_132">-445px</dimen>
    <dimen name="dm_131">-441px</dimen>
    <dimen name="dm_130">-438px</dimen>
    <dimen name="dm_129">-434px</dimen>
    <dimen name="dm_128">-431px</dimen>
    <dimen name="dm_127">-428px</dimen>
    <dimen name="dm_126">-424px</dimen>
    <dimen name="dm_125">-421px</dimen>
    <dimen name="dm_124">-418px</dimen>
    <dimen name="dm_123">-414px</dimen>
    <dimen name="dm_122">-411px</dimen>
    <dimen name="dm_121">-407px</dimen>
    <dimen name="dm_120">-404px</dimen>
    <dimen name="dm_119">-401px</dimen>
    <dimen name="dm_118">-397px</dimen>
    <dimen name="dm_117">-394px</dimen>
    <dimen name="dm_116">-391px</dimen>
    <dimen name="dm_115">-387px</dimen>
    <dimen name="dm_114">-384px</dimen>
    <dimen name="dm_113">-380px</dimen>
    <dimen name="dm_112">-377px</dimen>
    <dimen name="dm_111">-374px</dimen>
    <dimen name="dm_110">-370px</dimen>
    <dimen name="dm_109">-367px</dimen>
    <dimen name="dm_108">-364px</dimen>
    <dimen name="dm_107">-360px</dimen>
    <dimen name="dm_106">-357px</dimen>
    <dimen name="dm_105">-353px</dimen>
    <dimen name="dm_104">-350px</dimen>
    <dimen name="dm_103">-347px</dimen>
    <dimen name="dm_102">-343px</dimen>
    <dimen name="dm_101">-340px</dimen>
    <dimen name="dm_100">-337px</dimen>
    <dimen name="dm_099">-333px</dimen>
    <dimen name="dm_098">-330px</dimen>
    <dimen name="dm_097">-326px</dimen>
    <dimen name="dm_096">-323px</dimen>
    <dimen name="dm_095">-320px</dimen>
    <dimen name="dm_094">-316px</dimen>
    <dimen name="dm_093">-313px</dimen>
    <dimen name="dm_092">-310px</dimen>
    <dimen name="dm_091">-306px</dimen>
    <dimen name="dm_090">-303px</dimen>
    <dimen name="dm_089">-299px</dimen>
    <dimen name="dm_088">-296px</dimen>
    <dimen name="dm_087">-293px</dimen>
    <dimen name="dm_086">-289px</dimen>
    <dimen name="dm_085">-286px</dimen>
    <dimen name="dm_084">-283px</dimen>
    <dimen name="dm_083">-279px</dimen>
    <dimen name="dm_082">-276px</dimen>
    <dimen name="dm_081">-272px</dimen>
    <dimen name="dm_080">-269px</dimen>
    <dimen name="dm_079">-266px</dimen>
    <dimen name="dm_078">-262px</dimen>
    <dimen name="dm_077">-259px</dimen>
    <dimen name="dm_076">-256px</dimen>
    <dimen name="dm_075">-252px</dimen>
    <dimen name="dm_074">-249px</dimen>
    <dimen name="dm_073">-245px</dimen>
    <dimen name="dm_072">-242px</dimen>
    <dimen name="dm_071">-239px</dimen>
    <dimen name="dm_070">-235px</dimen>
    <dimen name="dm_069">-232px</dimen>
    <dimen name="dm_068">-229px</dimen>
    <dimen name="dm_067">-225px</dimen>
    <dimen name="dm_066">-222px</dimen>
    <dimen name="dm_065">-218px</dimen>
    <dimen name="dm_064">-215px</dimen>
    <dimen name="dm_063">-212px</dimen>
    <dimen name="dm_062">-208px</dimen>
    <dimen name="dm_061">-205px</dimen>
    <dimen name="dm_060">-202px</dimen>
    <dimen name="dm_059">-198px</dimen>
    <dimen name="dm_058">-195px</dimen>
    <dimen name="dm_057">-191px</dimen>
    <dimen name="dm_056">-188px</dimen>
    <dimen name="dm_055">-185px</dimen>
    <dimen name="dm_054">-181px</dimen>
    <dimen name="dm_053">-178px</dimen>
    <dimen name="dm_052">-175px</dimen>
    <dimen name="dm_051">-171px</dimen>
    <dimen name="dm_050">-168px</dimen>
    <dimen name="dm_049">-164px</dimen>
    <dimen name="dm_048">-161px</dimen>
    <dimen name="dm_047">-158px</dimen>
    <dimen name="dm_046">-154px</dimen>
    <dimen name="dm_045">-151px</dimen>
    <dimen name="dm_044">-148px</dimen>
    <dimen name="dm_043">-144px</dimen>
    <dimen name="dm_042">-141px</dimen>
    <dimen name="dm_041">-137px</dimen>
    <dimen name="dm_040">-134px</dimen>
    <dimen name="dm_039">-131px</dimen>
    <dimen name="dm_038">-127px</dimen>
    <dimen name="dm_037">-124px</dimen>
    <dimen name="dm_036">-121px</dimen>
    <dimen name="dm_035">-117px</dimen>
    <dimen name="dm_034">-114px</dimen>
    <dimen name="dm_033">-110px</dimen>
    <dimen name="dm_032">-107px</dimen>
    <dimen name="dm_031">-104px</dimen>
    <dimen name="dm_030">-100px</dimen>
    <dimen name="dm_029">-97px</dimen>
    <dimen name="dm_028">-94px</dimen>
    <dimen name="dm_027">-90px</dimen>
    <dimen name="dm_026">-87px</dimen>
    <dimen name="dm_025">-83px</dimen>
    <dimen name="dm_024">-80px</dimen>
    <dimen name="dm_023">-77px</dimen>
    <dimen name="dm_022">-73px</dimen>
    <dimen name="dm_021">-70px</dimen>
    <dimen name="dm_020">-67px</dimen>
    <dimen name="dm_019">-63px</dimen>
    <dimen name="dm_018">-60px</dimen>
    <dimen name="dm_017">-56px</dimen>
    <dimen name="dm_016">-53px</dimen>
    <dimen name="dm_015">-50px</dimen>
    <dimen name="dm_014">-46px</dimen>
    <dimen name="dm_013">-43px</dimen>
    <dimen name="dm_012">-40px</dimen>
    <dimen name="dm_011">-36px</dimen>
    <dimen name="dm_010">-33px</dimen>
    <dimen name="dm_009">-29px</dimen>
    <dimen name="dm_008">-26px</dimen>
    <dimen name="dm_007">-23px</dimen>
    <dimen name="dm_006">-19px</dimen>
    <dimen name="dm_005">-16px</dimen>
    <dimen name="dm_004">-13px</dimen>
    <dimen name="dm_003">-9px</dimen>
    <dimen name="dm_002">-6px</dimen>
    <dimen name="dm_001">-2px</dimen>
    <dimen name="dm000">0px</dimen>
    <dimen name="dm001">3px</dimen>
    <dimen name="dm002">7px</dimen>
    <dimen name="dm003">10px</dimen>
    <dimen name="dm004">14px</dimen>
    <dimen name="dm005">17px</dimen>
    <dimen name="dm006">20px</dimen>
    <dimen name="dm007">24px</dimen>
    <dimen name="dm008">27px</dimen>
    <dimen name="dm009">30px</dimen>
    <dimen name="dm010">34px</dimen>
    <dimen name="dm011">37px</dimen>
    <dimen name="dm012">41px</dimen>
    <dimen name="dm013">44px</dimen>
    <dimen name="dm014">47px</dimen>
    <dimen name="dm015">51px</dimen>
    <dimen name="dm016">54px</dimen>
    <dimen name="dm017">57px</dimen>
    <dimen name="dm018">61px</dimen>
    <dimen name="dm019">64px</dimen>
    <dimen name="dm020">68px</dimen>
    <dimen name="dm021">71px</dimen>
    <dimen name="dm022">74px</dimen>
    <dimen name="dm023">78px</dimen>
    <dimen name="dm024">81px</dimen>
    <dimen name="dm025">84px</dimen>
    <dimen name="dm026">88px</dimen>
    <dimen name="dm027">91px</dimen>
    <dimen name="dm028">95px</dimen>
    <dimen name="dm029">98px</dimen>
    <dimen name="dm030">101px</dimen>
    <dimen name="dm031">105px</dimen>
    <dimen name="dm032">108px</dimen>
    <dimen name="dm033">111px</dimen>
    <dimen name="dm034">115px</dimen>
    <dimen name="dm035">118px</dimen>
    <dimen name="dm036">122px</dimen>
    <dimen name="dm037">125px</dimen>
    <dimen name="dm038">128px</dimen>
    <dimen name="dm039">132px</dimen>
    <dimen name="dm040">135px</dimen>
    <dimen name="dm041">138px</dimen>
    <dimen name="dm042">142px</dimen>
    <dimen name="dm043">145px</dimen>
    <dimen name="dm044">149px</dimen>
    <dimen name="dm045">152px</dimen>
    <dimen name="dm046">155px</dimen>
    <dimen name="dm047">159px</dimen>
    <dimen name="dm048">162px</dimen>
    <dimen name="dm049">165px</dimen>
    <dimen name="dm050">169px</dimen>
    <dimen name="dm051">172px</dimen>
    <dimen name="dm052">176px</dimen>
    <dimen name="dm053">179px</dimen>
    <dimen name="dm054">182px</dimen>
    <dimen name="dm055">186px</dimen>
    <dimen name="dm056">189px</dimen>
    <dimen name="dm057">192px</dimen>
    <dimen name="dm058">196px</dimen>
    <dimen name="dm059">199px</dimen>
    <dimen name="dm060">203px</dimen>
    <dimen name="dm061">206px</dimen>
    <dimen name="dm062">209px</dimen>
    <dimen name="dm063">213px</dimen>
    <dimen name="dm064">216px</dimen>
    <dimen name="dm065">219px</dimen>
    <dimen name="dm066">223px</dimen>
    <dimen name="dm067">226px</dimen>
    <dimen name="dm068">230px</dimen>
    <dimen name="dm069">233px</dimen>
    <dimen name="dm070">236px</dimen>
    <dimen name="dm071">240px</dimen>
    <dimen name="dm072">243px</dimen>
    <dimen name="dm073">246px</dimen>
    <dimen name="dm074">250px</dimen>
    <dimen name="dm075">253px</dimen>
    <dimen name="dm076">257px</dimen>
    <dimen name="dm077">260px</dimen>
    <dimen name="dm078">263px</dimen>
    <dimen name="dm079">267px</dimen>
    <dimen name="dm080">270px</dimen>
    <dimen name="dm081">273px</dimen>
    <dimen name="dm082">277px</dimen>
    <dimen name="dm083">280px</dimen>
    <dimen name="dm084">284px</dimen>
    <dimen name="dm085">287px</dimen>
    <dimen name="dm086">290px</dimen>
    <dimen name="dm087">294px</dimen>
    <dimen name="dm088">297px</dimen>
    <dimen name="dm089">300px</dimen>
    <dimen name="dm090">304px</dimen>
    <dimen name="dm091">307px</dimen>
    <dimen name="dm092">311px</dimen>
    <dimen name="dm093">314px</dimen>
    <dimen name="dm094">317px</dimen>
    <dimen name="dm095">321px</dimen>
    <dimen name="dm096">324px</dimen>
    <dimen name="dm097">327px</dimen>
    <dimen name="dm098">331px</dimen>
    <dimen name="dm099">334px</dimen>
    <dimen name="dm100">338px</dimen>
    <dimen name="dm101">341px</dimen>
    <dimen name="dm102">344px</dimen>
    <dimen name="dm103">348px</dimen>
    <dimen name="dm104">351px</dimen>
    <dimen name="dm105">354px</dimen>
    <dimen name="dm106">358px</dimen>
    <dimen name="dm107">361px</dimen>
    <dimen name="dm108">365px</dimen>
    <dimen name="dm109">368px</dimen>
    <dimen name="dm110">371px</dimen>
    <dimen name="dm111">375px</dimen>
    <dimen name="dm112">378px</dimen>
    <dimen name="dm113">381px</dimen>
    <dimen name="dm114">385px</dimen>
    <dimen name="dm115">388px</dimen>
    <dimen name="dm116">392px</dimen>
    <dimen name="dm117">395px</dimen>
    <dimen name="dm118">398px</dimen>
    <dimen name="dm119">402px</dimen>
    <dimen name="dm120">405px</dimen>
    <dimen name="dm121">408px</dimen>
    <dimen name="dm122">412px</dimen>
    <dimen name="dm123">415px</dimen>
    <dimen name="dm124">419px</dimen>
    <dimen name="dm125">422px</dimen>
    <dimen name="dm126">425px</dimen>
    <dimen name="dm127">429px</dimen>
    <dimen name="dm128">432px</dimen>
    <dimen name="dm129">435px</dimen>
    <dimen name="dm130">439px</dimen>
    <dimen name="dm131">442px</dimen>
    <dimen name="dm132">446px</dimen>
    <dimen name="dm133">449px</dimen>
    <dimen name="dm134">452px</dimen>
    <dimen name="dm135">456px</dimen>
    <dimen name="dm136">459px</dimen>
    <dimen name="dm137">462px</dimen>
    <dimen name="dm138">466px</dimen>
    <dimen name="dm139">469px</dimen>
    <dimen name="dm140">473px</dimen>
    <dimen name="dm141">476px</dimen>
    <dimen name="dm142">479px</dimen>
    <dimen name="dm143">483px</dimen>
    <dimen name="dm144">486px</dimen>
    <dimen name="dm145">489px</dimen>
    <dimen name="dm146">493px</dimen>
    <dimen name="dm147">496px</dimen>
    <dimen name="dm148">500px</dimen>
    <dimen name="dm149">503px</dimen>
    <dimen name="dm150">506px</dimen>
    <dimen name="dm151">510px</dimen>
    <dimen name="dm152">513px</dimen>
    <dimen name="dm153">516px</dimen>
    <dimen name="dm154">520px</dimen>
    <dimen name="dm155">523px</dimen>
    <dimen name="dm156">527px</dimen>
    <dimen name="dm157">530px</dimen>
    <dimen name="dm158">533px</dimen>
    <dimen name="dm159">537px</dimen>
    <dimen name="dm160">540px</dimen>
    <dimen name="dm161">543px</dimen>
    <dimen name="dm162">547px</dimen>
    <dimen name="dm163">550px</dimen>
    <dimen name="dm164">554px</dimen>
    <dimen name="dm165">557px</dimen>
    <dimen name="dm166">560px</dimen>
    <dimen name="dm167">564px</dimen>
    <dimen name="dm168">567px</dimen>
    <dimen name="dm169">570px</dimen>
    <dimen name="dm170">574px</dimen>
    <dimen name="dm171">577px</dimen>
    <dimen name="dm172">581px</dimen>
    <dimen name="dm173">584px</dimen>
    <dimen name="dm174">587px</dimen>
    <dimen name="dm175">591px</dimen>
    <dimen name="dm176">594px</dimen>
    <dimen name="dm177">597px</dimen>
    <dimen name="dm178">601px</dimen>
    <dimen name="dm179">604px</dimen>
    <dimen name="dm180">608px</dimen>
    <dimen name="dm181">611px</dimen>
    <dimen name="dm182">614px</dimen>
    <dimen name="dm183">618px</dimen>
    <dimen name="dm184">621px</dimen>
    <dimen name="dm185">624px</dimen>
    <dimen name="dm186">628px</dimen>
    <dimen name="dm187">631px</dimen>
    <dimen name="dm188">635px</dimen>
    <dimen name="dm189">638px</dimen>
    <dimen name="dm190">641px</dimen>
    <dimen name="dm191">645px</dimen>
    <dimen name="dm192">648px</dimen>
    <dimen name="dm193">651px</dimen>
    <dimen name="dm194">655px</dimen>
    <dimen name="dm195">658px</dimen>
    <dimen name="dm196">662px</dimen>
    <dimen name="dm197">665px</dimen>
    <dimen name="dm198">668px</dimen>
    <dimen name="dm199">672px</dimen>
    <dimen name="dm200">675px</dimen>
    <dimen name="dm201">678px</dimen>
    <dimen name="dm202">682px</dimen>
    <dimen name="dm203">685px</dimen>
    <dimen name="dm204">689px</dimen>
    <dimen name="dm205">692px</dimen>
    <dimen name="dm206">695px</dimen>
    <dimen name="dm207">699px</dimen>
    <dimen name="dm208">702px</dimen>
    <dimen name="dm209">705px</dimen>
    <dimen name="dm210">709px</dimen>
    <dimen name="dm211">712px</dimen>
    <dimen name="dm212">716px</dimen>
    <dimen name="dm213">719px</dimen>
    <dimen name="dm214">722px</dimen>
    <dimen name="dm215">726px</dimen>
    <dimen name="dm216">729px</dimen>
    <dimen name="dm217">732px</dimen>
    <dimen name="dm218">736px</dimen>
    <dimen name="dm219">739px</dimen>
    <dimen name="dm220">743px</dimen>
    <dimen name="dm221">746px</dimen>
    <dimen name="dm222">749px</dimen>
    <dimen name="dm223">753px</dimen>
    <dimen name="dm224">756px</dimen>
    <dimen name="dm225">759px</dimen>
    <dimen name="dm226">763px</dimen>
    <dimen name="dm227">766px</dimen>
    <dimen name="dm228">770px</dimen>
    <dimen name="dm229">773px</dimen>
    <dimen name="dm230">776px</dimen>
    <dimen name="dm231">780px</dimen>
    <dimen name="dm232">783px</dimen>
    <dimen name="dm233">786px</dimen>
    <dimen name="dm234">790px</dimen>
    <dimen name="dm235">793px</dimen>
    <dimen name="dm236">797px</dimen>
    <dimen name="dm237">800px</dimen>
    <dimen name="dm238">803px</dimen>
    <dimen name="dm239">807px</dimen>
    <dimen name="dm240">810px</dimen>
    <dimen name="dm241">813px</dimen>
    <dimen name="dm242">817px</dimen>
    <dimen name="dm243">820px</dimen>
    <dimen name="dm244">824px</dimen>
    <dimen name="dm245">827px</dimen>
    <dimen name="dm246">830px</dimen>
    <dimen name="dm247">834px</dimen>
    <dimen name="dm248">837px</dimen>
    <dimen name="dm249">840px</dimen>
    <dimen name="dm250">844px</dimen>
    <dimen name="dm251">847px</dimen>
    <dimen name="dm252">851px</dimen>
    <dimen name="dm253">854px</dimen>
    <dimen name="dm254">857px</dimen>
    <dimen name="dm255">861px</dimen>
    <dimen name="dm256">864px</dimen>
    <dimen name="dm257">867px</dimen>
    <dimen name="dm258">871px</dimen>
    <dimen name="dm259">874px</dimen>
    <dimen name="dm260">878px</dimen>
    <dimen name="dm261">881px</dimen>
    <dimen name="dm262">884px</dimen>
    <dimen name="dm263">888px</dimen>
    <dimen name="dm264">891px</dimen>
    <dimen name="dm265">894px</dimen>
    <dimen name="dm266">898px</dimen>
    <dimen name="dm267">901px</dimen>
    <dimen name="dm268">905px</dimen>
    <dimen name="dm269">908px</dimen>
    <dimen name="dm270">911px</dimen>
    <dimen name="dm271">915px</dimen>
    <dimen name="dm272">918px</dimen>
    <dimen name="dm273">921px</dimen>
    <dimen name="dm274">925px</dimen>
    <dimen name="dm275">928px</dimen>
    <dimen name="dm276">932px</dimen>
    <dimen name="dm277">935px</dimen>
    <dimen name="dm278">938px</dimen>
    <dimen name="dm279">942px</dimen>
    <dimen name="dm280">945px</dimen>
    <dimen name="dm281">948px</dimen>
    <dimen name="dm282">952px</dimen>
    <dimen name="dm283">955px</dimen>
    <dimen name="dm284">959px</dimen>
    <dimen name="dm285">962px</dimen>
    <dimen name="dm286">965px</dimen>
    <dimen name="dm287">969px</dimen>
    <dimen name="dm288">972px</dimen>
    <dimen name="dm289">975px</dimen>
    <dimen name="dm290">979px</dimen>
    <dimen name="dm291">982px</dimen>
    <dimen name="dm292">986px</dimen>
    <dimen name="dm293">989px</dimen>
    <dimen name="dm294">992px</dimen>
    <dimen name="dm295">996px</dimen>
    <dimen name="dm296">999px</dimen>
    <dimen name="dm297">1002px</dimen>
    <dimen name="dm298">1006px</dimen>
    <dimen name="dm299">1009px</dimen>
    <dimen name="dm300">1013px</dimen>
    <dimen name="dm301">1016px</dimen>
    <dimen name="dm302">1019px</dimen>
    <dimen name="dm303">1023px</dimen>
    <dimen name="dm304">1026px</dimen>
    <dimen name="dm305">1029px</dimen>
    <dimen name="dm306">1033px</dimen>
    <dimen name="dm307">1036px</dimen>
    <dimen name="dm308">1040px</dimen>
    <dimen name="dm309">1043px</dimen>
    <dimen name="dm310">1046px</dimen>
    <dimen name="dm311">1050px</dimen>
    <dimen name="dm312">1053px</dimen>
    <dimen name="dm313">1056px</dimen>
    <dimen name="dm314">1060px</dimen>
    <dimen name="dm315">1063px</dimen>
    <dimen name="dm316">1067px</dimen>
    <dimen name="dm317">1070px</dimen>
    <dimen name="dm318">1073px</dimen>
    <dimen name="dm319">1077px</dimen>
    <dimen name="dm320">1080px</dimen>
    <dimen name="dm321">1083px</dimen>
    <dimen name="dm322">1087px</dimen>
    <dimen name="dm323">1090px</dimen>
    <dimen name="dm324">1094px</dimen>
    <dimen name="dm325">1097px</dimen>
    <dimen name="dm326">1100px</dimen>
    <dimen name="dm327">1104px</dimen>
    <dimen name="dm328">1107px</dimen>
    <dimen name="dm329">1110px</dimen>
    <dimen name="dm330">1114px</dimen>
    <dimen name="dm331">1117px</dimen>
    <dimen name="dm332">1121px</dimen>
    <dimen name="dm333">1124px</dimen>
    <dimen name="dm334">1127px</dimen>
    <dimen name="dm335">1131px</dimen>
    <dimen name="dm336">1134px</dimen>
    <dimen name="dm337">1137px</dimen>
    <dimen name="dm338">1141px</dimen>
    <dimen name="dm339">1144px</dimen>
    <dimen name="dm340">1148px</dimen>
    <dimen name="dm341">1151px</dimen>
    <dimen name="dm342">1154px</dimen>
    <dimen name="dm343">1158px</dimen>
    <dimen name="dm344">1161px</dimen>
    <dimen name="dm345">1164px</dimen>
    <dimen name="dm346">1168px</dimen>
    <dimen name="dm347">1171px</dimen>
    <dimen name="dm348">1175px</dimen>
    <dimen name="dm349">1178px</dimen>
    <dimen name="dm350">1181px</dimen>
    <dimen name="dm351">1185px</dimen>
    <dimen name="dm352">1188px</dimen>
    <dimen name="dm353">1191px</dimen>
    <dimen name="dm354">1195px</dimen>
    <dimen name="dm355">1198px</dimen>
    <dimen name="dm356">1202px</dimen>
    <dimen name="dm357">1205px</dimen>
    <dimen name="dm358">1208px</dimen>
    <dimen name="dm359">1212px</dimen>
    <dimen name="dm360">1215px</dimen>
    <dimen name="dm361">1218px</dimen>
    <dimen name="dm362">1222px</dimen>
    <dimen name="dm363">1225px</dimen>
    <dimen name="dm364">1229px</dimen>
    <dimen name="dm365">1232px</dimen>
    <dimen name="dm366">1235px</dimen>
    <dimen name="dm367">1239px</dimen>
    <dimen name="dm368">1242px</dimen>
    <dimen name="dm369">1245px</dimen>
    <dimen name="dm370">1249px</dimen>
    <dimen name="dm371">1252px</dimen>
    <dimen name="dm372">1256px</dimen>
    <dimen name="dm373">1259px</dimen>
    <dimen name="dm374">1262px</dimen>
    <dimen name="dm375">1266px</dimen>
    <dimen name="dm376">1269px</dimen>
    <dimen name="dm377">1272px</dimen>
    <dimen name="dm378">1276px</dimen>
    <dimen name="dm379">1279px</dimen>
    <dimen name="dm380">1283px</dimen>
    <dimen name="dm381">1286px</dimen>
    <dimen name="dm382">1289px</dimen>
    <dimen name="dm383">1293px</dimen>
    <dimen name="dm384">1296px</dimen>
    <dimen name="dm385">1299px</dimen>
    <dimen name="dm386">1303px</dimen>
    <dimen name="dm387">1306px</dimen>
    <dimen name="dm388">1310px</dimen>
    <dimen name="dm389">1313px</dimen>
    <dimen name="dm390">1316px</dimen>
    <dimen name="dm391">1320px</dimen>
    <dimen name="dm392">1323px</dimen>
    <dimen name="dm393">1326px</dimen>
    <dimen name="dm394">1330px</dimen>
    <dimen name="dm395">1333px</dimen>
    <dimen name="dm396">1337px</dimen>
    <dimen name="dm397">1340px</dimen>
    <dimen name="dm398">1343px</dimen>
    <dimen name="dm399">1347px</dimen>
    <dimen name="dm400">1350px</dimen>
    <dimen name="dm401">1353px</dimen>
    <dimen name="dm402">1357px</dimen>
    <dimen name="dm403">1360px</dimen>
    <dimen name="dm404">1364px</dimen>
    <dimen name="dm405">1367px</dimen>
    <dimen name="dm406">1370px</dimen>
    <dimen name="dm407">1374px</dimen>
    <dimen name="dm408">1377px</dimen>
    <dimen name="dm409">1380px</dimen>
    <dimen name="dm410">1384px</dimen>
    <dimen name="dm411">1387px</dimen>
    <dimen name="dm412">1391px</dimen>
    <dimen name="dm413">1394px</dimen>
    <dimen name="dm414">1397px</dimen>
    <dimen name="dm415">1401px</dimen>
    <dimen name="dm416">1404px</dimen>
    <dimen name="dm417">1407px</dimen>
    <dimen name="dm418">1411px</dimen>
    <dimen name="dm419">1414px</dimen>
    <dimen name="dm420">1418px</dimen>
    <dimen name="dm421">1421px</dimen>
    <dimen name="dm422">1424px</dimen>
    <dimen name="dm423">1428px</dimen>
    <dimen name="dm424">1431px</dimen>
    <dimen name="dm425">1434px</dimen>
    <dimen name="dm426">1438px</dimen>
    <dimen name="dm427">1441px</dimen>
    <dimen name="dm428">1445px</dimen>
    <dimen name="dm429">1448px</dimen>
    <dimen name="dm430">1451px</dimen>
    <dimen name="dm431">1455px</dimen>
    <dimen name="dm432">1458px</dimen>
    <dimen name="dm433">1461px</dimen>
    <dimen name="dm434">1465px</dimen>
    <dimen name="dm435">1468px</dimen>
    <dimen name="dm436">1472px</dimen>
    <dimen name="dm437">1475px</dimen>
    <dimen name="dm438">1478px</dimen>
    <dimen name="dm439">1482px</dimen>
    <dimen name="dm440">1485px</dimen>
    <dimen name="dm441">1488px</dimen>
    <dimen name="dm442">1492px</dimen>
    <dimen name="dm443">1495px</dimen>
    <dimen name="dm444">1499px</dimen>
    <dimen name="dm445">1502px</dimen>
    <dimen name="dm446">1505px</dimen>
    <dimen name="dm447">1509px</dimen>
    <dimen name="dm448">1512px</dimen>
    <dimen name="dm449">1515px</dimen>
    <dimen name="dm450">1519px</dimen>
    <dimen name="dm451">1522px</dimen>
    <dimen name="dm452">1526px</dimen>
    <dimen name="dm453">1529px</dimen>
    <dimen name="dm454">1532px</dimen>
    <dimen name="dm455">1536px</dimen>
    <dimen name="dm456">1539px</dimen>
    <dimen name="dm457">1542px</dimen>
    <dimen name="dm458">1546px</dimen>
    <dimen name="dm459">1549px</dimen>
    <dimen name="dm460">1553px</dimen>
    <dimen name="dm461">1556px</dimen>
    <dimen name="dm462">1559px</dimen>
    <dimen name="dm463">1563px</dimen>
    <dimen name="dm464">1566px</dimen>
    <dimen name="dm465">1569px</dimen>
    <dimen name="dm466">1573px</dimen>
    <dimen name="dm467">1576px</dimen>
    <dimen name="dm468">1580px</dimen>
    <dimen name="dm469">1583px</dimen>
    <dimen name="dm470">1586px</dimen>
    <dimen name="dm471">1590px</dimen>
    <dimen name="dm472">1593px</dimen>
    <dimen name="dm473">1596px</dimen>
    <dimen name="dm474">1600px</dimen>
    <dimen name="dm475">1603px</dimen>
    <dimen name="dm476">1607px</dimen>
    <dimen name="dm477">1610px</dimen>
    <dimen name="dm478">1613px</dimen>
    <dimen name="dm479">1617px</dimen>
    <dimen name="dm480">1620px</dimen>
    <dimen name="dm481">1623px</dimen>
    <dimen name="dm482">1627px</dimen>
    <dimen name="dm483">1630px</dimen>
    <dimen name="dm484">1634px</dimen>
    <dimen name="dm485">1637px</dimen>
    <dimen name="dm486">1640px</dimen>
    <dimen name="dm487">1644px</dimen>
    <dimen name="dm488">1647px</dimen>
    <dimen name="dm489">1650px</dimen>
    <dimen name="dm490">1654px</dimen>
    <dimen name="dm491">1657px</dimen>
    <dimen name="dm492">1661px</dimen>
    <dimen name="dm493">1664px</dimen>
    <dimen name="dm494">1667px</dimen>
    <dimen name="dm495">1671px</dimen>
    <dimen name="dm496">1674px</dimen>
    <dimen name="dm497">1677px</dimen>
    <dimen name="dm498">1681px</dimen>
    <dimen name="dm499">1684px</dimen>
    <dimen name="dm500">1688px</dimen>
    <dimen name="dm501">1691px</dimen>
    <dimen name="dm502">1694px</dimen>
    <dimen name="dm503">1698px</dimen>
    <dimen name="dm504">1701px</dimen>
    <dimen name="dm505">1704px</dimen>
    <dimen name="dm506">1708px</dimen>
    <dimen name="dm507">1711px</dimen>
    <dimen name="dm508">1715px</dimen>
    <dimen name="dm509">1718px</dimen>
    <dimen name="dm510">1721px</dimen>
    <dimen name="dm511">1725px</dimen>
    <dimen name="dm512">1728px</dimen>
    <dimen name="dm513">1731px</dimen>
    <dimen name="dm514">1735px</dimen>
    <dimen name="dm515">1738px</dimen>
    <dimen name="dm516">1742px</dimen>
    <dimen name="dm517">1745px</dimen>
    <dimen name="dm518">1748px</dimen>
    <dimen name="dm519">1752px</dimen>
    <dimen name="dm520">1755px</dimen>
    <dimen name="dm521">1758px</dimen>
    <dimen name="dm522">1762px</dimen>
    <dimen name="dm523">1765px</dimen>
    <dimen name="dm524">1769px</dimen>
    <dimen name="dm525">1772px</dimen>
    <dimen name="dm526">1775px</dimen>
    <dimen name="dm527">1779px</dimen>
    <dimen name="dm528">1782px</dimen>
    <dimen name="dm529">1785px</dimen>
    <dimen name="dm530">1789px</dimen>
    <dimen name="dm531">1792px</dimen>
    <dimen name="dm532">1796px</dimen>
    <dimen name="dm533">1799px</dimen>
    <dimen name="dm534">1802px</dimen>
    <dimen name="dm535">1806px</dimen>
    <dimen name="dm536">1809px</dimen>
    <dimen name="dm537">1812px</dimen>
    <dimen name="dm538">1816px</dimen>
    <dimen name="dm539">1819px</dimen>
    <dimen name="dm540">1823px</dimen>
    <dimen name="dm541">1826px</dimen>
    <dimen name="dm542">1829px</dimen>
    <dimen name="dm543">1833px</dimen>
    <dimen name="dm544">1836px</dimen>
    <dimen name="dm545">1839px</dimen>
    <dimen name="dm546">1843px</dimen>
    <dimen name="dm547">1846px</dimen>
    <dimen name="dm548">1850px</dimen>
    <dimen name="dm549">1853px</dimen>
    <dimen name="dm550">1856px</dimen>
    <dimen name="dm551">1860px</dimen>
    <dimen name="dm552">1863px</dimen>
    <dimen name="dm553">1866px</dimen>
    <dimen name="dm554">1870px</dimen>
    <dimen name="dm555">1873px</dimen>
    <dimen name="dm556">1877px</dimen>
    <dimen name="dm557">1880px</dimen>
    <dimen name="dm558">1883px</dimen>
    <dimen name="dm559">1887px</dimen>
    <dimen name="dm560">1890px</dimen>
    <dimen name="dm561">1893px</dimen>
    <dimen name="dm562">1897px</dimen>
    <dimen name="dm563">1900px</dimen>
    <dimen name="dm564">1904px</dimen>
    <dimen name="dm565">1907px</dimen>
    <dimen name="dm566">1910px</dimen>
    <dimen name="dm567">1914px</dimen>
    <dimen name="dm568">1917px</dimen>
    <dimen name="dm569">1920px</dimen>
    <dimen name="dm570">1924px</dimen>
    <dimen name="dm571">1927px</dimen>
    <dimen name="dm572">1931px</dimen>
    <dimen name="dm573">1934px</dimen>
    <dimen name="dm574">1937px</dimen>
    <dimen name="dm575">1941px</dimen>
    <dimen name="dm576">1944px</dimen>
    <dimen name="dm577">1947px</dimen>
    <dimen name="dm578">1951px</dimen>
    <dimen name="dm579">1954px</dimen>
    <dimen name="dm580">1958px</dimen>
    <dimen name="dm581">1961px</dimen>
    <dimen name="dm582">1964px</dimen>
    <dimen name="dm583">1968px</dimen>
    <dimen name="dm584">1971px</dimen>
    <dimen name="dm585">1974px</dimen>
    <dimen name="dm586">1978px</dimen>
    <dimen name="dm587">1981px</dimen>
    <dimen name="dm588">1985px</dimen>
    <dimen name="dm589">1988px</dimen>
    <dimen name="dm590">1991px</dimen>
    <dimen name="dm591">1995px</dimen>
    <dimen name="dm592">1998px</dimen>
    <dimen name="dm593">2001px</dimen>
    <dimen name="dm594">2005px</dimen>
    <dimen name="dm595">2008px</dimen>
    <dimen name="dm596">2012px</dimen>
    <dimen name="dm597">2015px</dimen>
    <dimen name="dm598">2018px</dimen>
    <dimen name="dm599">2022px</dimen>
    <dimen name="dm600">2025px</dimen>
    <dimen name="dm601">2028px</dimen>
    <dimen name="dm602">2032px</dimen>
    <dimen name="dm603">2035px</dimen>
    <dimen name="dm604">2039px</dimen>
    <dimen name="dm605">2042px</dimen>
    <dimen name="dm606">2045px</dimen>
    <dimen name="dm607">2049px</dimen>
    <dimen name="dm608">2052px</dimen>
    <dimen name="dm609">2055px</dimen>
    <dimen name="dm610">2059px</dimen>
    <dimen name="dm611">2062px</dimen>
    <dimen name="dm612">2066px</dimen>
    <dimen name="dm613">2069px</dimen>
    <dimen name="dm614">2072px</dimen>
    <dimen name="dm615">2076px</dimen>
    <dimen name="dm616">2079px</dimen>
    <dimen name="dm617">2082px</dimen>
    <dimen name="dm618">2086px</dimen>
    <dimen name="dm619">2089px</dimen>
    <dimen name="dm620">2093px</dimen>
    <dimen name="dm621">2096px</dimen>
    <dimen name="dm622">2099px</dimen>
    <dimen name="dm623">2103px</dimen>
    <dimen name="dm624">2106px</dimen>
    <dimen name="dm625">2109px</dimen>
    <dimen name="dm626">2113px</dimen>
    <dimen name="dm627">2116px</dimen>
    <dimen name="dm628">2120px</dimen>
    <dimen name="dm629">2123px</dimen>
    <dimen name="dm630">2126px</dimen>
    <dimen name="dm631">2130px</dimen>
    <dimen name="dm632">2133px</dimen>
    <dimen name="dm633">2136px</dimen>
    <dimen name="dm634">2140px</dimen>
    <dimen name="dm635">2143px</dimen>
    <dimen name="dm636">2147px</dimen>
    <dimen name="dm637">2150px</dimen>
    <dimen name="dm638">2153px</dimen>
    <dimen name="dm639">2157px</dimen>
    <dimen name="dm640">2160px</dimen>
    <dimen name="dm641">2163px</dimen>
    <dimen name="dm642">2167px</dimen>
    <dimen name="dm643">2170px</dimen>
    <dimen name="dm644">2174px</dimen>
    <dimen name="dm645">2177px</dimen>
    <dimen name="dm646">2180px</dimen>
    <dimen name="dm647">2184px</dimen>
    <dimen name="dm648">2187px</dimen>
    <dimen name="dm649">2190px</dimen>
    <dimen name="dm650">2194px</dimen>
    <dimen name="dm651">2197px</dimen>
    <dimen name="dm652">2201px</dimen>
    <dimen name="dm653">2204px</dimen>
    <dimen name="dm654">2207px</dimen>
    <dimen name="dm655">2211px</dimen>
    <dimen name="dm656">2214px</dimen>
    <dimen name="dm657">2217px</dimen>
    <dimen name="dm658">2221px</dimen>
    <dimen name="dm659">2224px</dimen>
    <dimen name="dm660">2228px</dimen>
    <dimen name="dm661">2231px</dimen>
    <dimen name="dm662">2234px</dimen>
    <dimen name="dm663">2238px</dimen>
    <dimen name="dm664">2241px</dimen>
    <dimen name="dm665">2244px</dimen>
    <dimen name="dm666">2248px</dimen>
    <dimen name="dm667">2251px</dimen>
    <dimen name="dm668">2255px</dimen>
    <dimen name="dm669">2258px</dimen>
    <dimen name="dm670">2261px</dimen>
    <dimen name="dm671">2265px</dimen>
    <dimen name="dm672">2268px</dimen>
    <dimen name="dm673">2271px</dimen>
    <dimen name="dm674">2275px</dimen>
    <dimen name="dm675">2278px</dimen>
    <dimen name="dm676">2282px</dimen>
    <dimen name="dm677">2285px</dimen>
    <dimen name="dm678">2288px</dimen>
    <dimen name="dm679">2292px</dimen>
    <dimen name="dm680">2295px</dimen>
    <dimen name="dm681">2298px</dimen>
    <dimen name="dm682">2302px</dimen>
    <dimen name="dm683">2305px</dimen>
    <dimen name="dm684">2309px</dimen>
    <dimen name="dm685">2312px</dimen>
    <dimen name="dm686">2315px</dimen>
    <dimen name="dm687">2319px</dimen>
    <dimen name="dm688">2322px</dimen>
    <dimen name="dm689">2325px</dimen>
    <dimen name="dm690">2329px</dimen>
    <dimen name="dm691">2332px</dimen>
    <dimen name="dm692">2336px</dimen>
    <dimen name="dm693">2339px</dimen>
    <dimen name="dm694">2342px</dimen>
    <dimen name="dm695">2346px</dimen>
    <dimen name="dm696">2349px</dimen>
    <dimen name="dm697">2352px</dimen>
    <dimen name="dm698">2356px</dimen>
    <dimen name="dm699">2359px</dimen>
    <dimen name="dm700">2363px</dimen>
    <dimen name="dm701">2366px</dimen>
    <dimen name="dm702">2369px</dimen>
    <dimen name="dm703">2373px</dimen>
    <dimen name="dm704">2376px</dimen>
    <dimen name="dm705">2379px</dimen>
    <dimen name="dm706">2383px</dimen>
    <dimen name="dm707">2386px</dimen>
    <dimen name="dm708">2390px</dimen>
    <dimen name="dm709">2393px</dimen>
    <dimen name="dm710">2396px</dimen>
    <dimen name="dm711">2400px</dimen>
    <dimen name="dm712">2403px</dimen>
    <dimen name="dm713">2406px</dimen>
    <dimen name="dm714">2410px</dimen>
    <dimen name="dm715">2413px</dimen>
    <dimen name="dm716">2417px</dimen>
    <dimen name="dm717">2420px</dimen>
    <dimen name="dm718">2423px</dimen>
    <dimen name="dm719">2427px</dimen>
    <dimen name="dm720">2430px</dimen>
    <dimen name="dm721">2433px</dimen>
    <dimen name="dm722">2437px</dimen>
    <dimen name="dm723">2440px</dimen>
    <dimen name="dm724">2444px</dimen>
    <dimen name="dm725">2447px</dimen>
    <dimen name="dm726">2450px</dimen>
    <dimen name="dm727">2454px</dimen>
    <dimen name="dm728">2457px</dimen>
    <dimen name="dm729">2460px</dimen>
    <dimen name="dm730">2464px</dimen>
    <dimen name="dm731">2467px</dimen>
    <dimen name="dm732">2471px</dimen>
    <dimen name="dm733">2474px</dimen>
    <dimen name="dm734">2477px</dimen>
    <dimen name="dm735">2481px</dimen>
    <dimen name="dm736">2484px</dimen>
    <dimen name="dm737">2487px</dimen>
    <dimen name="dm738">2491px</dimen>
    <dimen name="dm739">2494px</dimen>
    <dimen name="dm740">2498px</dimen>
    <dimen name="dm741">2501px</dimen>
    <dimen name="dm742">2504px</dimen>
    <dimen name="dm743">2508px</dimen>
    <dimen name="dm744">2511px</dimen>
    <dimen name="dm745">2514px</dimen>
    <dimen name="dm746">2518px</dimen>
    <dimen name="dm747">2521px</dimen>
    <dimen name="dm748">2525px</dimen>
    <dimen name="dm749">2528px</dimen>
    <dimen name="dm750">2531px</dimen>
    <dimen name="dm751">2535px</dimen>
    <dimen name="dm752">2538px</dimen>
    <dimen name="dm753">2541px</dimen>
    <dimen name="dm754">2545px</dimen>
    <dimen name="dm755">2548px</dimen>
    <dimen name="dm756">2552px</dimen>
    <dimen name="dm757">2555px</dimen>
    <dimen name="dm758">2558px</dimen>
    <dimen name="dm759">2562px</dimen>
    <dimen name="dm760">2565px</dimen>
    <dimen name="dm761">2568px</dimen>
    <dimen name="dm762">2572px</dimen>
    <dimen name="dm763">2575px</dimen>
    <dimen name="dm764">2579px</dimen>
    <dimen name="dm765">2582px</dimen>
    <dimen name="dm766">2585px</dimen>
    <dimen name="dm767">2589px</dimen>
    <dimen name="dm768">2592px</dimen>
    <dimen name="dm769">2595px</dimen>
    <dimen name="dm770">2599px</dimen>
    <dimen name="dm771">2602px</dimen>
    <dimen name="dm772">2606px</dimen>
    <dimen name="dm773">2609px</dimen>
    <dimen name="dm774">2612px</dimen>
    <dimen name="dm775">2616px</dimen>
    <dimen name="dm776">2619px</dimen>
    <dimen name="dm777">2622px</dimen>
    <dimen name="dm778">2626px</dimen>
    <dimen name="dm779">2629px</dimen>
    <dimen name="dm780">2633px</dimen>
    <dimen name="dm781">2636px</dimen>
    <dimen name="dm782">2639px</dimen>
    <dimen name="dm783">2643px</dimen>
    <dimen name="dm784">2646px</dimen>
    <dimen name="dm785">2649px</dimen>
    <dimen name="dm786">2653px</dimen>
    <dimen name="dm787">2656px</dimen>
    <dimen name="dm788">2660px</dimen>
    <dimen name="dm789">2663px</dimen>
    <dimen name="dm790">2666px</dimen>
    <dimen name="dm791">2670px</dimen>
    <dimen name="dm792">2673px</dimen>
    <dimen name="dm793">2676px</dimen>
    <dimen name="dm794">2680px</dimen>
    <dimen name="dm795">2683px</dimen>
    <dimen name="dm796">2687px</dimen>
    <dimen name="dm797">2690px</dimen>
    <dimen name="dm798">2693px</dimen>
    <dimen name="dm799">2697px</dimen>
    <dimen name="dm800">2700px</dimen>
    <dimen name="dm801">2703px</dimen>
    <dimen name="dm802">2707px</dimen>
    <dimen name="dm803">2710px</dimen>
    <dimen name="dm804">2714px</dimen>
    <dimen name="dm805">2717px</dimen>
    <dimen name="dm806">2720px</dimen>
    <dimen name="dm807">2724px</dimen>
    <dimen name="dm808">2727px</dimen>
    <dimen name="dm809">2730px</dimen>
    <dimen name="dm810">2734px</dimen>
    <dimen name="dm811">2737px</dimen>
    <dimen name="dm812">2741px</dimen>
    <dimen name="dm813">2744px</dimen>
    <dimen name="dm814">2747px</dimen>
    <dimen name="dm815">2751px</dimen>
    <dimen name="dm816">2754px</dimen>
    <dimen name="dm817">2757px</dimen>
    <dimen name="dm818">2761px</dimen>
    <dimen name="dm819">2764px</dimen>
    <dimen name="dm820">2768px</dimen>
    <dimen name="dm821">2771px</dimen>
    <dimen name="dm822">2774px</dimen>
    <dimen name="dm823">2778px</dimen>
    <dimen name="dm824">2781px</dimen>
    <dimen name="dm825">2784px</dimen>
    <dimen name="dm826">2788px</dimen>
    <dimen name="dm827">2791px</dimen>
    <dimen name="dm828">2795px</dimen>
    <dimen name="dm829">2798px</dimen>
    <dimen name="dm830">2801px</dimen>
    <dimen name="dm831">2805px</dimen>
    <dimen name="dm832">2808px</dimen>
    <dimen name="dm833">2811px</dimen>
    <dimen name="dm834">2815px</dimen>
    <dimen name="dm835">2818px</dimen>
    <dimen name="dm836">2822px</dimen>
    <dimen name="dm837">2825px</dimen>
    <dimen name="dm838">2828px</dimen>
    <dimen name="dm839">2832px</dimen>
    <dimen name="dm840">2835px</dimen>
    <dimen name="dm841">2838px</dimen>
    <dimen name="dm842">2842px</dimen>
    <dimen name="dm843">2845px</dimen>
    <dimen name="dm844">2849px</dimen>
    <dimen name="dm845">2852px</dimen>
    <dimen name="dm846">2855px</dimen>
    <dimen name="dm847">2859px</dimen>
    <dimen name="dm848">2862px</dimen>
    <dimen name="dm849">2865px</dimen>
    <dimen name="dm850">2869px</dimen>
    <dimen name="dm851">2872px</dimen>
    <dimen name="dm852">2876px</dimen>
    <dimen name="dm853">2879px</dimen>
    <dimen name="dm854">2882px</dimen>
    <dimen name="dm855">2886px</dimen>
    <dimen name="dm856">2889px</dimen>
    <dimen name="dm857">2892px</dimen>
    <dimen name="dm858">2896px</dimen>
    <dimen name="dm859">2899px</dimen>
    <dimen name="dm860">2903px</dimen>
    <dimen name="dm861">2906px</dimen>
    <dimen name="dm862">2909px</dimen>
    <dimen name="dm863">2913px</dimen>
    <dimen name="dm864">2916px</dimen>
    <dimen name="dm865">2919px</dimen>
    <dimen name="dm866">2923px</dimen>
    <dimen name="dm867">2926px</dimen>
    <dimen name="dm868">2930px</dimen>
    <dimen name="dm869">2933px</dimen>
    <dimen name="dm870">2936px</dimen>
    <dimen name="dm871">2940px</dimen>
    <dimen name="dm872">2943px</dimen>
    <dimen name="dm873">2946px</dimen>
    <dimen name="dm874">2950px</dimen>
    <dimen name="dm875">2953px</dimen>
    <dimen name="dm876">2957px</dimen>
    <dimen name="dm877">2960px</dimen>
    <dimen name="dm878">2963px</dimen>
    <dimen name="dm879">2967px</dimen>
    <dimen name="dm880">2970px</dimen>
    <dimen name="dm881">2973px</dimen>
    <dimen name="dm882">2977px</dimen>
    <dimen name="dm883">2980px</dimen>
    <dimen name="dm884">2984px</dimen>
    <dimen name="dm885">2987px</dimen>
    <dimen name="dm886">2990px</dimen>
    <dimen name="dm887">2994px</dimen>
    <dimen name="dm888">2997px</dimen>
    <dimen name="dm889">3000px</dimen>
    <dimen name="dm890">3004px</dimen>
    <dimen name="dm891">3007px</dimen>
    <dimen name="dm892">3011px</dimen>
    <dimen name="dm893">3014px</dimen>
    <dimen name="dm894">3017px</dimen>
    <dimen name="dm895">3021px</dimen>
    <dimen name="dm896">3024px</dimen>
    <dimen name="dm897">3027px</dimen>
    <dimen name="dm898">3031px</dimen>
    <dimen name="dm899">3034px</dimen>
    <dimen name="dm900">3038px</dimen>
    <dimen name="dm901">3041px</dimen>
    <dimen name="dm902">3044px</dimen>
    <dimen name="dm903">3048px</dimen>
    <dimen name="dm904">3051px</dimen>
    <dimen name="dm905">3054px</dimen>
    <dimen name="dm906">3058px</dimen>
    <dimen name="dm907">3061px</dimen>
    <dimen name="dm908">3065px</dimen>
    <dimen name="dm909">3068px</dimen>
    <dimen name="dm910">3071px</dimen>
    <dimen name="dm911">3075px</dimen>
    <dimen name="dm912">3078px</dimen>
    <dimen name="dm913">3081px</dimen>
    <dimen name="dm914">3085px</dimen>
    <dimen name="dm915">3088px</dimen>
    <dimen name="dm916">3092px</dimen>
    <dimen name="dm917">3095px</dimen>
    <dimen name="dm918">3098px</dimen>
    <dimen name="dm919">3102px</dimen>
    <dimen name="dm920">3105px</dimen>
    <dimen name="dm921">3108px</dimen>
    <dimen name="dm922">3112px</dimen>
    <dimen name="dm923">3115px</dimen>
    <dimen name="dm924">3119px</dimen>
    <dimen name="dm925">3122px</dimen>
    <dimen name="dm926">3125px</dimen>
    <dimen name="dm927">3129px</dimen>
    <dimen name="dm928">3132px</dimen>
    <dimen name="dm929">3135px</dimen>
    <dimen name="dm930">3139px</dimen>
    <dimen name="dm931">3142px</dimen>
    <dimen name="dm932">3146px</dimen>
    <dimen name="dm933">3149px</dimen>
    <dimen name="dm934">3152px</dimen>
    <dimen name="dm935">3156px</dimen>
    <dimen name="dm936">3159px</dimen>
    <dimen name="dm937">3162px</dimen>
    <dimen name="dm938">3166px</dimen>
    <dimen name="dm939">3169px</dimen>
    <dimen name="dm940">3173px</dimen>
    <dimen name="dm941">3176px</dimen>
    <dimen name="dm942">3179px</dimen>
    <dimen name="dm943">3183px</dimen>
    <dimen name="dm944">3186px</dimen>
    <dimen name="dm945">3189px</dimen>
    <dimen name="dm946">3193px</dimen>
    <dimen name="dm947">3196px</dimen>
    <dimen name="dm948">3200px</dimen>
    <dimen name="dm949">3203px</dimen>
    <dimen name="dm950">3206px</dimen>
    <dimen name="dm951">3210px</dimen>
    <dimen name="dm952">3213px</dimen>
    <dimen name="dm953">3216px</dimen>
    <dimen name="dm954">3220px</dimen>
    <dimen name="dm955">3223px</dimen>
    <dimen name="dm956">3227px</dimen>
    <dimen name="dm957">3230px</dimen>
    <dimen name="dm958">3233px</dimen>
    <dimen name="dm959">3237px</dimen>
    <dimen name="dm960">3240px</dimen>
    <dimen name="dm961">3243px</dimen>
    <dimen name="dm962">3247px</dimen>
    <dimen name="dm963">3250px</dimen>
    <dimen name="dm964">3254px</dimen>
    <dimen name="dm965">3257px</dimen>
    <dimen name="dm966">3260px</dimen>
    <dimen name="dm967">3264px</dimen>
    <dimen name="dm968">3267px</dimen>
    <dimen name="dm969">3270px</dimen>
    <dimen name="dm970">3274px</dimen>
    <dimen name="dm971">3277px</dimen>
    <dimen name="dm972">3281px</dimen>
    <dimen name="dm973">3284px</dimen>
    <dimen name="dm974">3287px</dimen>
    <dimen name="dm975">3291px</dimen>
    <dimen name="dm976">3294px</dimen>
    <dimen name="dm977">3297px</dimen>
    <dimen name="dm978">3301px</dimen>
    <dimen name="dm979">3304px</dimen>
    <dimen name="dm980">3308px</dimen>
    <dimen name="dm981">3311px</dimen>
    <dimen name="dm982">3314px</dimen>
    <dimen name="dm983">3318px</dimen>
    <dimen name="dm984">3321px</dimen>
    <dimen name="dm985">3324px</dimen>
    <dimen name="dm986">3328px</dimen>
    <dimen name="dm987">3331px</dimen>
    <dimen name="dm988">3335px</dimen>
    <dimen name="dm989">3338px</dimen>
    <dimen name="dm990">3341px</dimen>
    <dimen name="dm991">3345px</dimen>
    <dimen name="dm992">3348px</dimen>
    <dimen name="dm993">3351px</dimen>
    <dimen name="dm994">3355px</dimen>
    <dimen name="dm995">3358px</dimen>
    <dimen name="dm996">3362px</dimen>
    <dimen name="dm997">3365px</dimen>
    <dimen name="dm998">3368px</dimen>
    <dimen name="dm999">3372px</dimen>

</resources>